state_xs,state_ys,state_yaws,state_lasers1,state_lasers2,laser_values1,laser_values2
-3.4604045140440576e-07,6.24940366122928e-09,0.7853980660438538,0.4879370060562141,0.4820597089781261,0,0
1.453851268706785e-06,1.8654152000863178e-08,0.785400390625,0.5089514835138075,0.5017553625016127,0,0
1.1944424841203727e-05,-3.8966817328400793e-07,0.7854067087173462,0.5104551303897964,0.5044586524087766,0,0
4.186663863947615e-05,-2.67879340754007e-06,0.7854195237159729,0.5039081234469405,0.5042478366861665,0,0
0.00010536902846070006,-8.531603270967025e-06,0.7854453921318054,0.49318737509224186,0.4874172862619463,0,0
0.00021895584359299392,-1.8226450265501626e-05,0.7854890823364258,0.4952290781617661,0.5024834284151073,0,0
0.00040076172444969416,-2.980818499054294e-05,0.7855477929115295,0.4877526043747205,0.5135186002241523,0,0
0.0006693738978356123,-3.975774234277196e-05,0.7856144905090332,0.5031583383180545,0.5142125997166284,0,0
0.0010423519415780902,-4.472669024835341e-05,0.785680890083313,0.4926354540228569,0.5001569225845003,0,0
0.001535314484499395,-4.309208452468738e-05,0.7857387065887451,0.5046380309491176,0.5164465341828851,0,0
0.0021618478931486607,-3.5724922781810164e-05,0.7857840061187744,0.5146553434184061,0.5015039643409409,0,0
0.0029332893900573254,-2.549265445850324e-05,0.7858191728591919,0.48318963147899785,0.5026599368044823,0,0
0.0038579232059419155,-1.5477644410566427e-05,0.785845935344696,0.5058145637634998,0.5284491249118659,0,0
0.004940765909850597,-7.5445277616381645e-06,0.785866916179657,0.5069982427100125,0.5017649680296687,0,0
0.006184303667396307,-2.206137196480995e-06,0.7858795523643494,0.49488437993709666,0.5168521938302414,0,0
0.007589033339172602,8.666341386742715e-07,0.7858805656433105,0.4917971399286957,0.49392338284032866,0,0
0.009153245016932487,2.2636268113274127e-06,0.7858738899230957,0.5108973436432288,0.4900958525281351,0,0
0.010873207822442055,2.7206756385567132e-06,0.785862147808075,0.5024450352732679,0.4971477113980584,0,0
0.012743517756462097,3.4644392599147977e-06,0.7858472466468811,0.5041896965299392,0.5153722642559547,0,0
0.014757557772099972,6.227914127521217e-06,0.785830020904541,0.4905329822960231,0.5119813078399779,0,0
0.01690800115466118,1.2597995919350069e-05,0.7858081459999084,0.4842954718733471,0.5106347255305383,0,0
0.019187074154615402,2.311467869731132e-05,0.7857785820960999,0.5099641649775274,0.4875751041232109,0,0
0.021586384624242783,3.6692443245556206e-05,0.7857446670532227,0.4957476608912379,0.4921338054000154,0,0
0.024097194895148277,5.094178777653724e-05,0.7857133746147156,0.4898841078492237,0.49508226391347887,0,0
0.02671114355325699,6.348731403704733e-05,0.785690188407898,0.5062748307920517,0.49967013113016934,0,0
0.02942037768661976,7.308065687539056e-05,0.7856748700141907,0.5050996632082995,0.48898507915406464,0,0
0.03221718221902847,8.011410682229325e-05,0.7856655716896057,0.5014855565046797,0.5076634408443704,0,0
0.03509388118982315,8.635576523374766e-05,0.785659909248352,0.49953401333309294,0.5129665942997159,0,0
0.03804340213537216,9.371110354550183e-05,0.7856544256210327,0.49153152278085865,0.5022481537775224,0,0
0.041059453040361404,0.00010316132829757407,0.7856473326683044,0.4998889257319152,0.5143744321639857,0,0
0.04413599520921707,0.00011431745951995254,0.7856400609016418,0.5109177933144639,0.4937800546742313,0,0
0.04726725444197655,0.0001257129479199648,0.7856338024139404,0.4850898331819825,0.5121509282568021,0,0
0.05044811591506004,0.00013580553059000522,0.7856308221817017,0.492843023400603,0.4868496823577693,0,0
0.05367419496178627,0.0001437654864275828,0.7856306433677673,0.5019379711617178,0.4934014056261779,0,0
0.05694139003753662,0.0001497456105425954,0.7856342196464539,0.47907313531328055,0.47939440723338894,0,0
0.06024575233459473,0.0001547066931379959,0.785637378692627,0.5021925758576966,0.5024610691369856,0,0
0.06358381360769272,0.00015972692926879972,0.7856409549713135,0.49256332651852086,0.4905116786079045,0,0
0.06695260107517242,0.00016540600336156785,0.7856435775756836,0.5207638484891888,0.5070959514970261,0,0
0.07034934312105179,0.00017168540216516703,0.7856464982032776,0.49459600862264563,0.5049792871241449,0,0
0.07377137988805771,0.00017794567975215614,0.7856497764587402,0.504631803487307,0.5060944464610797,0,0
0.07721635699272156,0.00018351388280279934,0.7856529951095581,0.5111822035030376,0.5120534946938579,0,0
0.08068227022886276,0.00018801998521666974,0.7856578230857849,0.4868192190892097,0.49664170685381076,0,0
0.0841672420501709,0.0001915509346872568,0.7856646776199341,0.4986273286170706,0.5013812885946402,0,0
0.0876694768667221,0.00019456485460978001,0.785670280456543,0.5059674758048224,0.4928000320458009,0,0
0.09118738025426865,0.00019756918482016772,0.785674512386322,0.48855630017124296,0.4999848908323582,0,0
0.09471960365772247,0.00020084722200408578,0.7856786847114563,0.5061627527745504,0.5158830884914152,0,0
0.09826484322547913,0.00020437731291167438,0.7856830954551697,0.506514856335483,0.5023720996996228,0,0
0.10182186216115952,0.00020787803805433214,0.7856873273849487,0.48431871809991484,0.5025255110501619,0,0
0.10538957267999649,0.00021103127801325172,0.7856919169425964,0.501231662786101,0.5021449417500156,0,0
0.10896700620651245,0.00021366764849517494,0.785697340965271,0.5073516264200579,0.493246992378475,0,0
0.11255321651697159,0.0002158356219297275,0.7857025861740112,0.4972433878000285,0.4951999913775568,0,0
0.11614740639925003,0.00021775657660327852,0.7857081294059753,0.5007544588940157,0.49588884751811074,0,0
0.11974877119064331,0.00021967728389427066,0.7857128381729126,0.4883344438166137,0.5017931259863155,0,0
0.1233566552400589,0.00022174148762132972,0.7857175469398499,0.4884531715758576,0.4883929106835949,0,0
0.12697045505046844,0.0002239359891973436,0.7857232093811035,0.4931465802653654,0.5075060665221117,0,0
0.1305895745754242,0.00022612109023611993,0.7857280373573303,0.5017040434171964,0.484443693162087,0,0
0.13421346247196198,0.00022815115517005324,0.7857329249382019,0.49689656447993885,0.5003377474415487,0,0
0.13784168660640717,0.0002299437765032053,0.7857377529144287,0.49564024514949817,0.5053029906992392,0,0
0.14147384464740753,0.00023152161156758666,0.7857427597045898,0.5025142252773728,0.48613556118318063,0,0
0.14510950446128845,0.0002329916605958715,0.7857478260993958,0.5068618694940205,0.5132576239786716,0,0
0.14874833822250366,0.00023446451814379543,0.7857517004013062,0.4971342496316972,0.49966554348885855,0,0
0.1523900330066681,0.00023600610438734293,0.78575599193573,0.48679731692791056,0.49859978639575264,0,0
0.15603429079055786,0.00023761032207403332,0.7857608795166016,0.5075946408475394,0.489946771852989,0,0
0.15968090295791626,0.00023921696993056685,0.7857651114463806,0.509800521273385,0.4855722175658522,0,0
0.1633295863866806,0.00024075954570434988,0.7857691645622253,0.49962284753462366,0.5019657386766645,0,0
0.16698019206523895,0.00024220529303420335,0.7857734560966492,0.4925581902052058,0.49279993599950445,0,0
0.1706325113773346,0.00024356697394978255,0.7857785820960999,0.4949809392901555,0.4943601897540426,0,0
0.17428633570671082,0.00024489330826327205,0.7857828140258789,0.47674839708097644,0.5095705750730939,0,0
0.17794150114059448,0.00024623755598440766,0.7857869267463684,0.5117898178639745,0.5118869092210067,0,0
0.18159788846969604,0.0002476245572324842,0.7857911586761475,0.5145008469982144,0.49191083996008955,0,0
0.18525537848472595,0.0002490530605427921,0.7857955098152161,0.495417711576908,0.5106295750216597,0,0
0.18891380727291107,0.00025049273972399533,0.7857987284660339,0.4760840010494075,0.49808894679881793,0,0
0.1925731748342514,0.0002519176050554961,0.7858021259307861,0.5040012034233864,0.510957533639717,0,0
0.196233332157135,0.0002533116494305432,0.7858055830001831,0.49156114367525944,0.4996490771166085,0,0
0.19989416003227234,0.00025467711384408176,0.7858088612556458,0.5233626714165235,0.5227192215193499,0,0
0.20355567336082458,0.0002560339926276356,0.7858123183250427,0.49465948932251375,0.4963694392493663,0,0
0.2072177529335022,0.00025740268756635487,0.7858139872550964,0.49691346810015913,0.49958239022513845,0,0
0.2108803540468216,0.000258792337263003,0.7858173847198486,0.49430805478666534,0.4974721943049926,0,0
0.214543417096138,0.0002601997402962297,0.7858206629753113,0.48586406042110497,0.49230283884077597,0,0
0.21820694208145142,0.00026161360437981784,0.785824179649353,0.4904634451201894,0.4967000004011138,0,0
0.22187083959579468,0.00026302013429813087,0.7858276963233948,0.504297782264784,0.4953580125425591,0,0
0.2255350649356842,0.0002644164196681231,0.7858293056488037,0.5125840207731356,0.49332491956108027,0,0
0.2291996031999588,0.0002658009761944413,0.7858309745788574,0.49613004197403004,0.48228493831756364,0,0
0.23286445438861847,0.000267182505922392,0.7858327627182007,0.526870094526991,0.48823978371756194,0,0
0.23652960360050201,0.00026856831391341984,0.7858344316482544,0.506812274470145,0.4837231850167767,0,0
0.24019496142864227,0.00026996037922799587,0.7858361005783081,0.49221089655954037,0.5022216532243925,0,0
0.24386057257652283,0.00027136041899211705,0.785837709903717,0.4975434708711968,0.5061457450675527,0,0
0.2475263625383377,0.0002727591199800372,0.7858395576477051,0.503300225904318,0.4995330564902582,0,0
0.2511923015117645,0.0002741542411968112,0.785841166973114,0.5034743517351531,0.49851544592184194,0,0
0.25485846400260925,0.0002755419409368187,0.7858428359031677,0.48369635449265064,0.5108061957070265,0,0
0.25852465629577637,0.000276928796665743,0.7858446836471558,0.4919018089887024,0.4929080128145,0,0
0.2621910274028778,0.00027831995976157486,0.7858462929725647,0.48609540271869384,0.4903302241945383,0,0
0.2658574879169464,0.00027972334646619856,0.7858479619026184,0.487414531761198,0.4969650199392677,0,0
0.2695240080356598,0.00028114134329371154,0.7858479619026184,0.5045013832484451,0.5088370113246753,0,0
0.27319061756134033,0.0002825738920364529,0.7858479619026184,0.49671251055411325,0.5067571317496096,0,0
0.27685728669166565,0.0002840224769897759,0.7858479619026184,0.4901701314651856,0.4826695026032365,0,0
0.28052401542663574,0.0002854848571587354,0.7858479619026184,0.5063046863881651,0.48894861395902456,0,0
0.2841908037662506,0.0002869628951884806,0.7858479619026184,0.5062376692136175,0.4833519955317557,0,0
0.28785765171051025,0.0002884550776798278,0.7858479619026184,0.5075401557311267,0.4760029244489461,0,0
0.29152458906173706,0.0002899611135944724,0.7858479619026184,0.49246528401363576,0.49585927494478765,0,0
0.29519158601760864,0.00029148359317332506,0.7858479619026184,0.49330711669137783,0.5095221514629577,0,0
0.298858642578125,0.0002930190530605614,0.7858479619026184,0.5081378964340757,0.4805407173999659,0,0
0.3025257885456085,0.0002945702290162444,0.7858479619026184,0.5130208791057458,0.49631572504383914,0,0
0.30619296431541443,0.00029613435617648065,0.7858479619026184,0.49660045955761944,0.509503064226607,0,0
0.3098601996898651,0.0002977140247821808,0.7858479619026184,0.49730679675637857,0.499138363861757,0,0
0.31352749466896057,0.0002993072266690433,0.7858479619026184,0.49474339302196313,0.4987412802617912,0,0
0.3171948194503784,0.0003009151841979474,0.7858479619026184,0.4927599883454199,0.5036227318200125,0,0
0.3208622932434082,0.0003025364421773702,0.7858479619026184,0.5052197766534982,0.49522334033013965,0,0
0.32452982664108276,0.00030417321249842644,0.7858479619026184,0.5098290475938974,0.5152587614983924,0,0
0.3281973898410797,0.0003058224101550877,0.7858479619026184,0.49886478324448885,0.5120487584723733,0,0
0.33186501264572144,0.00030748647986911237,0.7858479619026184,0.49815190002079573,0.49135380898761843,0,0
0.3355327248573303,0.0003091648395638913,0.7858479619026184,0.5042859351183661,0.5162772348727923,0,0
0.3392004668712616,0.0003108559176325798,0.7858479619026184,0.5029460650454626,0.49757374600025495,0,0
0.34286826848983765,0.0003125620714854449,0.7858479619026184,0.5077366830790324,0.49476866049308815,0,0
0.34653612971305847,0.00031428103102371097,0.78584885597229,0.49913497162449966,0.49355782044854757,0,0
0.3502039611339569,0.0003160191990900785,0.78584885597229,0.49619697206260727,0.5049359493893069,0,0
0.3538719117641449,0.00031777340336702764,0.78584885597229,0.47556527187825187,0.49376404092520554,0,0
0.35753992199897766,0.0003195463214069605,0.7858495712280273,0.495602288542016,0.49388318137001924,0,0
0.36120790243148804,0.0003213302115909755,0.7858505845069885,0.4980378125598924,0.48004777195804615,0,0
0.3648758828639984,0.00032311573158949614,0.7858505845069885,0.5026308741272534,0.504679853562141,0,0
0.3685438334941864,0.0003249051223974675,0.7858505845069885,0.5013481656081632,0.5017519104182909,0,0
0.37221184372901917,0.0003266966959927231,0.7858505845069885,0.4925390080891676,0.49119003835874797,0,0
0.37587976455688477,0.0003284896956756711,0.7858505845069885,0.48790275157872265,0.5062828764660411,0,0
0.37954771518707275,0.0003302858385723084,0.7858505845069885,0.5042032627511559,0.4966238697118247,0,0
0.3832157552242279,0.0003320843097753823,0.7858505845069885,0.49411887979236835,0.4920659092028209,0,0
0.3868837356567383,0.0003338864480610937,0.7858505845069885,0.5197040907442104,0.5035209084798365,0,0
0.3905516564846039,0.0003356903907842934,0.7858505845069885,0.5064408905538633,0.4935338004024246,0,0
0.3942195475101471,0.00033749782596714795,0.7858505845069885,0.49831852921848463,0.48769511026736234,0,0
0.3978874981403351,0.0003393072111066431,0.7858505845069885,0.5069726991780307,0.49950203249540104,0,0
0.4015553891658783,0.00034111886634491384,0.7858505845069885,0.4929026003662231,0.48753910994212196,0,0
0.4052232503890991,0.00034293270437046885,0.7858505845069885,0.5078540769192058,0.4960223045150778,0,0
0.40889114141464233,0.00034475058782845736,0.7858505845069885,0.5044341895853329,0.4864059362747468,0,0
0.41255900263786316,0.0003465702757239342,0.7858505845069885,0.49136994948230867,0.507176548782952,0,0
0.41622692346572876,0.0003483919717837125,0.7858505845069885,0.5036625871963527,0.5038026161057709,0,0
0.4198947846889496,0.0003502178587950766,0.7858505845069885,0.4944808193469574,0.49950682455304246,0,0
0.4235626459121704,0.00035204371670261025,0.7858505845069885,0.4900269457949782,0.496483713305049,0,0
0.42723050713539124,0.0003538736782502383,0.7858505845069885,0.49107647641899305,0.5010339798662939,0,0
0.43089836835861206,0.0003557057643774897,0.7858505845069885,0.5140536870144423,0.5172674376716242,0,0
0.4345661997795105,0.00035754169221036136,0.7858505845069885,0.4820377372035101,0.5069064586430775,0,0
0.4382340610027313,0.0003593778528738767,0.7858505845069885,0.5037704786791976,0.5092267960088295,0,0
0.4419018626213074,0.00036121709854342043,0.7858505845069885,0.4923954288100867,0.5034719895030562,0,0
0.4455696642398834,0.00036305925459600985,0.7858505845069885,0.5049526276150336,0.4774113894117636,0,0
0.44923752546310425,0.00036490309867076576,0.7858505845069885,0.5021516129396348,0.5242176875025882,0,0
0.4529053568840027,0.00036675154115073383,0.7858505845069885,0.5012127571917951,0.4822799085032938,0,0
0.45657309889793396,0.0003685996634885669,0.7858505845069885,0.5112102963740239,0.49115604520846634,0,0
0.4602408707141876,0.0003704517730511725,0.7858505845069885,0.4920591635391758,0.49010353737598966,0,0
0.46390867233276367,0.00037230405723676085,0.7858505845069885,0.5140266330844887,0.49246076849077575,0,0
0.46757641434669495,0.00037416195846162736,0.7858505845069885,0.4891647483846846,0.5059789825633573,0,0
0.471244215965271,0.0003760205872822553,0.7858505845069885,0.5069928527483675,0.5057229742415581,0,0
0.47491195797920227,0.0003778809623327106,0.7858505845069885,0.4968338041751641,0.5069395064516414,0,0
0.4785797595977783,0.00037974558654241264,0.7858505845069885,0.48035448694772537,0.5065432410998421,0,0
0.482247531414032,0.0003816110547631979,0.7858505845069885,0.5012481210262231,0.5003818591467997,0,0
0.48591527342796326,0.00038347876397892833,0.7858505845069885,0.5005301176344819,0.48340137716015014,0,0
0.4895830452442169,0.0003853493253700435,0.7858505845069885,0.494633227686459,0.4904827584938028,0,0
0.4932508170604706,0.00038722233148291707,0.7858505845069885,0.49969267013661267,0.5081043671894284,0,0
0.49691852927207947,0.0003890976950060576,0.7858505845069885,0.5046634862064769,0.49336196980035535,0,0
0.5005862712860107,0.00039097556145861745,0.7858505845069885,0.49008313628057926,0.48872940724534153,0,0
0.5042539834976196,0.00039285619277507067,0.7858505845069885,0.4963360063329083,0.5061314001606017,0,0
0.5079216957092285,0.00039473711512982845,0.7858505845069885,0.5058504409716529,0.4899933287417389,0,0
0.5115894079208374,0.00039662205381318927,0.7858505845069885,0.5025392582001841,0.4944555652990784,0,0
0.5152571201324463,0.0003985079238191247,0.7858505845069885,0.49959336317897196,0.5001934977695411,0,0
0.5189248323440552,0.00040039699524641037,0.7858505845069885,0.49684592488969515,0.5025217277985357,0,0
0.5225925445556641,0.0004022871144115925,0.7858505845069885,0.4805595007985347,0.4847766768302055,0,0
0.5262601971626282,0.00040418110438622534,0.7858505845069885,0.49169578917226636,0.5003674091396979,0,0
0.5299278497695923,0.0004060761129949242,0.7858505845069885,0.5093380670706444,0.4965621148604973,0,0
0.5335955023765564,0.00040797446854412556,0.7858505845069885,0.49339313986402117,0.4897081350661591,0,0
0.5372631549835205,0.0004098749195691198,0.7858505845069885,0.4842400368838662,0.5194358515019942,0,0
0.5409308075904846,0.0004117764765396714,0.7858505845069885,0.49768459155909783,0.49484963547429156,0,0
0.544598400592804,0.00041368106030859053,0.7858505845069885,0.5121606075383612,0.46735120783349815,0,0
0.5482661128044128,0.00041558771044947207,0.7858505845069885,0.5021671593697077,0.5185411196496851,0,0
0.551933765411377,0.00041749622323550284,0.7858505845069885,0.4986263288826321,0.4884972855285187,0,0
0.5556014776229858,0.00041940706432797015,0.7858505845069885,0.4851741758750208,0.5007781596469413,0,0
0.55926913022995,0.00042131991358473897,0.7858505845069885,0.4838099948699241,0.4939517369664038,0,0
0.5629366636276245,0.00042323555680923164,0.7858505845069885,0.4982910983113922,0.49460568284532064,0,0
0.5666042566299438,0.0004251528298482299,0.7858505845069885,0.4788143362368638,0.5092026901136799,0,0
0.5702718496322632,0.0004270726058166474,0.7858505845069885,0.5074199455389027,0.4927644528324321,0,0
0.5739394426345825,0.00042899418622255325,0.7858505845069885,0.5136890494901913,0.509849384596007,0,0
0.5776070356369019,0.0004309181240387261,0.7858505845069885,0.4795389421318071,0.5005122652308911,0,0
0.5812746286392212,0.00043284360435791314,0.7858505845069885,0.5026148153822069,0.4887832711405071,0,0
0.5849421620368958,0.00043477118015289307,0.7858505845069885,0.49768543125025994,0.4985560056932771,0,0
0.5886097550392151,0.0004367025976534933,0.7858505845069885,0.49173030346268193,0.49046948433776894,0,0
0.5922774076461792,0.00043863317114301026,0.7858505845069885,0.49405757291672975,0.5034645232950253,0,0
0.5959450006484985,0.00044056744081899524,0.7858505845069885,0.49762785083259653,0.5161228898517258,0,0
0.5996125936508179,0.00044250342762097716,0.7858505845069885,0.4871247132740278,0.4999534271768465,0,0
0.6032801270484924,0.00044444226659834385,0.7858505845069885,0.49659662680121314,0.4956359069400479,0,0
0.606947660446167,0.0004463827353902161,0.7858505845069885,0.5148163045885408,0.5092229804995598,0,0
0.6106151342391968,0.0004483248631004244,0.7858505845069885,0.48981013178029353,0.521291963608127,0,0
0.6142826676368713,0.00045026963925920427,0.7858505845069885,0.5011049341411626,0.4935032430320604,0,0
0.6179502606391907,0.00045221575419418514,0.7858505845069885,0.5105873512442975,0.49451554609022086,0,0
0.6216177940368652,0.0004541646922007203,0.7858505845069885,0.5005735855172176,0.5014847868393053,0,0
0.6252853274345398,0.0004561149689834565,0.7858505845069885,0.4793363229874369,0.48666477449738405,0,0
0.6289528012275696,0.00045806681737303734,0.7858505845069885,0.49655034111184526,0.5086891536930611,0,0
0.6326203346252441,0.00046002204180695117,0.7858505845069885,0.49517361813346944,0.48921991269591725,0,0
0.6362878084182739,0.00046197851770557463,0.7858505845069885,0.4947419102438374,0.49539866958823003,0,0
0.6399552822113037,0.0004639365943148732,0.7858505845069885,0.5141616488251494,0.49767746063227564,0,0
0.6436227560043335,0.0004658974939957261,0.7858505845069885,0.49512600896409,0.4953831224006524,0,0
0.6472902894020081,0.00046785984886810184,0.7858505845069885,0.49152200666963874,0.5147301378376521,0,0
0.6509577631950378,0.0004698239208664745,0.7858505845069885,0.5146158995781142,0.5090689521299564,0,0
0.6546252369880676,0.0004717905248980969,0.7858505845069885,0.519189729445234,0.4892779256929063,0,0
0.6582927107810974,0.00047375893336720765,0.7858505845069885,0.48523197323408285,0.5232599413022723,0,0
0.6619601845741272,0.0004757301358040422,0.7858505845069885,0.498842897507362,0.5115034741959343,0,0
0.665627658367157,0.00047770136734470725,0.7858505845069885,0.4905999223639573,0.5073015533715136,0,0
0.6692951321601868,0.0004796747525688261,0.7858505845069885,0.51959599131909,0.49432885287668116,0,0
0.6729626655578613,0.0004816512227989733,0.7858505845069885,0.4975368415164927,0.4933726855556368,0,0
0.6766300797462463,0.0004836288862861693,0.7858505845069885,0.49085604167575125,0.495706566590881,0,0
0.6802974939346313,0.0004856095474679023,0.7858505845069885,0.47835135389439665,0.5000390951367838,0,0
0.6839648485183716,0.0004875908780377358,0.7858505845069885,0.4887329247254482,0.506326239592161,0,0
0.6876322627067566,0.0004895738675259054,0.7858505845069885,0.49086407004281013,0.5065874625566554,0,0
0.6912996768951416,0.0004915597382932901,0.7858505845069885,0.5095047050331534,0.4879496635737206,0,0
0.6949670910835266,0.0004935472388751805,0.7858505845069885,0.49211819987174965,0.5101511835963636,0,0
0.6986345648765564,0.0004955355543643236,0.7858505845069885,0.49967585376484397,0.49929962117698895,0,0
0.7023019790649414,0.000497526372782886,0.7858505845069885,0.5217112417984872,0.5086432349997629,0,0
0.7059694528579712,0.000499519519507885,0.7858505845069885,0.48434065384353464,0.49748514856926124,0,0
0.7096368074417114,0.0005015138885937631,0.7858505845069885,0.4942417719627012,0.4835408941949988,0,0
0.7133042812347412,0.0005035108770243824,0.7858505845069885,0.5146123387903992,0.4965786969324167,0,0
0.7169716358184814,0.0005055085639469326,0.7858505845069885,0.48714446129045336,0.5076229605015162,0,0
0.7206390500068665,0.0005075085209682584,0.7858505845069885,0.5026610808378459,0.5082544877538873,0,0
0.7243064045906067,0.0005095113883726299,0.7858505845069885,0.5060527805291577,0.5024852670074996,0,0
0.7279736995697021,0.0005115142557770014,0.7858505845069885,0.5020616288038531,0.5092738472417355,0,0
0.7316410541534424,0.0005135200335644186,0.7858505845069885,0.5006507642111747,0.4770029902314532,0,0
0.7353084087371826,0.0005155264516361058,0.7858505845069885,0.4914352609778998,0.4953249553999678,0,0
0.7389756441116333,0.0005175354308448732,0.7858505845069885,0.4972957248772858,0.5011393454634067,0,0
0.7426431179046631,0.0005195462144911289,0.7858505845069885,0.4987457958392053,0.5029335741790583,0,0
0.7463104128837585,0.0005215600831434131,0.7858505845069885,0.510755743935509,0.5128849777185268,0,0
0.7499777674674988,0.000523573427926749,0.7858505845069885,0.48716553877952024,0.4912992858120188,0,0
0.753645122051239,0.0005255897995084524,0.7858505845069885,0.49873976721781316,0.5048436336958713,0,0
0.7573125958442688,0.0005276078591123223,0.7858505845069885,0.48717463388810295,0.48163069536267256,0,0
0.7609798312187195,0.0005296265590004623,0.7858505845069885,0.5019115900786049,0.4904891532465404,0,0
0.7646471261978149,0.0005316480528563261,0.7858505845069885,0.5142357097205349,0.4886171944576866,0,0
0.7683144211769104,0.0005336712347343564,0.7858505845069885,0.49267007265739643,0.4864695128800628,0,0
0.7719817161560059,0.0005356947658583522,0.7858505845069885,0.5092923864163181,0.49136784506982867,0,0
0.7756490111351013,0.0005377219640649855,0.7858505845069885,0.8018418507010755,0.4982387423079731,0,0
0.7793163061141968,0.0005397502100095153,0.7858505845069885,0.7957442880303313,0.521186350328526,0,0
0.7829836010932922,0.0005417796783149242,0.7858505845069885,0.8041739812472979,0.48675923118502207,0,0
0.7866510152816772,0.0005438108928501606,0.7858505845069885,0.7994712480018603,0.4973552796359221,0,0
0.7903183102607727,0.0005458442028611898,0.7858505845069885,0.7951444790403945,0.5191957845292597,0,0
0.7939855456352234,0.0005478785024024546,0.7858505845069885,0.7899779706935096,0.5070384202481476,0,0
0.7976528406143188,0.0005499151884578168,0.7858505845069885,0.7888577026125361,0.48854793304782623,0,0
0.8013201951980591,0.0005519536789506674,0.7858505845069885,0.8197295473832136,0.5135258563181164,0,0
0.8049874901771545,0.0005539933335967362,0.7858505845069885,0.7958034150846646,0.49790736493137433,0,0
0.8086546659469604,0.0005560330464504659,0.7858505845069885,0.7993459806266114,0.49824553140995453,0,0
0.8123218417167664,0.0005580776487477124,0.7858505845069885,0.7772706400864324,0.5093194153938868,0,0
0.8159891366958618,0.0005601212033070624,0.7858505845069885,0.7701887961778626,0.47981924938878273,0,0
0.8196563720703125,0.000562167726457119,0.7858505845069885,0.7610722910391693,0.4928405918774266,0,0
0.8233235478401184,0.0005642153555527329,0.7858505845069885,0.7689582891490189,0.5073753663316504,0,0
0.8269908428192139,0.0005662651383318007,0.7858505845069885,0.7605237799647022,0.5189383533333256,0,0
0.8306581974029541,0.0005683169583790004,0.7858505845069885,0.7490302016921081,0.5008783402351797,0,0
0.8343254327774048,0.0005703682545572519,0.7858505845069885,0.7695537195024671,0.48723998645687355,0,0
0.8379927277565002,0.0005724233924411237,0.7858505845069885,0.75539527083541,0.4962174880624583,0,0
0.8416599035263062,0.0005744794034399092,0.7858505845069885,0.7651692092882332,0.48832470294746183,0,0
0.8453271985054016,0.0005765371024608612,0.7858505845069885,0.7766154490374052,0.5113237991157954,0,0
0.8489943742752075,0.0005785965477116406,0.7858505845069885,0.7154905331772481,0.49572984374880186,0,0
0.8526615500450134,0.0005806558183394372,0.7858505845069885,0.7251941260398173,0.47097612831828717,0,0
0.8563287258148193,0.0005827177665196359,0.7858505845069885,0.720698996590015,0.49281573843033194,0,0
0.8599959015846252,0.000584782159421593,0.7858505845069885,0.7214240006208038,0.4797799434382774,0,0
0.8636630773544312,0.000586847250815481,0.7858505845069885,0.7308525520586688,0.506726443056696,0,0
0.8673301935195923,0.0005889140302315354,0.7858505845069885,0.7201486202259688,0.5062897153338922,0,0
0.8709974884986877,0.0005909833125770092,0.7858505845069885,0.7213706947747546,0.5063410029700145,0,0
0.8746646046638489,0.0005930526531301439,0.7858505845069885,0.7349944516680905,0.49349787291327674,0,0
0.87833172082901,0.0005951241473667324,0.7858505845069885,0.7366638670115002,0.48630578188231033,0,0
0.8819989562034607,0.000597197562456131,0.7858505845069885,0.7198214637710953,0.4912020538500619,0,0
0.8856660723686218,0.0005992718506604433,0.7858505845069885,0.6864483583136826,0.4953273137072924,0,0
0.8893332481384277,0.0006013478268869221,0.7858505845069885,0.671405648522863,0.4844283227770373,0,0
0.8930004239082336,0.000603424443397671,0.7858505845069885,0.682303116645114,0.5028289335870139,0,0
0.8966677188873291,0.0006055039120838046,0.7858505845069885,0.6792560745905631,0.4765552897762321,0,0
0.9003348350524902,0.0006075854762457311,0.7858505845069885,0.6931613465312512,0.5063395135173223,0,0
0.9040018916130066,0.0006096664001233876,0.7858505845069885,0.6873479563959566,0.5037998115824306,0,0
0.907668948173523,0.0006117497105151415,0.7858505845069885,0.6767692935179015,0.4926887757027919,0,0
0.9113361835479736,0.0006138343596830964,0.7858505845069885,0.683158072847203,0.5082989752773618,0,0
0.91500324010849,0.0006159208714962006,0.7858505845069885,0.6796014708887496,0.502129512992529,0,0
0.9186704158782959,0.0006180094787850976,0.7858505845069885,0.6915418569751421,0.5101064773214378,0,0
0.9223376512527466,0.0006200984353199601,0.7858505845069885,0.6415508366880616,0.5089392347717923,0,0
0.9260048866271973,0.0006221887888386846,0.7858505845069885,0.6450808894705999,0.5154493248648481,0,0
0.9296719431877136,0.0006242815288715065,0.7858505845069885,0.6625429927958523,0.510672239265855,0,0
0.9333390593528748,0.0006263744435273111,0.7858505845069885,0.6401099270774415,0.48928790477833867,0,0
0.9370062351226807,0.0006284690462052822,0.7858505845069885,0.6689898123038346,0.4927782190301615,0,0
0.940673291683197,0.0006305661518126726,0.7858505845069885,0.6518310318133922,0.5006657121434731,0,0
0.9443404078483582,0.000632663257420063,0.7858505845069885,0.6469349702900264,0.48820706806696945,0,0
0.9480074644088745,0.0006347635062411427,0.7858505845069885,0.6440842336210938,0.5050218264678261,0,0
0.9516746401786804,0.0006368636386469007,0.7858505845069885,0.6553496841033937,0.4955661333088983,0,0
0.9553418159484863,0.0006389660411514342,0.7858505845069885,0.6489139960191908,0.5131380086568138,0,0
0.9590088725090027,0.0006410683854483068,0.7858505845069885,0.6143675615176859,0.5042414733705568,0,0
0.962675929069519,0.0006431739311665297,0.7858505845069885,0.6128363267373985,0.505216499420876,0,0
0.9663429260253906,0.0006452792440541089,0.7858505845069885,0.5960602002214694,0.48649413854909435,0,0
0.9700099229812622,0.0006473874673247337,0.7858505845069885,0.6100303234669279,0.5107942095887563,0,0
0.9736769795417786,0.0006494958652183414,0.7858505845069885,0.5903548501206747,0.5187492253263204,0,0
0.9773440957069397,0.0006516071152873337,0.7858505845069885,0.5980153438348457,0.49291638604223226,0,0
0.9810110926628113,0.0006537193548865616,0.7858505845069885,0.6152505363268795,0.49013543545478594,0,0
0.9846780896186829,0.0006558322347700596,0.7858505845069885,0.5963997591672391,0.5071905157374041,0,0
0.9883452653884888,0.0006579463952220976,0.7858505845069885,0.6075226043269517,0.4955902282517237,0,0
0.9920123219490051,0.000660063000395894,0.7858505845069885,0.6169237735676647,0.49992749745320986,0,0
0.9956793785095215,0.0006621794309467077,0.7858505845069885,0.572576314258893,0.7647732540636574,0,0
0.9993464350700378,0.0006642985390499234,0.7858505845069885,0.587569694800199,0.7766208806696537,0,0
1.0030134916305542,0.0006664174725301564,0.7858505845069885,0.5788636531373781,0.7567819885515716,0,0
1.0066804885864258,0.0006685388507321477,0.7858505845069885,0.5763459712319003,0.781342334818997,0,0
1.0103473663330078,0.0006706612184643745,0.7858505845069885,0.5886220759730456,0.7525589797798887,0,0
1.0140143632888794,0.0006727842264808714,0.7858505845069885,0.566855179063925,0.7705137037712021,0,0
1.017681360244751,0.0006749103195033967,0.7858505845069885,0.5625236580334134,0.7789225688872662,0,0
1.021348476409912,0.0006770369363948703,0.7858505845069885,0.5740223384934524,0.7524774710074198,0,0
1.0250154733657837,0.0006791649502702057,0.7858505845069885,0.5709193051422454,0.7556519099447119,0,0
1.0286824703216553,0.0006812928477302194,0.7858505845069885,0.5619265112618577,0.7767190854239429,0,0
1.0323494672775269,0.0006834232481196523,0.7858505845069885,0.5282984500207137,0.7336708204095161,0,0
1.0360164642333984,0.0006855542887933552,0.7858505845069885,0.5440651470125738,0.7312098132469247,0,0
1.0396833419799805,0.0006876870174892247,0.7858505845069885,0.5356861260761306,0.7129160551656355,0,0
1.043350338935852,0.0006898224237374961,0.7858505845069885,0.5300026056453949,0.7394759724611794,0,0
1.0470173358917236,0.000691957538947463,0.7858505845069885,0.5491068253011663,0.7015076475121906,0,0
1.0506843328475952,0.0006940941675566137,0.7858505845069885,0.5383692782657052,0.7223349708836739,0,0
1.0543514490127563,0.0006962312618270516,0.7858505845069885,0.5297983408924931,0.7349407547558285,0,0
1.0580185651779175,0.0006983711500652134,0.7858505845069885,0.5528451718530657,0.7199172990661181,0,0
1.061685562133789,0.0007005108054727316,0.7858505845069885,0.5513941621036692,0.7348201291224854,0,0
1.0653525590896606,0.0007026527891866863,0.7858505845069885,0.5355489209542944,0.7435857957919595,0,0
1.0690195560455322,0.0007047953549772501,0.7858505845069885,0.4900192945496169,0.7164849202529915,0,0
1.0726865530014038,0.0007069396669976413,0.7858505845069885,0.5067826134369774,0.6856360707726192,0,0
1.0763534307479858,0.0007090858416631818,0.7858505845069885,0.49534032997563693,0.6900262739810623,0,0
1.0800204277038574,0.0007112313178367913,0.7858505845069885,0.49637801217226674,0.6804125590664312,0,0
1.083687424659729,0.0007133790059015155,0.7858505845069885,0.5313135381365937,0.7069067473540567,0,0
1.0873545408248901,0.0007155282073654234,0.7858505845069885,0.4893953227639769,0.6915016705366867,0,0
1.0910215377807617,0.0007176782237365842,0.7858505845069885,0.4872389929854204,0.7122461782071046,0,0
1.0946886539459229,0.0007198300445452332,0.7858505845069885,0.5005556005128045,0.6938691825465759,0,0
1.0983556509017944,0.0007219824474304914,0.7858505845069885,0.49412731478201877,0.6881237973907739,0,0
1.102022647857666,0.0007241356652230024,0.7858505845069885,0.5192078515095079,0.7011328692501458,0,0
1.105689525604248,0.0007262910949066281,0.7858505845069885,0.47122052741371506,0.6593806673371736,0,0
1.1093565225601196,0.0007284479797817767,0.7858505845069885,0.47196347249019865,0.6487608640902626,0,0
1.1130234003067017,0.0007306048064492643,0.7858505845069885,0.4591938039463993,0.652755171041355,0,0
1.1166901588439941,0.0007327640196308494,0.7858505845069885,0.452118984255765,0.6664207541288601,0,0
1.1203570365905762,0.0007349230581894517,0.7858505845069885,0.46163906640802266,0.6560045687835578,0,0
1.1240239143371582,0.0007370838429778814,0.7858505845069885,0.4808467003738738,0.6747003275148675,0,0
1.1276907920837402,0.0007392460247501731,0.7858505845069885,0.4681197230557306,0.6529997391646613,0,0
1.1313575506210327,0.0007414091960527003,0.7858505845069885,0.45869292779519866,0.6481031982128272,0,0
1.1350244283676147,0.0007435724255628884,0.7858505845069885,0.4706657901158627,0.670220504736462,0,0
1.1386911869049072,0.0007457387982867658,0.7858505845069885,0.4560806408047072,0.6416515539676793,0,0
1.142358422279358,0.0007478187908418477,0.7860437631607056,0.4265801939789357,0.5998881239746218,0,0
1.1460233926773071,0.0007504860986955464,0.7865380644798279,0.4224535958141038,0.6147802371573426,0,0
1.1496797800064087,0.0007551001035608351,0.7873914837837219,0.43667561892655016,0.632014577322301,0,0
1.1533174514770508,0.0007641707779839635,0.7886233329772949,0.41600187541917033,0.6063029461825731,0,0
1.1569243669509888,0.0007802899344824255,0.7902174592018127,0.4426608253792916,0.621513796481719,0,0
1.1604859828948975,0.0008049202151596546,0.7921978235244751,0.4175809761476287,0.6225346245028334,0,0
1.163985252380371,0.0008393618045374751,0.7945755124092102,0.42729441747046587,0.6420497846784281,0,0
1.1674050092697144,0.0008844755357131362,0.7973217368125916,0.4296499680177822,0.626453931249613,0,0
1.1707284450531006,0.0009398273541592062,0.8004447817802429,0.42594533843620896,0.6075321301967842,0,0
1.173938512802124,0.0010042630601674318,0.8039560914039612,0.4242167771106661,0.6130766705455493,0,0
1.177019715309143,0.0010766551131382585,0.8076428771018982,0.37997370772586997,0.5496021999158086,0,0
1.1799556016921997,0.0011548316106200218,0.8115606904029846,0.4022689116612151,0.5491290959225478,0,0
1.1827315092086792,0.0012350485194474459,0.8156059384346008,0.35260936976211454,0.558796991481577,0,0
1.1853325366973877,0.0013127177953720093,0.8195172548294067,0.3777692769057324,0.5492588149392613,0,0
1.187743902206421,0.0013832449913024902,0.8233177661895752,0.394220322336496,0.5608494737282116,0,0
1.1899516582489014,0.0014427272835746408,0.8272231817245483,0.4061620687969752,0.5788365883501239,0,0
1.1919468641281128,0.0014888724545016885,0.831199049949646,0.3782963209083795,0.5572922641573431,0,0
1.193721890449524,0.0015206087846308947,0.8351159691810608,0.39684032599243696,0.5760988986382561,0,0
1.1952704191207886,0.0015378134557977319,0.83891361951828,0.39411573287219825,0.5636046325128246,0,0
1.1965866088867188,0.0015403343131765723,0.8425641059875488,0.37597209180969055,0.563752594513247,0,0
1.1976650953292847,0.0015273450408130884,0.8460593819618225,0.34022999514265057,0.521073287294157,0,0
1.1985021829605103,0.001497587887570262,0.8494006991386414,0.3461604345273415,0.5209268420358114,0,0
1.1990959644317627,0.0014501827536150813,0.8525852560997009,0.3404188621814037,0.5190505380001579,0,0
1.1994458436965942,0.0013850769028067589,0.8556181788444519,0.3557012146181158,0.5018002656371938,0,0
1.1995530128479004,0.001302763819694519,0.8585029244422913,0.3531085121603164,0.5124548538317057,0,0
1.1994203329086304,0.001204007538035512,0.8612474799156189,0.3561199299890464,0.51063734523213,0,0
1.1990519762039185,0.0010898308828473091,0.8638608455657959,0.34287926052866613,0.5052862749958953,0,0
1.1984543800354004,0.0009613236761651933,0.8663583993911743,0.3532964665294254,0.5166710205260506,0,0
1.197633981704712,0.0008192677632905543,0.8687568306922913,0.3514727134387028,0.5046856346353428,0,0
1.1965980529785156,0.0006640580832026899,0.8710559606552124,0.34387558605650176,0.5162708595842651,0,0
1.1953554153442383,0.0004962566890753806,0.8732448220252991,0.3346058082672445,0.5035268618443182,0,0
1.1939159631729126,0.0003173502627760172,0.8753247261047363,0.35240196758975617,0.48715721050402344,0,0
1.1922895908355713,0.00013006103108637035,0.8772972226142883,0.3388596765434206,0.49466683145593215,0,0
1.1904875040054321,-6.217393820406869e-05,0.8791657090187073,0.3540407909318814,0.4871915715543122,0,0
1.1885219812393188,-0.000256320956395939,0.8809264302253723,0.3340757239236172,0.5168396334554323,0,0
1.1864057779312134,-0.00045076070819050074,0.8825644850730896,0.34739808674051215,0.5012984845290506,0,0
1.1841531991958618,-0.0006454860558733344,0.8840579986572266,0.32592317699772694,0.4923664186018789,0,0
1.1817786693572998,-0.0008416091441176832,0.8854286670684814,0.3361390866504946,0.5061678443303181,0,0
1.1792948246002197,-0.001040906528942287,0.8867565989494324,0.34290965831635944,0.4974027621402165,0,0
1.176712155342102,-0.0012457837583497167,0.888102114200592,0.3369053565772674,0.50733492271967,0,0
1.1740384101867676,-0.0014592574443668127,0.8894475698471069,0.35339083403450006,0.5250098193965668,0,0
1.171279788017273,-0.0016844046767801046,0.8907520771026611,0.3412905596527423,0.49408885918103645,0,0
1.1684426069259644,-0.0019234293140470982,0.8920007348060608,0.3458813298282235,0.5215698027018281,0,0
1.1655322313308716,-0.0021770722232759,0.893189013004303,0.36062904193680223,0.5020753928006902,0,0
1.162554383277893,-0.002444712445139885,0.8943043947219849,0.3609376795340713,0.5178368901604345,0,0
1.1595152616500854,-0.0027249567210674286,0.8953515887260437,0.35230266940109844,0.5227093459608761,0,0
1.1564198732376099,-0.0030163852497935295,0.8963539600372314,0.3640884775099833,0.5011305212718287,0,0
1.1532732248306274,-0.0033181188628077507,0.8973293900489807,0.34936178805798257,0.5186674968893742,0,0
1.1500797271728516,-0.0036299419589340687,0.8982737064361572,0.3366933993822997,0.5061700718737564,0,0
1.1468433141708374,-0.003951952327042818,0.8991802930831909,0.3529007116520533,0.5246338139119487,0,0
1.1435673236846924,-0.004284071270376444,0.9000502824783325,0.3746064941297773,0.537500953173674,0,0
1.140255093574524,-0.004625655245035887,0.9008814096450806,0.3784840390265583,0.5245786860335546,0,0
1.1369096040725708,-0.004975489806383848,0.9016696810722351,0.3854111637210761,0.5158926638002291,0,0
1.1335338354110718,-0.005332063417881727,0.9024166464805603,0.3911387374823559,0.5257147363640398,0,0
1.130130648612976,-0.005694039631634951,0.9031316041946411,0.365307112535783,0.5434469551739056,0,0
1.1267024278640747,-0.0060606044717133045,0.9038186073303223,0.3803846898700001,0.5335203452358567,0,0
1.123252272605896,-0.006431508809328079,0.904471755027771,0.3952790675830341,0.5323291724236506,0,0
1.1197823286056519,-0.0068068294785916805,0.9050947427749634,0.37975162990046507,0.5307966481986035,0,0
1.1162950992584229,-0.007186665199697018,0.9056884050369263,0.3949232536490277,0.5296849293783713,0,0
1.1127922534942627,-0.007570936810225248,0.9062621593475342,0.3877592384316289,0.5289661286076559,0,0
1.1092748641967773,-0.007959295995533466,0.907008171081543,0.4126825267808609,0.5706890280742466,0,0
1.1057467460632324,-0.00835172925144434,0.9080315232276917,0.4308103337188608,0.556951987438369,0,0
1.1022156476974487,-0.008748723194003105,0.9093920588493347,0.4097726987363409,0.5575370659410652,0,0
1.0986933708190918,-0.009152271784842014,0.911118745803833,0.4211693753438503,0.5545327921578848,0,0
1.0951937437057495,-0.009565570391714573,0.9131802320480347,0.40800321999496025,0.5639394731769993,0,0
1.0917320251464844,-0.009990640915930271,0.915596067905426,0.42024498871785465,0.5498521254536377,0,0
1.0883268117904663,-0.01042929757386446,0.9184151291847229,0.4083643765470126,0.5614375146105617,0,0
1.0849961042404175,-0.010884418152272701,0.9215688109397888,0.42940706183831356,0.558295723057674,0,0
1.0817569494247437,-0.011357408948242664,0.9248125553131104,0.39896545610543016,0.5660235343960067,0,0
1.0786224603652954,-0.011847692541778088,0.9283238649368286,0.4146463285459203,0.5449456633481565,0,0
1.0756040811538696,-0.012354416772723198,0.9321264624595642,0.4314096818971529,0.5647313333700557,0,0
1.0727101564407349,-0.012877113185822964,0.9361693263053894,0.42163298165223617,0.5658405509193357,0,0
1.0699459314346313,-0.013414291664958,0.9404625296592712,0.4484334829755081,0.5747402729460628,0,0
1.067315697669983,-0.013962953351438046,0.9450349807739258,0.4365135167889687,0.5884045858844414,0,0
1.0648225545883179,-0.014519693329930305,0.9498703479766846,0.44591072718643726,0.5749428441556136,0,0
1.0624679327011108,-0.015080861747264862,0.9549532532691956,0.43889529828629276,0.5755117828402226,0,0
1.0602517127990723,-0.01564197428524494,0.9602936506271362,0.431101604562604,0.5808446354453356,0,0
1.0581737756729126,-0.01619819365441799,0.9658710360527039,0.4468553834253237,0.5741669629139938,0,0
1.0562318563461304,-0.016744989901781082,0.9716611504554749,0.44994428966543454,0.5820400128219353,0,0
1.0544233322143555,-0.01727784052491188,0.97768634557724,0.4446149747209058,0.5693700592135047,0,0
1.0527440309524536,-0.017792057245969772,0.9839425086975098,0.42291387677726205,0.5836317894657727,0,0
1.0511891841888428,-0.01828349009156227,0.9902055263519287,0.4559021280400821,0.5680324648150723,0,0
1.0497561693191528,-0.01874818094074726,0.9963715076446533,0.4556123288623421,0.5574673475871648,0,0
1.048445701599121,-0.01918240450322628,1.002556562423706,0.44756038253150177,0.5948686849739242,0,0
1.0472588539123535,-0.01958310417830944,1.008836269378662,0.4338990875882683,0.5772598615473921,0,0
1.0461963415145874,-0.019947845488786697,1.015247106552124,0.43920280396983885,0.5842259672325946,0,0
1.0452568531036377,-0.020274603739380836,1.0218052864074707,0.43934019920438916,0.5713928620648229,0,0
1.0444374084472656,-0.020561961457133293,1.0285252332687378,0.43794090451402756,0.5698612143878038,0,0
1.0437332391738892,-0.020809480920433998,1.035408854484558,0.4471678989890189,0.5864309761092342,0,0
1.043138027191162,-0.021017469465732574,1.0424482822418213,0.447065945090679,0.5752085234465443,0,0
1.0426431894302368,-0.021186523139476776,1.0496745109558105,0.44494166128199975,0.5666393372777612,0,0
1.0422407388687134,-0.02131771482527256,1.0571184158325195,0.428779131962155,0.5573301298630429,0,0
1.0419219732284546,-0.021412933245301247,1.0647506713867188,0.4375472977656932,0.5611774272575728,0,0
1.0416772365570068,-0.021474601700901985,1.0723545551300049,0.4536159876716571,0.540183082178155,0,0
1.041500449180603,-0.021503984928131104,1.079991340637207,0.4365601593427713,0.5560573694693137,0,0
1.0413862466812134,-0.021501436829566956,1.0876970291137695,0.435879453660351,0.5429943439671082,0,0
1.0413293838500977,-0.021466951817274094,1.0954985618591309,0.42635248036777207,0.5535835291911005,0,0
1.0413243770599365,-0.021400852128863335,1.1034040451049805,0.4300831614336066,0.5471437846400818,0,0
1.0413655042648315,-0.021304404363036156,1.1114100217819214,0.43524071469153663,0.5538270447310337,0,0
1.0414456129074097,-0.021179964765906334,1.1195011138916016,0.4327404238119334,0.5484996544042062,0,0
1.0415575504302979,-0.021030550822615623,1.1276758909225464,0.42117184053902473,0.4962936256739535,0,0
1.0416933298110962,-0.02085954323410988,1.1359549760818481,0.4287874154168568,0.5290187442095431,0,0
1.0418466329574585,-0.02067091502249241,1.1443467140197754,0.4307838581317639,0.529428688562497,0,0
1.0420116186141968,-0.020469553768634796,1.1528332233428955,0.4097578501017954,0.5204939122270534,0,0
1.042183518409729,-0.020260890945792198,1.1614019870758057,0.4186609618175068,0.5107896760813057,0,0
1.042358160018921,-0.020049886777997017,1.1700637340545654,0.4235822330918901,0.5258418427778024,0,0
1.042532205581665,-0.019840402528643608,1.1788325309753418,0.446353012420003,0.5096636367600678,0,0
1.0427041053771973,-0.01963530108332634,1.1876957416534424,0.4312931754235521,0.5033895509184553,0,0
1.0428723096847534,-0.0194367915391922,1.1966419219970703,0.42328879817997606,0.510993721761459,0,0
1.0430363416671753,-0.019246509298682213,1.2056666612625122,0.43406597384192647,0.5142465641353532,0,0
1.0431952476501465,-0.019065476953983307,1.2147666215896606,0.43137100980908516,0.4824722075083294,0,0
1.0433486700057983,-0.01889415644109249,1.2239396572113037,0.44923664814090575,0.48134917214193834,0,0
1.043495774269104,-0.018732627853751183,1.2331783771514893,0.44027491464937885,0.47135444688463296,0,0
1.0436362028121948,-0.018580736592411995,1.242483139038086,0.4445091385063254,0.4715773022490421,0,0
1.0437695980072021,-0.018438199535012245,1.251854658126831,0.4478604445743823,0.4852533042769133,0,0
1.0438957214355469,-0.01830482855439186,1.2610886096954346,0.4590989381528726,0.48006345675282064,0,0
1.0440165996551514,-0.018178997561335564,1.27008056640625,0.45190574165569863,0.47889770296118,0,0
1.0441384315490723,-0.01805708184838295,1.2787724733352661,0.4561706456377569,0.46910940950339913,0,0
1.0442709922790527,-0.017933562397956848,1.2871391773223877,0.4552102491979006,0.479341593459977,0,0
1.0444289445877075,-0.017801035195589066,1.2953587770462036,0.4448885628624341,0.47130407452478307,0,0
1.0446267127990723,-0.017652546986937523,1.303323745727539,0.5558178985727805,0.45434526973108613,0,0
1.0448799133300781,-0.017481759190559387,1.311002492904663,0.5558299013547452,0.4577450073029032,0,0
1.0452051162719727,-0.017282327637076378,1.3181641101837158,0.5438544593692829,0.442328021393093,0,0
1.045615792274475,-0.01705033704638481,1.3249115943908691,0.5482856877369041,0.45386769693066437,0,0
1.0461232662200928,-0.016782989725470543,1.3313003778457642,0.542026934499245,0.469036160016059,0,0
1.0467380285263062,-0.016477297991514206,1.3371539115905762,0.5543166988021603,0.4443077409587217,0,0
1.0474671125411987,-0.016131998971104622,1.3423908948898315,0.5382151206831058,0.4383858157164906,0,0
1.0483125448226929,-0.015747787430882454,1.3469767570495605,0.5305992799083172,0.44127713100893123,0,0
1.049270510673523,-0.01532822847366333,1.3511170148849487,0.5483129130726588,0.48082025297219216,0,0
1.0503345727920532,-0.014877174980938435,1.3549368381500244,0.5416914619992785,0.45174762888164144,0,0
1.0514980554580688,-0.014398012310266495,1.3583027124404907,0.6113723709783981,0.4315341731165502,0,0
1.0527522563934326,-0.013894975185394287,1.3611621856689453,0.6161404790219647,0.4384393018686457,0,0
1.0540869235992432,-0.0133724519982934,1.363481044769287,0.6240170189106412,0.44164767009325734,0,0
1.0554882287979126,-0.012836597859859467,1.3652420043945312,0.6158818052341407,0.4354890607026858,0,0
1.056942343711853,-0.012295079417526722,1.3664865493774414,0.6432804523576215,0.43643820776195896,0,0
1.0584324598312378,-0.011754980310797691,1.367194652557373,0.61646973846868,0.43099898463510505,0,0
1.059941291809082,-0.011226288974285126,1.367557406425476,0.6381446304286766,0.39540924181864906,0,0
1.0614508390426636,-0.010721040889620781,1.3676002025604248,0.6057662564619167,0.43842160819191495,0,0
1.062942624092102,-0.010249866172671318,1.3672382831573486,0.6070648271732797,0.44364041865972936,0,0
1.0643982887268066,-0.00982409343123436,1.3663798570632935,0.6144174760596761,0.42578304190787414,0,0
1.0658022165298462,-0.009455905295908451,1.3650985956192017,0.598342560860618,0.420630591850167,0,0
1.0671443939208984,-0.009153925813734531,1.3634364604949951,0.6134602950679291,0.423632412607804,0,0
1.068415880203247,-0.008923469111323357,1.3613617420196533,0.6115592027685164,0.40460123237472895,0,0
1.0696111917495728,-0.008767076767981052,1.3588985204696655,0.6190691938823224,0.40850231312151875,0,0
1.070726990699768,-0.008683932013809681,1.3560594320297241,0.6126629959555709,0.41611149893060584,0,0
1.071761131286621,-0.008670338429510593,1.352860927581787,0.6124605987576245,0.41844783166430116,0,0
1.072713851928711,-0.008720126934349537,1.3493170738220215,0.6093300932372882,0.4195827322283382,0,0
1.0735856294631958,-0.008825777098536491,1.3454514741897583,0.5933710074000003,0.4049420651719736,0,0
1.0743786096572876,-0.008978534489870071,1.341267466545105,0.6155115135147814,0.4182139561532539,0,0
1.0750951766967773,-0.009168512187898159,1.3367762565612793,0.6217470187552518,0.4205452994904124,0,0
1.075737714767456,-0.009386320598423481,1.3320331573486328,0.551110119130783,0.4006104627827293,0,0
1.0763094425201416,-0.009623580612242222,1.3270357847213745,0.5508358094454594,0.4258084627808211,0,0
1.076815128326416,-0.009871968999505043,1.3217562437057495,0.5340823236311001,0.4072127708279751,0,0
1.0772593021392822,-0.010123640298843384,1.3162344694137573,0.5550371513226845,0.4126035400822781,0,0
1.0776457786560059,-0.01037232019007206,1.3105111122131348,0.5467630582929495,0.4210949530638765,0,0
1.0779799222946167,-0.010613092221319675,1.304560899734497,0.5546901975735189,0.4155552558928703,0,0
1.078267216682434,-0.010841567069292068,1.2985761165618896,0.5618811989732736,0.3988847720344176,0,0
1.0785105228424072,-0.011055868119001389,1.2925010919570923,0.5478974987799716,0.41335094089111374,0,0
1.0787107944488525,-0.011255617253482342,1.2862846851348877,0.556392584787917,0.4281208470085315,0,0
1.0788694620132446,-0.011441117152571678,1.2801110744476318,0.5706225284784799,0.3915878688220253,0,0
1.0789847373962402,-0.011614670976996422,1.2738770246505737,0.468404374937671,0.42808897007062763,0,0
1.079054832458496,-0.011779144406318665,1.2675269842147827,0.4853048465402333,0.4267077559137634,0,0
1.079078197479248,-0.011937246657907963,1.2610260248184204,0.45419894949433104,0.4372908908566631,0,0
1.0790544748306274,-0.012091116048395634,1.2543654441833496,0.4604548781564639,0.44370306561125883,0,0
1.0789846181869507,-0.012242157943546772,1.2475330829620361,0.4768052445221188,0.41399636471553447,0,0
1.0788707733154297,-0.0123909842222929,1.240537166595459,0.4665517741605167,0.43373052043976534,0,0
1.0787169933319092,-0.012537429109215736,1.2333813905715942,0.4608889982715284,0.4355538211794114,0,0
1.0785274505615234,-0.012680568732321262,1.226067304611206,0.47282564151270734,0.4335135180361754,0,0
1.0783072710037231,-0.012818916700780392,1.2185975313186646,0.47037067529247106,0.4126111500267117,0,0
1.0780624151229858,-0.012950829230248928,1.210983395576477,0.4633206864991571,0.43269726242526724,0,0
1.0777983665466309,-0.013074597343802452,1.2034428119659424,0.39335103861747867,0.45550922697498064,0,0
1.0775353908538818,-0.013197870925068855,1.195936918258667,0.40983968185656316,0.44043650708057225,0,0
1.0772607326507568,-0.013311980292201042,1.1887891292572021,0.4067189286358182,0.46968120445266487,0,0
1.07697594165802,-0.013417082838714123,1.1819789409637451,0.409098244286771,0.44997434404562403,0,0
1.076683521270752,-0.013516847975552082,1.1756798028945923,0.39417086367668625,0.4398520154484831,0,0
1.0763859748840332,-0.013616384007036686,1.16978120803833,0.394122523007263,0.4531829821940751,0,0
1.0760849714279175,-0.0137212835252285,1.1644089221954346,0.3902721524048726,0.4449942818759561,0,0
1.075782299041748,-0.013836780562996864,1.1594346761703491,0.3944474159536967,0.46241795433772065,0,0
1.0754789113998413,-0.013967095874249935,1.1547768115997314,0.40000318841126653,0.4479042182967281,0,0
1.0751756429672241,-0.014117851853370667,1.1503832340240479,0.4172369616057002,0.44978955797811404,0,0
1.0748752355575562,-0.014297191984951496,1.1462150812149048,0.3795844067735684,0.4763439225353487,0,0
1.074580430984497,-0.014513008296489716,1.1422480344772339,0.37978371696089,0.4712242249516754,0,0
1.0742926597595215,-0.014771801419556141,1.138474464416504,0.3706127812702189,0.4718562901341946,0,0
1.074012279510498,-0.015077977441251278,1.1348774433135986,0.3824487782291422,0.46339586742390515,0,0
1.0737380981445312,-0.015433494001626968,1.1314473152160645,0.38320998372310855,0.4594021926253166,0,0
1.0734679698944092,-0.015837887302041054,1.1281781196594238,0.3896624053783943,0.4769758095743131,0,0
1.073198676109314,-0.01628848724067211,1.1250572204589844,0.3834405408155489,0.48684034806272225,0,0
1.0729269981384277,-0.016780810430645943,1.1220766305923462,0.3959420891917417,0.46959300256455483,0,0
1.0726490020751953,-0.017309201881289482,1.119225025177002,0.3754940846299329,0.48083791230490014,0,0
1.0723609924316406,-0.01786758191883564,1.116497278213501,0.3895990560474539,0.47199221482552356,1,1
1.0720586776733398,-0.01844996027648449,1.1140751838684082,0.4041534228533561,0.4937621033391579,0,0
1.0717393159866333,-0.019050436094403267,1.1120693683624268,0.40121549928483313,0.5044895184700988,0,0
1.0714010000228882,-0.019662991166114807,1.110532283782959,0.40832141172397163,0.4955504534727803,0,0
1.071043848991394,-0.020281869918107986,1.1094814538955688,0.4040667878785561,0.501500107910631,0,0
1.0706700086593628,-0.020901953801512718,1.1087238788604736,0.3977340431258843,0.5000677556111239,0,0
1.0702815055847168,-0.021518846973776817,1.108148455619812,0.39101347527388236,0.48453486198421075,0,0
1.0698803663253784,-0.02212885022163391,1.1076817512512207,0.38528450433774686,0.504959327789293,0,0
1.0694677829742432,-0.022729000076651573,1.1074801683425903,0.41414930913895165,0.5188233864715066,0,0
1.0690453052520752,-0.023316996172070503,1.1076282262802124,0.4117388687636554,0.47339848412100904,0,0
1.0686146020889282,-0.023891082033514977,1.1079719066619873,0.3739148936139135,0.4951998207743483,0,0
1.0681778192520142,-0.024450069293379784,1.1086149215698242,0.40101410970519463,0.5126807918392882,0,0
1.0677363872528076,-0.02499317191541195,1.1096092462539673,0.4105581724840567,0.48892662987480956,0,0
1.06729257106781,-0.025519875809550285,1.1109791994094849,0.413790947571738,0.5056752053956294,0,0
1.066848874092102,-0.026029877364635468,1.112539291381836,0.39254937842576093,0.5055254417265916,0,0
1.066407322883606,-0.02652316726744175,1.1143704652786255,0.40278337391108443,0.4947060887220173,0,0
1.0659695863723755,-0.02699989452958107,1.1165215969085693,0.4377185610798157,0.5027923773563141,0,0
1.065537691116333,-0.027460256591439247,1.1188099384307861,0.39469301061402107,0.5027744508125517,0,0
1.0651129484176636,-0.02790464088320732,1.1211405992507935,0.3860547866996885,0.49435703285614435,0,0
1.0646955966949463,-0.02833363600075245,1.1234467029571533,0.39768954600231854,0.5171060744161918,0,0
1.0642850399017334,-0.02874799072742462,1.125702977180481,0.398307199574889,0.5025203167082494,0,0
1.0638796091079712,-0.029148627072572708,1.128082036972046,0.4178814583231711,0.510239214244344,0,0
1.0634773969650269,-0.029536452144384384,1.1306791305541992,0.41094486938136665,0.49737722372856763,0,0
1.0630769729614258,-0.02991226315498352,1.1335521936416626,0.4084089778729305,0.4972674305067183,0,0
1.0626779794692993,-0.03027668222784996,1.1367199420928955,0.4090037374413102,0.4913338342788819,0,0
1.0622801780700684,-0.030630115419626236,1.140195369720459,0.4031189571366581,0.5065725567510264,0,0
1.0618844032287598,-0.030972754582762718,1.1439728736877441,0.40074445520104085,0.5020873063747646,0,0
1.0614919662475586,-0.03130460903048515,1.1480516195297241,0.40265030848268596,0.495235760048362,0,0
1.0611045360565186,-0.03162551298737526,1.1524176597595215,0.40995963545557607,0.48438415881608554,0,0
1.0607242584228516,-0.031935177743434906,1.157062292098999,0.41057654792049747,0.5075176693565945,0,0
1.06035315990448,-0.032233208417892456,1.1619789600372314,0.4168894318453636,0.4878503715958845,0,0
1.0599935054779053,-0.03251916170120239,1.167153000831604,0.41098605791932563,0.49972390816714846,0,0
1.0596470832824707,-0.0327925831079483,1.172380805015564,0.3964729984616604,0.4974039265787439,0,0
1.0593154430389404,-0.03305332362651825,1.1777359247207642,0.4064894087633034,0.48884580411930845,0,0
1.058998942375183,-0.03330139443278313,1.1830657720565796,0.3946087781643248,0.4770568422087311,0,0
1.0586968660354614,-0.03353725001215935,1.1884799003601074,0.4037049083992239,0.48983333104720067,0,0
1.0584083795547485,-0.033761534839868546,1.1938420534133911,0.39886588775815535,0.5029199749016376,0,0
1.058131456375122,-0.033975277096033096,1.1992766857147217,0.4067271117248247,0.4915146228210597,0,0
1.0578643083572388,-0.03417963534593582,1.2048419713974,0.40559518913749293,0.49089274846090974,0,0
1.0576049089431763,-0.03437564894556999,1.210578441619873,0.41419396602401704,0.4895364219227786,0,0
1.05735182762146,-0.034564148634672165,1.2165038585662842,0.4131830810821031,0.4880881560110709,1,0
1.0571041107177734,-0.03474574536085129,1.2226197719573975,0.4209773575788327,0.4660779730124561,0,0
1.0568612813949585,-0.03492085263133049,1.228928565979004,0.4183218167499396,0.4776335408161175,0,0
1.0566233396530151,-0.03508972004055977,1.235422968864441,0.4168345463412559,0.4946358486276852,0,0
1.0563901662826538,-0.035252463072538376,1.2421019077301025,0.418823977363131,0.4687837958805791,0,0
1.056162714958191,-0.035409100353717804,1.2489594221115112,0.40806033301294037,0.49505183218229576,0,0
1.0559415817260742,-0.035559576004743576,1.2559902667999268,0.4286831093361458,0.4798694253692008,0,0
1.0557276010513306,-0.035703789442777634,1.2631827592849731,0.4192306321752985,0.48183074740261367,0,0
1.055521845817566,-0.03584161773324013,1.2705316543579102,0.4059568635724121,0.492276390077544,0,0
1.0553250312805176,-0.03597291186451912,1.2780312299728394,0.4360682087048529,0.4769527152279898,0,0
1.0551376342773438,-0.036097534000873566,1.2856701612472534,0.44932146357927316,0.4671682940567553,0,0
1.0549603700637817,-0.0362154096364975,1.2932510375976562,0.49737468220141906,0.46220798227205956,0,0
1.0547939538955688,-0.0363260954618454,1.300471305847168,0.47088767662303116,0.4430064413775645,0,0
1.054639458656311,-0.036429062485694885,1.3073498010635376,0.47504119209183804,0.451736566309845,0,0
1.054498553276062,-0.03652352839708328,1.3139134645462036,0.48865711141256013,0.4754723447919017,0,0
1.0543729066848755,-0.036608319729566574,1.3199845552444458,0.4939958201834993,0.44934464954899583,0,0
1.0542649030685425,-0.03668224439024925,1.3256663084030151,0.4673628026882687,0.45051727231155464,0,0
1.054176688194275,-0.03674400597810745,1.3308300971984863,0.4900287192575078,0.4344376790920037,0,0
1.054109811782837,-0.03679274395108223,1.3356033563613892,0.47407872419445446,0.4589172177885446,0,0
1.0540660619735718,-0.03682757541537285,1.3400698900222778,0.4903547542142525,0.45478792710320753,0,0
1.0540471076965332,-0.0368475578725338,1.3442822694778442,0.4887608077431516,0.4639217876526316,0,0
1.0540547370910645,-0.036851730197668076,1.3482683897018433,0.5594674944813885,0.45285315467666404,0,0
1.0540906190872192,-0.03683912381529808,1.352060317993164,0.5736250051701635,0.4658234684072446,0,0
1.0541565418243408,-0.03680863231420517,1.3554736375808716,0.5614815260127746,0.4407723427735351,0,0
1.054253339767456,-0.036759618669748306,1.3584141731262207,0.5555687501680171,0.4404430373811324,0,0
1.0543811321258545,-0.03669227287173271,1.3608397245407104,0.5484771375616686,0.43042991113982265,0,0
1.0545390844345093,-0.03660773113369942,1.3629262447357178,0.5637486461941267,0.45231512810063057,0,0
1.0547255277633667,-0.03650740534067154,1.3645918369293213,0.5393521135108271,0.42851610409506025,0,0
1.0549384355545044,-0.036393288522958755,1.3659864664077759,0.5567570196849669,0.4699790077167025,0,0
1.0551762580871582,-0.0362672433257103,1.3670058250427246,0.5769606084348987,0.43415699213560677,0,0
1.055436372756958,-0.03613140061497688,1.3677952289581299,0.5604696208720371,0.461677783607916,0,0
1.0557167530059814,-0.03598758205771446,1.3682456016540527,0.5871645949365206,0.4282830592868021,0,0
1.0560154914855957,-0.035837601870298386,1.3683029413223267,0.5915398696982698,0.4415497529793851,0,0
1.0563299655914307,-0.03568344563245773,1.368134617805481,0.5981915350199323,0.45618710687033537,0,0
1.0566585063934326,-0.03552665188908577,1.3676508665084839,0.5936856179525936,0.4347561973521908,0,0
1.0569987297058105,-0.03536875173449516,1.3669943809509277,0.6209980103832566,0.4598126784909082,0,0
1.0573493242263794,-0.035210683941841125,1.3660578727722168,0.6108702100443972,0.435126226141919,0,0
1.057708501815796,-0.03505325689911842,1.3647860288619995,0.6046276467075219,0.4330273089483309,0,0
1.058074712753296,-0.03489731252193451,1.3631514310836792,0.5810909337409653,0.4487474207435929,0,0
1.058445930480957,-0.034743793308734894,1.3611444234848022,0.5878541478632449,0.4334303352264114,0,0
1.0588200092315674,-0.03459373489022255,1.3587698936462402,0.5976427399355237,0.43328754802705993,0,1
1.0591946840286255,-0.03444819152355194,1.3560357093811035,0.5593375230309051,0.43899946840559895,0,0
1.0595678091049194,-0.034308258444070816,1.3529545068740845,0.5853484682076249,0.42111690387678186,0,0
1.0599371194839478,-0.03417494148015976,1.3495384454727173,0.6001828087253073,0.43321909131011554,0,0
1.060300350189209,-0.034049082547426224,1.3458000421524048,0.5707008469362523,0.4409123613002157,0,0
1.0606549978256226,-0.033931419253349304,1.341943621635437,0.5927032328242304,0.45785175909603815,0,0
1.0609999895095825,-0.03382204473018646,1.3378982543945312,0.577992978550676,0.44231873924118376,0,0
1.0613346099853516,-0.0337207168340683,1.3336286544799805,0.5655825918248304,0.4312860895392314,0,0
1.0616580247879028,-0.033626995980739594,1.3291124105453491,0.5772543284205467,0.44634687170764875,0,0
1.0619702339172363,-0.03354036435484886,1.3243441581726074,0.5857979915895103,0.42571125565786916,0,0
1.0622707605361938,-0.03346028923988342,1.3193237781524658,0.580770942216029,0.42390482990807143,0,0
1.0625592470169067,-0.03338626027107239,1.3140573501586914,0.5201363564092216,0.44043479148373754,0,0
1.0628353357315063,-0.03331780433654785,1.3087444305419922,0.5202121332229921,0.4568322233063221,0,0
1.0630991458892822,-0.033254146575927734,1.3033082485198975,0.5116036751963569,0.43383068966438765,0,0
1.0633515119552612,-0.03319443017244339,1.297710657119751,0.5184619402455175,0.4416544446814605,0,0
1.0635932683944702,-0.03313779458403587,1.2919197082519531,0.5275726592939802,0.4415947423433592,0,0
1.063825011253357,-0.03308357298374176,1.286128282546997,0.5301455236648307,0.46590427088830677,0,0
1.0640476942062378,-0.033030878752470016,1.2802481651306152,0.5159582601704044,0.44415933975755517,0,0
1.0642629861831665,-0.03297891840338707,1.2742292881011963,0.5216214131116865,0.4399273819636986,0,0
1.0644721984863281,-0.03292708098888397,1.268050193786621,0.5104247043704818,0.43733055359383793,0,0
1.0646758079528809,-0.032874926924705505,1.2616937160491943,0.5208992831071646,0.43221352451365763,0,0
1.0648750066757202,-0.03282191976904869,1.2553545236587524,0.4407852266696604,0.44758029358556967,0,0
1.0650708675384521,-0.03277061879634857,1.2493377923965454,0.4470363420693958,0.46402808007451035,0,0
1.0652652978897095,-0.03272480517625809,1.243610143661499,0.4528033326885323,0.4512663263539549,0,0
1.0654610395431519,-0.032688070088624954,1.2383439540863037,0.43002876811743457,0.4679557763903787,0,0
1.065659523010254,-0.03266345337033272,1.2336328029632568,0.44569028302034697,0.4648314691463307,0,0
1.0658622980117798,-0.03265317529439926,1.2295150756835938,0.44010227990358364,0.46651772412837106,0,0
1.0660700798034668,-0.032658468931913376,1.2260040044784546,0.4395178104166839,0.45891182379442597,0,0
1.066283106803894,-0.032679639756679535,1.2229008674621582,0.4550878566126434,0.45624150950798076,0,0
1.066501498222351,-0.03271578624844551,1.2202813625335693,0.42303814723770367,0.46736100058727703,0,0
1.0667251348495483,-0.032765138894319534,1.2181744575500488,0.4483809610379524,0.45533583366669,0,0
1.0669538974761963,-0.032825253903865814,1.2163975238800049,0.3883235405126299,0.49245429563543497,0,0
1.0671864748001099,-0.03289354220032692,1.2148430347442627,0.4083616284048495,0.44476289853432377,0,0
1.0674221515655518,-0.03297043219208717,1.2134413719177246,0.3970907190881432,0.46976186569579237,0,0
1.0676600933074951,-0.03305791690945625,1.2123444080352783,0.40249809787383417,0.4540478984781163,0,0
1.0678983926773071,-0.03315836191177368,1.2116358280181885,0.4177549457681982,0.4655731981051203,0,0
1.0681354999542236,-0.03327372670173645,1.211354374885559,0.4127274803661724,0.48192728252186634,0,0
1.068369746208191,-0.033405132591724396,1.2113218307495117,0.3963543250394764,0.4631929678446226,0,0
1.068598985671997,-0.03355321288108826,1.2116248607635498,0.4078102484184007,0.4766974053712702,0,0
1.0688207149505615,-0.03371785953640938,1.2123061418533325,0.4105551356386516,0.47556921659993256,0,0
1.069032907485962,-0.03389809653162956,1.2133833169937134,0.4158677900155175,0.4738915637924604,1,1
1.0692338943481445,-0.03409220650792122,1.2148635387420654,0.4046823703317757,0.48310609541841165,0,0
1.0694228410720825,-0.034297991544008255,1.2165405750274658,0.39364945458736755,0.46401636878885927,0,0
1.069598913192749,-0.034513261169195175,1.2182999849319458,0.3911410351381567,0.4774970313469824,0,0
1.0697605609893799,-0.034736067056655884,1.2202715873718262,0.40552014924111035,0.4643494462048298,0,0
1.0699059963226318,-0.034964464604854584,1.2223254442214966,0.3911063727058953,0.4593928501748144,0,0
1.0700339078903198,-0.035196803510189056,1.2243834733963013,0.39421107387694,0.48702098270846145,0,0
1.0701420307159424,-0.03543195500969887,1.22660493850708,0.4022302974944844,0.4694944283860606,0,0
1.070228934288025,-0.035668984055519104,1.2288788557052612,0.38154381937349635,0.47753247408098654,0,0
1.0702928304672241,-0.03590720519423485,1.2311397790908813,0.3988910324219226,0.48739337482623796,0,0
1.0703314542770386,-0.036146242171525955,1.2333544492721558,0.38893247568386885,0.46092398853827377,0,0
1.070343017578125,-0.036386046558618546,1.2356932163238525,0.3906056897252966,0.4460837876525653,0,0
1.0703260898590088,-0.036626704037189484,1.2382543087005615,0.41230899102403035,0.4611907764476553,0,0
1.0702805519104004,-0.03686828538775444,1.2408959865570068,0.39996840672838263,0.48382876583348294,0,0
1.0702060461044312,-0.03711100295186043,1.2437289953231812,0.42063083367902765,0.47935160105119484,0,0
1.0701037645339966,-0.03735499456524849,1.2468160390853882,0.4080731472662601,0.46573030901915025,0,0
1.0699750185012817,-0.03760026767849922,1.2501864433288574,0.4137386953103524,0.47083628017573187,0,0
1.0698226690292358,-0.03784656524658203,1.2536512613296509,0.38156492306183176,0.4695045423059522,0,0
1.0696492195129395,-0.0380936898291111,1.2571097612380981,0.39613057559103015,0.4668623190218132,0,0
1.069456696510315,-0.03834156692028046,1.2606971263885498,0.40708574213741955,0.46567954671392076,0,0
1.0692472457885742,-0.03859012573957443,1.2644835710525513,0.4093722875828866,0.45226381165642926,0,0
1.0690230131149292,-0.038839250802993774,1.2685089111328125,0.44153329207388536,0.47488332602977074,0,0
1.06878662109375,-0.03908870369195938,1.2727919816970825,0.4401944645979557,0.4677013251188281,0,0
1.0685405731201172,-0.039338111877441406,1.2773354053497314,0.4225316555270754,0.4615439968927844,0,0
1.0682876110076904,-0.039587005972862244,1.2821426391601562,0.4328441757089226,0.46704079151094413,0,0
1.0680307149887085,-0.039834801107645035,1.2872051000595093,0.4356267190308902,0.45500799565275857,0,0
1.0677727460861206,-0.040080830454826355,1.2925145626068115,0.4448508962693875,0.45923438567001856,0,0
1.0675162076950073,-0.04032411426305771,1.2978612184524536,0.4215152607355851,0.44885010473438863,0,0
1.0672649145126343,-0.040566474199295044,1.3033325672149658,0.4307289499722318,0.46207149169538325,0,0
1.0670228004455566,-0.0408107191324234,1.3089693784713745,0.4376287155843132,0.47402866323798776,0,0
1.0667939186096191,-0.04105954244732857,1.3147895336151123,0.4424737405679422,0.46354133308893586,0,0
1.0665812492370605,-0.04131513461470604,1.3206183910369873,0.4832095076277586,0.45407842577424884,0,0
1.0663886070251465,-0.04157833382487297,1.3261423110961914,0.48349899562553467,0.4314844398825312,0,0
1.0662182569503784,-0.041848987340927124,1.3314000368118286,0.48677478462784907,0.4561853430464374,0,0
1.0660723447799683,-0.042125530540943146,1.3362128734588623,0.4985108058933863,0.44004207590692646,0,0
1.0659525394439697,-0.0424056351184845,1.3404916524887085,0.49131656504648,0.4369858924143397,0,0
1.0658591985702515,-0.04268673062324524,1.3441975116729736,0.4951915393098933,0.4344635080145619,0,0
1.0657918453216553,-0.04296620935201645,1.3473114967346191,0.4927363035360065,0.440048438664521,0,0
1.0657490491867065,-0.04324160888791084,1.3500347137451172,0.48871486872227793,0.4517143681251682,0,0
1.065729022026062,-0.043510399758815765,1.3524882793426514,0.4748949255484478,0.4637122273753314,0,0
1.0657310485839844,-0.043769776821136475,1.3545467853546143,0.48520850857854353,0.43297476195067774,0,1
1.0657539367675781,-0.04401709511876106,1.356345295906067,0.5525226807019968,0.452739219675922,0,0
1.065796971321106,-0.04424965754151344,1.357767105102539,0.5297568441569436,0.4304885645080539,0,0
1.0658594369888306,-0.04446535184979439,1.3587546348571777,0.5344111400232304,0.44437452183830406,0,0
1.0659406185150146,-0.044662684202194214,1.3592848777770996,0.5452418196471839,0.4443677242111099,0,0
1.066038966178894,-0.04484090581536293,1.359352469444275,0.545984275832198,0.4391073561620244,0,0
1.066152811050415,-0.04499996080994606,1.3589637279510498,0.5348085476433565,0.4379167232223759,0,0
1.0662802457809448,-0.04514050856232643,1.3581290245056152,0.5408635533300982,0.43253927234744344,0,0
1.066419243812561,-0.045263685286045074,1.356855869293213,0.5262105017749121,0.44169868289032277,0,0
1.0665677785873413,-0.045371003448963165,1.355165719985962,0.5288285911884889,0.4493169766893479,0,0
1.0667237043380737,-0.045464202761650085,1.353078007698059,0.5404868418216769,0.4466670232757719,0,0
1.0668847560882568,-0.045545194298028946,1.3508025407791138,0.5316986608900948,0.45193387695520487,0,0
1.0670493841171265,-0.045615363866090775,1.3482682704925537,0.5267227182019062,0.43764682411715167,0,0
1.0672167539596558,-0.045675911009311676,1.3454352617263794,0.5434895449287903,0.44930502409278034,0,0
1.0673856735229492,-0.045727938413619995,1.3424842357635498,0.5432313596520076,0.4500213317487131,0,0
1.067556381225586,-0.04577202722430229,1.3393272161483765,0.5190196770993469,0.4392099271312143,0,0
1.0677287578582764,-0.045808564871549606,1.3359178304672241,0.5113413704349028,0.44303161752201015,0,0
1.06790292263031,-0.04583795368671417,1.3324260711669922,0.5249121980589724,0.45010664694266417,0,0
1.0680792331695557,-0.04586026072502136,1.328951120376587,0.5404139462361937,0.45281801603384575,0,0
1.0682591199874878,-0.04587506130337715,1.325351595878601,0.5336732530146897,0.4350566501381041,0,0
1.068443775177002,-0.04588187113404274,1.3215534687042236,0.5223357031468489,0.44609260131217787,0,0
1.068633794784546,-0.04588044434785843,1.3177152872085571,0.47902176504834215,0.46327742823799123,0,0
1.0688303709030151,-0.045870453119277954,1.313723087310791,0.4761853815577359,0.4496274423970618,0,0
1.0690343379974365,-0.04585171863436699,1.3095285892486572,0.477858140950211,0.44977207599480873,0,0
1.06924569606781,-0.04582447558641434,1.3052921295166016,0.4913854071019678,0.45411732543925454,0,0
1.069465160369873,-0.04578883945941925,1.3009114265441895,0.49354794878053776,0.4268421848123382,0,0
1.0696924924850464,-0.045745156705379486,1.296335220336914,0.46613254636333173,0.4435948533160986,0,0
1.0699275732040405,-0.045694027096033096,1.291536808013916,0.46870241287131964,0.44338560365640733,0,0
1.0701695680618286,-0.04563635587692261,1.2865066528320312,0.4836516122773113,0.4484507447129544,0,0
1.0704174041748047,-0.04557328671216965,1.281244158744812,0.48729411117876786,0.4400021437175845,0,0
1.070669412612915,-0.045506201684474945,1.2759429216384888,0.4774339224583812,0.46227407275167987,0,0
1.0709244012832642,-0.045435816049575806,1.2707151174545288,0.4344945468522983,0.4401945036207311,0,0
1.0711827278137207,-0.04536554217338562,1.2658159732818604,0.4304124465236473,0.4530701545481724,0,0
1.0714449882507324,-0.04529968649148941,1.2613911628723145,0.4383204424644816,0.4574652142537676,0,0
1.0717116594314575,-0.0452425442636013,1.2575104236602783,0.4312987669006086,0.47419866835365415,0,0
1.0719826221466064,-0.04519781842827797,1.254197120666504,0.43305287802564957,0.4753535546212069,0,0
1.072257399559021,-0.04516821354627609,1.2514686584472656,0.42569677979305365,0.47203692453662666,0,0
1.0725349187850952,-0.04515530541539192,1.2491153478622437,0.4539555924054815,0.45933567558656646,0,0
1.0728143453598022,-0.045159198343753815,1.2472208738327026,0.42839571010991595,0.4663467595362084,0,0
1.0730949640274048,-0.045178886502981186,1.2458081245422363,0.4445930564581191,0.4711419505359863,0,0
1.073376178741455,-0.0452125184237957,1.2448914051055908,0.4328718212930025,0.474702324343011,1,1
1.0736573934555054,-0.045257698744535446,1.2442712783813477,0.3778034882773179,0.46424872209836243,0,0
1.0739367008209229,-0.045312125235795975,1.2440258264541626,0.40294569334363495,0.4644737247688604,0,0
1.074212670326233,-0.04537337273359299,1.2439963817596436,0.4108891623068071,0.4858611812027977,0,0
1.0744816064834595,-0.04544064775109291,1.2440927028656006,0.4027103752417205,0.48438180751449933,0,0
1.0747350454330444,-0.04551516845822334,1.2442684173583984,0.39594784846934356,0.4763414880848159,0,0
1.07496178150177,-0.04559968784451485,1.2444819211959839,0.39031604446862966,0.46621642941583774,0,0
1.0751473903656006,-0.045698460191488266,1.2447054386138916,0.40038811649154693,0.48001386458686984,0,0
1.0752763748168945,-0.0458185113966465,1.2449595928192139,0.40601096731231573,0.48748215922185895,0,0
1.0753313302993774,-0.045970313251018524,1.245233178138733,0.38894294905475646,0.4775971479751912,0,0
1.0752960443496704,-0.046165645122528076,1.2454934120178223,0.4172984211770616,0.47826984474114337,0,0
1.075155258178711,-0.0464145801961422,1.2457343339920044,0.4000047018443965,0.480707850656499,0,0
1.0748963356018066,-0.046723827719688416,1.2459731101989746,0.40096039247743126,0.46095498572694665,0,0
1.0745073556900024,-0.04709681123495102,1.2462174892425537,0.40584029470985816,0.47419049884138914,0,0
1.0739779472351074,-0.047534551471471786,1.246458649635315,0.4091022834402638,0.4735877844683289,0,0
1.0733003616333008,-0.04803696647286415,1.2467021942138672,0.42106712594654,0.46138458317006775,0,0
1.0724700689315796,-0.04860367253422737,1.246956706047058,0.4107563329469053,0.4722722576930443,0,0
1.0714845657348633,-0.04923404008150101,1.2472069263458252,0.39761209022631605,0.4860008362189113,0,0
1.0703438520431519,-0.04992708936333656,1.2474403381347656,0.3830241184182517,0.4529658638415004,0,0
1.0690500736236572,-0.05068143457174301,1.247657299041748,0.39860680142437616,0.46716375543453575,0,0
1.0676071643829346,-0.05149535462260246,1.2478561401367188,0.4147863078887435,0.4512230034402294,0,0
1.0660207271575928,-0.05236673355102539,1.2480406761169434,0.3971285331035293,0.49422665431410484,0,0
1.064297080039978,-0.053293075412511826,1.248215913772583,0.40742198730855383,0.47643562677358764,0,0
1.062443733215332,-0.05427173897624016,1.2483890056610107,0.421164821024334,0.47523439511453375,0,0
1.0604687929153442,-0.05530022084712982,1.2485588788986206,0.4177884649096744,0.490151517248864,0,0
1.0583804845809937,-0.05637640878558159,1.2487235069274902,0.3917612665468161,0.4784811965116927,0,0
1.056187391281128,-0.05749840661883354,1.248875617980957,0.38717588220971705,0.4720703523245227,0,0
1.0538982152938843,-0.05866410583257675,1.2490198612213135,0.4045078069446499,0.48629906552337293,0,0
1.0515207052230835,-0.05987083166837692,1.2491542100906372,0.39967019662170317,0.4811151570385361,0,0
1.0490621328353882,-0.0611153244972229,1.249284029006958,0.4193612260424755,0.4897871268913731,0,0
1.0465296506881714,-0.062394049018621445,1.249411702156067,0.4176224483106201,0.4683253308059458,0,0
1.0439289808273315,-0.0637037456035614,1.2495428323745728,0.4183953910226056,0.5166674709733716,0,0
1.0412662029266357,-0.06504161655902863,1.249674677848816,0.4308517726272773,0.5053542837765933,0,0
1.038547158241272,-0.06640538573265076,1.249802589416504,0.43912801137038193,0.5068349280120515,0,0
1.0357770919799805,-0.0677930936217308,1.2499241828918457,0.4213365850186053,0.509027527896929,0,0
1.0329606533050537,-0.0692029818892479,1.2500371932983398,0.42660596130556594,0.4989157690036476,0,0
1.0301024913787842,-0.07063321024179459,1.2501442432403564,0.43428178860655786,0.4905849037030125,0,0
1.0272060632705688,-0.07208199054002762,1.250247597694397,0.42473066700535334,0.5065462894789068,0,0
1.024275302886963,-0.0735475942492485,1.2503483295440674,0.4483462925260486,0.5213578871375544,0,0
1.0213127136230469,-0.07502845674753189,1.2504502534866333,0.42757813890089547,0.5128294907152284,0,0
1.01832115650177,-0.07652323693037033,1.2505502700805664,0.4305153901357983,0.49988138059868753,0,0
1.015303373336792,-0.07803075760602951,1.250646710395813,0.4453287311896217,0.5438387615673321,0,0
1.0122618675231934,-0.07954997569322586,1.2507374286651611,0.45395381409426977,0.5422685457360027,0,0
1.0091986656188965,-0.08107995241880417,1.2508193254470825,0.45845667599793943,0.5441614377009257,0,0
1.0061156749725342,-0.0826198011636734,1.2508955001831055,0.4671805736490507,0.5399552758584024,0,0
1.0030149221420288,-0.08416870981454849,1.250969409942627,0.46387600143690255,0.5328957938509069,0,0
0.9998975992202759,-0.08572590351104736,1.2510418891906738,0.449395760603571,0.5284996437461162,0,0
0.9967651963233948,-0.0872907042503357,1.2511138916015625,0.454850623408353,0.538423083769661,0,0
0.9936193227767944,-0.08886253088712692,1.2511833906173706,0.4679572349004399,0.548547820383175,0,0
0.9904610514640808,-0.09044080227613449,1.251248836517334,0.4432990984755936,0.5386430083513774,0,0
0.9872915744781494,-0.0920250192284584,1.2513117790222168,0.44773008811516657,0.5464997927311954,0,0
0.9841117262840271,-0.09361469745635986,1.251368522644043,0.48499195014411595,0.5586984019328997,0,0
0.9809228777885437,-0.09520938992500305,1.251423954963684,0.49571449716664323,0.568656816904307,0,0
0.9777253866195679,-0.09680870175361633,1.2514768838882446,0.507050966361145,0.569273945110621,0,0
0.9745205044746399,-0.09841221570968628,1.251528263092041,0.4882128590501573,0.5691483814415763,0,0
0.9713085293769836,-0.10001964867115021,1.2515769004821777,0.49405468274064157,0.5606741470760148,0,0
0.9680902361869812,-0.10163065046072006,1.2516248226165771,0.4878440113138819,0.5745272531790993,0,0
0.9648661613464355,-0.10324495285749435,1.251670241355896,0.49071291612777346,0.5816013938388634,0,0
0.9616370797157288,-0.1048622727394104,1.2517120838165283,0.4934865947241081,0.5915953699150027,0,0
0.9584032893180847,-0.1064823716878891,1.2517504692077637,0.501603361699957,0.5678958416588803,0,0
0.9551653861999512,-0.10810498893260956,1.2517882585525513,0.4944315168459083,0.5707067386432689,0,0
0.951923668384552,-0.10972993075847626,1.2518234252929688,0.5284997789470167,0.617593231639309,0,0
0.9486784934997559,-0.11135703325271606,1.25186026096344,0.5488694069635565,0.6156896793632263,0,0
0.945430338382721,-0.11298608779907227,1.2518947124481201,0.5256922202750023,0.6102241331771756,0,0
0.9421794414520264,-0.11461695283651352,1.2519264221191406,0.5294823066085534,0.6012520264464614,0,0
0.9389259219169617,-0.11624942719936371,1.2519581317901611,0.5270185163493015,0.6099663014940064,0,0
0.9356701970100403,-0.11788343638181686,1.251988410949707,0.5343253750302104,0.5986559138282744,0,0
0.9324123859405518,-0.11951880156993866,1.2520158290863037,0.5315050536248958,0.6063429926634344,0,0
0.9291529655456543,-0.12115542590618134,1.2520416975021362,0.5323041500972646,0.5862320440066523,0,0
0.9258918166160583,-0.12279317528009415,1.2520673274993896,0.5393214941481149,0.5874900259072058,0,0
0.9226292967796326,-0.12443196773529053,1.252090573310852,0.53052873522234,0.5906500477548624,0,0
0.9193653464317322,-0.1260717511177063,1.2521114349365234,0.5660591453240963,0.6404367248334814,0,0
0.9161003232002258,-0.1277124285697937,1.252133846282959,0.5631694762844045,0.6452965099146707,0,0
0.9128342866897583,-0.12935389578342438,1.252152681350708,0.5754427766693255,0.6224364142309656,0,0
0.9095671772956848,-0.13099615275859833,1.2521733045578003,0.5773924612974538,0.6442014166048113,0,0
0.9062994122505188,-0.132639080286026,1.2521941661834717,0.5762620790926635,0.6387254139417989,0,0
0.9030307531356812,-0.13428263366222382,1.2522120475769043,0.5714605937738769,0.6347045497679564,0,0
0.899761438369751,-0.1359267681837082,1.2522311210632324,0.5753377865300585,0.6422595276144203,0,0
0.8964917659759521,-0.13757142424583435,1.2522473335266113,0.5817107298814153,0.6557234385648097,0,0
0.8932214379310608,-0.1392165571451187,1.2522639036178589,0.5718746694064989,0.6593680498768234,0,0
0.889950692653656,-0.1408621370792389,1.2522802352905273,0.5828964727599552,0.6382948968592309,0,0
0.8866795301437378,-0.1425081044435501,1.252292275428772,0.6276770482839122,0.675973491025747,0,0
0.8834080696105957,-0.14415445923805237,1.2523044347763062,0.6075122365423054,0.6626962430617236,0,0
0.8801363110542297,-0.1458011418581009,1.252318263053894,0.6247760543007491,0.6614462207471795,0,0
0.8768641948699951,-0.14744813740253448,1.252332091331482,0.6035130220172628,0.680492916181377,0,0
0.8735918998718262,-0.14909541606903076,1.2523415088653564,0.6263659610258306,0.6766715999472729,0,0
0.8703193664550781,-0.15074297785758972,1.252350926399231,0.6069469441561786,0.6728775586804587,0,0
0.8670466542243958,-0.15239079296588898,1.2523605823516846,0.6080681112713698,0.6831957177363298,0,0
0.8637737035751343,-0.15403881669044495,1.2523701190948486,0.6306637695439067,0.6786648519576123,0,0
0.8605008721351624,-0.15568706393241882,1.2523794174194336,0.6152696052380096,0.6766128721121347,0,0
0.8572278022766113,-0.15733548998832703,1.2523889541625977,0.6199154212587799,0.6657135975812916,0,0
0.8539546132087708,-0.15898409485816956,1.252394199371338,0.6419764046986962,0.7291523031710845,0,0
0.8506813645362854,-0.16063286364078522,1.252399206161499,0.6419549684751699,0.7086674588479288,0,0
0.8474080562591553,-0.1622818112373352,1.2524045705795288,0.6370040986008058,0.7085474503350112,0,0
0.8441346287727356,-0.16393090784549713,1.2524096965789795,0.6439147081912998,0.6905815670846411,0,0
0.8408611416816711,-0.1655801236629486,1.2524148225784302,0.6434128839500074,0.699399473232697,0,0
0.8375878930091858,-0.16722950339317322,1.2524199485778809,0.6457721342150115,0.72449936932102,0,0
0.8343142867088318,-0.16887898743152618,1.2524253129959106,0.6526926353059708,0.6907707723124872,0,0
0.831040620803833,-0.1705286055803299,1.2524304389953613,0.6433450680748013,0.7138253511805298,0,0
0.8277670741081238,-0.17217829823493958,1.252435564994812,0.6332137198430082,0.7139803652120487,0,0
0.8244934678077698,-0.1738281100988388,1.2524409294128418,0.6417307907584672,0.7070727101436203,0,0
0.8212198615074158,-0.1754780262708664,1.252445936203003,0.6702722136783187,0.7454336994291721,0,0
0.8179463744163513,-0.17712800204753876,1.2524511814117432,0.6940744616700703,0.7570469367243332,0,0
0.8146726489067078,-0.1787780523300171,1.2524561882019043,0.6662641597225599,0.7472840510275793,0,0
0.8113991022109985,-0.1804281622171402,1.252461552619934,0.6749047055201015,0.7351362117881588,0,0
0.8081254959106445,-0.18207833170890808,1.252461552619934,0.6897405514795637,0.7515499748151053,0,0
0.8048519492149353,-0.18372853100299835,1.252461552619934,0.6893390808360121,0.7637279478747373,0,0
0.8015784621238708,-0.1853787899017334,1.252461552619934,0.672489148288152,0.7564774412006164,0,0
0.7983048558235168,-0.18702910840511322,1.252461552619934,0.6884466902881844,0.7668579319000002,0,0
0.7950313687324524,-0.1886795163154602,1.252461552619934,0.6938356666100025,0.7562298744676906,0,0
0.7917578220367432,-0.19032993912696838,1.252461552619934,0.6921688595882102,0.7482271984650233,0,0
0.7884843349456787,-0.19198043644428253,1.252461552619934,0.7302904543743933,0.8085027587772848,0,0
0.7852107882499695,-0.19363097846508026,1.252461552619934,0.7152555649118646,0.7742696552779709,0,0
0.7819372415542603,-0.19528155028820038,1.252461552619934,0.721552560515566,0.796429382836954,0,0
0.7786637544631958,-0.19693221151828766,1.252461552619934,0.7202720257378157,0.7770156562928978,0,0
0.7753903269767761,-0.19858288764953613,1.252461552619934,0.7237447964139551,0.7784427980689965,0,0
0.7721168994903564,-0.20023363828659058,1.252461552619934,0.7333326349674715,0.7895292820374283,0,0
0.7688434720039368,-0.20188438892364502,1.252461552619934,0.7204698858594569,0.7857948883177613,0,0
0.7655699849128723,-0.20353522896766663,1.252461552619934,0.7167903330244024,0.7662318090595948,0,0
0.7622966170310974,-0.205186128616333,1.252461552619934,0.7078384117868369,0.7745231268998528,0,0
0.7590232491493225,-0.20683707296848297,1.252461552619934,0.7113234803650412,0.7784609675122195,0,0
0.7557500004768372,-0.2084880769252777,1.252461552619934,0.7687949346742876,0.50827297269235,0,0
0.752476692199707,-0.21013909578323364,1.252461552619934,0.7493293348428635,0.5002955449890252,0,0
0.7492033839225769,-0.21179020404815674,1.252461552619934,0.7355874927899227,0.4914590104973577,0,0
0.7459300756454468,-0.21344135701656342,1.252461552619934,0.7627150553283932,0.49764420018269145,0,0
0.7426568269729614,-0.21509255468845367,1.252461552619934,0.7496421406384733,0.4945050503444325,0,0
0.7393836975097656,-0.21674378216266632,1.252461552619934,0.7480826927355949,0.49212163294994643,0,0
0.7361103892326355,-0.21839506924152374,1.252461552619934,0.7568103644351319,0.49304996660750844,0,0
0.7328372001647949,-0.22004641592502594,1.252461552619934,0.7620603960170873,0.511925647288775,0,0
0.7295640110969543,-0.22169779241085052,1.252461552619934,0.7490820820065037,0.5041751791583936,0,0
0.7262907028198242,-0.22334922850131989,1.252461552619934,0.7407166680899875,0.5054820656307897,0,0
0.7230175137519836,-0.22500070929527283,1.252461552619934,0.7868265376118654,0.48438966071958156,0,0
0.7197443246841431,-0.22665227949619293,1.252461552619934,0.7674559569029222,0.5043466610512478,0,0
0.7164711356163025,-0.22830384969711304,1.252461552619934,0.7872727349105838,0.5069128236339943,0,0
0.7131978273391724,-0.22995546460151672,1.252461552619934,0.8033480734334006,0.4911598796292084,0,0
0.7099248766899109,-0.231607124209404,1.252461552619934,0.7920435299773179,0.5016483327578216,0,0
0.7066516280174255,-0.23325884342193604,1.252461552619934,0.8034986349369935,0.4931717222731495,0,0
0.7033784985542297,-0.23491060733795166,1.252461552619934,0.7760024815095616,0.496503134321708,0,0
0.7001053094863892,-0.23656241595745087,1.252461552619934,0.7896866213460502,0.5133541273838471,0,0
0.6968322992324829,-0.23821429908275604,1.252461552619934,0.7818621721886987,0.47263554856117485,0,0
0.6935592293739319,-0.23986618220806122,1.252461552619934,0.7852390130638732,0.4979112818869882,0,0
0.6902862191200256,-0.24151811003684998,1.252461552619934,0.5072815971272981,0.48757820638427085,0,0
0.6870130896568298,-0.2431700974702835,1.252461552619934,0.49743030603863336,0.507500252595577,0,0
0.6837400794029236,-0.244822159409523,1.252461552619934,0.48677082733038257,0.48055837260100914,0,0
0.6804670691490173,-0.2464742213487625,1.252461552619934,0.48992957155192046,0.4944491617907246,0,0
0.6771940588951111,-0.24812635779380798,1.252461552619934,0.5002229933255381,0.5104358830025983,0,0
0.6739210486412048,-0.24977852404117584,1.252461552619934,0.4963513798366863,0.48375410636454697,0,0
0.6706480979919434,-0.2514307200908661,1.252461552619934,0.5040075034748243,0.49575672260808057,0,0
0.6673751473426819,-0.2530830204486847,1.252461552619934,0.4975793151183159,0.49457318554081553,0,0
0.6641021370887756,-0.2547353506088257,1.252461552619934,0.5000458668089982,0.4968137267446274,0,0
0.6608291864395142,-0.2563876807689667,1.252461552619934,0.5003927985109594,0.4919962444877205,0,0
0.6575562357902527,-0.25804010033607483,1.252461552619934,0.4869568184262029,0.4973365694521455,0,0
0.654283344745636,-0.259692519903183,1.252461552619934,0.4861892484449234,0.4973816072740622,0,0
0.6510104537010193,-0.2613450288772583,1.252461552619934,0.5009151211212867,0.49759453054170216,0,0
0.6477375626564026,-0.262997567653656,1.252461552619934,0.5061095062361681,0.4906722528149272,0,0
0.6444646716117859,-0.2646501362323761,1.252461552619934,0.5113268196891781,0.4972728943343312,0,0
0.641191840171814,-0.26630276441574097,1.252461552619934,0.4898497898794881,0.49495940745885864,0,0
0.637919008731842,-0.2679554522037506,1.252461552619934,0.5015830678873056,0.4821033251384885,0,0
0.6346461772918701,-0.26960816979408264,1.252461552619934,0.5022786974585549,0.512131331804305,0,0
0.631373405456543,-0.27126091718673706,1.252461552619934,0.49759252707453105,0.49280831788538815,0,0
0.628100574016571,-0.27291375398635864,1.252461552619934,0.5070504769423019,0.4942262850556204,0,0
0.6248278617858887,-0.2745665907859802,1.252461552619934,0.5064584084870439,0.4985054570525041,0,0
0.6215550899505615,-0.2762194275856018,1.252461552619934,0.4958162485498087,0.4897097553218217,0,0
0.6182823181152344,-0.27787235379219055,1.252461552619934,0.5090798255923441,0.49255940496049966,0,0
0.6150095462799072,-0.2795252799987793,1.252461552619934,0.5095318485335188,0.5047545910246352,0,0
0.6117368340492249,-0.2811782658100128,1.252461552619934,0.4862504341118516,0.4823842597972179,0,0
0.6084641218185425,-0.2828313112258911,1.252461552619934,0.5095292909723945,0.4899235873400456,0,0
0.6051914095878601,-0.2844844162464142,1.252461552619934,0.49947698715665984,0.4941655009871382,0,0
0.6019186973571777,-0.28613758087158203,1.252461552619934,0.49595793665103216,0.502319383511392,0,0
0.5986459851264954,-0.2877907454967499,1.252461552619934,0.508702062815711,0.49953917848402135,0,0
0.5953733325004578,-0.2894439995288849,1.252461552619934,0.49235285651792127,0.5160976096783473,0,0
0.5921007394790649,-0.2910972535610199,1.252461552619934,0.4998084093483537,0.5070051229241862,0,0
0.5888280272483826,-0.2927505373954773,1.252461552619934,0.5080538831519463,0.5000080120444707,0,0
0.5855553150177002,-0.2944037914276123,1.252461552619934,0.5126753175620309,0.48503374537071564,0,0
0.5822826623916626,-0.2960570454597473,1.252461552619934,0.48544927654500497,0.4838931106621854,0,0
0.579010009765625,-0.2977102994918823,1.252461552619934,0.4921913374098996,0.48466792848174295,0,0
0.5757374167442322,-0.29936355352401733,1.252461552619934,0.5063722207457317,0.4923930844793191,0,0
0.5724648237228394,-0.30101680755615234,1.252461552619934,0.5084325872226286,0.49939853077570434,0,0
0.5691922307014465,-0.30267006158828735,1.252461552619934,0.4919362190881587,0.48438828707681797,0,0
0.5659196376800537,-0.3043232858181,1.252461552619934,0.5069336694442593,0.5019587283498784,0,0
0.5626470446586609,-0.3059765100479126,1.252461552619934,0.5074891956285273,0.5024873688017795,0,0
0.5593744516372681,-0.3076297342777252,1.252461552619934,0.5013663734417843,0.49660105995422094,0,0
0.5561018586158752,-0.30928295850753784,1.252461552619934,0.4994282691250559,0.5091067327310732,0,0
0.5528292059898376,-0.3109361529350281,1.252461552619934,0.5032146383666543,0.5092431914079101,0,0
0.5495566725730896,-0.3125893771648407,1.252461552619934,0.4960783272476557,0.5057457645519385,0,0
0.5462841391563416,-0.31424254179000854,1.252461552619934,0.5087416903976695,0.496564081375849,0,0
0.5430116057395935,-0.3158957362174988,1.252461552619934,0.5081222200314273,0.4880236236279618,0,0
0.5397390723228455,-0.317548930644989,1.252461552619934,0.4869503474291471,0.506963613661431,0,0
0.5364665389060974,-0.31920212507247925,1.252461552619934,0.4975962715603362,0.5069653821596509,0,0
0.5331940054893494,-0.3208553194999695,1.252461552619934,0.4965326618119462,0.4878615468342005,0,0
0.5299214124679565,-0.32250848412513733,1.252461552619934,0.4924495090801369,0.48965183699982595,0,0
0.5266488194465637,-0.3241616487503052,1.252461552619934,0.5032514029199373,0.5017286817006924,0,0
0.5233762860298157,-0.325814813375473,1.252461552619934,0.5015062242446441,0.5149069248870511,0,0
0.5201038718223572,-0.3274679481983185,1.252461552619934,0.4974035271079442,0.4983882762409588,0,0
0.5168313980102539,-0.3291211426258087,1.252461552619934,0.5147326418896403,0.483046404345963,0,0
0.5135588645935059,-0.3307742476463318,1.252461552619934,0.5066085345578923,0.5070180033600006,0,0
0.5102863907814026,-0.33242738246917725,1.252461552619934,0.5073152241677107,0.5017651813432064,0,0
0.5070139169692993,-0.3340804874897003,1.252461552619934,0.5066947403219312,0.5182968473710193,0,0
0.503741443157196,-0.33573365211486816,1.252461552619934,0.4990917093648311,0.5019620199254157,0,0
0.5004690289497375,-0.3373867869377136,1.252461552619934,0.5106111488620965,0.4909748808194512,0,0
0.4971965551376343,-0.3390399217605591,1.252461552619934,0.5109787817571355,0.49858239265493737,0,0
0.4939241409301758,-0.34069305658340454,1.252461552619934,0.496050386240721,0.4995143441594924,0,0
0.4906516671180725,-0.3423461318016052,1.252461552619934,0.4931661508480967,0.5016804710138196,0,0
0.48737919330596924,-0.3439992368221283,1.252461552619934,0.512733861968693,0.5008212199982897,0,0
0.48410680890083313,-0.34565234184265137,1.252461552619934,0.4990692500076476,0.5111935634899578,0,0
0.480834424495697,-0.34730544686317444,1.252461552619934,0.5098566310641716,0.4948633831923402,0,0
0.4775620400905609,-0.3489585518836975,1.252461552619934,0.4881334230853955,0.5185344216790999,0,0
0.4742896258831024,-0.3506116569042206,1.252461552619934,0.49238947856954507,0.4958438601829246,0,0
0.4710172116756439,-0.35226473212242126,1.252461552619934,0.5059284302725876,0.4973503685615879,0,0
0.4677448272705078,-0.3539177477359772,1.252461552619934,0.5028878284720139,0.4818121049007385,0,0
0.4644724130630493,-0.35557088255882263,1.252461552619934,0.5102246787894762,0.4928212088620159,0,0
0.4611999988555908,-0.3572239279747009,1.252461552619934,0.5197714989626538,0.4829336022438333,0,0
0.4579276740550995,-0.3588770031929016,1.252461552619934,0.5073642524515874,0.49958389124034647,0,0
0.4546552896499634,-0.3605300486087799,1.252461552619934,0.5064861192161066,0.4893013860242829,0,0
0.45138293504714966,-0.3621830940246582,1.252461552619934,0.49288896265202353,0.4904715880190868,0,0
0.4481106102466583,-0.3638361394405365,1.252461552619934,0.5021011597192788,0.5033701499721677,0,0
0.4448382258415222,-0.3654891848564148,1.252461552619934,0.504060971620915,0.4768881265971844,0,0
0.4415658712387085,-0.3671422004699707,1.252461552619934,0.49501205963805495,0.5053301111580132,0,0
0.43829357624053955,-0.368795245885849,1.252461552619934,0.49345462882480906,0.4944199648535066,0,0
0.4350212514400482,-0.3704482614994049,1.252461552619934,0.5036755468545342,0.4819175461434872,0,0
0.4317488968372345,-0.37210121750831604,1.252461552619934,0.48681140112736576,0.5110418655932201,0,0
0.42847663164138794,-0.37375423312187195,1.252461552619934,0.4871997297027325,0.5144339625477181,0,0
0.4252043068408966,-0.37540724873542786,1.252461552619934,0.49931873879334676,0.502090079795235,0,0
0.42193204164505005,-0.37706029415130615,1.252461552619934,0.48924990626361153,0.486762845006199,0,0
0.4186597168445587,-0.37871330976486206,1.252461552619934,0.49430571284003777,0.4993614171936529,0,0
0.41538748145103455,-0.3803662657737732,1.252461552619934,0.5042621598667524,0.4937083905658514,0,0
0.4121151864528656,-0.38201919198036194,1.252461552619934,0.4941210814542417,0.5028955552154499,0,0
0.4088429808616638,-0.38367214798927307,1.252461552619934,0.5043958576424593,0.49398011002785036,0,0
0.40557071566581726,-0.3853251338005066,1.252461552619934,0.494331483613386,0.5092551257388086,0,0
0.4022984504699707,-0.3869781494140625,1.252461552619934,0.5172897785961825,0.4860654515077776,0,0
0.39902618527412415,-0.388631135225296,1.252461552619934,0.5060771845702087,0.5002189977705935,0,0
0.3957538902759552,-0.39028412103652954,1.252461552619934,0.5047475792794683,0.5085986389952736,0,0
0.39248165488243103,-0.3919370770454407,1.252461552619934,0.4977530612496629,0.5028008398737391,0,0
0.3892093598842621,-0.3935900330543518,1.252461552619934,0.4912106241363478,0.5106216495683409,0,0
0.3859371244907379,-0.3952430188655853,1.252461552619934,0.5031547327592629,0.4935384388426828,0,0
0.38266488909721375,-0.3968959450721741,1.252461552619934,0.5069918336449027,0.5073640087735468,0,0
0.3793925940990448,-0.3985488712787628,1.252461552619934,0.4928558142767795,0.5177505342135417,0,0
0.376120388507843,-0.40020179748535156,1.252461552619934,0.4770890973382348,0.4803575791064443,0,0
0.37284818291664124,-0.4018547236919403,1.252461552619934,0.4899748467632612,0.5095135525061089,0,0
0.3695759177207947,-0.40350762009620667,1.252461552619934,0.5235258647875547,0.5041656348084623,0,0
0.3663036525249481,-0.4051605463027954,1.252461552619934,0.5037799263770473,0.49653211318241935,0,0
0.36303141713142395,-0.40681350231170654,1.252461552619934,0.5037552085163498,0.5000237080286852,0,0
0.35975927114486694,-0.4084663987159729,1.252461552619934,0.5074997122362965,0.5218170082397019,0,0
0.35648706555366516,-0.41011932492256165,1.252461552619934,0.4998367701808306,0.49519710062273375,0,0
0.35321488976478577,-0.411772221326828,1.252461552619934,0.4860271423313439,0.5031355618141734,0,0
0.34994271397590637,-0.41342514753341675,1.252461552619934,0.4950189080147883,0.5029553741718443,0,0
0.346670538187027,-0.4150780737400055,1.252461552619934,0.5079502961917126,0.5199805209787788,0,0
0.34339839220046997,-0.41673097014427185,1.252461552619934,0.5048693683927169,0.5216560807869448,0,0
0.34012627601623535,-0.4183838367462158,1.252461552619934,0.5008553875350895,0.5015304409739848,0,0
0.33685410022735596,-0.4200367331504822,1.252461552619934,0.5109105821780844,0.4874303510302066,0,0
0.33358198404312134,-0.4216896593570709,1.252461552619934,0.4947206340991745,0.49848582524464113,0,0
0.3303098678588867,-0.4233425557613373,1.252461552619934,0.5025971213930998,0.5023569609075202,0,0
0.3270377516746521,-0.42499545216560364,1.252461552619934,0.5034413691249064,0.5073581294909365,-1,-1
0.32376566529273987,-0.4266485869884491,1.2519985437393188,0.5037103312127373,0.5050395056556504,0,0
0.3204941153526306,-0.4282999634742737,1.2508186101913452,0.4956664385833588,0.5116396053708011,0,0
0.3172248303890228,-0.42994481325149536,1.24878990650177,0.5046089510382936,0.5004454337060121,0,0
0.31395989656448364,-0.431575208902359,1.2458610534667969,0.5099354302181497,0.5035256054355682,0,0
0.31070294976234436,-0.43318143486976624,1.2420082092285156,0.5053159958876793,0.49264747082014737,0,0
0.3074573874473572,-0.4347513020038605,1.2372491359710693,0.5001145808865541,0.5070513263089255,0,0
0.3042287826538086,-0.43627187609672546,1.2315880060195923,0.49253186927448683,0.5099952443202546,0,0
0.30102160573005676,-0.4377298057079315,1.225074291229248,0.48223401811775596,0.5046916276874311,0,0
0.29784250259399414,-0.4391113221645355,1.2177207469940186,0.5200332831341553,0.5030440338610109,0,0
0.2946973741054535,-0.44040441513061523,1.2095897197723389,0.49134233747453177,0.49493596142610624,0,0
0.29159387946128845,-0.4415973424911499,1.2006785869598389,0.5134779013370669,0.49460749844343993,0,0
0.28853943943977356,-0.44268089532852173,1.1910579204559326,0.5133259475831895,0.4931024170166996,0,0
0.28554362058639526,-0.44364646077156067,1.1807167530059814,0.483505056168916,0.4941212839821165,0,0
0.28261542320251465,-0.4444875121116638,1.1697242259979248,0.49025476482186736,0.49776927719739517,0,0
0.2797645032405853,-0.44519883394241333,1.158083438873291,0.49168623690154123,0.5046796450279701,0,0
0.2769997715950012,-0.44577786326408386,1.1458606719970703,0.4920976429565959,0.49834112210074677,0,0
0.27433133125305176,-0.446224570274353,1.1330363750457764,0.5095152649696373,0.5197827437455537,0,0
0.2717694342136383,-0.4465404450893402,1.1196587085723877,0.5056488130060041,0.49386533752170086,0,0
0.2693249583244324,-0.4467288851737976,1.1057217121124268,0.5019912976732349,0.4953167085875405,0,0
0.2670081555843353,-0.4467933475971222,1.0913044214248657,0.4953741048516437,0.514827905075078,0,0
0.2648276686668396,-0.4467390775680542,1.076445460319519,0.512072992208183,0.5161842227645043,0,0
0.26279085874557495,-0.44657275080680847,1.061158537864685,0.4957931978145149,0.5038269223987651,0,0
0.2609037756919861,-0.4463038146495819,1.0454294681549072,0.5021292344830746,0.5105959444537482,0,0
0.2591712772846222,-0.4459432065486908,1.029294729232788,0.5086339826112477,0.49321392425231764,0,0
0.25759726762771606,-0.44550397992134094,1.012837290763855,0.5046014935666391,0.5026041085461187,0,0
0.2561854422092438,-0.4449993371963501,0.9960443377494812,0.4975090777726155,0.49218220322826883,0,0
0.25493860244750977,-0.44444242119789124,0.9788681268692017,0.5214805596488029,0.4965718693438592,0,0
0.2538580894470215,-0.443847119808197,0.9613925218582153,0.5016954020752623,0.49507178390492274,0,0
0.25294509530067444,-0.4432271420955658,0.9435819983482361,0.5224587725231128,0.5056285424548385,0,0
0.2521987557411194,-0.44259414076805115,0.9254197478294373,0.4936162924919932,0.518692466780583,0,0
0.2516153156757355,-0.44196033477783203,0.9069851040840149,0.5004708686080228,0.5241478141675056,0,0
0.2511899769306183,-0.4413374960422516,0.8882899284362793,0.5036074474576403,0.49799972992947167,0,0
0.25091618299484253,-0.44073593616485596,0.8693129420280457,0.49176180278429016,0.4982276879370873,0,0
0.25078442692756653,-0.4401649832725525,0.8501279354095459,0.48409944083915535,0.49204100157537345,0,0
0.2507837414741516,-0.43963494896888733,0.8307651877403259,0.5165926754610105,0.5027291496329056,0,0
0.2509033679962158,-0.4391549527645111,0.811198353767395,0.5072733098108645,0.5064179381887909,0,0
0.25113150477409363,-0.43873193860054016,0.791452169418335,0.506761340869841,0.48778241769332104,0,0
0.2514541745185852,-0.43837207555770874,0.7715874910354614,0.4904138442808161,0.4990657826488498,0,0
0.2518571615219116,-0.4380820393562317,0.7516137361526489,0.5155502037851477,0.49307525313799316,0,0
0.2523275315761566,-0.43786779046058655,0.731510579586029,0.49956964387820496,0.5075306822608487,0,0
0.25285258889198303,-0.4377326965332031,0.7113052010536194,0.49926167138783784,0.49213863041822004,0,0
0.25341829657554626,-0.43767809867858887,0.6910423636436462,0.49495021723997007,0.4819146302453585,0,0
0.25400978326797485,-0.43770506978034973,0.670738160610199,0.4858618268593298,0.5126505673190095,0,0
0.25461286306381226,-0.4378140866756439,0.6503881812095642,0.4924931300804974,0.5120993726926819,0,0
0.25521448254585266,-0.4380035400390625,0.6300071477890015,0.49249924596722344,0.5097027728501198,0,0
0.2558022141456604,-0.4382690191268921,0.609625518321991,0.5113957534869374,0.5125271889001572,0,0
0.25636354088783264,-0.43860355019569397,0.589259922504425,0.49920301488246105,0.5058540342706712,0,0
0.25688695907592773,-0.43899860978126526,0.5689197182655334,0.5084679242023517,0.48869331778403446,0,0
0.25736290216445923,-0.439443975687027,0.548600971698761,0.4775918213973634,0.4920470919000528,0,0
0.2577844560146332,-0.4399281144142151,0.5283188819885254,0.48164924256421826,0.4937670387128107,0,0
0.2581474184989929,-0.44043871760368347,0.5080826878547668,0.5112113820323477,0.49640991864912953,0,0
0.2584507465362549,-0.4409637153148651,0.48789042234420776,0.5206927715958242,0.4978433031906937,0,0
0.2586959898471832,-0.4414920210838318,0.4677611291408539,0.4845815776581866,0.4973089754993674,0,0
0.2588869333267212,-0.4420139193534851,0.44770774245262146,0.4872563404482424,0.4991568769584476,0,0
0.2590280771255493,-0.4425208866596222,0.427744060754776,0.4945741928398036,0.5101941064069841,0,0
0.2591244578361511,-0.4430062770843506,0.407877117395401,0.4940112947473983,0.4850738514522459,0,0
0.2591809630393982,-0.44346535205841064,0.3881189227104187,0.5063654289165951,0.49697716456989854,0,0
0.25920283794403076,-0.4438946545124054,0.3684844970703125,0.4916698467299951,0.5086994736220951,0,0
0.2591952681541443,-0.4442923069000244,0.34898313879966736,0.49793924664657163,0.5055059752432557,0,0
0.25916343927383423,-0.4446570873260498,0.3296331763267517,0.5051989501611217,0.5098787263629083,0,0
0.2591124475002289,-0.4449886977672577,0.31044042110443115,0.4981217353898536,0.5130581626803778,0,0
0.2590467035770416,-0.4452874958515167,0.2914111316204071,0.5049527989893617,0.4857926281722861,0,0
0.2589702308177948,-0.44555431604385376,0.27255886793136597,0.5051664792064569,0.4875934774134908,0,0
0.25888657569885254,-0.44579046964645386,0.25389695167541504,0.4837914129040212,0.498433399851684,0,0
0.25879883766174316,-0.4459974765777588,0.23543193936347961,0.49483474975415487,0.4924456922838135,0,0
0.25870975852012634,-0.4461773633956909,0.21717000007629395,0.49170125190913533,0.49064507627981574,0,0
0.2586216330528259,-0.44633233547210693,0.19912268221378326,0.4830708488889815,0.505308852953988,0,0
0.2585362493991852,-0.44646477699279785,0.18129536509513855,0.5008514760958082,0.5054499002744242,0,0
0.25845494866371155,-0.4465770125389099,0.1636999547481537,0.5025699775559365,0.4842404616206558,0,0
0.25837862491607666,-0.4466714859008789,0.14633721113204956,0.5049068181320188,0.5048114035550545,0,0
0.25830796360969543,-0.446750283241272,0.12921932339668274,0.5031224964310085,0.4866915054530265,0,0
0.2582433223724365,-0.44681546092033386,0.11235249042510986,0.5184566279464666,0.4939803824119914,0,0
0.25818488001823425,-0.4468691349029541,0.09573638439178467,0.4976572484164665,0.5015460580788234,0,0
0.25813257694244385,-0.44691312313079834,0.0793827697634697,0.5058212439787209,0.4976291388287687,0,0
0.2580861449241638,-0.4469490945339203,0.06329759210348129,0.5016805663426162,0.49197332581249403,0,0
0.2580452859401703,-0.44697850942611694,0.04748723283410072,0.5080327357006106,0.48567689483506316,0,0
0.25800973176956177,-0.4470025599002838,0.03195180743932724,0.4963510514268076,0.5074245215688683,0,0
0.2579790949821472,-0.44702231884002686,0.016697362065315247,0.5040348437109863,0.5214198402567288,0,0
0.2579529285430908,-0.44703879952430725,0.0017299967585131526,0.4952005125587486,0.49618034580461384,0,0
0.25793078541755676,-0.4470525085926056,-0.012950148433446884,0.5042279904428068,0.5026450566022281,0,0
0.2579122483730316,-0.44706422090530396,-0.02733696438372135,0.5048923895505791,0.5073502603581925,0,0
0.25789692997932434,-0.44707420468330383,-0.04143034666776657,0.48114599842250233,0.5077777352440462,0,0
0.25788435339927673,-0.4470828175544739,-0.055224258452653885,0.49600025278555226,0.4920477807523669,0,0
0.25787419080734253,-0.44709038734436035,-0.06871862709522247,0.48376380055685275,0.4949287546164244,0,0
0.2578660547733307,-0.44709697365760803,-0.08191348612308502,0.4922945032027128,0.5006137659371548,0,0
0.25785964727401733,-0.44710278511047363,-0.09480281919240952,0.5038386745281778,0.5101198971921223,0,0
0.2578546702861786,-0.4471079409122467,-0.10739251971244812,0.48587956040102426,0.5093988108385178,0,0
0.2578508257865906,-0.4471123218536377,-0.11967666447162628,0.5167526055082804,0.5104340654265414,0,0
0.25784793496131897,-0.4471161365509033,-0.1316552609205246,0.49848675332753334,0.4932851449326665,0,0
0.25784578919410706,-0.44711947441101074,-0.14332830905914307,0.5048028653509598,0.5044577475653854,0,0
0.2578441798686981,-0.44712215662002563,-0.1546957641839981,0.5065261398868646,0.5085488974912479,0,0
0.257843017578125,-0.4471244513988495,-0.16575762629508972,0.4957944874706563,0.4938722321686026,0,0
0.25784218311309814,-0.44712623953819275,-0.17651990056037903,0.48584425466779624,0.48556948007273026,0,0
0.257841557264328,-0.44712772965431213,-0.1869765669107437,0.5235291259663802,0.5014907227340976,0,0
0.2578411102294922,-0.44712886214256287,-0.1971336156129837,0.4855782101239039,0.5012449463628669,0,0
0.2578407824039459,-0.44712957739830017,-0.20699100196361542,0.4945222091837438,0.4991300158648498,0,0
0.25784048438072205,-0.44713008403778076,-0.21654880046844482,0.5040766963993907,0.49179778438074345,0,0
0.25784027576446533,-0.4471302926540375,-0.22581295669078827,0.5094017346985753,0.4917868465993664,0,0
0.257840096950531,-0.44713032245635986,-0.23478347063064575,0.5052858592799644,0.4882178362933072,0,0
0.2578398883342743,-0.4471302628517151,-0.24346041679382324,0.5010904268169663,0.5035939857056081,0,0
0.25783970952033997,-0.44712990522384644,-0.2518496811389923,0.4977831462138915,0.4911258792431572,0,0
0.25783950090408325,-0.4471295177936554,-0.259951114654541,0.49773723949658844,0.5060484284238317,0,0
0.2578393816947937,-0.4471290409564972,-0.26777082681655884,0.5095709122674702,0.4960194593206119,0,0
0.257839173078537,-0.4471285939216614,-0.2753150463104248,0.50684464963542,0.5124559891434264,0,0
0.2578389346599579,-0.4471280574798584,-0.2825835645198822,0.5007424494952618,0.5219263189291052,0,0
0.25783872604370117,-0.44712749123573303,-0.2895764112472534,0.5138943433989686,0.5121490045525452,0,0
0.25783851742744446,-0.44712695479393005,-0.2963055968284607,0.5083128639464808,0.4952728867324919,0,0
0.25783830881118774,-0.44712647795677185,-0.3027651607990265,0.5009884795493367,0.4875779062508876,0,0
0.2578379213809967,-0.4471256732940674,-0.30895721912384033,0.4996278279065804,0.50760465847067,0,0
0.25783854722976685,-0.4471268951892853,-0.31488341093063354,0.5210144027807205,0.4972884162950284,0,0
0.2578432857990265,-0.4471360743045807,-0.3205488622188568,0.506432135257343,0.5006565229757958,0,0
0.2578568160533905,-0.44716301560401917,-0.3259603977203369,0.5108194719812692,0.4903106584919158,0,0
0.2578848898410797,-0.4472200572490692,-0.33113840222358704,0.5165920649723184,0.49940633127627015,0,0
0.2579353153705597,-0.44732025265693665,-0.3360942304134369,0.4934967671704946,0.4921286688826104,0,0
0.25801751017570496,-0.4474779963493347,-0.34080469608306885,0.48825790901233757,0.5012215386495439,0,0
0.2581404447555542,-0.44770878553390503,-0.3453068137168884,0.5265938056313277,0.5066914781636269,0,0
0.258310467004776,-0.4480269253253937,-0.34967032074928284,0.5024555579048705,0.4971237915320323,0,0
0.2585318386554718,-0.44844356179237366,-0.35390952229499817,0.5085646761803114,0.4982575242558925,0,0
0.2588084042072296,-0.448967844247818,-0.3579784035682678,0.48400719376857804,0.48776791679347165,0,0
0.2591433525085449,-0.44960805773735046,-0.3618672490119934,0.49579513733874436,0.4942465197438564,0,0
0.25953805446624756,-0.4503718614578247,-0.3655795156955719,0.5086069591217722,0.5077094114331917,0,0
0.2599923312664032,-0.4512656629085541,-0.3691288232803345,0.5057014572235137,0.5182606039349276,0,0
0.26050496101379395,-0.4522936940193176,-0.37252795696258545,0.4888461495781032,0.5075405105019543,0,0
0.2610744833946228,-0.4534584879875183,-0.3757816553115845,0.49787048055240635,0.486457860554026,0,0
0.26169946789741516,-0.45476052165031433,-0.3788936138153076,0.4918931592951301,0.4856345113912505,0,0
0.26237836480140686,-0.4561987817287445,-0.3818715512752533,0.49533390374179864,0.5072690633087981,0,0
0.26310956478118896,-0.45777076482772827,-0.3847213685512543,0.497841036822364,0.4951090371027038,0,0
0.2638911306858063,-0.45947280526161194,-0.3874478042125702,0.49731806071393575,0.48539349920185393,0,0
0.26472121477127075,-0.461300253868103,-0.39005357027053833,0.49319683230492495,0.49933986271654535,0,0
0.26559746265411377,-0.46324753761291504,-0.39254727959632874,0.5035813236229106,0.4912288626983073,0,0
0.2665175199508667,-0.46530860662460327,-0.39492717385292053,0.5063941035557296,0.508268320085168,0,0
0.2674790322780609,-0.4674769639968872,-0.39720073342323303,0.5123657386696948,0.5105536314978774,0,0
0.26847943663597107,-0.4697456955909729,-0.3993716835975647,0.47833305445662916,0.5115913399312254,0,0
0.26951611042022705,-0.472107857465744,-0.401446670293808,0.49418813252744215,0.508054321153097,0,0
0.27058637142181396,-0.4745568335056305,-0.4034270644187927,0.49617140794245623,0.5037944638598488,0,0
0.2716876268386841,-0.47708603739738464,-0.4053182303905487,0.5066237437545872,0.4927771690858205,0,0
0.2728171646595001,-0.47968924045562744,-0.4071246087551117,0.49760266429363215,0.4828300184063265,0,0
0.2739724814891815,-0.4823606014251709,-0.4088470935821533,0.4983696280108284,0.5008863552073031,0,0
0.27515122294425964,-0.48509469628334045,-0.4104941487312317,0.5110176240202752,0.5056175011688607,0,0
0.27635112404823303,-0.4878862500190735,-0.41206473112106323,0.5011855017957414,0.49969235415130214,0,0
0.27757006883621216,-0.49073082208633423,-0.41356828808784485,0.4956477354742208,0.4945984375235264,0,0
0.27880603075027466,-0.4936240017414093,-0.41500040888786316,0.5154646215448628,0.506784017815381,0,0
0.2800569534301758,-0.496561735868454,-0.4163666367530823,0.5026395374479234,0.503588180476165,0,0
0.2813210189342499,-0.49954020977020264,-0.41766801476478577,0.5010263327388703,0.4818110827761867,0,0
0.28259652853012085,-0.5025560855865479,-0.4189138114452362,0.4967876893434077,0.5007802217354547,0,0
0.2838820517063141,-0.5056061148643494,-0.42010125517845154,0.5044421195595967,0.49215465993204427,0,0
0.28517618775367737,-0.5086874961853027,-0.4212385416030884,0.5353231882881627,0.5017339355583936,0,0
0.28647762537002563,-0.5117976069450378,-0.42232179641723633,0.4881717990271635,0.4942311449002112,0,0
0.287785142660141,-0.5149343013763428,-0.4233584702014923,0.49971083427310725,0.5128845348894022,0,0
0.28909748792648315,-0.5180952548980713,-0.4243462085723877,0.5080703805607213,0.5151727937698616,0,0
0.29041358828544617,-0.5212786197662354,-0.42528992891311646,0.517369836557818,0.4972761779159376,0,0
0.291732519865036,-0.5244824886322021,-0.4261915981769562,0.49541323247205643,0.47814862307091555,0,0
0.2930534780025482,-0.527705192565918,-0.42705237865448,0.4979798903192716,0.48838613117755675,0,0
0.29437583684921265,-0.530945360660553,-0.427871972322464,0.487624467170156,0.48877935549368656,0,0
0.29569900035858154,-0.5342017412185669,-0.4286549389362335,0.4938939564078417,0.5073905409551788,0,0
0.2970224618911743,-0.5374730825424194,-0.42940449714660645,0.5036223233840893,0.4956267692298663,0,0
0.2983457148075104,-0.5407581925392151,-0.4301210045814514,0.4853354352911712,0.5117229683268066,0,0
0.2996683418750763,-0.5440560579299927,-0.4308013319969177,0.5121567867295513,0.4841207803533346,0,0
0.3009899854660034,-0.5473655462265015,-0.4314541518688202,0.522626003816206,0.4960073295167014,0,0
0.30231034755706787,-0.550685703754425,-0.43207380175590515,0.5129583612038052,0.482453551734967,0,0
0.30362915992736816,-0.5540158152580261,-0.4326700270175934,0.517264369476989,0.5000932837652149,0,0
0.30494627356529236,-0.5573550462722778,-0.4332396984100342,0.5121160289014705,0.4940380336794398,0,0
0.30626150965690613,-0.5607028603553772,-0.4337811768054962,0.4892717053677648,0.5032031715469344,0,0
0.30757465958595276,-0.5640584826469421,-0.4342985153198242,0.5110853862898866,0.50351557410287,0,0
0.3088856637477875,-0.5674213171005249,-0.4347931444644928,0.49803979888787264,0.5077624545263132,0,0
0.3101944327354431,-0.5707909464836121,-0.435265451669693,0.4983853504703951,0.4980675934309646,0,0
0.3115008473396301,-0.5741665959358215,-0.43571707606315613,0.5032160268586664,0.4971991148600666,0,0
0.3128049671649933,-0.5775478482246399,-0.436148077249527,0.5138884839004766,0.499167397046051,0,0
0.31410670280456543,-0.5809342861175537,-0.4365572929382324,0.49328723214609704,0.49166715071354994,0,0
0.31540602445602417,-0.5843255519866943,-0.4369503855705261,0.49396605240982827,0.5023220482193412,0,0
0.3167029023170471,-0.5877212285995483,-0.43732595443725586,0.5238214187102684,0.49344539741627896,0,0
0.31799736618995667,-0.5911211371421814,-0.43768325448036194,0.5030780559309889,0.502326522625611,0,0
0.3192894756793976,-0.5945248007774353,-0.43802306056022644,0.4954677705461188,0.5113079977327206,0,0
0.3205792307853699,-0.5979320406913757,-0.4383513033390045,0.49775028820509776,0.5006184826208723,0,0
0.32186663150787354,-0.601342499256134,-0.4386627972126007,0.47466060555220363,0.4912142676487592,0,0
0.32315170764923096,-0.6047558188438416,-0.43895775079727173,0.4950193236521257,0.49475879775791964,0,0
0.3244345784187317,-0.6081718802452087,-0.4392414689064026,0.49593761945037074,0.509993218409899,0,0
0.32571521401405334,-0.6115906238555908,-0.4395136833190918,0.5130558469911491,0.5021221463309695,0,0
0.3269936740398407,-0.6150116920471191,-0.4397743046283722,0.48587037542726436,0.49280708928272604,0,0
0.3282700479030609,-0.6184349656105042,-0.440022349357605,0.49738182474380244,0.511392441277749,0,0
0.32954439520835876,-0.6218602657318115,-0.44025832414627075,0.49419247890988754,0.48153585662899073,0,0
0.3308166563510895,-0.6252874135971069,-0.44048288464546204,0.4844940827086216,0.495700920107554,0,0
0.332086980342865,-0.6287164092063904,-0.44069576263427734,0.508654755522282,0.4941581249376469,0,0
0.33335545659065247,-0.6321470737457275,-0.44090360403060913,0.5084940269352537,0.5021933825011696,0,0
0.3346220552921295,-0.6355792880058289,-0.44109928607940674,0.5102377551773232,0.4796710029496353,0,0
0.3358869254589081,-0.6390128135681152,-0.4412834644317627,0.5138132348384112,0.5037467348714427,0,0
0.3371500074863434,-0.6424476504325867,-0.4414612352848053,0.49442856239788413,0.5010945701879279,0,0
0.3384115397930145,-0.6458836793899536,-0.4416333734989166,0.5025529088947284,0.49804375446204574,0,0
0.33967143297195435,-0.6493209600448608,-0.4417931139469147,0.5030827635775579,0.500295161557422,0,0
0.34092977643013,-0.6527592539787292,-0.44194716215133667,0.5048795264936553,0.5129842830880346,0,0
0.3421866297721863,-0.6561985611915588,-0.44209524989128113,0.5090278665334572,0.49222089085640497,0,0
0.34344205260276794,-0.6596388220787048,-0.4422377943992615,0.4966390847919422,0.48216766636608227,0,0
0.3446960747241974,-0.6630799174308777,-0.4423747956752777,0.49611835551830763,0.4797505243459892,0,0
0.3459487855434418,-0.6665219068527222,-0.44250577688217163,0.503246539920738,0.5162817744357225,0,0
0.3472002148628235,-0.6699645519256592,-0.44263023138046265,0.5080029343269136,0.48392309608546147,0,0
0.3484503924846649,-0.673408031463623,-0.4427492022514343,0.4915519090708315,0.4981030936639505,0,0
0.349699467420578,-0.6768521070480347,-0.4428621232509613,0.5022312737483957,0.4866699133359441,0,0
0.3509473502635956,-0.6802967190742493,-0.4429685175418854,0.5081393991509566,0.5056701320061683,0,0
0.3521941304206848,-0.6837419867515564,-0.4430693984031677,0.49422566293313397,0.490002062291485,0,0
0.35343989729881287,-0.6871877908706665,-0.44316431879997253,0.48439050351156,0.4851172302861829,0,0
0.35468465089797974,-0.6906341314315796,-0.4432596266269684,0.49482055028630506,0.5071099411850218,0,0
0.355928510427475,-0.6940809488296509,-0.4433484971523285,0.5029754158368176,0.4994126616717475,0,0
0.3571714162826538,-0.6975282430648804,-0.4434317648410797,0.4906392432317799,0.49272585250309026,0,0
0.358413428068161,-0.7009759545326233,-0.44351500272750854,0.4943344650478264,0.48836309239871983,0,0
0.35965457558631897,-0.7044242024421692,-0.4435923099517822,0.4898254054795472,0.5053627925101006,0,0
0.3608948886394501,-0.7078728079795837,-0.4436635375022888,0.48749048346549056,0.49586947732302156,0,0
0.3621344566345215,-0.7113216519355774,-0.44373491406440735,0.4926788039649389,0.5057272441018145,0,0
0.3633733093738556,-0.7147707343101501,-0.44380059838294983,0.5191834887314182,0.5066302440503663,0,0
0.3646114468574524,-0.7182203531265259,-0.4438662528991699,0.5056735157572042,0.4912322809781054,0,0
0.3658488988876343,-0.7216702103614807,-0.4439259469509125,0.5028124649464404,0.4957212976070995,0,0
0.3670857548713684,-0.7251203060150146,-0.44398561120033264,0.49815483021534923,0.49533259606430485,0,0
0.36832195520401,-0.7285706400871277,-0.44403886795043945,0.49617373253449715,0.5103275141010332,0,0
0.3695574998855591,-0.7320213913917542,-0.44409212470054626,0.4996481460873792,0.5092055670053032,0,0
0.3707925081253052,-0.7354723215103149,-0.4441392719745636,0.5061793576949193,0.49170715723335284,0,0
0.3720269799232483,-0.7389233708381653,-0.4441865384578705,0.5028175364046835,0.5013744452595192,0,0
0.37326088547706604,-0.74237459897995,-0.4442336857318878,0.4765802896960415,0.5128595175021045,0,0
0.374494343996048,-0.7458261847496033,-0.4442754089832306,0.5089299035651818,0.4947135730207744,0,0
0.3757272958755493,-0.7492778301239014,-0.44431695342063904,0.5133737123604237,0.48927966929420225,0,0
0.3769598603248596,-0.7527296543121338,-0.4443586766719818,0.4866126928948683,0.5068695729314406,0,0
0.37819191813468933,-0.7561817765235901,-0.4443942904472351,0.5116436283737802,0.509064248108418,0,0
0.3794235587120056,-0.7596338391304016,-0.4444299340248108,0.506524984140845,0.5082310953369885,0,0
0.38065484166145325,-0.7630860805511475,-0.4444655478000641,0.4879362660990492,0.5001864902990479,0,0
0.38188570737838745,-0.766538679599762,-0.44449520111083984,0.48299987562295144,0.47193404372615916,0,0
0.383116215467453,-0.7699913382530212,-0.44452473521232605,0.5059205843509021,0.497878410210137,0,0
0.38434645533561707,-0.7734441161155701,-0.4445543885231018,0.5063970855593002,0.4989215586046011,0,0
0.3855762779712677,-0.776897132396698,-0.4445839524269104,0.49718891402685783,0.4996215926888993,0,0
0.38680580258369446,-0.7803500890731812,-0.44460803270339966,0.5108057406904152,0.5045562192311773,0,0
0.38803499937057495,-0.7838031649589539,-0.4446321427822113,0.5030949959616707,0.5159752816247788,0,0
0.38926392793655396,-0.7872565388679504,-0.4446561932563782,0.4866788703148635,0.5084337041287286,0,0
0.3904925584793091,-0.790709912776947,-0.44467979669570923,0.4998297193961645,0.5086633919784246,0,0
0.3917209208011627,-0.7941634654998779,-0.4447037875652313,0.49039285443900715,0.5072258094158489,0,0
0.39294904470443726,-0.7976170182228088,-0.44472137093544006,0.49214947629352424,0.4883125700992163,0,0
0.39417701959609985,-0.8010705709457397,-0.4447389841079712,0.5089181424294624,0.5018674771799677,0,0
0.3954046666622162,-0.8045242428779602,-0.4447565972805023,0.5131559512172649,0.5083538009892002,0,0
0.3966321647167206,-0.8079780340194702,-0.44477421045303345,0.5010494754995947,0.49294841028799496,0,0
0.3978594243526459,-0.8114319443702698,-0.4447917342185974,0.505113369772745,0.5035044743858583,0,0
0.39908653497695923,-0.8148859739303589,-0.44480931758880615,0.49936373055430616,0.5074393312581784,0,0
0.4003133773803711,-0.8183398842811584,-0.44482091069221497,0.49660678537555175,0.5077205601770832,0,0
0.40154001116752625,-0.8217938542366028,-0.4448325037956238,0.5064051295850005,0.49655252246725,0,0
0.40276655554771423,-0.825248122215271,-0.4448440670967102,0.5055517251930348,0.4922028934259566,0,0
0.4039928913116455,-0.8287022709846497,-0.44485557079315186,0.49629246667422494,0.49266531892251425,0,0
0.40521904826164246,-0.8321567177772522,-0.4448671042919159,0.4931460823104945,0.5024670035957285,0,0
0.40644508600234985,-0.8356109857559204,-0.44487878680229187,0.4916072432888283,0.5023761364985665,0,0
0.4076709747314453,-0.839065432548523,-0.4448902904987335,0.48899259948199486,0.484953325145828,0,0
0.40889665484428406,-0.8425198793411255,-0.44490182399749756,0.5054831450584139,0.49293950815131937,0,0
0.4101223051548004,-0.8459742665290833,-0.44491350650787354,0.5024511608184629,0.5002750108561405,0,0
0.41134780645370483,-0.8494287729263306,-0.4449194669723511,0.49711515261210765,0.5100619844675708,0,0
0.4125731885433197,-0.8528833389282227,-0.4449253976345062,0.4996590920765831,0.5104780958099827,0,0
0.41379839181900024,-0.8563379645347595,-0.4449315071105957,0.4879464212382983,0.4957147921628375,0,0
0.4150236248970032,-0.8597925305366516,-0.44493746757507324,0.48738271038304565,0.4962539062371183,0,0
0.4162486493587494,-0.8632472157478333,-0.44494351744651794,0.4843140522130493,0.504393920122504,0,0
0.41747358441352844,-0.8667019605636597,-0.44494950771331787,0.49282516458648823,0.5002882773767863,0,0
0.4186984598636627,-0.8701567649841309,-0.44495558738708496,0.48053808739185,0.504393310145392,0,0
0.4199232757091522,-0.8736114501953125,-0.4449615478515625,0.506322722016082,0.5161354267112355,0,0
0.4211479723453522,-0.8770662546157837,-0.44496750831604004,0.5132050834914355,0.5002902469183912,0,0
0.4223725497722626,-0.8805211186408997,-0.4449736177921295,0.4963472413073173,0.5152468545270995,0,0
0.4235970973968506,-0.8839758634567261,-0.44497954845428467,0.5217654070803709,0.49868161029093394,0,0
0.42482155561447144,-0.887430727481842,-0.44498565793037415,0.5180033689673686,0.4699974010789555,0,0
0.4260459244251251,-0.8908857107162476,-0.4449916183948517,0.5071694646504332,0.5061996001491886,0,0
0.4272702634334564,-0.8943406939506531,-0.4449976682662964,0.5061328317473095,0.49153862991914343,0,0
0.42849457263946533,-0.8977957367897034,-0.4450036585330963,0.5001029323167222,0.5018569048075721,0,0
0.4297187924385071,-0.9012506008148193,-0.4450036585330963,0.5035066946732739,0.5015860725122275,0,0
0.43094298243522644,-0.9047057032585144,-0.4450036585330963,0.5122290547570155,0.4938398859088217,0,0
0.4321671426296234,-0.9081605672836304,-0.4450036585330963,0.4970163003933664,0.4968806855005802,0,0
0.4333912432193756,-0.9116156101226807,-0.4450036585330963,0.48423789942913614,0.48897363645003916,0,0
0.43461528420448303,-0.9150707125663757,-0.4450036585330963,0.5002353323629454,0.5126204006413159,0,0
0.4358392655849457,-0.9185256361961365,-0.4450036585330963,0.5190507117840721,0.4996152588180351,0,0
0.43706318736076355,-0.9219807982444763,-0.4450036585330963,0.5112541318966902,0.4952211115540953,0,0
0.4382871091365814,-0.9254357814788818,-0.4450036585330963,0.5134249661376304,0.4886262508210166,0,0
0.4395109713077545,-0.9288908243179321,-0.4450036585330963,0.5291098922653916,0.49158592954559804,0,0
0.44073477387428284,-0.932345986366272,-0.4450036585330963,0.5036261242093675,0.48899583707907895,0,0
0.44195857644081116,-0.9358009696006775,-0.4450036585330963,0.4942404506080072,0.4955386202982998,0,0
0.4431822896003723,-0.9392561912536621,-0.4450036585330963,0.4990408479401498,0.5006704238447632,0,0
0.44440600275993347,-0.942711353302002,-0.4450036585330963,0.4898798281098983,0.49575427522517657,0,0
0.4456295669078827,-0.9461665153503418,-0.4450036585330963,0.49361324600703227,0.4925769078663971,0,0
0.4468531608581543,-0.9496217370033264,-0.4450036585330963,0.5008038879615294,0.505150180358523,0,0
0.44807660579681396,-0.9530767798423767,-0.4450036585330963,0.4937482547599417,0.513851877748082,0,0
0.4493001103401184,-0.9565320611000061,-0.4450036585330963,0.49118407332109265,0.5056189613490994,0,0
0.4505234658718109,-0.959987223148346,-0.4450036585330963,0.5029919660606049,0.4975820641313872,0,0
0.4517469108104706,-0.9634425640106201,-0.4450036585330963,0.49760349063814857,0.5032980518022139,0,0
0.4529702365398407,-0.9668977856636047,-0.4450036585330963,0.4967693938277374,0.4917832747529633,0,0
0.4541935324668884,-0.9703530669212341,-0.4450036585330963,0.5076584203757443,0.502111306275223,0,0
0.455416738986969,-0.9738084673881531,-0.4450036585330963,0.483661399672308,0.4911844825682757,0,0
0.4566399157047272,-0.9772637486457825,-0.4450036585330963,0.5195789810135248,0.4968254248204983,0,0
0.45786306262016296,-0.9807190299034119,-0.4450036585330963,0.4941989369614385,0.49947984882378815,0,0
0.45908617973327637,-0.9841743111610413,-0.4450036585330963,0.5092527525471972,0.48248920485518276,0,0
0.4603092670440674,-0.987629771232605,-0.4450036585330963,0.49021407907204645,0.4992321673031562,0,0
0.4615322947502136,-0.9910849928855896,-0.4450036585330963,0.5000109768481809,0.477963851009238,0,0
0.4627552628517151,-0.9945404529571533,-0.4450036585330963,0.5063432563475291,0.500747462020126,0,0
0.4639781713485718,-0.9979957938194275,-0.4450036585330963,0.48659011371340954,0.507771904736002,0,0
0.4652010202407837,-1.0014512538909912,-0.4450036585330963,0.5087613324348376,0.5056437320124377,0,0
0.46642380952835083,-1.0049066543579102,-0.4450036585330963,0.5028801136690356,0.5054009472345713,0,0
0.46764659881591797,-1.0083621740341187,-0.4450036585330963,0.5018734453277817,0.5025332628550546,0,0
0.4688693881034851,-1.0118175745010376,-0.4450036585330963,0.512732906519263,0.49538911116012535,0,0
0.4700920581817627,-1.015273094177246,-0.4450036585330963,0.503465460881633,0.511599417930793,0,0
0.4713146984577179,-1.0187286138534546,-0.4450036585330963,0.506352554733373,0.48715717767464356,0,0
0.4725373387336731,-1.022184133529663,-0.4450036585330963,0.5067826825585885,0.49881486181159995,0,0
0.4737599194049835,-1.0256396532058716,-0.4450036585330963,0.5254371750667297,0.5025432867581116,0,0
0.47498247027397156,-1.0290950536727905,-0.4450036585330963,0.5074215434441643,0.4936987023499636,0,0
0.4762049615383148,-1.032550573348999,-0.4450036585330963,0.5062121430885141,0.5047819335700047,0,0
0.4774273633956909,-1.036005973815918,-0.4450036585330963,0.49697831087854183,0.5133315504137186,0,0
0.478649765253067,-1.0394614934921265,-0.4450036585330963,0.47595795072162056,0.4991119831379516,0,0
0.47987210750579834,-1.0429168939590454,-0.4450036585330963,0.5014315487663338,0.49933878651894853,0,0
0.4810943901538849,-1.0463725328445435,-0.4450036585330963,0.508024312378111,0.49531511046039933,0,0
0.48231664299964905,-1.0498281717300415,-0.4450036585330963,0.48845432150714563,0.49428665233505936,0,0
0.4835388958454132,-1.053283929824829,-0.4450036585330963,0.5081313465354859,0.48968125129282297,0,0
0.484761118888855,-1.0567395687103271,-0.4450036585330963,0.5058330763942117,0.49786503593617637,0,0
0.4859831929206848,-1.0601953268051147,-0.4450036585330963,0.48895453135831723,0.5007005933540012,0,0
0.48720526695251465,-1.0636509656906128,-0.4450036585330963,0.5068005046532522,0.49452317629987497,0,0
0.4884273409843445,-1.0671064853668213,-0.4450036585330963,0.49330359892463205,0.4923958596185339,0,0
0.48964929580688477,-1.0705621242523193,-0.4450036585330963,0.5178510665473338,0.5014613984425791,0,0
0.49087125062942505,-1.0740177631378174,-0.4450036585330963,0.49190366748133146,0.5094192119357673,0,0
0.49209317564964294,-1.0774736404418945,-0.4450036585330963,0.4983556209960363,0.5042002839650769,0,0
0.49331510066986084,-1.0809293985366821,-0.4450036585330963,0.5084367921364774,0.4905216936320287,0,0
0.49453702569007874,-1.0843851566314697,-0.4450036585330963,0.4972786374490578,0.5043743709004298,0,0
0.49575886130332947,-1.0878409147262573,-0.4450036585330963,0.4842858628304956,0.5044059739128326,0,0
0.4969806671142578,-1.0912965536117554,-0.4450036585330963,0.49551895538968793,0.4869014550592168,0,0
0.4982024133205414,-1.0947524309158325,-0.4450036585330963,0.5034164505494377,0.48943502989087423,0,0
0.4994240701198578,-1.0982081890106201,-0.4450036585330963,0.5055701833577271,0.5081030432132743,0,0
0.5006457567214966,-1.1016638278961182,-0.4450036585330963,0.49861130570363077,0.49213520397255606,0,0
0.5018672943115234,-1.1051197052001953,-0.4450036585330963,0.49727934707600047,0.5043770415751431,0,0
0.5030888915061951,-1.1085755825042725,-0.4450036585330963,0.5034560657700685,0.4850666304674607,0,0
0.5043104290962219,-1.1120314598083496,-0.4450036585330963,0.48567457868856095,0.5132607731109428,0,0
0.5055318474769592,-1.1154874563217163,-0.4450036585330963,0.49412851861372015,0.5155596487374118,0,0
0.5067533254623413,-1.118943214416504,-0.4450036585330963,0.4999834960258175,0.49656918004570055,0,0
0.5079747438430786,-1.122399091720581,-0.4450036585330963,0.507942854088576,0.49960716474142836,0,0
0.5091961026191711,-1.1258549690246582,-0.4450036585330963,0.5080020550141386,0.49801253817708435,0,0
0.5104174613952637,-1.1293108463287354,-0.4450036585330963,0.5095586706526846,0.4830506625314986,0,0
0.5116387009620667,-1.132766842842102,-0.4450036585330963,0.49545910336908217,0.5024665600338534,0,0
0.5128599405288696,-1.1362227201461792,-0.4450036585330963,0.49733721653779006,0.5115522249321012,0,0
0.5140811800956726,-1.1396785974502563,-0.4450036585330963,0.5166414301939083,0.48984632217729346,0,0
0.515302300453186,-1.1431347131729126,-0.4450036585330963,0.5069473983664871,0.4907221883959377,0,0
0.5165234804153442,-1.1465907096862793,-0.4450036585330963,0.4831695095717595,0.49391054269917994,0,0
0.5177445411682129,-1.150046706199646,-0.4450036585330963,0.4993454264301628,0.4939449420405049,0,0
0.5189656019210815,-1.1535028219223022,-0.4450036585330963,0.5033912546799189,0.5071725102862279,0,0
0.5201866030693054,-1.156958818435669,-0.4450036585330963,0.4916759269089386,0.49095906417299395,0,0
0.5214076042175293,-1.160414695739746,-0.4450036585330963,0.4944207780857802,0.4897736349969695,0,0
0.5226285457611084,-1.163870930671692,-0.4450036585330963,0.4999131440839972,0.48444855594122976,0,0
0.5238495469093323,-1.1673269271850586,-0.4450036585330963,0.49328863352173236,0.5151169490078256,0,0
0.5250704884529114,-1.1707828044891357,-0.4450036585330963,0.4865222766255681,0.4868102663199178,0,0
0.5262914299964905,-1.174238920211792,-0.4450036585330963,0.5015259780302201,0.5071764081384732,0,0
0.5275124311447144,-1.1776949167251587,-0.4450036585330963,0.5070943416171357,0.4966559106186519,0,0
0.528733491897583,-1.1811507940292358,-0.4450036585330963,0.48692704347783267,0.5159538374040039,0,0
0.5299545526504517,-1.1846067905426025,-0.4450036585330963,0.49287077288498465,0.5000624548900298,0,0
0.5311754941940308,-1.1880627870559692,-0.4450036585330963,0.4983158163312318,0.498604040912083,0,0
0.5323965549468994,-1.1915186643600464,-0.4450036585330963,0.5037115094903648,0.4820493038353585,0,0
0.5336176156997681,-1.1949747800827026,-0.4450036585330963,0.4907931106888376,0.5138910971049369,0,0
0.5348386168479919,-1.1984307765960693,-0.4450036585330963,0.49424076789770266,0.4931627405178136,0,0
0.536059558391571,-1.201886773109436,-0.4450036585330963,0.49363415700492896,0.500741646505197,0,0
0.5372806191444397,-1.2053428888320923,-0.4450036585330963,0.5048894295719997,0.5013209140675267,0,0
0.5385016798973083,-1.208798885345459,-0.4450036585330963,0.49724051205998476,0.49316961575401674,0,0
0.5397226810455322,-1.2122547626495361,-0.4450036585330963,0.5027858564686265,0.49012090929303725,0,0
0.5409437417984009,-1.2157107591629028,-0.4450036585330963,0.508186090463256,0.5061488341824637,0,0
0.5421648025512695,-1.2191667556762695,-0.4450036585330963,0.5006834972146845,0.5182644669413099,0,0
0.5433858633041382,-1.2226226329803467,-0.4450036585330963,0.5110701609087361,0.4845781718621701,0,0
0.5446069240570068,-1.2260786294937134,-0.4450036585330963,0.49232239719166704,0.49426558674505944,0,0
0.5458279848098755,-1.22953462600708,-0.4450036585330963,0.5000542683021376,0.5201648730741043,0,0
0.5470491051673889,-1.2329905033111572,-0.4450036585330963,0.4991357597027161,0.4986859959507166,0,0
0.5482702851295471,-1.2364466190338135,-0.4450036585330963,0.4955559402120349,0.5181570516408853,0,0
0.5494914054870605,-1.2399026155471802,-0.4450036585330963,0.4955450899603827,0.5080618306685394,0,0
0.5507124662399292,-1.2433586120605469,-0.4450036585330963,0.4998017577026544,0.49185322101604717,0,0
0.5519335865974426,-1.246814489364624,-0.4450036585330963,0.49081500122344873,0.4736567571923265,0,0
0.553154706954956,-1.2502704858779907,-0.4450036585330963,0.5149493887992765,0.5023941693855586,0,0
0.5543758869171143,-1.2537264823913574,-0.4450036585330963,0.49740830065707053,0.5077469274204881,0,0
0.5555969476699829,-1.2571824789047241,-0.4450036585330963,0.5136001443812326,0.49770686732616065,0,0
0.5568180680274963,-1.2606384754180908,-0.4450036585330963,0.5122484001395265,0.4938590106307134,0,0
0.5580392479896545,-1.2640944719314575,-0.4450036585330963,0.5024721512067936,0.49525209058189884,0,0
0.5592604875564575,-1.2675504684448242,-0.4450036585330963,0.504683577791824,0.5038305369476873,0,0
0.5604816675186157,-1.2710063457489014,-0.4450036585330963,0.4970013866784435,0.4839461150057866,0,0
0.5617028474807739,-1.2744622230529785,-0.4450036585330963,0.5098644006822338,0.4972670674643138,0,0
0.5629240274429321,-1.2779181003570557,-0.4450036585330963,0.4994636642199389,0.4970960966144522,0,0
0.5641452074050903,-1.2813739776611328,-0.4450036585330963,0.5027128919471023,0.509632001386993,0,0
0.5653663873672485,-1.28482985496521,-0.4450036585330963,0.5049850240511601,0.4941553563547466,0,0
0.5665875673294067,-1.288285732269287,-0.4450036585330963,0.5026308679207449,0.4909804492717765,0,0
0.5678087472915649,-1.2917416095733643,-0.4450036585330963,0.5084611367847865,0.48962185287441845,0,0
0.5690299272537231,-1.2951974868774414,-0.4450036585330963,0.49526972163840643,0.4963225243654425,0,0
0.5702511668205261,-1.298653483390808,-0.4450036585330963,0.49763250484712274,0.5005903661524348,0,0
0.5714724659919739,-1.3021092414855957,-0.4450036585330963,0.5090286489132925,0.5031940450162439,0,0
0.5726936459541321,-1.3055649995803833,-0.4450036585330963,0.5051868194402482,0.5207560082009601,0,0
0.5739148855209351,-1.3090208768844604,-0.4450036585330963,0.5029090104092276,0.5024103439672438,0,0
0.575136125087738,-1.3124767541885376,-0.4450036585330963,0.5042301191944536,0.5018362503333198,0,0
0.576357364654541,-1.3159326314926147,-0.4450036585330963,0.4739535526950313,0.5162283618443702,0,0
0.5775785446166992,-1.319388508796692,-0.4450036585330963,0.49563930044899696,0.48701747913260635,0,0
0.578799843788147,-1.322844386100769,-0.4450036585330963,0.5046368400113385,0.48145642167211855,0,0
0.58002108335495,-1.3263002634048462,-0.4450036585330963,0.48870077470655854,0.488580146621462,0,0
0.5812423229217529,-1.3297561407089233,-0.4450036585330963,0.5024678713399164,0.48051380458631765,0,0
0.5824635624885559,-1.3332120180130005,-0.4450036585330963,0.4898817782400061,0.49539395930378793,0,0
0.5836848616600037,-1.3366680145263672,-0.4450036585330963,0.503732746419098,0.48963284176096883,0,0
0.5849062204360962,-1.3401237726211548,-0.4450036585330963,0.5105143008650124,0.5001866610325936,0,0
0.5861274600028992,-1.3435795307159424,-0.4450036585330963,0.4882186292881471,0.4825309662798848,0,0
0.5873487591743469,-1.3470354080200195,-0.4450036585330963,0.49652330877169926,0.5166852288020767,0,0
0.5885701179504395,-1.3504912853240967,-0.4450036585330963,0.48786654577225186,0.48439311366771576,0,0
0.5897914171218872,-1.3539471626281738,-0.4450036585330963,0.5009518029137472,0.49250793943581905,0,0
0.591012716293335,-1.357403039932251,-0.4450036585330963,0.4893784961941298,0.49599189318234843,0,0
0.5922339558601379,-1.3608589172363281,-0.4450036585330963,0.5106133808188954,0.5006261038721292,0,0
0.5934552550315857,-1.3643147945404053,-0.4450036585330963,0.49291260781139073,0.5164750378139878,0,0
0.5946766138076782,-1.3677706718444824,-0.4450036585330963,0.5040317497362496,0.4989723817120447,0,0
0.5958979725837708,-1.3712265491485596,-0.4450036585330963,0.4963120439335245,0.508120645291788,0,0
0.5971193313598633,-1.3746825456619263,-0.4450036585330963,0.8176608872478816,0.5051286292019573,0,0
0.5983407497406006,-1.3781383037567139,-0.4450036585330963,0.7833974075465183,0.5151839749701217,0,0
0.5995620489120483,-1.3815940618515015,-0.4450036585330963,0.770700849877236,0.504273275956249,0,0
0.6007834076881409,-1.3850500583648682,-0.4450036585330963,0.7866478223221062,0.4855379478902065,0,0
0.6020047664642334,-1.3885058164596558,-0.4450036585330963,0.7932295701064,0.5034672114246057,0,0
0.6032260656356812,-1.391961693763733,-0.4450036585330963,0.7988925355712077,0.4963415240578398,0,0
0.6044474840164185,-1.39541757106781,-0.4450036585330963,0.7850784159745092,0.5110920055695883,0,0
0.6056689023971558,-1.398873209953308,-0.4450036585330963,0.7718882758424881,0.5057852010659858,0,0
0.6068902611732483,-1.4023292064666748,-0.4450036585330963,0.7825659892119466,0.4968036900417615,0,0
0.6081116795539856,-1.405785083770752,-0.4450036585330963,0.7708596888121408,0.5127907337390105,0,0
0.6093330979347229,-1.4092408418655396,-0.4450036585330963,0.7403140892123152,0.503956155575397,0,0
0.6105545163154602,-1.4126967191696167,-0.4450036585330963,0.7657527898796498,0.5033577952729127,0,0
0.6117759346961975,-1.4161523580551147,-0.4450036585330963,0.7476221282364532,0.49144841640430886,0,0
0.6129973530769348,-1.419608235359192,-0.4450036585330963,0.7497064760064139,0.4868223287016214,0,0
0.6142188310623169,-1.42306387424469,-0.4450036585330963,0.7607621935777796,0.5210019428974858,0,0
0.615440309047699,-1.426519751548767,-0.4450036585330963,0.7383893318553986,0.4986064371505715,0,0
0.6166617274284363,-1.4299756288528442,-0.4450036585330963,0.7306685799366673,0.4772107806497202,0,0
0.6178831458091736,-1.4334312677383423,-0.4450036585330963,0.7645489651001772,0.5092834904779692,0,0
0.6191045641899109,-1.4368869066238403,-0.4450036585330963,0.7465289125629975,0.49867967499343974,0,0
0.6203259825706482,-1.440342903137207,-0.4450036585330963,0.7545827092353746,0.5010246007574932,0,0
0.6215474605560303,-1.4437986612319946,-0.4450036585330963,0.71925657225724,0.49404818526830435,0,0
0.6227689385414124,-1.4472543001174927,-0.4450036585330963,0.711008163682484,0.5034436865745218,0,0
0.6239904761314392,-1.4507101774215698,-0.4450036585330963,0.7196871259516618,0.49131009758411964,0,0
0.6252118945121765,-1.4541659355163574,-0.4450036585330963,0.7101247891238038,0.4887728785211846,0,0
0.6264333724975586,-1.4576215744018555,-0.4450036585330963,0.7277544336271659,0.4931188833106578,0,0
0.6276548504829407,-1.4610772132873535,-0.4450036585330963,0.7127180270947204,0.5127252072844337,0,0
0.6288763880729675,-1.4645330905914307,-0.4450036585330963,0.7187309543183376,0.5044716460413337,0,0
0.6300978064537048,-1.4679888486862183,-0.4450036585330963,0.7170802625248027,0.5166518846440276,0,0
0.6313193440437317,-1.4714444875717163,-0.4450036585330963,0.7177627095670814,0.4992318856757576,0,0
0.632540762424469,-1.474900245666504,-0.4450036585330963,0.7338561085633243,0.5025918259072097,0,0
0.6337622404098511,-1.4783560037612915,-0.4450036585330963,0.6661872972303343,0.7836928400606819,0,0
0.6349838376045227,-1.481811761856079,-0.4450036585330963,0.6818885774233664,0.7821418403229617,0,0
0.6362053751945496,-1.4852675199508667,-0.4450036585330963,0.6823784545534138,0.764186946294796,0,0
0.6374268531799316,-1.4887231588363647,-0.4450036585330963,0.6779152694922507,0.8065614328773161,0,0
0.6386483907699585,-1.4921787977218628,-0.4450036585330963,0.6799025606168662,0.7689269734696204,0,0
0.6398699283599854,-1.4956344366073608,-0.4450036585330963,0.6942537596998726,0.7759746854169819,0,0
0.6410914659500122,-1.4990901947021484,-0.4450036585330963,0.6778165109578507,0.7740541053982377,0,0
0.6423130035400391,-1.5025458335876465,-0.4450036585330963,0.6849181625222279,0.7721816808794162,0,0
0.6435345411300659,-1.506001591682434,-0.4450036585330963,0.6713841557573017,0.7830750649419198,0,0
0.6447560787200928,-1.5094573497772217,-0.4450036585330963,0.6630596167102227,0.7664092930629162,0,0
0.6459775567054749,-1.5129129886627197,-0.4450036585330963,0.6260677422661154,0.7236538306920298,0,0
0.6471990942955017,-1.5163688659667969,-0.4450036585330963,0.6360331428919384,0.7477657630747621,0,0
0.6484206318855286,-1.519824504852295,-0.4450036585330963,0.639616166652682,0.7538835549747752,0,0
0.6496422290802002,-1.523280143737793,-0.4450036585330963,0.6537602907610276,0.736906484976845,0,0
0.6508638858795166,-1.526735782623291,-0.4450036585330963,0.6313508335195256,0.7285906688570145,0,0
0.6520854234695435,-1.5301916599273682,-0.4450036585330963,0.6471597491772947,0.7375717089961668,0,0
0.6533070206642151,-1.5336474180221558,-0.4450036585330963,0.6402335605196124,0.7325692172223581,0,0
0.6545285582542419,-1.5371031761169434,-0.4450036585330963,0.632303335158995,0.7350132876293108,0,0
0.6557501554489136,-1.5405590534210205,-0.4450036585330963,0.6560331689633405,0.7285641639442164,0,0
0.6569717526435852,-1.5440149307250977,-0.4450036585330963,0.634247164775,0.7247537553401098,0,0
0.6581933498382568,-1.5474708080291748,-0.4450036585330963,0.6036373548054997,0.7081354867233532,0,0
0.6594149470329285,-1.5509268045425415,-0.4450036585330963,0.61548704547127,0.6794409705684786,0,0
0.6606365442276001,-1.5543824434280396,-0.4450036585330963,0.6167159915289703,0.6961418383452542,0,0
0.6618581414222717,-1.557837963104248,-0.4450036585330963,0.6068270363796507,0.705375257917574,0,0
0.6630796790122986,-1.561293601989746,-0.4450036585330963,0.6215499756102979,0.6870533149609097,0,0
0.6643012762069702,-1.5647491216659546,-0.4450036585330963,0.6063209862252067,0.6922422826733011,0,0
0.6655229330062866,-1.5682049989700317,-0.4450036585330963,0.6092655303040186,0.7195129170153572,0,0
0.666744589805603,-1.5716607570648193,-0.4450036585330963,0.6088490755218174,0.7217316435164906,0,0
0.6679663062095642,-1.5751163959503174,-0.4450036585330963,0.602442904817642,0.6934887662714097,0,0
0.6691879630088806,-1.5785719156265259,-0.4450036585330963,0.6132971028515953,0.6946328747606905,0,0
0.6704096794128418,-1.5820274353027344,-0.4450036585330963,0.5913959784296816,0.6522747428600779,0,0
0.6716312766075134,-1.5854830741882324,-0.4450036585330963,0.570716571290756,0.6533825735761091,0,0
0.6728528738021851,-1.588938593864441,-0.4450036585330963,0.5904066439369042,0.6540345062297306,0,0
0.6740744709968567,-1.5923943519592285,-0.4450036585330963,0.5724456884692226,0.6696872725237133,0,0
0.6752961277961731,-1.595849871635437,-0.4450036585330963,0.5722691253281278,0.6523377302935331,0,0
0.6765177845954895,-1.5993056297302246,-0.4450036585330963,0.5810662860127249,0.6616855556840536,0,0
0.6777394413948059,-1.6027613878250122,-0.4450036585330963,0.5779829900068526,0.6594742013310384,0,0
0.6789610981941223,-1.6062169075012207,-0.4450036585330963,0.5681282866933185,0.6612156290375276,0,0
0.6801828145980835,-1.6096724271774292,-0.4450036585330963,0.557293310387819,0.6454627892306785,0,0
0.6814045906066895,-1.6131281852722168,-0.4450036585330963,0.5428354184700657,0.6816795276884358,0,0
0.6826262474060059,-1.6165839433670044,-0.4450036585330963,0.5235264227643073,0.6304912156544021,0,0
0.683847963809967,-1.620039701461792,-0.4450036585330963,0.5285818449812415,0.61976191112963,0,0
0.685069739818573,-1.6234952211380005,-0.4450036585330963,0.5340345717709006,0.6295566782919577,0,0
0.686291515827179,-1.626950740814209,-0.4450036585330963,0.5423917332116249,0.6240739732374768,0,0
0.6875131726264954,-1.630406379699707,-0.4450036585330963,0.5214711366635312,0.6259445105738379,0,0
0.6887348890304565,-1.6338618993759155,-0.4450036585330963,0.53032140034007,0.6009286938714323,0,0
0.6899566650390625,-1.637317419052124,-0.4450036585330963,0.5201273713348036,0.6245398392531419,0,0
0.6911783814430237,-1.6407731771469116,-0.4450036585330963,0.5405056518189646,0.6446415768051998,0,0
0.6924000978469849,-1.6442286968231201,-0.4450036585330963,0.5154399570722901,0.6477696941977682,0,0
0.6936218738555908,-1.6476843357086182,-0.4450036585330963,0.532027149289297,0.6082055192525354,0,0
0.694843590259552,-1.6511398553848267,-0.4450036585330963,0.48596601831012154,0.5950657228981262,0,0
0.6960653066635132,-1.6545953750610352,-0.4450036585330963,0.5147645798777224,0.5930371397971533,0,0
0.6972870230674744,-1.6580508947372437,-0.4450036585330963,0.5149591262868678,0.5771806582438056,0,0
0.6985087990760803,-1.6615066528320312,-0.4450036585330963,0.49153158881000586,0.5946389640124183,0,0
0.6997304558753967,-1.6649621725082397,-0.4450036585330963,0.486492238345853,0.6025833461256251,0,0
0.7009523510932922,-1.6684176921844482,-0.4450036585330963,0.4929991589068516,0.59979893141335,0,0
0.7021742463111877,-1.6718732118606567,-0.4450036585330963,0.5055430924078215,0.584795277922243,0,0
0.7033961415290833,-1.6753289699554443,-0.4450036585330963,0.4806397759623794,0.5680070466922371,0,0
0.7046180367469788,-1.678784728050232,-0.4450036585330963,0.5116931423889143,0.5927769328975617,0,0
0.7058399319648743,-1.68224036693573,-0.4450036585330963,0.4877934535764141,0.582957136167424,0,0
0.7070618271827698,-1.6856963634490967,-0.44481101632118225,0.44263045420826647,0.552055631025579,0,0
0.7082833647727966,-1.6891494989395142,-0.44451117515563965,0.47251263437342034,0.5338050328510499,0,0
0.7095044851303101,-1.692596435546875,-0.44415605068206787,0.47326292391516966,0.5611257305717912,0,0
0.7107247710227966,-1.6960322856903076,-0.4437742233276367,0.4655810382533999,0.5428527595477094,0,0
0.7119443416595459,-1.699454426765442,-0.44338521361351013,0.4619349143442685,0.5483806901751502,0,0
0.7131626605987549,-1.702859878540039,-0.44280415773391724,0.4425825214826965,0.542736787603688,0,0
0.7143794298171997,-1.7062448263168335,-0.4421253800392151,0.4544721997491619,0.5644640923343783,0,0
0.7155942320823669,-1.7096047401428223,-0.44120532274246216,0.44753242910764957,0.551242895422374,0,0
0.716806173324585,-1.712933897972107,-0.4401663541793823,0.4631999404848569,0.540197228442613,0,0
0.7180145978927612,-1.7162261009216309,-0.4390774071216583,0.4583596426647754,0.5543057734053243,0,0
0.7192192673683167,-1.7194771766662598,-0.43778833746910095,0.41791862412144115,0.5022736623835432,0,0
0.72041916847229,-1.7226824760437012,-0.4362068474292755,0.4159656778762927,0.5199340776489471,0,0
0.7216135263442993,-1.7258354425430298,-0.4342956244945526,0.4088003504840032,0.5174089234948722,0,0
0.722800612449646,-1.7289278507232666,-0.43202847242355347,0.4129715370752533,0.5140508256379012,0,0
0.7239781618118286,-1.731948971748352,-0.4293987452983856,0.428112602572605,0.5166860268541243,0,0
0.7251434326171875,-1.7348883152008057,-0.42641910910606384,0.42519465450416294,0.5131121900593372,0,0
0.7262932062149048,-1.7377345561981201,-0.4230843186378479,0.42906525271223894,0.49666477449077767,0,0
0.7274233102798462,-1.7404745817184448,-0.41939276456832886,0.41465737344438586,0.517705975876042,0,0
0.7285301089286804,-1.7430979013442993,-0.4153832793235779,0.4068525445132277,0.521401085794783,0,0
0.7296097874641418,-1.7455949783325195,-0.41106951236724854,0.4194931194792866,0.5115601595624476,0,0
0.7306588292121887,-1.7479578256607056,-0.40663790702819824,0.3875626304433715,0.46715854586889344,0,0
0.7316723465919495,-1.7501782178878784,-0.40222835540771484,0.3769210314937305,0.491697404976721,0,0
0.7326443791389465,-1.7522462606430054,-0.397903710603714,0.39610385352399324,0.4747352773354495,0,0
0.7335671186447144,-1.7541515827178955,-0.39370495080947876,0.37185516366206695,0.4840596150503746,0,0
0.7344315052032471,-1.7558821439743042,-0.38963979482650757,0.38393145635684245,0.470336918250041,0,0
0.7352278828620911,-1.7574275732040405,-0.3857027590274811,0.39842622945810696,0.45687381836461755,0,0
0.7359474897384644,-1.7587778568267822,-0.3819009065628052,0.3929892117027668,0.4818608450213915,0,0
0.73658287525177,-1.7599234580993652,-0.3782654106616974,0.3897790349871675,0.4819952294364215,0,0
0.7371266484260559,-1.7608551979064941,-0.3748150169849396,0.3772309095388456,0.471295785336074,0,0
0.7375725507736206,-1.7615660429000854,-0.37154269218444824,0.3947376088365536,0.4705917905043713,0,0
0.7379152178764343,-1.7620514631271362,-0.3682561218738556,0.3587501165242322,0.4350496047871932,0,0
0.7381518483161926,-1.7623119354248047,-0.3650286793708801,0.34532500378672387,0.4605018892680385,0,0
0.7382811307907104,-1.7623515129089355,-0.3617185056209564,0.36432189963945966,0.4374754878031142,0,0
0.7383036017417908,-1.7621792554855347,-0.3582593500614166,0.3583463054238019,0.4475809237770773,0,0
0.738222599029541,-1.761809229850769,-0.35474011301994324,0.3573485233731081,0.4509050737060056,0,0
0.7380411028862,-1.7612582445144653,-0.35103288292884827,0.36519663478712655,0.44113007820560074,0,0
0.7377610206604004,-1.7605454921722412,-0.3471944332122803,0.35802281602618014,0.4392023930874288,0,0
0.7373837828636169,-1.759690284729004,-0.3432815968990326,0.3614108234173384,0.43859203067181607,0,0
0.7369127869606018,-1.7587153911590576,-0.33914420008659363,0.3570496044938931,0.4374648565514294,0,0
0.7363523840904236,-1.7576476335525513,-0.33458369970321655,0.3613996269774006,0.4355609209376792,0,0
0.7357036471366882,-1.756514072418213,-0.3296996057033539,0.37149752408762765,0.430303863532214,0,0
0.7349664568901062,-1.7553393840789795,-0.3246654272079468,0.36484785286590765,0.42875586100440405,0,0
0.7341436147689819,-1.7541465759277344,-0.3193971812725067,0.36305347221924217,0.4303119460125583,0,0
0.7332403659820557,-1.7529603242874146,-0.3137112557888031,0.3582164855310627,0.42036648212287814,0,0
0.7322611212730408,-1.7518025636672974,-0.3077411949634552,0.36789152419195176,0.42778560278802313,0,0
0.7312102913856506,-1.7506906986236572,-0.3016238212585449,0.36438190430322936,0.4283585298723656,0,0
0.7300959229469299,-1.7496389150619507,-0.29529401659965515,0.356184915245839,0.42027385445297855,0,0
0.7289283871650696,-1.7486605644226074,-0.2887321412563324,0.3478436088702386,0.42795303381229605,0,0
0.7277184724807739,-1.7477641105651855,-0.28198057413101196,0.3618050613841676,0.4433277363201144,0,0
0.7264785170555115,-1.7469559907913208,-0.2750498056411743,0.36403591329559404,0.4259852477747987,0,0
0.7252212166786194,-1.746240258216858,-0.2679315507411957,0.3776879544617397,0.43394040550877266,0,0
0.72395920753479,-1.745617389678955,-0.2606041729450226,0.34536895637856174,0.4296828096906646,0,0
0.722705602645874,-1.7450860738754272,-0.25315406918525696,0.35011672517448966,0.43119191315150107,0,0
0.7214734554290771,-1.7446435689926147,-0.24558502435684204,0.3602110647966346,0.4217748978221982,0,0
0.720273494720459,-1.7442861795425415,-0.23780955374240875,0.36066641400864385,0.4276002464152659,0,0
0.7191148996353149,-1.744010329246521,-0.22983776032924652,0.39199207278655607,0.4299111567845421,0,0
0.7180055975914001,-1.7438092231750488,-0.2217518389225006,0.366858242768827,0.4288161753755245,0,0
0.7169525027275085,-1.743677020072937,-0.21357183158397675,0.35346623009475564,0.4235785474416286,0,0
0.7159624695777893,-1.7436074018478394,-0.20526371896266937,0.3443837074941335,0.43637709543704434,0,0
0.7150399684906006,-1.7435946464538574,-0.19681967794895172,0.3733089164973273,0.4431050273438508,0,0
0.7141880393028259,-1.7436325550079346,-0.1882777363061905,0.36297551650877846,0.4387071167896074,0,0
0.7134090662002563,-1.74371337890625,-0.17966513335704803,0.3800894437016171,0.4176495592129304,0,0
0.7127049565315247,-1.7438302040100098,-0.1709701269865036,0.3827993765106111,0.4385245106556537,0,0
0.7120770812034607,-1.7439758777618408,-0.16218170523643494,0.36028520180121854,0.4036807445174111,0,0
0.7115251421928406,-1.744142770767212,-0.15330958366394043,0.36701136082657637,0.4156672775686294,0,0
0.7110468149185181,-1.744323492050171,-0.1443832665681839,0.3882515407423119,0.40671932665426935,0,0
0.710638701915741,-1.7445093393325806,-0.13541275262832642,0.388968926352985,0.4283749087439334,0,0
0.7102972269058228,-1.7446925640106201,-0.126377135515213,0.35911806029765897,0.41705806211641877,0,0
0.7100176811218262,-1.744865894317627,-0.11726618558168411,0.35584130748160014,0.4326420471737222,0,0
0.7097935676574707,-1.745024561882019,-0.10809445381164551,0.3852259804496599,0.42677312786628335,0,0
0.7096170783042908,-1.7451637983322144,-0.09889296442270279,0.3784088479435094,0.41176422844513527,0,0
0.709479570388794,-1.745280385017395,-0.08964884281158447,0.3848055274448935,0.4300675094262499,0,0
0.7093729972839355,-1.7453721761703491,-0.08034110814332962,0.36951982185765336,0.4213399647728409,0,0
0.709290087223053,-1.7454389333724976,-0.0709761306643486,0.36154862801012344,0.41300900414341246,0,0
0.7092238068580627,-1.745483160018921,-0.06156681850552559,0.3628352532059608,0.41050546793222814,0,0
0.7091677188873291,-1.7455075979232788,-0.05211827531456947,0.3896317513134332,0.41209035468401173,0,0
0.7091169953346252,-1.745516061782837,-0.042614635080099106,0.3844825030564783,0.4173760208742801,0,0
0.7090680599212646,-1.7455123662948608,-0.03306134417653084,0.3787550634290851,0.43286153982426884,0,0
0.7090197205543518,-1.7455006837844849,-0.023648394271731377,0.3696179530387129,0.3948931561184724,0,0
0.708968997001648,-1.7454833984375,-0.014295155182480812,0.37632087552602866,0.42219403983966414,0,0
0.7089130878448486,-1.7454607486724854,-0.004950189031660557,0.3745096407811505,0.40170702762789695,0,0
0.7088488340377808,-1.7454321384429932,0.004409594461321831,0.37862634047799903,0.4026805928363672,0,0
0.7087733149528503,-1.7453975677490234,0.013611135073006153,0.3860454579323518,0.39229119361825315,0,0
0.7086824178695679,-1.745355248451233,0.02255702018737793,0.3804014522491347,0.3881068586236148,0,0
0.708570122718811,-1.7453008890151978,0.031200140714645386,0.3693882054554039,0.3972618924457699,0,0
0.7084282636642456,-1.7452260255813599,0.03951273858547211,0.3635959671687927,0.3820661533909122,0,0
0.708245575428009,-1.745119333267212,0.04746267572045326,0.36556419560980213,0.39069425610542524,0,0
0.7080072164535522,-1.744968295097351,0.05525582656264305,0.3782747866567703,0.40124030012860756,0,0
0.7077012062072754,-1.744762897491455,0.06282008439302444,0.389507195954121,0.3769257842548362,0,0
0.7073177099227905,-1.7444920539855957,0.07010219991207123,0.3844101472489199,0.39047811358420464,0,0
0.7068474292755127,-1.7441432476043701,0.07705964148044586,0.37680192564795445,0.3941188334193547,0,0
0.7062811851501465,-1.7437055110931396,0.08370283991098404,0.3870125792665476,0.3863953249854021,0,0
0.7056121826171875,-1.7431713342666626,0.09005706012248993,0.3986820655566896,0.3778243694108899,0,0
0.7048365473747253,-1.7425328493118286,0.09612668305635452,0.3961300008559723,0.3717915553805137,0,0
0.7039517760276794,-1.7417844533920288,0.10191656649112701,0.39437300887631965,0.3866023516167544,0,0
0.7029563784599304,-1.7409225702285767,0.10743832588195801,0.3651398814031675,0.3926354270727118,0,0
0.7018498778343201,-1.7399462461471558,0.11270452290773392,0.38739093466029295,0.3827929358714716,0,0
0.7006333470344543,-1.7388569116592407,0.11773019284009933,0.380721105446868,0.39400997827446815,0,0
0.6993089914321899,-1.7376582622528076,0.12252842634916306,0.3857319533815365,0.39182554377419454,0,0
0.6978799104690552,-1.7363553047180176,0.12710534036159515,0.3896446150726016,0.39579313561062845,0,0
0.69635009765625,-1.7349539995193481,0.13147473335266113,0.39687872621074055,0.391706827814561,0,0
0.6947242617607117,-1.733460545539856,0.13584880530834198,0.3972409030835591,0.4019803979128244,0,0
0.6930078268051147,-1.7318845987319946,0.14013463258743286,0.3935494273178017,0.39486708603257065,0,0
0.6912076473236084,-1.7302379608154297,0.14425982534885406,0.3699223887251837,0.37433192929762754,0,0
0.689330518245697,-1.7285336256027222,0.1483871340751648,0.3987956653722588,0.4002193952858271,0,0
0.6873850226402283,-1.7267860174179077,0.15263666212558746,0.3883985665121094,0.4003398413927287,0,0
0.6853810548782349,-1.7250094413757324,0.1570473164319992,0.39681007607512286,0.4063470740554257,0,0
0.6833317279815674,-1.7232187986373901,0.16121624410152435,0.403954929139826,0.39313589159477136,0,0
0.6812546253204346,-1.7214281558990479,0.16519613564014435,0.3820553418456445,0.38452057007134727,0,0
0.6791667342185974,-1.7196502685546875,0.1687825322151184,0.40116512667826637,0.38636855470338927,0,0
0.6770845055580139,-1.7178974151611328,0.17189374566078186,0.42388587549311874,0.3954366103870941,0,0
0.6750103831291199,-1.716151475906372,0.17496450245380402,0.4296141236732592,0.4011285212532948,0,0
0.6729779839515686,-1.7144544124603271,0.17750731110572815,0.4296634033142964,0.3859246998702295,0,0
0.6710054278373718,-1.7128159999847412,0.17971175909042358,0.4187384790256001,0.42482861989007853,0,0
0.6691074371337891,-1.7112466096878052,0.18164338171482086,0.4137051632190558,0.4198308492776052,0,0
0.6672956347465515,-1.7097573280334473,0.18336497247219086,0.42366559085223293,0.4183237080126086,0,0
0.6655764579772949,-1.7083595991134644,0.18497763574123383,0.4312762502278463,0.41225057452933156,0,0
0.6639499664306641,-1.7070647478103638,0.1864970624446869,0.4231186662953231,0.40612631887913764,0,0
0.66241055727005,-1.705885410308838,0.18787990510463715,0.4295124677898916,0.41473748152986084,0,0
0.6609489321708679,-1.704835295677185,0.18915416300296783,0.42933379084882567,0.41500677349822623,0,0
0.6595534682273865,-1.7039273977279663,0.1902056783437729,0.45108598130001215,0.442316731281804,0,0
0.6582127809524536,-1.703170895576477,0.19093357026576996,0.45863211375663643,0.4293153165996664,0,0
0.6569164395332336,-1.7025712728500366,0.19127187132835388,0.4636281217759798,0.4486080276790971,0,0
0.6556553840637207,-1.7021269798278809,0.19119949638843536,0.45792602855347514,0.43420798419671747,0,0
0.654423177242279,-1.7018342018127441,0.19072140753269196,0.4604484757260409,0.43809958636126073,0,0
0.6532154679298401,-1.7016816139221191,0.18998929858207703,0.44688896174010756,0.43320146563672524,0,0
0.652026891708374,-1.701659083366394,0.18912822008132935,0.46026823389393123,0.46238883748777826,0,0
0.6508538126945496,-1.7017543315887451,0.1882273405790329,0.44692066679922166,0.43815396425808345,0,0
0.649693489074707,-1.7019577026367188,0.1871168613433838,0.4576719351313292,0.43253937602340087,0,0
0.6485445499420166,-1.7022576332092285,0.18568044900894165,0.4543704087129586,0.43368845245477317,0,0
0.6474065184593201,-1.7026411294937134,0.18385346233844757,0.46477708575912946,0.4428346465986304,0,0
0.6462776064872742,-1.7030936479568481,0.181654155254364,0.45373445060187395,0.44406935292361777,0,0
0.6451560258865356,-1.7036011219024658,0.17931947112083435,0.4604623479826554,0.4565537850378275,0,0
0.6440423727035522,-1.704150915145874,0.17672546207904816,0.46360267094443325,0.43803212162416194,0,0
0.6429386734962463,-1.7047288417816162,0.17397479712963104,0.45659363893702426,0.4607849141157501,0,0
0.6418468356132507,-1.7053219079971313,0.17140553891658783,0.4355961089821093,0.46662471558893037,0,0
0.6407687664031982,-1.7059191465377808,0.16898547112941742,0.4585784952068893,0.46083557979787393,0,0
0.639707624912262,-1.706512689590454,0.16669294238090515,0.47761631291459694,0.4516075761387552,0,0
0.6386683583259583,-1.7070955038070679,0.16431060433387756,0.4554717345637335,0.44827975756192895,0,0
0.6376569271087646,-1.7076648473739624,0.16212958097457886,0.44695382531694333,0.4662072296570817,1,1
0.636680006980896,-1.7082175016403198,0.159911647439003,0.47458643921823196,0.44461016016313953,0,0
0.6357446908950806,-1.7087520360946655,0.1577438861131668,0.44724038835433116,0.4486243013956766,0,0
0.6348547339439392,-1.7092688083648682,0.1556273251771927,0.4626658093599306,0.46198070209825587,0,0
0.6340124011039734,-1.7097702026367188,0.1535671502351761,0.4518573812489299,0.4542360677031383,0,0
0.6332193613052368,-1.7102593183517456,0.15138904750347137,0.45638900551941736,0.4353881119371513,0,0
0.6324763298034668,-1.710740089416504,0.1489757001399994,0.45661878613283075,0.44453388518920495,0,0
0.6317837238311768,-1.7112150192260742,0.14628298580646515,0.4546182834710059,0.44787017936031015,0,0
0.6311414241790771,-1.7116867303848267,0.14348655939102173,0.4655304463255494,0.46467599228421264,0,0
0.6305493116378784,-1.7121565341949463,0.1408790498971939,0.44879325517241714,0.4535692550490691,0,0
0.6300063729286194,-1.7126250267028809,0.13842405378818512,0.45257249241218656,0.4661360376567106,0,0
0.6295121312141418,-1.7130918502807617,0.13609902560710907,0.4760421225350854,0.4737438553106492,0,0
0.6290662288665771,-1.7135567665100098,0.13388878107070923,0.4822783136414862,0.45401687558885373,0,0
0.6286687850952148,-1.7140198945999146,0.13178332149982452,0.45987504605322793,0.4537352893077982,0,0
0.6283201575279236,-1.7144814729690552,0.1295841634273529,0.48022430802601657,0.44706418539287857,0,0
0.628020167350769,-1.714941382408142,0.12737320363521576,0.46362305281812705,0.4605161899634775,0,0
0.627768337726593,-1.7153990268707275,0.12519294023513794,0.45205712137361564,0.47082258243908587,0,0
0.6275642514228821,-1.7158552408218384,0.1230679303407669,0.45182842485682256,0.46782119315270354,0,0
0.6274073123931885,-1.7163094282150269,0.12101735919713974,0.4569380748611671,0.46809483891474346,0,0
0.627297043800354,-1.7167625427246094,0.11904310435056686,0.4725323129484895,0.46053661546208274,0,0
0.6272326111793518,-1.7172152996063232,0.11714714020490646,0.45550146086256144,0.4753473993051034,0,0
0.6272133588790894,-1.7176679372787476,0.11533026397228241,0.4543020025652055,0.45630940790813906,0,0
0.6272382140159607,-1.7181216478347778,0.11359713971614838,0.46118330106128386,0.47144395138475015,0,0
0.6273061633110046,-1.7185771465301514,0.11193884909152985,0.4555990743685265,0.46717075837001565,0,0
0.6274163722991943,-1.7190359830856323,0.1105460599064827,0.4498020299636841,0.46357963107449873,0,0
0.6275670528411865,-1.7194980382919312,0.10933063179254532,0.46483210979037604,0.4726275973507618,0,0
0.6277568340301514,-1.719963550567627,0.10823721438646317,0.4526038123585703,0.46386695445454557,0,0
0.6279837489128113,-1.7204310894012451,0.10723237693309784,0.4500231934643929,0.47427358371296086,0,0
0.6282457113265991,-1.7209010124206543,0.10629789531230927,0.45026098415417426,0.4783198077798435,0,0
0.6285405158996582,-1.7213726043701172,0.10542192310094833,0.45911169055010975,0.4679381424047052,0,0
0.6288660168647766,-1.7218447923660278,0.1047942265868187,0.44980772553392967,0.46283244322510225,0,0
0.6292192935943604,-1.722317099571228,0.10431370139122009,0.45586622165070373,0.47296128318731084,0,0
0.6295973658561707,-1.7227885723114014,0.10393065959215164,0.45555013683256607,0.4630526382206224,0,0
0.6299973726272583,-1.723259449005127,0.10360877215862274,0.4627297432343153,0.46797820721528127,0,0
0.6304166316986084,-1.7237296104431152,0.1035223975777626,0.4483604423794631,0.4648307246054341,0,0
0.6308525204658508,-1.724198579788208,0.10356992483139038,0.4626906687075321,0.4636080637620909,0,0
0.6313027143478394,-1.724666953086853,0.10388600826263428,0.4432518382455265,0.4718022198437364,0,0
0.6317651271820068,-1.7251337766647339,0.10454277694225311,0.43677244800351994,0.4717630161379742,0,0
0.6322376728057861,-1.7255984544754028,0.10557277500629425,0.44957820411988003,0.45494896760058334,0,0
0.6327179670333862,-1.7260593175888062,0.10679493844509125,0.4611049086960762,0.4715526040604074,0,0
0.6332039833068848,-1.7265146970748901,0.10810410976409912,0.45860912765494166,0.49261359353681633,1,0
0.6336945295333862,-1.7269635200500488,0.1094382107257843,0.4605298132241428,0.4523241464449216,0,0
0.6341889500617981,-1.7274044752120972,0.11095520108938217,0.44100589275152846,0.46338761118879707,0,0
0.6346865892410278,-1.7278369665145874,0.11235564202070236,0.45225225516692363,0.44767719178335547,0,0
0.6351864337921143,-1.7282600402832031,0.11385791003704071,0.4381419058005359,0.4609909662260004,0,0
0.6356866359710693,-1.7286723852157593,0.11539378017187119,0.4562701381128214,0.4503828162285446,0,0
0.636185348033905,-1.7290732860565186,0.11690904200077057,0.455239862985623,0.46697307226775364,0,0
0.636681318283081,-1.7294625043869019,0.1185872033238411,0.434113859831886,0.45566419238314465,0,0
0.637173056602478,-1.729840874671936,0.12051760405302048,0.43162633244887355,0.4685730473044525,0,0
0.6376591920852661,-1.730207920074463,0.12275244295597076,0.44810762150340966,0.4613980569198612,0,0
0.6381381750106812,-1.7305636405944824,0.12512265145778656,0.4537453615388545,0.45312167061732034,0,0
0.6386086344718933,-1.730908751487732,0.1273321509361267,0.4514825417425755,0.4346146884240512,0,0
0.6390698552131653,-1.7312432527542114,0.12940919399261475,0.44353821955949374,0.43927374526693813,0,0
0.6395190954208374,-1.731569528579712,0.1313728243112564,0.45487188544952856,0.4616490529535497,0,0
0.6399536728858948,-1.7318923473358154,0.13304296135902405,0.4653177084865857,0.4417586339184252,0,0
0.6403713822364807,-1.7322142124176025,0.13432611525058746,0.45550506320301737,0.4439120051639939,0,0
0.6407696604728699,-1.7325389385223389,0.13555383682250977,0.44199427097281674,0.45286383938863756,0,0
0.6411462426185608,-1.7328686714172363,0.13691779971122742,0.44904048617154,0.4522648481801857,0,0
0.6415000557899475,-1.7332046031951904,0.13833431899547577,0.4295969637071976,0.44203562531665586,0,0
0.6418287754058838,-1.7335492372512817,0.13975147902965546,0.44434765066499227,0.4392915408194205,0,0
0.6421286463737488,-1.7339072227478027,0.14116691052913666,0.4453035715553511,0.4229166285651914,0,0
0.6423938870429993,-1.7342844009399414,0.1425853669643402,0.4257772675333181,0.44464325585546693,0,0
0.6426171064376831,-1.7346900701522827,0.14398208260536194,0.42649817328855905,0.43102563566937935,0,0
0.6427891254425049,-1.7351338863372803,0.14527691900730133,0.4316968859663583,0.43979249458621245,0,0
0.6428989171981812,-1.7356288433074951,0.1462058126926422,0.45124593946553737,0.44135980567317773,0,0
0.6429370641708374,-1.736186146736145,0.14691175520420074,0.44398767311426834,0.4382451427138735,0,0
0.642895519733429,-1.736817479133606,0.14749842882156372,0.4493186015467759,0.4392069805072674,0,0
0.642768383026123,-1.7375308275222778,0.1480497121810913,0.4439573673910563,0.4369836257357988,0,0
0.6425498723983765,-1.738332986831665,0.14857302606105804,0.4495008873657125,0.4319168580681017,0,0
0.6422345638275146,-1.7392282485961914,0.14885076880455017,0.45149375286357757,0.43856450706709715,0,0
0.6418190002441406,-1.7402186393737793,0.1490107625722885,0.4562209252984019,0.4521427565429021,0,0
0.6413046717643738,-1.7413008213043213,0.1491047888994217,0.43448544443888,0.44059447040910604,0,0
0.640695333480835,-1.7424710988998413,0.1489725410938263,0.4515914710450255,0.43767122508938777,0,0
0.6399969458580017,-1.743721842765808,0.14871853590011597,0.4412911012682504,0.44294064507509423,0,0
0.6392173767089844,-1.7450453042984009,0.1481819748878479,0.4541384912658326,0.4268079834537242,0,0
0.6383662223815918,-1.7464314699172974,0.14746756851673126,0.4495525370064109,0.44714188954852496,0,0
0.6374530792236328,-1.7478702068328857,0.14684881269931793,0.43079731706606283,0.4624383801601765,0,0
0.6364878416061401,-1.7493516206741333,0.1462717056274414,0.44683101021242444,0.4224303743367722,0,0
0.6354789137840271,-1.7508689165115356,0.1456645131111145,0.42737607441237396,0.44086480952559676,0,0
0.6344323754310608,-1.752417802810669,0.14504127204418182,0.43887926904753305,0.4425332216679003,0,0
0.6333526372909546,-1.7539963722229004,0.14444777369499207,0.4396894020547263,0.43745578227809145,1,1
0.6322423219680786,-1.7556052207946777,0.14389212429523468,0.41925441993794454,0.44064143682795787,0,0
0.6311022639274597,-1.7572461366653442,0.1433582305908203,0.4271106209522437,0.43869173030860825,0,0
0.6299321055412292,-1.7589213848114014,0.14284339547157288,0.4331938298364771,0.420228924779266,0,0
0.6287299990653992,-1.760635256767273,0.14236627519130707,0.4373638329307071,0.4278128831173962,0,0
0.627493679523468,-1.7623924016952515,0.14192849397659302,0.42014535185850516,0.425623912051088,0,0
0.6262207627296448,-1.764196753501892,0.14171317219734192,0.440912440264016,0.45515176038416433,0,0
0.6249114274978638,-1.7660512924194336,0.14162711799144745,0.44686447769837445,0.43018186132809444,0,0
0.6235669851303101,-1.7679557800292969,0.14161545038223267,0.43159122697428526,0.42809942903876347,0,0
0.6221891045570374,-1.7699103355407715,0.14164669811725616,0.43678958720203714,0.4423407306022006,0,0
0.6207793354988098,-1.771914005279541,0.14170236885547638,0.4292710760119629,0.42498853805376896,0,0
0.6193390488624573,-1.77396559715271,0.1417723298072815,0.4250408118069428,0.4252921222820082,0,0
0.6178690195083618,-1.7760646343231201,0.14185112714767456,0.42718206655206786,0.44675886676892934,0,0
0.6163700222969055,-1.7782093286514282,0.14193734526634216,0.4209670947144025,0.42064843078638214,0,0
0.6148420572280884,-1.780398964881897,0.14201720058918,0.42548965109913234,0.44997708143028264,0,0
0.6132850646972656,-1.782631516456604,0.14208930730819702,0.44030672814361443,0.4159457064623571,0,0
0.6116986870765686,-1.7849065065383911,0.14215423166751862,0.43094533659233536,0.424032473333389,0,0
0.6100823879241943,-1.787222981452942,0.14202386140823364,0.4506939869521407,0.43451319201659216,0,0
0.6084367036819458,-1.7895766496658325,0.14178821444511414,0.43428515542820095,0.4328949778779645,0,0
0.6067630648612976,-1.7919636964797974,0.1415039598941803,0.4254336439697605,0.4342518484051016,0,0
0.6050633788108826,-1.7943793535232544,0.14118729531764984,0.4332701310351545,0.43997934509314696,0,0
0.6033391952514648,-1.7968193292617798,0.14084093272686005,0.4419213305804659,0.4140331755791592,0,0
0.6015914082527161,-1.7992796897888184,0.14049553871154785,0.4277850817603947,0.4275497155010591,0,0
0.5998205542564392,-1.8017566204071045,0.14016784727573395,0.42524477526346305,0.42717211929218785,0,0
0.5980265140533447,-1.8042484521865845,0.13984930515289307,0.4249516999071647,0.4311773690642006,0,0
0.5962093472480774,-1.8067543506622314,0.13953809440135956,0.43693614023991645,0.4427251916329941,0,0
0.5943690538406372,-1.8092740774154663,0.13923895359039307,0.430604168907015,0.43169126487131426,0,0
0.5925062298774719,-1.8118072748184204,0.13894756138324738,0.43610793075088905,0.4221591301691155,0,0
0.5906210541725159,-1.8143550157546997,0.13866792619228363,0.4253877647832667,0.4285811613316424,0,0
0.5887139439582825,-1.8169182538986206,0.13840168714523315,0.44127369292638335,0.44045889535224114,0,0
0.5867853760719299,-1.8194973468780518,0.13815265893936157,0.4263195848568587,0.41318651385669997,0,0
0.5848362445831299,-1.8220940828323364,0.13792014122009277,0.43212242079980184,0.42797326776762395,0,0
0.582867443561554,-1.8247090578079224,0.13770022988319397,0.42521838942498613,0.43572116562507357,0,0
0.5808799862861633,-1.8273426294326782,0.1374931037425995,0.4405224314787498,0.41818776110788086,0,0
0.5788751244544983,-1.829995036125183,0.13729852437973022,0.44606123577580986,0.430518181563878,0,0
0.5768540501594543,-1.8326661586761475,0.13711543381214142,0.4350466937667165,0.4458562786690007,0,0
0.5748180150985718,-1.8353557586669922,0.13694363832473755,0.4427707654633529,0.4147007047465889,0,0
0.5727681517601013,-1.8380628824234009,0.1367761194705963,0.4457333263332153,0.42261509085753163,0,0
0.570705235004425,-1.8407864570617676,0.13661257922649384,0.4237723710860254,0.4256066157989838,0,0
0.5686299204826355,-1.8435262441635132,0.13645422458648682,0.4265907703029242,0.43479113132084135,0,0
0.56654292345047,-1.8462802171707153,0.1362990140914917,0.43291077918367943,0.4237042921271926,1,1
0.564444899559021,-1.8490478992462158,0.13614800572395325,0.43741193776544085,0.4250907471553881,0,0
0.5623366236686707,-1.8518285751342773,0.13600294291973114,0.4492251426098278,0.4381308710514164,0,0
0.5602188110351562,-1.8546215295791626,0.1358657032251358,0.43235421705032345,0.42140884245583426,0,0
0.5580923557281494,-1.857425570487976,0.13573797047138214,0.4296855986840951,0.4326750452238983,0,0
0.555958092212677,-1.8602399826049805,0.1356186419725418,0.43855856473993016,0.4426390519261283,0,0
0.553816556930542,-1.863063931465149,0.135506272315979,0.42369213323315097,0.4287848959947669,0,0
0.5516682267189026,-1.865896463394165,0.13539999723434448,0.4255366372191798,0.4249923534018195,0,0
0.549513578414917,-1.8687366247177124,0.13529542088508606,0.42177799866259874,0.43925583113511546,0,0
0.5473527908325195,-1.8715838193893433,0.13519003987312317,0.43771148542022836,0.4318123397926738,0,0
0.5451863408088684,-1.8744375705718994,0.13508984446525574,0.41113110817339715,0.42915235406498864,0,0
0.5430145263671875,-1.877297282218933,0.13518767058849335,0.4332981761514377,0.45040295612053094,0,0
0.5408399701118469,-1.8801606893539429,0.13539694249629974,0.43953495890061234,0.4305401327374462,0,0
0.5386660099029541,-1.8830246925354004,0.135671928524971,0.43416340872095105,0.429773106189089,0,0
0.5364958643913269,-1.8858853578567505,0.13599781692028046,0.4335032795751839,0.42574438464886805,0,0
0.5343323945999146,-1.8887381553649902,0.1363578885793686,0.43780187603794574,0.42260317072569414,0,0
0.5321775674819946,-1.8915815353393555,0.1367141306400299,0.4314854907931814,0.4419901852301854,0,0
0.5300318002700806,-1.8944133520126343,0.13727766275405884,0.4266906316530341,0.45225591624462724,0,0
0.5278971791267395,-1.8972313404083252,0.13793505728244781,0.4386898399262451,0.43641423545959535,0,0
0.5257757306098938,-1.9000335931777954,0.13862702250480652,0.4198634054148415,0.42596091848459416,0,0
0.5236691832542419,-1.902818202972412,0.1393297165632248,0.434644826359449,0.43117314709357435,0,0
0.5215787887573242,-1.9055851697921753,0.14001226425170898,0.42101691913607353,0.4247449953466419,0,0
0.519504725933075,-1.9083350896835327,0.14067909121513367,0.43544029545320756,0.425317332491197,0,0
0.5174464583396912,-1.9110687971115112,0.1413259208202362,0.42379478093111245,0.4260213732416026,0,0
0.5154027342796326,-1.9137884378433228,0.14194649457931519,0.4342355696543223,0.4298856197122951,0,0
0.5133716464042664,-1.916496992111206,0.1425451636314392,0.42378437822485715,0.4163631119476301,0,0
0.5113513469696045,-1.9191973209381104,0.14313338696956635,0.41908954912948126,0.44934788963780414,0,0
0.5093395709991455,-1.9218922853469849,0.1437131017446518,0.43162089788580527,0.43098497043827466,0,0
0.5073338747024536,-1.9245846271514893,0.1442696750164032,0.4210333899155879,0.4333893566857643,0,0
0.5053312182426453,-1.927276611328125,0.14478713274002075,0.43262452579410454,0.4388270635776117,0,0
0.5033285617828369,-1.9299710988998413,0.14526022970676422,0.42547126119801937,0.4296766980563616,0,0
0.5013231039047241,-1.9326709508895874,0.1456983983516693,0.4385954447491287,0.43097108763647496,0,0
0.49931296706199646,-1.9353787899017334,0.1461181789636612,0.44168363533264926,0.4460343017401162,0,0
0.4972967505455017,-1.9380966424942017,0.14653120934963226,0.4314236085046629,0.44172603958432344,0,0
0.4952736496925354,-1.9408262968063354,0.14693491160869598,0.43037790694106387,0.4283115049886545,0,0
0.4932429790496826,-1.9435678720474243,0.1473241001367569,0.42325391940648616,0.44343088954943594,0,0
0.49120447039604187,-1.9463220834732056,0.14769475162029266,0.44618046025775776,0.41723689396344416,0,0
0.4891575872898102,-1.9490896463394165,0.14785999059677124,0.45735867971966937,0.41778075735311687,0,0
0.4871034026145935,-1.9518673419952393,0.14790326356887817,0.427321370408526,0.43631608364536695,0,0
0.48504355549812317,-1.9546518325805664,0.14787203073501587,0.41963873473748403,0.4295013191710753,0,0
0.4829796552658081,-1.9574384689331055,0.14780719578266144,0.4255439318988511,0.4388288041356435,1,1
0.480913370847702,-1.9602247476577759,0.14774487912654877,0.43987090562538234,0.42947102454264574,0,0
0.4788457155227661,-1.9630049467086792,0.1476975381374359,0.4382112299250811,0.43211356594868333,0,0
0.4767766296863556,-1.9657686948776245,0.1476569026708603,0.447477404100288,0.41754564367228925,0,0
0.47470489144325256,-1.9684998989105225,0.14761057496070862,0.43280186443031704,0.4267592964871289,0,0
0.4726279675960541,-1.971176266670227,0.1475616991519928,0.42303741911225534,0.42455336389967036,0,0
0.47054246068000793,-1.973771095275879,0.14752009510993958,0.431285572895985,0.41889509509670697,0,0
0.46844482421875,-1.9762592315673828,0.1474907398223877,0.4249526920143657,0.45337006062449675,0,0
0.46633073687553406,-1.9786170721054077,0.14747245609760284,0.411389235715686,0.43684438139918774,0,0
0.46419546008110046,-1.9808263778686523,0.14746001362800598,0.43447514887932753,0.423916335062562,0,0
0.46203315258026123,-1.9828705787658691,0.14744456112384796,0.43110624150242677,0.42616292195389094,0,0
0.4598368704319,-1.984735131263733,0.14741580188274384,0.43211560288743817,0.4482128427798417,0,0
0.45760050415992737,-1.9864065647125244,0.14737403392791748,0.4375597531179283,0.42677981903630907,0,0
0.4553203880786896,-1.9878733158111572,0.1473354697227478,0.42558262704943,0.42773398557123415,0,0
0.4529953896999359,-1.9891266822814941,0.1473122537136078,0.43609661898000573,0.4149096700909392,0,0
0.45062559843063354,-1.990162968635559,0.14729750156402588,0.435603074158515,0.43734316420024627,0,0
0.4482118785381317,-1.9909831285476685,0.14727039635181427,0.40136442815570694,0.4280252869538474,0,0
0.44575566053390503,-1.9915893077850342,0.14724428951740265,0.43808296360395343,0.4235199749907266,0,0
0.4432593286037445,-1.9919872283935547,0.1472199261188507,0.4157777801994993,0.43336690676243544,0,0
0.44072502851486206,-1.9921836853027344,0.14720280468463898,0.42580034432957353,0.45158897672427406,0,0
0.4381546974182129,-1.992187738418579,0.14719237387180328,0.42813393705400893,0.44627180595323057,0,0
0.43554991483688354,-1.992010474205017,0.14718002080917358,0.46097137073069244,0.4331737059279564,0,0
0.4329126477241516,-1.9916630983352661,0.14715753495693207,0.45840383650241767,0.4547903031253575,0,0
0.4302460551261902,-1.991158366203308,0.14712613821029663,0.45152604661336077,0.4501117229954558,0,0
0.4275544583797455,-1.990506887435913,0.14709466695785522,0.4432362163101664,0.45154294247837223,0,0
0.4248424768447876,-1.9897198677062988,0.1470717489719391,0.45416793801896344,0.4256085277808555,0,0
0.4221140146255493,-1.988806962966919,0.14706125855445862,0.45056035021497387,0.4376657151984427,0,0
0.4193709194660187,-1.987777590751648,0.1470622718334198,0.43881761790704893,0.43036737066082387,0,0
0.41661402583122253,-1.9866414070129395,0.14706829190254211,0.45917510387590726,0.43700229374785293,0,0
0.4138430655002594,-1.9854090213775635,0.14707152545452118,0.4696534186633297,0.43330097169875614,0,0
0.41105806827545166,-1.9840893745422363,0.14706891775131226,0.4626671909932391,0.43712145212288406,0,0
0.4082602560520172,-1.9826903343200684,0.14706173539161682,0.4673201557499263,0.4595480952815611,0,0
0.4054514765739441,-1.98121976852417,0.14705324172973633,0.47004048875852367,0.4778072397540927,0,0
0.4026339054107666,-1.9796838760375977,0.1470463126897812,0.48069070953105664,0.4792934562062248,0,0
0.3998093008995056,-1.9780879020690918,0.14704157412052155,0.485621526794063,0.4641403833418149,0,0
0.39697879552841187,-1.9764363765716553,0.1470392942428589,0.47890353079253684,0.48682925486235623,0,0
0.3941427171230316,-1.974734902381897,0.1470385193824768,0.471805972853281,0.47890164030176374,0,0
0.39130088686943054,-1.972988486289978,0.1470378190279007,0.4690114531986336,0.48692071501877315,0,0
0.3884533643722534,-1.9712014198303223,0.14703671634197235,0.46829811228661933,0.47531159150912283,0,0
0.38560038805007935,-1.969377875328064,0.14703483879566193,0.4698506901049432,0.46591877850142244,0,0
0.3827424645423889,-1.967521071434021,0.14703232049942017,0.5007211577398003,0.46402614275471,0,0
0.37988030910491943,-1.965633511543274,0.14702993631362915,0.5262341640324009,0.5247295577953808,0,0
0.3770144283771515,-1.9637179374694824,0.1470276266336441,0.5075123860733091,0.4912833310545097,0,0
0.3741450011730194,-1.961776852607727,0.14702557027339935,0.4976670517881735,0.49559451130652743,0,0
0.37127214670181274,-1.959812045097351,0.14702385663986206,0.5111463177795604,0.5065296019793364,0,0
0.36839559674263,-1.9578261375427246,0.14702275395393372,0.5079337753797418,0.5016115311865551,0,0
0.36551526188850403,-1.9558215141296387,0.1470218151807785,0.4998671846880338,0.5176758024336153,0,0
0.3626313805580139,-1.953800082206726,0.14702078700065613,0.5037596121022276,0.5242570999915886,0,0
0.35974404215812683,-1.9517629146575928,0.14701953530311584,0.4999142742180454,0.5171997326929171,0,0
0.35685357451438904,-1.9497114419937134,0.14701823890209198,0.5183824017507583,0.49918566878027176,0,0
0.3539602756500244,-1.9476464986801147,0.1470165252685547,0.48751376775301836,0.5124127380830957,0,0
0.3510642349720001,-1.9455698728561401,0.14701500535011292,0.5459460778604954,0.5445977310442167,0,0
0.3481655418872833,-1.9434822797775269,0.14701363444328308,0.5514483846030154,0.5281946856102221,0,0
0.34526413679122925,-1.9413858652114868,0.14701250195503235,0.5269572748506159,0.5465465351569578,0,0
0.3423600494861603,-1.9392796754837036,0.14701195061206818,0.5415053890902132,0.5553618315616343,0,0
0.33945342898368835,-1.9371668100357056,0.14701132476329803,0.5485150547288627,0.5508280500069808,0,0
0.336544394493103,-1.9350465536117554,0.1470104455947876,0.5482559771674863,0.5348364793052941,0,0
0.3336331248283386,-1.9329193830490112,0.14700934290885925,0.5368939353152067,0.5420310533420567,0,0
0.33071979880332947,-1.9307867288589478,0.14700807631015778,0.5421719651495528,0.5424606040294176,0,0
0.3278046250343323,-1.928648829460144,0.1470067799091339,0.5321881810484029,0.5489710238566556,0,0
0.32488763332366943,-1.9265058040618896,0.14700575172901154,0.528509121892253,0.547766879895871,0,0
0.3219688832759857,-1.9243584871292114,0.147005096077919,0.5696929030117512,0.5626207054276502,0,0
0.3190484642982483,-1.9222077131271362,0.14700447022914886,0.5751798240923797,0.5768788402827049,0,0
0.3161264955997467,-1.9200531244277954,0.14700397849082947,0.5631784088929465,0.5793276651974366,0,0
0.31320294737815857,-1.9178959131240845,0.14700362086296082,0.5649665400849445,0.5719549975593803,0,0
0.3102780282497406,-1.9157354831695557,0.1470031589269638,0.584594757795655,0.5881680405799183,0,0
0.3073517978191376,-1.9135725498199463,0.14700254797935486,0.5779535645007726,0.5621155807139516,0,0
0.3044244050979614,-1.911407709121704,0.14700199663639069,0.5861075919940508,0.5808397763784002,0,0
0.30149590969085693,-1.9092400074005127,0.14700140058994293,0.5832435609920581,0.578087008398474,0,0
0.2985663115978241,-1.9070711135864258,0.14700110256671906,0.5640482812733971,0.5766905044711238,0,0
0.2956357002258301,-1.904900312423706,0.1470007747411728,0.577256817783536,0.5849955249104262,0,0
0.29270416498184204,-1.9027278423309326,0.14700068533420563,0.6011449657335404,0.583150184882271,0,0
0.2897717356681824,-1.9005540609359741,0.14700068533420563,0.6204676609733377,0.618285428505517,0,0
0.28683847188949585,-1.8983790874481201,0.14700037240982056,0.6036446672102136,0.6167466937103608,0,0
0.28390440344810486,-1.8962030410766602,0.14700007438659668,0.6046364195581749,0.6172670931541403,0,0
0.28096964955329895,-1.894026517868042,0.1469998061656952,0.6181016804136115,0.6073732710966481,0,0
0.27803418040275574,-1.8918483257293701,0.1469995081424713,0.5951097079117673,0.5982232008686083,0,0
0.2750980854034424,-1.8896695375442505,0.14699925482273102,0.6155715877014847,0.6139370087023677,0,0
0.2721613347530365,-1.887489914894104,0.14699921011924744,0.6109383461051056,0.6104425611855325,0,0
0.26922401785850525,-1.8853099346160889,0.14699916541576385,0.6252230575524899,0.6086554301880441,0,0
0.266286164522171,-1.8831287622451782,0.14699912071228027,0.6256285106236353,0.6173415585834532,0,0
0.2633477747440338,-1.8809475898742676,0.14699912071228027,0.6423307133719051,0.6525711749602366,0,0
0.2604089677333832,-1.8787659406661987,0.1469990760087967,0.6448428900043806,0.656105885472246,0,0
0.25746971368789673,-1.876583456993103,0.1469990611076355,0.6568948741109643,0.6400728819051247,0,0
0.25453007221221924,-1.8744006156921387,0.1469990313053131,0.6394710164742518,0.644888341528973,0,0
0.2515900433063507,-1.8722174167633057,0.14699901640415192,0.6408401829375843,0.6331490309670783,0,0
0.2486496865749359,-1.870034098625183,0.14699898660182953,0.662850852177338,0.6551159918818786,0,0
0.24570900201797485,-1.867850422859192,0.14699897170066833,0.6558019881794311,0.6608003053533724,0,0
0.24276797473430634,-1.8656662702560425,0.14699895679950714,0.6532639160060467,0.6446546497386598,0,0
0.23982670903205872,-1.8634816408157349,0.14699894189834595,0.6340975795195664,0.6651255390890598,0,0
0.2368852198123932,-1.861297369003296,0.14699891209602356,0.6517607648488282,0.6526442941629302,0,0
0.23394346237182617,-1.8591125011444092,0.14699891209602356,0.6605563111544891,0.6898555318446532,0,0
0.23100148141384125,-1.8569276332855225,0.14699889719486237,0.6807083435680543,0.6824171894992453,0,0
0.22805926203727722,-1.8547427654266357,0.14699888229370117,0.6943017846179376,0.6911528269147189,0,0
0.2251168191432953,-1.85255765914917,0.14699886739253998,0.6882614801551022,0.6823947119603799,0,0
0.22217419743537903,-1.850372552871704,0.14699886739253998,0.681567745730152,0.6745685105424699,0,0
0.21923138201236725,-1.8481873273849487,0.14699886739253998,0.6922605924615447,0.6714243475682521,0,0
0.21628843247890472,-1.8460019826889038,0.14699885249137878,0.7063493070226251,0.6941180674244963,0,0
0.21334531903266907,-1.8438163995742798,0.1469988375902176,0.6677062500921818,0.6946162445770009,0,0
0.21040211617946625,-1.8416308164596558,0.1469988375902176,0.6852639908934807,0.6726472365024482,0,0
0.20745882391929626,-1.8394453525543213,0.1469988226890564,0.6887323412105152,0.6655075630479885,0,0
0.20451541244983673,-1.8372598886489868,0.1469988226890564,0.7312408823006189,0.7248592404592541,0,0
0.20157194137573242,-1.8350741863250732,0.1469988226890564,0.7143404318530049,0.7178597040560419,0,0
0.19862841069698334,-1.8328884840011597,0.1469988226890564,0.7102784513079471,0.7234455317929479,0,0
0.1956847459077835,-1.8307029008865356,0.1469988226890564,0.7282131550795986,0.7355018650302444,0,0
0.1927410513162613,-1.828517198562622,0.1469988226890564,0.7348695906825924,0.7169291093576926,0,0
0.1897972673177719,-1.826331615447998,0.1469988226890564,0.7071446785103574,0.7281075746696914,0,0
0.18685340881347656,-1.8241461515426636,0.1469988226890564,0.7203661420117652,0.7417091165973194,0,0
0.18390947580337524,-1.82196044921875,0.1469988226890564,0.7249525866323945,0.7149768554690693,0,0
0.18096543848514557,-1.819774866104126,0.1469988226890564,0.7064400183920473,0.7358156567456285,0,0
0.17802132666110992,-1.8175890445709229,0.1469988226890564,0.7143726648163383,0.7115275722950144,0,0
0.17507712543010712,-1.8154034614562988,0.1469988226890564,0.7784673250498686,0.7697915242857758,0,0
0.17213283479213715,-1.8132178783416748,0.1469988226890564,0.74933918135043,0.7592918389347422,0,0
0.1691884696483612,-1.8110321760177612,0.1469988226890564,0.7490562797890026,0.7592254519571096,0,0
0.16624405980110168,-1.8088465929031372,0.1469988226890564,0.7572616252373745,0.76953822193423,0,0
0.163299560546875,-1.8066611289978027,0.1469988226890564,0.7519657763886994,0.7568940455227497,0,0
0.16035497188568115,-1.8044753074645996,0.1469988226890564,0.759804032219862,0.7815489941902508,0,0
0.15741030871868134,-1.8022899627685547,0.1469988226890564,0.765919923200765,0.7515960010334408,0,0
0.15446557104587555,-1.8001046180725098,0.1469988226890564,0.7634536501703533,0.7610512472485705,0,0
0.1515207588672638,-1.797918677330017,0.1469988226890564,0.7703320583229538,0.757435411733342,0,0
0.14857587218284607,-1.7957329750061035,0.1469988226890564,0.7728401762581553,0.7537374829666978,0,0
0.14563094079494476,-1.7935470342636108,0.1469988226890564,0.7925776442004385,0.7740380176076326,0,0
0.1426859050989151,-1.7913612127304077,0.1469988226890564,0.8073067152890776,0.8034690867998318,0,0
0.13974079489707947,-1.7891753911972046,0.1469988226890564,0.7877970572890833,0.7903841583918143,0,0
0.13679562509059906,-1.786989450454712,0.1469988226890564,0.7972862995836788,0.791780652281628,0,0
0.1338503658771515,-1.7848037481307983,0.1469990611076355,0.7911681759389427,0.7752188022357731,0,0
0.13090504705905914,-1.7826179265975952,0.1469992846250534,0.8006404446369715,0.7830650549627394,0,0
0.1279596984386444,-1.780432105064392,0.1469995230436325,0.8000086874923873,0.7920690080303336,0,0
0.12501433491706848,-1.7782461643218994,0.1469995230436325,0.7879101028244496,0.7949374143517507,0,0
0.12206891924142838,-1.776060700416565,0.1469995230436325,0.7903688649765793,0.7842224406517729,0,0
0.11912353336811066,-1.773875117301941,0.1469995230436325,0.7783935968556702,0.7923042349276432,0,0
0.11617810279130936,-1.7716896533966064,0.1469995230436325,0.506511676680265,0.5059278097295817,0,0
0.11323266476392746,-1.7695043087005615,0.1469995230436325,0.5156132028746999,0.4886232511190366,0,0
0.11028721183538437,-1.7673184871673584,0.1469995230436325,0.5151849367107326,0.49721192712954543,0,0
0.10734172910451889,-1.765133261680603,0.1469995230436325,0.490694162081931,0.48535461505264144,0,0
0.10439625382423401,-1.762947678565979,0.1469995230436325,0.5003864282337892,0.5049554766707666,0,0
0.10145074874162674,-1.760762333869934,0.1469995230436325,0.4900168950655992,0.5078614883076515,0,0
0.09850523620843887,-1.75857675075531,0.1469995230436325,0.514288521147211,0.507209925957131,0,0
0.09555970877408981,-1.7563914060592651,0.1469995230436325,0.5018390212997069,0.5026342291371574,0,0
0.09261415898799896,-1.7542058229446411,0.1469995230436325,0.5034870674320798,0.49977263334707867,0,0
0.08966857939958572,-1.7520203590393066,0.1469995230436325,0.4952613926971153,0.504818591088678,0,0
0.08672299236059189,-1.7498348951339722,0.1469995230436325,0.4998448783529624,0.49641972521072697,0,0
0.08377739787101746,-1.7476494312286377,0.1469995230436325,0.5001232961956631,0.5052032298444087,0,0
0.08083178102970123,-1.7454638481140137,0.1469995230436325,0.5189658937469539,0.5210821986922135,0,0
0.07788615673780441,-1.7432783842086792,0.1469995230436325,0.5059845524363752,0.5103364912676047,0,0
0.0749405026435852,-1.7410930395126343,0.1469995230436325,0.5139279595452544,0.490430845258325,0,0
0.0719948559999466,-1.7389075756072998,0.1469995230436325,0.5005595709471192,0.5026489098318454,0,0
0.0690491795539856,-1.7367222309112549,0.1469995230436325,0.497963332581842,0.5017228934829481,0,0
0.0661035031080246,-1.7345370054244995,0.1469995230436325,0.4912966015897155,0.49729042884533803,0,0
0.06315778940916061,-1.7323517799377441,0.1469995230436325,0.5001824356518537,0.4921866520654681,0,0
0.06021207571029663,-1.7301666736602783,0.1469995230436325,0.4938101737775849,0.48692343399223925,0,0
0.05726633965969086,-1.7279813289642334,0.1469995230436325,0.49945956071381553,0.49963075516229494,0,0
0.05432058870792389,-1.7257962226867676,0.1469995230436325,0.49503950049907675,0.5067652138480729,0,0
0.051374830305576324,-1.7236108779907227,0.1469995230436325,0.4977932092601322,0.5076064863014953,0,0
0.048429060727357864,-1.7214256525039673,0.1469995230436325,0.5132248994105926,0.4871872930166663,0,0
0.04548326134681702,-1.7192405462265015,0.1469995230436325,0.49268105579576643,0.4879910012393439,0,0
0.04253745451569557,-1.7170559167861938,0.1469995230436325,0.5007613983307027,0.526994936900072,0,0
0.03959163278341293,-1.7148706912994385,0.1469995230436325,0.4977475027901096,0.5002896275323357,0,0
0.0366457961499691,-1.712685465812683,0.1469995230436325,0.4920199992555809,0.4927465919747511,0,0
0.033699944615364075,-1.7105002403259277,0.1469995230436325,0.5141717215211616,0.5066229843322181,0,0
0.030754080042243004,-1.708315134048462,0.1469995230436325,0.49816698674060766,0.49736607734064125,0,0
0.02780820056796074,-1.7061301469802856,0.1469995230436325,0.49195667111289776,0.49925887806273495,0,0
0.02486231178045273,-1.703945279121399,0.1469995230436325,0.5041632804089988,0.5071451059740294,0,0
0.021916402503848076,-1.7017602920532227,0.1469995230436325,0.4942657577491938,0.5042286991243987,0,0
0.018970482051372528,-1.6995751857757568,0.1469995230436325,0.48095623227029183,0.5118785544212752,0,0
0.016024544835090637,-1.6973903179168701,0.1469995230436325,0.49990060800177133,0.49722396384191103,0,0
0.013078594580292702,-1.695205569267273,0.1469995230436325,0.5057929273227009,0.49438368864721,0,0
0.01013263314962387,-1.6930205821990967,0.1469995230436325,0.5114491021138896,0.49631776578856607,0,0
0.007186653558164835,-1.690835952758789,0.1469995230436325,0.4903223798051473,0.49698950231308503,0,0
0.0042406595312058926,-1.688651204109192,0.1469995230436325,0.4939281017551426,0.5045732542657035,0,0
0.0012946523493155837,-1.6864665746688843,0.1469995230436325,0.5118281645944233,0.5058142887552681,0,0
-0.0016513675218448043,-1.684281587600708,0.1469995230436325,0.48811443351176564,0.49321067888457426,0,0
-0.004597402177751064,-1.6820964813232422,0.1469995230436325,0.4936229721294637,0.48541600110036665,0,0
-0.00754344929009676,-1.679911494255066,0.1469995230436325,0.4935780043548117,0.506181281519971,0,0
-0.01048951130360365,-1.6777265071868896,0.1469995230436325,0.4984987991805102,0.4955401654085803,0,0
-0.013435585424304008,-1.6755417585372925,0.1469995230436325,0.5011041147526928,0.4861247193853116,0,0
-0.016381675377488136,-1.6733572483062744,0.1469995230436325,0.5020762669648887,0.5073776663053382,0,0
-0.01932777650654316,-1.6711723804473877,0.1469995230436325,0.4957399934209114,0.502386660786531,0,0
-0.022273892536759377,-1.668987512588501,0.1469995230436325,0.49201564687991933,0.503892857616357,0,0
-0.025220023468136787,-1.6668031215667725,0.1469995230436325,0.47946303308150473,0.4886064164166463,0,0
-0.028166163712739944,-1.664618730545044,0.1469995230436325,0.5056595042382881,0.49214918631513127,0,0
-0.031112318858504295,-1.6624342203140259,0.1469995230436325,0.5028108420814577,0.4965402788134073,0,0
-0.03405848890542984,-1.6602497100830078,0.1469995230436325,0.4892759339714535,0.49635613478178753,0,0
-0.03700466826558113,-1.6580650806427002,0.1469995230436325,0.5051286547745679,0.5066447080871236,0,0
-0.039950862526893616,-1.6558806896209717,0.1469995230436325,0.49676904426832613,0.5040234549170263,0,0
-0.04289707541465759,-1.6536961793899536,0.1469995230436325,0.4937426460133032,0.5071347920285317,0,0
-0.045843299478292465,-1.6515116691589355,0.1469995230436325,0.5200130325903416,0.511854544649884,0,0
-0.048789530992507935,-1.6493271589279175,0.1469995230436325,0.483852133848411,0.5145208268560045,0,0
-0.0517357736825943,-1.6471424102783203,0.1469995230436325,0.5290857689293137,0.5162373473244284,0,0
-0.05468203127384186,-1.6449581384658813,0.1469995230436325,0.5038564076682355,0.505426901242033,0,0
-0.05762830004096031,-1.6427737474441528,0.1469995230436325,0.49032918002888537,0.5062533310049098,0,0
-0.06057459115982056,-1.6405891180038452,0.1469995230436325,0.4929523425580724,0.4997530503984786,0,0
-0.0635208860039711,-1.6384047269821167,0.1469995230436325,0.4928357781974173,0.48114560396308115,0,0
-0.06646720319986343,-1.6362205743789673,0.1469995230436325,0.5053809392154371,0.5021137490318098,0,0
-0.06941352784633636,-1.6340365409851074,0.1469995230436325,0.49014482943416393,0.49769010273989434,0,0
-0.07235985994338989,-1.631852388381958,0.1469995230436325,0.4972728994553313,0.5024565214194168,0,0
-0.07530620694160461,-1.6296682357788086,0.1469995230436325,0.5028220467006245,0.5004017413582229,0,0
-0.07825256884098053,-1.6274840831756592,0.1469995230436325,0.5037603619316108,0.49857945555512945,0,0
-0.08119893074035645,-1.6253000497817993,0.1469995230436325,0.4990852863831377,0.49917671639745853,0,0
-0.08414530754089355,-1.6231155395507812,0.1469995230436325,0.5030900542297143,0.4985918364123277,0,0
-0.08709171414375305,-1.6209313869476318,0.1469995230436325,0.49107858580267727,0.5034065955570102,0,0
-0.09003812074661255,-1.6187469959259033,0.1469995230436325,0.5040367807629523,0.5033944751207018,0,0
-0.09298455715179443,-1.6165627241134644,0.1469995230436325,0.4996149269132202,0.5024982920043142,0,0
-0.09593098610639572,-1.6143786907196045,0.1469995230436325,0.497629880813473,0.4961168391873328,0,0
-0.0988774374127388,-1.612194538116455,0.1469995230436325,0.5239822202635321,0.49372091053466327,0,0
-0.10182391107082367,-1.6100105047225952,0.1469995230436325,0.4997600065486178,0.5130934502822201,0,0
-0.10477036237716675,-1.607826590538025,0.1469995230436325,0.5051232762792283,0.4961007152359166,0,0
-0.10771682858467102,-1.605642557144165,0.14699974656105042,0.5003348731736839,0.4930869185274582,0,0
-0.1106632873415947,-1.6034581661224365,0.14699974656105042,0.4962883726259535,0.5030484592399783,0,0
-0.11360974609851837,-1.601274013519287,0.14699974656105042,0.4982160930802524,0.5008711249729578,0,0
-0.11655619740486145,-1.5990900993347168,0.14699974656105042,0.5152574866267025,0.49965878215792603,0,0
-0.11950263381004333,-1.5969058275222778,0.14699974656105042,0.4964839723292286,0.501738166882032,0,0
-0.12244905531406403,-1.594722032546997,0.14699974656105042,0.49571300986467326,0.5004103053449168,0,0
-0.12539546191692352,-1.5925382375717163,0.14699974656105042,0.5045976437776818,0.49571813119376934,0,0
-0.12834186851978302,-1.5903544425964355,0.14699974656105042,0.4959547799903452,0.4942238377597482,0,0
-0.13128824532032013,-1.5881706476211548,0.14699974656105042,0.49565980999407117,0.5058435635841768,0,0
-0.13423463702201843,-1.5859869718551636,0.14699974656105042,0.5032865548031005,0.5100154748870883,0,0
-0.13718101382255554,-1.5838028192520142,0.14699974656105042,0.49058239677680865,0.4918866152450932,0,0
-0.14012737572193146,-1.581619143486023,0.14699974656105042,0.49702075857385514,0.5003960252449581,0,0
-0.14307373762130737,-1.5794352293014526,0.14699974656105042,0.4944345091601917,0.4824336133404697,0,0
-0.1460200846195221,-1.5772515535354614,0.14699974656105042,0.5012117204345989,0.4884411249986043,0,0
-0.14896641671657562,-1.5750678777694702,0.14699974656105042,0.48182273823982447,0.5045810836515294,0,0
-0.15191273391246796,-1.5728840827941895,0.14699974656105042,0.5028513291546504,0.49282521925829376,0,0
-0.1548590362071991,-1.5707004070281982,0.14699974656105042,0.5163420524900026,0.4995974105946491,0,0
-0.15780532360076904,-1.5685166120529175,0.14699974656105042,0.5037424904536918,0.5222463137373476,0,0
-0.160751610994339,-1.566332459449768,0.14699974656105042,0.5086057717819842,0.5019215576474721,0,0
-0.16369788348674774,-1.5641487836837769,0.14699974656105042,0.5272321746855597,0.5146953204853958,0,0
-0.1666441410779953,-1.561964750289917,0.14699974656105042,0.5050442677211279,0.5035391181112362,0,0
-0.16959039866924286,-1.5597811937332153,0.14699974656105042,0.49344595011872033,0.4985682150530179,0,0
-0.17253664135932922,-1.5575975179672241,0.14699974656105042,0.506074442462763,0.5100772747463087,0,0
-0.1754828542470932,-1.555414080619812,0.14699974656105042,0.49990083101426824,0.5063316499955665,0,0
-0.17842906713485718,-1.5532304048538208,0.14699974656105042,0.470930528529492,0.5076998390444941,0,0
-0.18137528002262115,-1.5510464906692505,0.14699974656105042,0.49769562583318444,0.47895450217597807,0,0
-0.18432150781154633,-1.5488628149032593,0.14699974656105042,0.492766817252241,0.5031373842890327,0,0
-0.18726769089698792,-1.546678900718689,0.14699974656105042,0.49430161677305606,0.4949833759418468,0,0
-0.1902138739824295,-1.5444954633712769,0.14699974656105042,0.4821158871150753,0.5124368448278723,0,0
-0.1931600421667099,-1.5423120260238647,0.14699974656105042,0.5085840820929335,0.4991023138011036,0,0
-0.1961061805486679,-1.5401285886764526,0.14699974656105042,0.510385402926874,0.5048594848302874,0,0
-0.1990523636341095,-1.5379451513290405,0.14699974656105042,0.4852754368526223,0.48945646618641553,0,0
-0.2019984871149063,-1.5357613563537598,0.14699974656105042,0.4963067680272669,0.4931298604838267,0,0
-0.2049446403980255,-1.5335779190063477,0.14699974656105042,0.5001674475690235,0.5050891313391944,0,0
-0.20789073407649994,-1.5313940048217773,0.14699974656105042,0.49465620891511514,0.5131725767751385,0,0
-0.21083682775497437,-1.5292106866836548,0.14699974656105042,0.5241939128928127,0.5000094122148078,0,0
-0.21378293633460999,-1.5270272493362427,0.14699974656105042,0.5084032433853618,0.4838265511683982,0,0
-0.2167290300130844,-1.5248439311981201,0.14699974656105042,0.5016459784807655,0.49961415290591443,0,0
-0.21967512369155884,-1.522660493850708,0.14699974656105042,0.5011362383497687,0.4917001229334464,0,0
-0.22262118756771088,-1.5204766988754272,0.14699974656105042,0.50353610224152,0.4879986275602143,0,0
-0.2255672663450241,-1.5182934999465942,0.14699974656105042,0.5069588870057136,0.48427236055375433,0,0
-0.22851334512233734,-1.5161103010177612,0.14699974656105042,0.49345586543671627,0.5093327435982012,0,0
-0.2314593493938446,-1.5139268636703491,0.14699974656105042,0.501356844292363,0.48289523140431867,0,0
-0.23440535366535187,-1.5117436647415161,0.14699974656105042,0.5222268207925113,0.5015971353053083,-1,-1
-0.23735155165195465,-1.509560465812683,0.1465384066104889,0.49646677093813396,0.4907310808522409,0,0
-0.24029594659805298,-1.5073771476745605,0.14535680413246155,0.4935482221657281,0.49964856596625534,0,0
-0.24323342740535736,-1.505192518234253,0.14333029091358185,0.4998906340233942,0.4909018775979543,0,0
-0.24615620076656342,-1.503005862236023,0.14039993286132812,0.501768042022334,0.49574880687353867,0,0
-0.24905350804328918,-1.500815987586975,0.13654914498329163,0.4969260400276383,0.48846510662952247,0,0
-0.25191283226013184,-1.4986207485198975,0.13178376853466034,0.5081738550271723,0.5041161936891432,0,0
-0.25471994280815125,-1.4964182376861572,0.1261272132396698,0.490465874778683,0.5049427494761511,0,0
-0.25746092200279236,-1.4942072629928589,0.11961451917886734,0.49080129746222245,0.5069579059898394,0,0
-0.2601211369037628,-1.4919871091842651,0.1122693121433258,0.4858506030007494,0.5128525824560102,0,0
-0.2626864016056061,-1.4897582530975342,0.10412321239709854,0.4995745513333019,0.49048691271787037,0,0
-0.2651430368423462,-1.4875222444534302,0.09521231055259705,0.50390460813435,0.500700385145356,0,0
-0.2674785852432251,-1.485281229019165,0.0855787917971611,0.48885796540621684,0.5105675229641988,0,0
-0.26968127489089966,-1.4830400943756104,0.07523937523365021,0.49813595682241096,0.4854661793352271,0,0
-0.27174147963523865,-1.480803370475769,0.06424213200807571,0.5070030212604455,0.4934601421543205,0,0
-0.2736508250236511,-1.4785772562026978,0.05260864645242691,0.4950138521002304,0.49667218339162816,0,0
-0.27540338039398193,-1.4763699769973755,0.04036999121308327,0.5013421656672079,0.5036591557271899,0,0
-0.27699342370033264,-1.474191427230835,0.027524912729859352,0.488396453182403,0.4884867617263301,0,0
-0.2784172296524048,-1.4720507860183716,0.0141463503241539,0.4997630267156848,0.5022594305696834,0,0
-0.2796723544597626,-1.4699580669403076,0.00022424405324272811,0.5013788530785663,0.4991399996840112,0,0
-0.28075823187828064,-1.467922568321228,-0.014139187522232533,0.5268076557516359,0.49423242879097845,0,0
-0.281677782535553,-1.4659550189971924,-0.02902834676206112,0.5171214527986974,0.49077514763839425,0,0
-0.2824347913265228,-1.464065432548523,-0.04438445344567299,0.5039178768621183,0.49957811385614137,0,0
-0.28303566575050354,-1.4622644186019897,-0.06018209829926491,0.48592426369264446,0.4987574369637834,0,0
-0.2834877669811249,-1.4605629444122314,-0.07633309811353683,0.5023457915025615,0.5011859616363629,0,0
-0.2837975025177002,-1.4589706659317017,-0.09295908361673355,0.5050618414498365,0.500268285350592,0,0
-0.28397345542907715,-1.457495927810669,-0.10995397716760635,0.49165341522991696,0.49327469494378773,0,0
-0.2840251326560974,-1.4561468362808228,-0.1273016333580017,0.5074972489154036,0.5036025984141385,0,0
-0.2839617431163788,-1.4549299478530884,-0.1450572907924652,0.5046652215967883,0.4852798053739813,0,0
-0.2837947905063629,-1.4538477659225464,-0.16312092542648315,0.49159072315037194,0.5024929221514987,0,0
-0.2835368812084198,-1.4529032707214355,-0.18147607147693634,0.4971685455663456,0.48981675354196746,0,0
-0.28320086002349854,-1.4520975351333618,-0.20012502372264862,0.5003893983290587,0.498663710206477,0,0
-0.2828007638454437,-1.4514285326004028,-0.21900703012943268,0.5156411549217682,0.49932534496551834,0,0
-0.282351553440094,-1.450893521308899,-0.23810523748397827,0.5030488545499567,0.49937627777230825,0,0
-0.28186774253845215,-1.4504890441894531,-0.2574161887168884,0.5119197201015104,0.5016813799490074,0,0
-0.28136301040649414,-1.450209617614746,-0.27692222595214844,0.5269127977610277,0.5108180566625266,0,0
-0.28085118532180786,-1.4500483274459839,-0.2965858280658722,0.49084391125478194,0.48880637780938885,0,0
-0.28034526109695435,-1.449998378753662,-0.3163984715938568,0.5183350945662305,0.49187575206215683,0,0
-0.27985653281211853,-1.4500524997711182,-0.33636194467544556,0.5021807340414622,0.47892396213763827,0,0
-0.2793944776058197,-1.450201392173767,-0.3564487099647522,0.5094522271581464,0.49819860668931354,0,0
-0.2789677083492279,-1.4504355192184448,-0.3766319751739502,0.5207311922966047,0.5018050303274638,0,0
-0.2785838544368744,-1.4507453441619873,-0.3969067633152008,0.4902628025280609,0.49224224937442823,0,0
-0.27824896574020386,-1.45112144947052,-0.41726431250572205,0.49556852378620536,0.5083416432777741,0,0
-0.27796706557273865,-1.451554775238037,-0.43768805265426636,0.5015038449431829,0.5011629435186764,0,0
-0.2777407765388489,-1.4520355463027954,-0.458152711391449,0.49537877071010594,0.5105672555143421,0,0
-0.27757251262664795,-1.452553153038025,-0.47864964604377747,0.5120068992066832,0.4953659028136405,0,0
-0.27746450901031494,-1.4530982971191406,-0.49916526675224304,0.5018335857260006,0.4759368145738265,0,0
-0.27741768956184387,-1.4536622762680054,-0.5196887850761414,0.4983483421376841,0.4989143996364304,0,0
-0.2774311602115631,-1.4542357921600342,-0.5401993989944458,0.5032991472677361,0.4950156486329343,0,0
-0.27750226855278015,-1.4548091888427734,-0.5606763958930969,0.47901131347832576,0.5068141177275859,0,0
-0.2776276767253876,-1.4553728103637695,-0.5811052918434143,0.4881625018648827,0.5014155898753138,0,0
-0.2778034210205078,-1.4559168815612793,-0.6014851927757263,0.48844121625370124,0.4926573249853207,0,0
-0.2780247628688812,-1.4564330577850342,-0.6218113303184509,0.5221346525044886,0.5096135887578225,0,0
-0.27828532457351685,-1.456916332244873,-0.6420671939849854,0.49283355693047376,0.5015761351604965,0,0
-0.2785773277282715,-1.4573626518249512,-0.6622342467308044,0.5160811554616468,0.5137080291802433,0,0
-0.2788921892642975,-1.4577699899673462,-0.6822959184646606,0.5016562848756617,0.4855756392516581,0,0
-0.2792220115661621,-1.458136796951294,-0.7022532820701599,0.49402721798820043,0.4987538297885517,0,0
-0.279560387134552,-1.458461880683899,-0.7220993041992188,0.48318089350770954,0.5160982827845333,0,0
-0.27990221977233887,-1.4587451219558716,-0.7418193817138672,0.5034633359575592,0.5308695549313749,0,0
-0.28024327754974365,-1.4589879512786865,-0.7613954544067383,0.4976725536166248,0.4985050645505933,0,0
-0.28057971596717834,-1.4591927528381348,-0.7808187007904053,0.49587445836950156,0.49943504128251237,0,0
-0.2809077799320221,-1.459362268447876,-0.8000787496566772,0.4994273880104285,0.7689769330705569,0,0
-0.2812238037586212,-1.4594999551773071,-0.8191621899604797,0.4981900766268601,0.7628818853150269,0,0
-0.28152450919151306,-1.459608554840088,-0.8380610346794128,0.5065397433577915,0.7862055859267004,0,0
-0.2818070352077484,-1.459691047668457,-0.8567689061164856,0.5069620854176673,0.7943730999270072,0,0
-0.28206953406333923,-1.4597502946853638,-0.8752701878547668,0.5144801901509239,0.7824240109900829,0,0
-0.28231081366539,-1.45978844165802,-0.8935633897781372,0.49787991717637564,0.781636560231445,0,0
-0.2825307250022888,-1.459808349609375,-0.9116392731666565,0.5160227064473071,0.7807725155404897,0,0
-0.2827296853065491,-1.4598125219345093,-0.9294838309288025,0.5155797351533967,0.77892615085093,0,0
-0.2829086184501648,-1.4598040580749512,-0.94709312915802,0.5144386001950513,0.7771982145877715,0,0
-0.2830687165260315,-1.4597852230072021,-0.9644623398780823,0.51466241217305,0.7799026402904315,0,0
-0.28321102261543274,-1.4597595930099487,-0.9815798997879028,0.7730395856563673,0.703060244325651,0,0
-0.2833365797996521,-1.459729790687561,-0.9984418153762817,0.7691432710765554,0.7022246467566372,0,0
-0.2834463119506836,-1.459697961807251,-1.0150434970855713,0.796712274757873,0.6972034667032609,0,0
-0.28354114294052124,-1.4596662521362305,-1.0313783884048462,0.7807182465031538,0.7121917694293425,0,0
-0.28362181782722473,-1.4596360921859741,-1.0474412441253662,0.7780631452598983,0.7057023172182285,0,0
-0.2836891710758209,-1.4596089124679565,-1.0632286071777344,0.790597068493124,0.7119535146366708,0,0
-0.2837440073490143,-1.4595853090286255,-1.0787346363067627,0.7778854833489041,0.7194534596318413,0,0
-0.283787339925766,-1.4595654010772705,-1.093951940536499,0.7807073664277732,0.7144686892571727,0,0
-0.2838202118873596,-1.459549069404602,-1.108880639076233,0.7757284126142553,0.7062834836604915,0,0
-0.283843994140625,-1.4595361948013306,-1.1235146522521973,0.7586570933999639,0.7056806683783414,0,0
-0.28385987877845764,-1.4595264196395874,-1.1378545761108398,0.7189148395592359,0.668055163209429,0,0
-0.2838694751262665,-1.4595190286636353,-1.151895523071289,0.7141193440402719,0.6754489449389895,0,0
-0.2838740944862366,-1.4595140218734741,-1.1656360626220703,0.7171486608827459,0.6624670582900494,0,0
-0.28387516736984253,-1.4595102071762085,-1.179078221321106,0.7140811671595075,0.678845197765313,0,0
-0.28387412428855896,-1.4595073461532593,-1.1922160387039185,0.7189216954191132,0.6814312614745457,0,0
-0.28387215733528137,-1.4595059156417847,-1.2050429582595825,0.7232830677179063,0.6624171011947341,0,0
-0.2838703691959381,-1.4595049619674683,-1.2175654172897339,0.7167447892182681,0.6593025797930152,0,0
-0.28386959433555603,-1.4595046043395996,-1.2297828197479248,0.7223061053080096,0.6941417143027717,0,0
-0.2838705778121948,-1.4595047235488892,-1.2416894435882568,0.707018770889986,0.6757694062679926,0,0
-0.2838737666606903,-1.459505319595337,-1.2532908916473389,0.7203611147998048,0.6626194459227002,0,0
-0.2838793694972992,-1.4595063924789429,-1.2645865678787231,0.7118088153504184,0.6553252870760056,0,0
-0.2838875949382782,-1.4595080614089966,-1.2755769491195679,0.6961476732402883,0.6515201465914654,0,0
-0.28389832377433777,-1.4595099687576294,-1.2862613201141357,0.6988798020005121,0.6771907646266823,0,0
-0.28391125798225403,-1.4595125913619995,-1.2966399192810059,0.6736635236499795,0.6728809218641676,0,0
-0.28392621874809265,-1.4595152139663696,-1.3067123889923096,0.6811244141137801,0.6710958156892,0,0
-0.28394272923469543,-1.4595184326171875,-1.3164856433868408,0.6755736729083778,0.6543413799338266,0,0
-0.28396034240722656,-1.459521770477295,-1.3259588479995728,0.6771697364459415,0.6793300800978667,0,0
-0.283978670835495,-1.4595248699188232,-1.3351386785507202,0.7055554490628391,0.6540751493871255,0,0
-0.28399723768234253,-1.4595282077789307,-1.344024658203125,0.690849935570955,0.6422965285892913,0,0
-0.28401562571525574,-1.4595311880111694,-1.3526161909103394,0.6772083462649201,0.6690005329627993,0,0
-0.2840334475040436,-1.45953369140625,-1.3609205484390259,0.6717018494099883,0.6511006690914908,0,0
-0.28405046463012695,-1.4595354795455933,-1.3689374923706055,0.6514022599128326,0.6627715882807671,0,0
-0.28406646847724915,-1.4595367908477783,-1.376672625541687,0.6857858674617767,0.6536719599216885,0,0
-0.2840813100337982,-1.459537148475647,-1.3841264247894287,0.6532692551375443,0.6457186343334216,0,0
-0.2840948700904846,-1.4595365524291992,-1.391304612159729,0.6714723233717848,0.642585024976994,0,0
-0.2841070592403412,-1.4595353603363037,-1.398213267326355,0.6828308777260031,0.6472685798469617,0,0
-0.2841179668903351,-1.4595329761505127,-1.4048519134521484,0.6740163932317813,0.6630302183350409,0,0
-0.2841273844242096,-1.4595298767089844,-1.411221981048584,0.6649097193193662,0.6665295174656407,0,0
-0.28413692116737366,-1.4595279693603516,-1.4173164367675781,0.6714971900409568,0.6732377026023167,0,0
-0.2841504216194153,-1.459532618522644,-1.4231410026550293,0.6719332961388291,0.6521247036652948,0,0
-0.28417396545410156,-1.459553599357605,-1.4286911487579346,0.6538858047427996,0.6723157661006707,0,0
-0.28421610593795776,-1.459604263305664,-1.433969259262085,0.6476087174129337,0.6594726094339333,0,0
-0.2842864990234375,-1.4596986770629883,-1.4390201568603516,0.6725994069243225,0.659519889915638,0,0
-0.28439366817474365,-1.4598520994186401,-1.4438585042953491,0.6652834635269175,0.6629899209154513,0,0
-0.28454524278640747,-1.4600809812545776,-1.4484424591064453,0.678447163007014,0.6689431783080076,0,0
-0.2847495973110199,-1.4604023694992065,-1.4527884721755981,0.662046198912864,0.6538645676847246,0,0
-0.2850152254104614,-1.4608287811279297,-1.4569880962371826,0.6567035351330066,0.6538206242899739,0,0
-0.28534865379333496,-1.4613693952560425,-1.461071491241455,0.6624076183986985,0.6575054295722469,0,0
-0.28575441241264343,-1.4620298147201538,-1.465010404586792,0.6693852437703458,0.6653391347960116,0,0
-0.28623607754707336,-1.4628137350082397,-1.4687910079956055,0.6643548407292396,0.6738941580795405,0,0
-0.2867971360683441,-1.4637222290039062,-1.4724082946777344,0.6439018226287655,0.6462905326020877,0,0
-0.28744104504585266,-1.4647544622421265,-1.475873589515686,0.6600378726644044,0.6564513207587276,0,0
-0.28817105293273926,-1.4659080505371094,-1.4791805744171143,0.6626723412646622,0.6583371315760497,0,0
-0.2889895737171173,-1.467179298400879,-1.4823428392410278,0.6573944648485348,0.680871832842736,0,0
-0.28989776968955994,-1.4685636758804321,-1.4853699207305908,0.6583202442172061,0.6537585697739394,0,0
-0.29089516401290894,-1.4700568914413452,-1.4882678985595703,0.6647881997188575,0.6605908436813525,0,0
-0.2919800877571106,-1.4716535806655884,-1.4910386800765991,0.6597029097082512,0.6627012082954982,0,0
-0.29314979910850525,-1.4733479022979736,-1.4936857223510742,0.663445938948173,0.6722816881285394,0,0
-0.2944014370441437,-1.4751337766647339,-1.4962115287780762,0.661945731346396,0.6440308456846023,0,0
-0.2957320809364319,-1.4770041704177856,-1.4986168146133423,0.6622778087619833,0.6543947724794078,0,0
-0.2971389591693878,-1.4789516925811768,-1.5009078979492188,0.6363360589974816,0.6230653893450064,0,0
-0.29861941933631897,-1.4809690713882446,-1.5030916929244995,0.6441422442105741,0.6546498144653174,0,0
-0.3001707196235657,-1.483051061630249,-1.5051859617233276,0.6456680390041433,0.644877580675575,0,0
-0.3017902076244354,-1.4851917028427124,-1.5071969032287598,0.6429536188130084,0.6572635173439876,0,0
-0.3034748435020447,-1.4873876571655273,-1.5091279745101929,0.6503699423840694,0.6657859281315424,0,0
-0.30522099137306213,-1.4896351099014282,-1.510971188545227,0.6445443687372653,0.6466799894698807,0,0
-0.30702444911003113,-1.4919302463531494,-1.5127229690551758,0.6323564985673171,0.6559900756912356,0,0
-0.30888068675994873,-1.4942694902420044,-1.5143811702728271,0.6317886504231597,0.6524819253790742,0,0
-0.31078508496284485,-1.496649146080017,-1.5159521102905273,0.6469445377373297,0.642088250008237,0,0
-0.3127332925796509,-1.4990640878677368,-1.517449140548706,0.6410768938522727,0.6398539868456774,0,0
-0.3147219717502594,-1.501510500907898,-1.5188791751861572,0.6085489778799913,0.6195249123506137,0,0
-0.31674841046333313,-1.5039846897125244,-1.5202528238296509,0.6111349246405813,0.6100657953732594,0,0
-0.3188105523586273,-1.5064828395843506,-1.5215693712234497,0.6215273754038156,0.6269737449654893,0,0
-0.3209066689014435,-1.5090022087097168,-1.5228325128555298,0.6170508019110567,0.6226173661026058,0,0
-0.3230348825454712,-1.5115406513214111,-1.5240411758422852,0.6134763090937059,0.6211172568909931,0,0
-0.32519304752349854,-1.5140968561172485,-1.5251954793930054,0.6166255978904547,0.6337825330283443,0,0
-0.32737869024276733,-1.5166692733764648,-1.5262902975082397,0.6081387988423088,0.6217270048730242,0,0
-0.32958948612213135,-1.5192562341690063,-1.5273314714431763,0.6179297948906692,0.610546904844848,0,0
-0.33182328939437866,-1.5218565464019775,-1.528327226638794,0.6119327854361262,0.6346255163477531,0,0
-0.3340781331062317,-1.524468183517456,-1.5292794704437256,0.6123337875964624,0.6234849246652667,0,0
-0.3363524079322815,-1.5270897150039673,-1.5301873683929443,0.593036622100789,0.6105688210417775,0,0
-0.33864492177963257,-1.5297194719314575,-1.53105628490448,0.5626723549850966,0.5895506518045874,0,0
-0.34095436334609985,-1.5323567390441895,-1.5318866968154907,0.5762884987776276,0.5897760846458375,0,0
-0.3432796597480774,-1.534999966621399,-1.5326796770095825,0.5719750127022335,0.5935910817864541,0,0
-0.34561970829963684,-1.5376496315002441,-1.5334398746490479,0.5822682034017612,0.5921181987819687,0,0
-0.3479733169078827,-1.5403046607971191,-1.5341652631759644,0.5797266940632159,0.591142082359107,0,0
-0.35033929347991943,-1.5429643392562866,-1.5348566770553589,0.5701801580678076,0.5996343462024961,0,0
-0.35271650552749634,-1.5456289052963257,-1.5355160236358643,0.5712656024829981,0.5933352129810355,0,0
-0.35510408878326416,-1.5482960939407349,-1.5361440181732178,0.5854803419903121,0.5783244031500065,0,0
-0.3575010895729065,-1.550966501235962,-1.536743402481079,0.5707400158225973,0.5872741706693707,0,0
-0.3599068522453308,-1.5536388158798218,-1.5373197793960571,0.5445209384940433,0.561185568006755,0,0
-0.36232081055641174,-1.5563135147094727,-1.5378718376159668,0.542255981075583,0.5523101772176814,0,0
-0.36474254727363586,-1.558989405632019,-1.5383996963500977,0.5556386272831506,0.5586007437279754,0,0
-0.36717143654823303,-1.5616669654846191,-1.5389015674591064,0.5590090754102442,0.5535325914971969,0,0
-0.36960700154304504,-1.5643452405929565,-1.5393823385238647,0.553729321939438,0.5467413680228042,0,0
-0.3720485270023346,-1.5670242309570312,-1.539839744567871,0.5309102826867316,0.5425075799518719,0,0
-0.37449565529823303,-1.5697040557861328,-1.5402756929397583,0.5394633979230291,0.5732147281784157,0,0
-0.37694790959358215,-1.572383999824524,-1.5406956672668457,0.5479738988663727,0.5564465096939467,0,0
-0.3794049322605133,-1.5750641822814941,-1.5410947799682617,0.5578723914851437,0.5531343142669137,0,0
-0.38186636567115784,-1.5777438879013062,-1.5414726734161377,0.5435253151064622,0.5575154535257192,0,0
-0.38433200120925903,-1.5804239511489868,-1.541839599609375,0.5016185088868272,0.521419209353152,0,0
-0.3868015706539154,-1.5831036567687988,-1.5421878099441528,0.503481759815129,0.5248892199732424,0,0
-0.38927483558654785,-1.5857831239700317,-1.5425156354904175,0.49359615203398244,0.5293891204476306,0,0
-0.3917515277862549,-1.5884621143341064,-1.5428330898284912,0.5204263151541147,0.5134509974169887,0,0
-0.3942313492298126,-1.5911405086517334,-1.5431337356567383,0.506886099516717,0.5053497619636498,0,0
-0.39671409130096436,-1.5938185453414917,-1.5434236526489258,0.5054039937705287,0.5104007686000761,0,0
-0.3991994857788086,-1.596495509147644,-1.5436975955963135,0.5027984962706628,0.5205806655719315,0,0
-0.40168750286102295,-1.5991718769073486,-1.5439592599868774,0.5017968086330157,0.518725114906168,0,0
-0.40417805314064026,-1.6018478870391846,-1.5442091226577759,0.4983751496606366,0.5261286304934415,0,0
-0.40667086839675903,-1.604522943496704,-1.5444464683532715,0.4921608911970013,0.5172002838429125,0,0
-0.4091658592224121,-1.6071972846984863,-1.5446786880493164,0.47447350884928474,0.4769472525125695,0,0
-0.41166290640830994,-1.6098710298538208,-1.5448969602584839,0.4689916025947184,0.49638272623810736,0,0
-0.4141618311405182,-1.6125438213348389,-1.545104742050171,0.46597765651379175,0.5032770702645031,0,0
-0.4166626036167145,-1.6152156591415405,-1.5453017950057983,0.4671397344548199,0.491795843163422,0,0
-0.4191650152206421,-1.617887020111084,-1.545493483543396,0.4621209605758814,0.47539247363680287,0,0
-0.42166903614997864,-1.6205577850341797,-1.5456714630126953,0.4658480368740441,0.4772536075805189,0,0
-0.42417460680007935,-1.6232273578643799,-1.5458440780639648,0.46938956250273,0.4814118598117832,0,0
-0.4266815185546875,-1.6258963346481323,-1.5460113286972046,0.47656540101848677,0.49981949803448134,0,0
-0.42918992042541504,-1.628564715385437,-1.5461663007736206,0.46577682687097177,0.5034073530054614,0,0
-0.43169981241226196,-1.6312323808670044,-1.546125888824463,0.44582819186610423,0.46616085590405393,0,0
-0.43420904874801636,-1.633898138999939,-1.5457772016525269,0.4255916633308457,0.4539941434333637,0,0
-0.43671196699142456,-1.6365585327148438,-1.5454504489898682,0.45338397808818265,0.4403600442228097,0,0
-0.4392048120498657,-1.6392083168029785,-1.5451534986495972,0.4401166455207169,0.4392617698724734,0,0
-0.4416752755641937,-1.641837239265442,-1.5446771383285522,0.4209499605884533,0.4534533728455364,0,0
-0.4441141188144684,-1.6444361209869385,-1.5439543724060059,0.43430404692674973,0.4583122176096268,0,0
-0.4465114176273346,-1.6469920873641968,-1.5428978204727173,0.4337300012116799,0.45159585743795594,0,0
-0.4488564729690552,-1.6494932174682617,-1.5414423942565918,0.44408042621773536,0.4533402992569597,0,0
-0.45113709568977356,-1.6519269943237305,-1.5397781133651733,0.42155462171163305,0.4482094646080317,0,0
-0.4533437490463257,-1.6542811393737793,-1.5380704402923584,0.4420002836692592,0.44218037848467906,0,0
-0.4554722309112549,-1.656540036201477,-1.5361570119857788,0.4353911120351355,0.45026926149250024,0,0
-0.4575211703777313,-1.658689260482788,-1.534111738204956,0.4127415169655869,0.4017019807221988,0,0
-0.459492027759552,-1.6607131958007812,-1.5320208072662354,0.40759595467029297,0.41313802360640994,0,0
-0.4613897204399109,-1.6625971794128418,-1.530204176902771,0.40003787662831963,0.392340214607011,0,0
-0.4632202088832855,-1.664328932762146,-1.528580665588379,0.4128689018925444,0.43031347875784554,0,0
-0.4649917781352997,-1.6658982038497925,-1.5271201133728027,0.40319268168279343,0.4137674804853283,0,0
-0.4667159616947174,-1.6672965288162231,-1.5256059169769287,0.3932764144338056,0.4390510185132936,0,0
-0.46840375661849976,-1.668520212173462,-1.5238553285598755,0.3940230712918859,0.415093659895419,0,0
-0.47006362676620483,-1.6695700883865356,-1.5220060348510742,0.409018136326535,0.41396968351422336,0,0
-0.47170424461364746,-1.67044997215271,-1.5200928449630737,0.4034204261816158,0.4241060660635987,0,0
-0.47333380579948425,-1.671165108680725,-1.518262505531311,0.4027823966904398,0.4054601332428594,0,0
-0.47496098279953003,-1.6717214584350586,-1.5165307521820068,0.36484842985763943,0.38810927699803144,0,0
-0.4765915870666504,-1.6721261739730835,-1.5148882865905762,0.3673713981027243,0.3928959813043487,0,0
-0.47822707891464233,-1.6723884344100952,-1.5133435726165771,0.36867148290342694,0.3840870219238104,0,0
-0.4798641800880432,-1.6725200414657593,-1.5119158029556274,0.3916462907911139,0.38848417201393265,0,0
-0.48149609565734863,-1.6725331544876099,-1.5105962753295898,0.3887502404757733,0.38585001483633496,0,0
-0.4831125736236572,-1.6724401712417603,-1.5093364715576172,0.36654257409745566,0.3825178092946284,0,0
-0.48470085859298706,-1.6722514629364014,-1.5080981254577637,0.3639533720458395,0.395458117459763,0,0
-0.4862459599971771,-1.6719752550125122,-1.5069032907485962,0.3661675961986289,0.3895149900504936,0,0
-0.48773181438446045,-1.6716176271438599,-1.5057929754257202,0.3694085015613103,0.37697328175309724,0,0
-0.4891432821750641,-1.671183466911316,-1.5047612190246582,0.3894198839782571,0.3904086607963795,0,0
-0.4904678463935852,-1.670680284500122,-1.5038038492202759,0.34191286952696104,0.37123656668123,0,0
-0.49169573187828064,-1.6701171398162842,-1.502970576286316,0.36031375185097136,0.35654637899682023,0,0
-0.4928198456764221,-1.6695051193237305,-1.5022954940795898,0.36393485450159696,0.35407138830618934,0,0
-0.4938351809978485,-1.6688536405563354,-1.5015292167663574,0.3560111981442509,0.40229372798124546,0,0
-0.49473974108695984,-1.6681729555130005,-1.5006805658340454,0.3764805643892981,0.3738035218835257,0,0
-0.4955342710018158,-1.6674699783325195,-1.4998430013656616,0.37894473067777074,0.37848574074396,0,0
-0.4962213635444641,-1.666751742362976,-1.4990025758743286,0.3661044552671274,0.38514522033027976,0,0
-0.4968060255050659,-1.666023850440979,-1.4981940984725952,0.3474795603830951,0.38582662847525234,0,0
-0.49729472398757935,-1.6652908325195312,-1.497454285621643,0.3666581054266193,0.3731915273815519,0,0
-0.49769389629364014,-1.6645574569702148,-1.4967623949050903,0.37484206207825915,0.37102379822608755,1,1
-0.49800974130630493,-1.663826823234558,-1.4960830211639404,0.35530623477031076,0.3687102916919586,0,0
-0.4982479214668274,-1.6631022691726685,-1.4953981637954712,0.36274786429563854,0.37382911189157136,0,0
-0.49841418862342834,-1.662385106086731,-1.4947236776351929,0.3550353549698615,0.3668028171758717,0,0
-0.49851468205451965,-1.66167414188385,-1.4941009283065796,0.3623853091827537,0.3571225509127072,0,0
-0.4985552132129669,-1.6609692573547363,-1.4935380220413208,0.3798160878670403,0.37308254025835674,0,0
-0.49854186177253723,-1.6602696180343628,-1.493013858795166,0.34912771694240835,0.3771400913010455,0,0
-0.49847960472106934,-1.6595748662948608,-1.4924955368041992,0.3623533648050837,0.3737644889006221,0,0
-0.49837246537208557,-1.6588844060897827,-1.4919706583023071,0.3641594949906914,0.3761422927137395,0,0
-0.49822384119033813,-1.6581982374191284,-1.4914480447769165,0.3675948519736945,0.35818603516420594,0,0
-0.49803662300109863,-1.6575154066085815,-1.4909430742263794,0.35624807417969423,0.3695416529940168,0,0
-0.49781373143196106,-1.6568349599838257,-1.4904670715332031,0.3831159123165283,0.3866979822836068,0,0
-0.49755799770355225,-1.656156063079834,-1.4900261163711548,0.36424981528879535,0.3889686811533624,0,0
-0.49727243185043335,-1.6554776430130005,-1.489617943763733,0.37406652023031584,0.3789163944753354,0,0
-0.49695974588394165,-1.6547998189926147,-1.4892315864562988,0.38144388143080526,0.38043000454540166,0,0
-0.49662238359451294,-1.6541225910186768,-1.4888590574264526,0.38474716877172166,0.3773918436972995,0,0
-0.49626243114471436,-1.6534454822540283,-1.4884904623031616,0.36092950818703384,0.39323074613274517,0,0
-0.4958815574645996,-1.652768611907959,-1.4881327152252197,0.3786334499250301,0.38120052437391627,0,0
-0.4954811930656433,-1.6520920991897583,-1.4877870082855225,0.36925208882943833,0.3893267647598013,0,0
-0.49506276845932007,-1.651415467262268,-1.4876550436019897,0.40107959243154834,0.3968065621049872,0,0
-0.49462825059890747,-1.6507388353347778,-1.4874516725540161,0.3851508258870429,0.4160227282173951,0,0
-0.4941800534725189,-1.6500638723373413,-1.4872058629989624,0.38225093581987524,0.38485729441459743,0,0
-0.4937209188938141,-1.649391770362854,-1.4869321584701538,0.38121633472661426,0.3809074871027739,0,0
-0.4932534694671631,-1.6487243175506592,-1.4864509105682373,0.374874679636395,0.4010188171128289,0,0
-0.49278026819229126,-1.6480633020401,-1.4858677387237549,0.3741655877414932,0.38644827941453497,0,0
-0.49230334162712097,-1.64741051197052,-1.4852356910705566,0.365734540123482,0.39308251823945956,0,0
-0.49182426929473877,-1.6467667818069458,-1.4844025373458862,0.3784585977054601,0.4044976091696531,0,0
-0.49134451150894165,-1.6461340188980103,-1.4834668636322021,0.3772705688643711,0.3896185118276262,0,0
-0.4908652603626251,-1.6455118656158447,-1.4824894666671753,0.3757844188839451,0.3894262068469175,0,0
-0.4903872013092041,-1.6449003219604492,-1.4815025329589844,0.37209636481450303,0.373556652169591,0,0
-0.48991096019744873,-1.644298791885376,-1.4805347919464111,0.3839651239508809,0.39935804325256985,0,0
-0.48943662643432617,-1.6437057256698608,-1.4795900583267212,0.38453746095175684,0.395329283644268,0,0
-0.48896417021751404,-1.643120288848877,-1.4786783456802368,0.39647941640142437,0.39729467828362147,0,0
-0.4884926974773407,-1.642540454864502,-1.4777979850769043,0.3915047527355294,0.3833254040919166,0,0
-0.4880214333534241,-1.6419644355773926,-1.4767647981643677,0.38061444141458517,0.4020040451927766,0,0
-0.48755016922950745,-1.641390323638916,-1.475661277770996,0.39557766147812456,0.3949664380848404,0,0
-0.4870789051055908,-1.6408168077468872,-1.4745323657989502,0.3837719501465083,0.3954089043216714,0,0
-0.48660778999328613,-1.6402428150177002,-1.4734139442443848,0.3705617318754602,0.39233054757051883,0,0
-0.4861369729042053,-1.63966703414917,-1.4721264839172363,0.387016423148256,0.4104557264322659,0,0
-0.48566702008247375,-1.6390891075134277,-1.4707653522491455,0.38670503718870697,0.39758959994154175,0,0
-0.48519864678382874,-1.6385096311569214,-1.4691966772079468,0.385164335831287,0.4053783151708665,1,1
-0.48473289608955383,-1.6379282474517822,-1.4673404693603516,0.3984501435862846,0.4055865920980934,0,0
-0.4842715263366699,-1.6373462677001953,-1.4651577472686768,0.3990949255412656,0.4008606009184992,0,0
-0.4838167428970337,-1.636765718460083,-1.4626379013061523,0.3983598695537707,0.4121956922309839,0,0
-0.4833713173866272,-1.6361892223358154,-1.4599668979644775,0.40526282927996365,0.42198881116876535,0,0
-0.48294052481651306,-1.6356174945831299,-1.4574401378631592,0.4004117883300233,0.3942716342352574,0,0
-0.4825308620929718,-1.6350511312484741,-1.4552496671676636,0.40551519526884994,0.39650395317599973,0,0
-0.482148140668869,-1.634491205215454,-1.453288197517395,0.39530873360418917,0.3782686416406866,0,0
-0.4817960858345032,-1.6339378356933594,-1.4514905214309692,0.39594812848545685,0.39233366629757654,0,0
-0.48147642612457275,-1.6333911418914795,-1.4498207569122314,0.40131031500573877,0.4169846490042506,0,0
-0.4811922013759613,-1.6328486204147339,-1.4482561349868774,0.384282218108273,0.38535618403097716,0,0
-0.4809454381465912,-1.6323081254959106,-1.4469660520553589,0.40796026485839454,0.39816515573045125,0,0
-0.48073652386665344,-1.63176691532135,-1.4458614587783813,0.41284139571913386,0.40466988180627356,0,0
-0.4805672764778137,-1.6312214136123657,-1.4446929693222046,0.3946010158269116,0.41684978185214316,0,0
-0.4804399013519287,-1.6306686401367188,-1.4434970617294312,0.4103017595583675,0.41694574306881693,0,0
-0.4803583025932312,-1.6301047801971436,-1.4421216249465942,0.3948760795009162,0.40726808384146035,0,0
-0.4803263545036316,-1.62952721118927,-1.4404656887054443,0.39754136714545285,0.408966519672273,0,0
-0.4803469181060791,-1.6289358139038086,-1.4386833906173706,0.3920726705235256,0.39363607172601683,0,0
-0.4804205894470215,-1.628331184387207,-1.4368650913238525,0.41047401702706987,0.40436623215151357,0,0
-0.4805481731891632,-1.6277128458023071,-1.4350628852844238,0.4114673594217662,0.4020348291939412,0,0
-0.48073145747184753,-1.6270804405212402,-1.4333055019378662,0.40602694253472643,0.4014504644090939,0,0
-0.48097386956214905,-1.626430630683899,-1.4316041469573975,0.41098282716893486,0.41094392855714085,0,0
-0.48128026723861694,-1.625759482383728,-1.4299736022949219,0.41383291380526305,0.4092476070429783,0,0
-0.4816570580005646,-1.6250605583190918,-1.4284403324127197,0.41542206194159126,0.4276227817275543,0,0
-0.48211219906806946,-1.6243269443511963,-1.4270075559616089,0.41941286429325286,0.40517784437963733,0,0
-0.482654869556427,-1.623552918434143,-1.4256631135940552,0.41105906285288346,0.4198157190010335,0,0
-0.4832935929298401,-1.6227327585220337,-1.4243746995925903,0.4095333571239161,0.41353173171641694,0,0
-0.48403576016426086,-1.6218609809875488,-1.4231188297271729,0.41676782607812385,0.40561785930863975,0,0
-0.4848868250846863,-1.620933175086975,-1.4219051599502563,0.41529238598892515,0.41902781314475507,0,0
-0.4858502149581909,-1.61994469165802,-1.4207549095153809,0.4161570100633608,0.4244626486885649,0,0
-0.48692846298217773,-1.6188915967941284,-1.419661283493042,0.41396966088291526,0.4131356621778714,0,0
-0.48812294006347656,-1.6177715063095093,-1.4186114072799683,0.4275203637172471,0.4203681918859503,0,0
-0.4894335865974426,-1.6165837049484253,-1.417594313621521,0.4175959132426313,0.4103098426998671,0,0
-0.4908589720726013,-1.615328311920166,-1.416618824005127,0.4007497701741197,0.4131864491924304,0,0
-0.4923962652683258,-1.614005446434021,-1.4156767129898071,0.41664767182957135,0.40634763919450295,0,0
-0.49404218792915344,-1.6126171350479126,-1.414762258529663,0.4212584461950871,0.4393631400256382,0,0
-0.49579256772994995,-1.6111663579940796,-1.4136730432510376,0.3983904090615862,0.40849874766885924,0,0
-0.4976405203342438,-1.6096584796905518,-1.4124929904937744,0.4264662229850764,0.4151875062882686,0,0
-0.49957650899887085,-1.6080995798110962,-1.4112255573272705,0.4184914001005942,0.4132819074802973,0,0
-0.5015904903411865,-1.6064976453781128,-1.410036563873291,0.4117424631381426,0.42204413680264213,0,0
-0.5036729574203491,-1.6048578023910522,-1.4089082479476929,0.4266939206490565,0.40991460476002994,1,1
-0.5058163404464722,-1.6031848192214966,-1.40775728225708,0.41665226990160636,0.4046714869746045,0,0
-0.5080148577690125,-1.6014823913574219,-1.4065797328948975,0.42751695022324454,0.4073769149337351,0,0
-0.5102643966674805,-1.599752426147461,-1.405421257019043,0.4154247346870393,0.4359535025993625,0,0
-0.5125619173049927,-1.5979979038238525,-1.4043077230453491,0.40735579409331774,0.4122705147378027,0,0
-0.5149047374725342,-1.5962201356887817,-1.4034409523010254,0.42581516199513547,0.3969251962465997,0,0
-0.5172877311706543,-1.5944219827651978,-1.4027327299118042,0.41562167243191817,0.4156704902400079,0,0
-0.5197042226791382,-1.5926060676574707,-1.4021331071853638,0.4131909269927662,0.4226008795592705,0,0
-0.5221483111381531,-1.5907737016677856,-1.4015966653823853,0.41074268155270754,0.4035875819319591,0,0
-0.5246149301528931,-1.5889270305633545,-1.4010965824127197,0.4096764694248639,0.4079617880958972,0,0
-0.5271008610725403,-1.5870680809020996,-1.4004411697387695,0.3953651163704275,0.415900098023977,0,0
-0.5296018123626709,-1.5852011442184448,-1.3996976613998413,0.4218324899341065,0.4037077720327553,0,0
-0.5321131348609924,-1.5833308696746826,-1.3989098072052002,0.40222993039308397,0.43189761589282305,0,0
-0.5346311926841736,-1.5814608335494995,-1.3981223106384277,0.40138137453832423,0.4203177411010175,0,0
-0.5371525287628174,-1.5795934200286865,-1.3973432779312134,0.41149214054263655,0.41621118078814745,0,0
-0.539675235748291,-1.5777288675308228,-1.3965888023376465,0.42164128997833417,0.42978841673817775,0,0
-0.5421990156173706,-1.575866937637329,-1.3960494995117188,0.42717918109231817,0.3931940478268044,0,0
-0.5447218418121338,-1.574008584022522,-1.3956472873687744,0.40986581698371566,0.4210309300490939,0,0
-0.5472419261932373,-1.5721533298492432,-1.3953278064727783,0.40079453887331296,0.4153401000056029,0,0
-0.5497578978538513,-1.5703024864196777,-1.395062804222107,0.40047325948929197,0.41716296405785674,0,0
-0.5522692799568176,-1.568455696105957,-1.3948333263397217,0.41255463738214687,0.4138029838411114,0,0
-0.5547767877578735,-1.5666123628616333,-1.3948198556900024,0.4246447883797081,0.3951640839507199,0,0
-0.5572792887687683,-1.5647732019424438,-1.3949309587478638,0.41085657705864576,0.41636500003828647,0,0
-0.5597756505012512,-1.5629377365112305,-1.3951096534729004,0.42194407602567213,0.400952273543092,0,0
-0.5622650980949402,-1.56110680103302,-1.3953255414962769,0.42456515165366054,0.40311052703207967,0,0
-0.5647479295730591,-1.5592800378799438,-1.395554542541504,0.40990813116641034,0.4053805114001673,0,0
-0.5672250390052795,-1.5574568510055542,-1.395792841911316,0.41044968254778,0.4195775931580455,0,0
-0.5696987509727478,-1.5556364059448242,-1.3960307836532593,0.4128579493512338,0.41216611101732836,0,0
-0.5721716284751892,-1.5538170337677002,-1.3962693214416504,0.4088076339043704,0.4006621767962956,0,0
-0.5746468305587769,-1.551997423171997,-1.396522045135498,0.43638203960661326,0.41280932594871533,0,0
-0.577127993106842,-1.5501762628555298,-1.396972894668579,0.4155013035155322,0.39701578765318984,0,0
-0.5796158909797668,-1.5483521223068237,-1.3977138996124268,0.4191925031491056,0.38873974336818706,0,0
-0.5821080803871155,-1.5465253591537476,-1.3984127044677734,0.3996821835592621,0.413132326733938,0,0
-0.5845982432365417,-1.5446996688842773,-1.399072527885437,0.4002705227919741,0.41783922692032294,0,0
-0.5870793461799622,-1.5428775548934937,-1.3997198343276978,0.4205670413536847,0.4023706973040549,0,0
-0.5895451903343201,-1.5410618782043457,-1.4003560543060303,0.4129285256698732,0.4069856966127444,0,0
-0.5919917821884155,-1.5392537117004395,-1.4009777307510376,0.42039256472692255,0.4100896839346863,0,0
-0.5944176912307739,-1.5374540090560913,-1.4015707969665527,0.42719794949559386,0.4131811445692835,0,0
-0.5968239903450012,-1.5356630086898804,-1.4023345708847046,0.40026674330255574,0.39816052587370976,0,0
-0.5992106199264526,-1.5338809490203857,-1.4031752347946167,0.4233694442714183,0.4005563141007998,0,0
-0.6015781760215759,-1.532108187675476,-1.404045581817627,0.4245137831127182,0.4062146829570442,1,1
-0.6039284467697144,-1.5303442478179932,-1.4049235582351685,0.4137917794278422,0.41154955023662737,0,0
-0.6062641739845276,-1.5285881757736206,-1.405789852142334,0.4291159361175931,0.40189268602652634,0,0
-0.608588695526123,-1.526838779449463,-1.406648874282837,0.433128208036931,0.40724316850153286,0,0
-0.6109062433242798,-1.525093913078308,-1.4074952602386475,0.4036614936837704,0.41613235036009844,0,0
-0.6132211089134216,-1.5233503580093384,-1.4083139896392822,0.41043246390232707,0.4091473653940862,0,0
-0.6155382394790649,-1.5216052532196045,-1.409080982208252,0.40623039398377303,0.42010248860060967,0,0
-0.6178632378578186,-1.5198543071746826,-1.4097850322723389,0.4114866700713017,0.40749669420569945,0,0
-0.620201826095581,-1.5180939435958862,-1.4104241132736206,0.41246217821654435,0.40850314848603103,0,0
-0.6225599050521851,-1.516322135925293,-1.4110156297683716,0.40911673972967805,0.4015801989087164,0,0
-0.6249421834945679,-1.5145368576049805,-1.4115875959396362,0.4185996673643925,0.4140860185689201,0,0
-0.6273524165153503,-1.5127367973327637,-1.4121543169021606,0.41289828004423834,0.41059809119806634,0,0
-0.6297934651374817,-1.5109217166900635,-1.4125088453292847,0.3960769535864926,0.404273430788827,0,0
-0.6322644948959351,-1.5090928077697754,-1.4127311706542969,0.409829594386817,0.40573290829672254,0,0
-0.6347635984420776,-1.5072526931762695,-1.4128705263137817,0.41120604437368813,0.4056201241002097,0,0
-0.6372877955436707,-1.5054044723510742,-1.412960410118103,0.41291381094893115,0.41038676664196355,0,0
-0.6398342251777649,-1.5035520792007446,-1.4130089282989502,0.41188046001470435,0.41116904629233175,0,0
-0.6423995494842529,-1.501696228981018,-1.4130202531814575,0.4184551092331582,0.4156656120626967,0,0
-0.6449809074401855,-1.4998393058776855,-1.4127986431121826,0.3926625193556722,0.4106671836613,0,0
-0.6475738286972046,-1.4979832172393799,-1.4124654531478882,0.40622795824147806,0.4161542208470936,0,0
-0.6501741409301758,-1.496130108833313,-1.4122695922851562,0.43039050388516176,0.3994375541428389,0,0
-0.6527753472328186,-1.4942822456359863,-1.4121438264846802,0.41451675256876863,0.41930574789538777,0,0
-0.655371904373169,-1.4924414157867432,-1.412031888961792,0.42626295762290256,0.4167422929521744,0,0
-0.6579598188400269,-1.4906089305877686,-1.4119281768798828,0.42661394764910704,0.42339450262776773,0,0
-0.6605362296104431,-1.4887844324111938,-1.4118475914001465,0.40950408731616295,0.4060345275592844,0,0
-0.6631000638008118,-1.486967921257019,-1.4115920066833496,0.3983356638144695,0.41773086890137806,0,0
-0.6656492948532104,-1.485159993171692,-1.4112356901168823,0.42574057565860385,0.40823088999049006,0,0
-0.6681826710700989,-1.4833621978759766,-1.4108264446258545,0.40271675850505756,0.4162751319991117,0,0
-0.6706995368003845,-1.4815741777420044,-1.4104018211364746,0.412845148923538,0.4121424173092236,0,0
-0.6732010245323181,-1.4797954559326172,-1.4101629257202148,0.4137325154297341,0.3968859283696003,0,0
-0.6756865978240967,-1.478026032447815,-1.410036563873291,0.41777526403035714,0.4085297770254911,0,0
-0.678155779838562,-1.4762663841247559,-1.4099732637405396,0.42922391077535965,0.4118375502011007,0,0
-0.6806089282035828,-1.4745160341262817,-1.4099491834640503,0.4150362476780163,0.41052921734873554,0,0
-0.6830472946166992,-1.4727731943130493,-1.4099488258361816,0.4131077838645002,0.41022240483547523,0,0
-0.6854736804962158,-1.4710367918014526,-1.4099655151367188,0.42709970953943066,0.4220735440803254,0,0
-0.6878914833068848,-1.4693043231964111,-1.409985899925232,0.4226409091996055,0.4146363194779466,0,0
-0.6903047561645508,-1.4675737619400024,-1.409999966621399,0.416656418389055,0.41755523954420004,0,0
-0.6927177906036377,-1.4658430814743042,-1.4100066423416138,0.4052807589097264,0.41081882307634887,0,0
-0.6951350569725037,-1.4641082286834717,-1.410015344619751,0.40532899138297,0.4121127405843991,0,0
-0.6975607872009277,-1.4623663425445557,-1.4100267887115479,0.4337727810013368,0.41071474202195934,0,0
-0.6999992728233337,-1.4606133699417114,-1.410040020942688,0.4239166235728546,0.4093360546035665,1,1
-0.7024543881416321,-1.4588462114334106,-1.4100528955459595,0.41799065353184184,0.4031718660008971,0,0
-0.7049291729927063,-1.4570624828338623,-1.410064697265625,0.42555585116766603,0.4300079622439726,0,0
-0.7074266076087952,-1.4552613496780396,-1.4098769426345825,0.38956096447389543,0.4091824632690849,0,0
-0.7099469304084778,-1.4534441232681274,-1.4095790386199951,0.42431693891031536,0.4271494496432265,0,0
-0.7124890089035034,-1.4516130685806274,-1.409024715423584,0.3995028057378245,0.41417900035410643,0,0
-0.7150496244430542,-1.4497734308242798,-1.4083409309387207,0.4072802728985651,0.4072370110480987,0,0
-0.7176245450973511,-1.4479308128356934,-1.4076051712036133,0.4278650072451889,0.4117666563318783,0,0
-0.7202097773551941,-1.4460904598236084,-1.4068284034729004,0.4039669038235786,0.41017012053696567,0,0
-0.7228021025657654,-1.4442579746246338,-1.4060571193695068,0.4294016106369194,0.4134330759573416,0,0
-0.7254000306129456,-1.4424368143081665,-1.4053407907485962,0.4093928415931381,0.39677881967474343,0,0
-0.7279981970787048,-1.440627932548523,-1.404665231704712,0.4188379962886534,0.42503903146059874,0,0
-0.7305868268013,-1.4388301372528076,-1.4040443897247314,0.427630802998528,0.43400764721961566,0,0
-0.7331495881080627,-1.437038540840149,-1.4035383462905884,0.41312057952343084,0.411913080436066,0,0
-0.7356652021408081,-1.4352459907531738,-1.4031498432159424,0.4189291352365424,0.40693578092140553,0,0
-0.7381112575531006,-1.4334443807601929,-1.4027976989746094,0.4116276267733088,0.39988196017945454,0,0
-0.7404661774635315,-1.431626558303833,-1.4023948907852173,0.3977029259242166,0.40951401219056105,0,0
-0.7427092790603638,-1.429787039756775,-1.4018750190734863,0.41473202812357063,0.4019509569387058,0,0
-0.7448204159736633,-1.4279206991195679,-1.4012442827224731,0.4184355820857271,0.41358547646420424,0,0
-0.7467791438102722,-1.426024317741394,-1.4005881547927856,0.41408116904707004,0.41732013609344343,0,0
-0.7485663294792175,-1.4240926504135132,-1.4000210762023926,0.4201679090457348,0.4003387611335051,0,0
-0.7501654028892517,-1.422118067741394,-1.3996145725250244,0.4025251261827693,0.41089965702724945,0,0
-0.7515643835067749,-1.4200940132141113,-1.39934504032135,0.4082179599849748,0.43173219699052073,0,0
-0.7527559399604797,-1.4180153608322144,-1.3991219997406006,0.4157794061655522,0.3928749474386007,0,0
-0.7537375688552856,-1.4158798456192017,-1.3988664150238037,0.41557103779118654,0.4186463128401111,0,0
-0.7545103430747986,-1.4136855602264404,-1.3986018896102905,0.4037342520698211,0.4020655176661112,0,0
-0.7550778388977051,-1.411431908607483,-1.3983713388442993,0.4008165160065336,0.4224885849271843,0,0
-0.7554465532302856,-1.4091194868087769,-1.3981748819351196,0.41100775652259797,0.42287132432148156,0,0
-0.7556247711181641,-1.406750202178955,-1.398023009300232,0.42087951080143543,0.4340861155196279,0,0
-0.755622148513794,-1.404327154159546,-1.3979065418243408,0.4100479840659124,0.4184966687303535,0,0
-0.7554484009742737,-1.4018539190292358,-1.397802710533142,0.4161944556624582,0.402200134019497,0,0
-0.755112886428833,-1.399335503578186,-1.397688865661621,0.42369741352360696,0.415544624661654,0,0
-0.7546245455741882,-1.3967773914337158,-1.3975491523742676,0.4185814002005921,0.430033380353459,0,0
-0.7539933919906616,-1.3941843509674072,-1.3973844051361084,0.4228208939231987,0.4190718726554663,0,0
-0.7532298564910889,-1.391560673713684,-1.3972218036651611,0.43317279184331486,0.4072193136895091,0,0
-0.752345621585846,-1.3889080286026,-1.3970961570739746,0.43348695293252154,0.4241128140726812,0,0
-0.7513519525527954,-1.3862287998199463,-1.3970043659210205,0.4181769907963944,0.42841473377760275,0,0
-0.7502586245536804,-1.3835248947143555,-1.3969268798828125,0.44094316551323703,0.4160780179846568,0,0
-0.7490741014480591,-1.3807984590530396,-1.3968409299850464,0.423418532197046,0.4247254238610209,0,0
-0.7478053569793701,-1.3780517578125,-1.3967365026474,0.4309779855099631,0.42212731943934156,0,0
-0.7464590668678284,-1.3752872943878174,-1.3966096639633179,0.4185835081049536,0.4190585679340229,0,0
-0.7450417280197144,-1.372507095336914,-1.3964720964431763,0.4334832444724451,0.4440838152906777,0,0
-0.7435604929924011,-1.369711995124817,-1.396352767944336,0.454446863963598,0.4531167277394934,0,0
-0.742021381855011,-1.3669025897979736,-1.396262764930725,0.43807180221300457,0.4553607114242759,0,0
-0.7404305338859558,-1.364079475402832,-1.396194338798523,0.4649902884807264,0.45001246388408994,0,0
-0.7387929558753967,-1.3612439632415771,-1.396132469177246,0.44924601597916786,0.4519876126293583,0,0
-0.7371124625205994,-1.3583970069885254,-1.3960685729980469,0.44310185087940146,0.4419484059929122,0,0
-0.7353928089141846,-1.3555399179458618,-1.3959938287734985,0.46014388220521907,0.4497598570490541,0,0
-0.7336370348930359,-1.352673888206482,-1.3959074020385742,0.4412332105542131,0.44425163922289723,0,0
-0.7318481802940369,-1.3497991561889648,-1.3958169221878052,0.46526273720130223,0.45055279494546385,0,0
-0.7300295829772949,-1.3469161987304688,-1.3957363367080688,0.4542442568651527,0.432137599506833,0,0
-0.7281838655471802,-1.344024896621704,-1.3956716060638428,0.47739164766564546,0.4940661935060201,0,0
-0.7263138294219971,-1.341125726699829,-1.395616888999939,0.4911895688939134,0.4824877623159629,0,0
-0.7244219779968262,-1.338219404220581,-1.3955676555633545,0.47455421797996494,0.4860636331407338,0,0
-0.7225099802017212,-1.3353065252304077,-1.395518183708191,0.4835045676098912,0.4938993318050252,0,0
-0.7205797433853149,-1.3323875665664673,-1.3954660892486572,0.48163529842553776,0.4901111377294641,0,0
-0.7186326384544373,-1.329463243484497,-1.3954050540924072,0.49238156592939075,0.4820680261533566,0,0
-0.7166702151298523,-1.3265337944030762,-1.3953438997268677,0.4830942790135394,0.4885490025948753,0,0
-0.7146937251091003,-1.3235989809036255,-1.3952877521514893,0.4792771407580346,0.48025917027798337,0,0
-0.7127048969268799,-1.3206596374511719,-1.3952417373657227,0.4713278836882408,0.48411337671664767,0,0
-0.7107048630714417,-1.3177154064178467,-1.3951990604400635,0.4905681350266896,0.49440720979945235,0,0
-0.7086947560310364,-1.3147668838500977,-1.3951609134674072,0.5255772794243776,0.5132545902640627,0,0
-0.7066755294799805,-1.3118144273757935,-1.3951226472854614,0.5140334188252726,0.5149247982046531,0,0
-0.7046480774879456,-1.3088582754135132,-1.3950835466384888,0.5006752411891083,0.5148263101148669,0,0
-0.702613115310669,-1.3058990240097046,-1.39504075050354,0.5348210084919516,0.48529185252328527,0,0
-0.7005712389945984,-1.3029365539550781,-1.3949971199035645,0.5100698022732083,0.5152602981114719,0,0
-0.6985233426094055,-1.299971342086792,-1.3949559926986694,0.5169772317000013,0.5132616133533534,0,0
-0.6964698433876038,-1.297003149986267,-1.3949202299118042,0.5325430531768123,0.5238296422430636,0,0
-0.6944115161895752,-1.294032096862793,-1.3948878049850464,0.5049037202974814,0.5230346624980889,0,0
-0.692348837852478,-1.2910586595535278,-1.394860029220581,0.5105770302547867,0.5101396595979941,0,0
-0.6902822256088257,-1.2880828380584717,-1.394832968711853,0.5218627995989166,0.5126158194327699,0,0
-0.688211977481842,-1.285104751586914,-1.3948057889938354,0.5744598882322004,0.563003546820401,0,0
-0.6861386299133301,-1.2821248769760132,-1.394775152206421,0.5658190150268356,0.5548234952811406,0,0
-0.6840623617172241,-1.2791430950164795,-1.3947445154190063,0.5478592040346386,0.5522056532988352,0,0
-0.6819834113121033,-1.276159644126892,-1.394716739654541,0.5449276507523985,0.5462096210210498,0,0
-0.6799022555351257,-1.2731742858886719,-1.3946921825408936,0.5441641059869169,0.5447605826609594,0,0
-0.6778189539909363,-1.2701876163482666,-1.3946677446365356,0.5680375518257068,0.5453119884973902,0,0
-0.6757338047027588,-1.2671993970870972,-1.394645094871521,0.5415641972184136,0.5555247479649613,0,0
-0.6736470460891724,-1.2642097473144531,-1.394624948501587,0.5552968949972836,0.5601605953851071,0,0
-0.6715589165687561,-1.2612189054489136,-1.3946048021316528,0.5560136679159918,0.5551888640130916,0,0
-0.6694694757461548,-1.2582272291183472,-1.3945839405059814,0.5564375223034348,0.5429573514076215,0,0
-0.6673789620399475,-1.2552341222763062,-1.394566297531128,0.5969161817916755,0.604632790199016,0,0
-0.6652873158454895,-1.2522401809692383,-1.3945488929748535,0.6033504710970926,0.5909357035725828,0,0
-0.6631947755813599,-1.2492451667785645,-1.39453125,0.6050894307628925,0.5971277651462478,0,0
-0.6611014604568481,-1.2462491989135742,-1.3945139646530151,0.6106079794697545,0.6110358947943523,0,0
-0.6590073704719543,-1.2432525157928467,-1.3944989442825317,0.5910273767756523,0.5823087111760226,0,0
-0.6569127440452576,-1.2402551174163818,-1.394484043121338,0.6115888390421585,0.5816772677696106,0,0
-0.6548174619674683,-1.237256646156311,-1.3944718837738037,0.588847731170613,0.5858461744561014,0,0
-0.6527217626571655,-1.2342578172683716,-1.39445960521698,0.6014385202486889,0.5810124382729998,0,0
-0.6506257653236389,-1.2312582731246948,-1.3944473266601562,0.5860910959046304,0.5898374424974469,0,0
-0.6485293507575989,-1.2282583713531494,-1.394435167312622,0.6142627018435021,0.5887091318717645,0,0
-0.6464325189590454,-1.2252577543258667,-1.3944246768951416,0.631126726261173,0.617066718110512,0,0
-0.6443354487419128,-1.2222566604614258,-1.3944140672683716,0.632345083282972,0.6120392430751914,0,0
-0.6422380805015564,-1.2192550897598267,-1.394404411315918,0.6211102536573692,0.6298017061683213,0,0
-0.6401405334472656,-1.2162529230117798,-1.394394040107727,0.6322130028324435,0.6137287674953452,0,0
-0.6380429863929749,-1.2132505178451538,-1.3943861722946167,0.6212975132827714,0.61987562018581,0,0
-0.635945200920105,-1.2102476358413696,-1.3943781852722168,0.6323903551097442,0.6331634013327776,0,0
-0.6338473558425903,-1.2072443962097168,-1.3943685293197632,0.6153770786858159,0.6240808800750941,0,0
-0.6317493319511414,-1.2042409181594849,-1.3943588733673096,0.6340884303632794,0.609533467670935,0,0
-0.6296512484550476,-1.2012370824813843,-1.394349217414856,0.6398452431112326,0.6250242846778087,0,0
-0.6275532245635986,-1.198232889175415,-1.3943414688110352,0.6228294210180402,0.6216533002087546,0,0
-0.6254550814628601,-1.1952285766601562,-1.3943369388580322,0.6774959367619914,0.6677294083877021,0,0
-0.6233569979667664,-1.1922239065170288,-1.3943326473236084,0.6731929009152504,0.6788261075309255,0,0
-0.6212589144706726,-1.1892191171646118,-1.3943274021148682,0.6713941653983748,0.6670478051258004,0,0
-0.6191608309745789,-1.1862140893936157,-1.3943222761154175,0.6784336652079666,0.6630199246953313,0,0
-0.6170628070831299,-1.1832090616226196,-1.3943169116973877,0.6643312035904103,0.6703142680459758,0,0
-0.6149647235870361,-1.1802036762237549,-1.3943116664886475,0.6768848878446568,0.6429158546133673,0,0
-0.6128666996955872,-1.1771982908248901,-1.3943064212799072,0.6610793507250644,0.6674054041413691,0,0
-0.6107686758041382,-1.1741926670074463,-1.3943010568618774,0.6582736221631728,0.6523141322946497,0,0
-0.6086707711219788,-1.1711868047714233,-1.3942959308624268,0.6632028660567827,0.6608942613458583,0,0
-0.6065728664398193,-1.1681809425354004,-1.3942906856536865,0.6596194386043464,0.6541902268155942,0,0
-0.6044750809669495,-1.1651747226715088,-1.3942853212356567,0.7053633488170472,0.6888921392331586,0,0
-0.6023772954940796,-1.1621686220169067,-1.3942800760269165,0.713943298990896,0.6835499623290782,0,0
-0.6002795100212097,-1.1591625213623047,-1.3942800760269165,0.7158232969678159,0.6964197297912124,0,0
-0.5981817841529846,-1.1561561822891235,-1.3942800760269165,0.7168311989641994,0.6780648485539926,0,0
-0.5960841178894043,-1.1531497240066528,-1.3942800760269165,0.7028756619959907,0.6979263072484834,0,0
-0.5939865112304688,-1.1501431465148926,-1.3942800760269165,0.7138914860409249,0.6976783693605079,0,0
-0.591888964176178,-1.1471365690231323,-1.3942800760269165,0.6997887542862978,0.6975072394922969,0,0
-0.5897914171218872,-1.1441298723220825,-1.3942800760269165,0.6923965942491416,0.68372573350693,0,0
-0.5876940488815308,-1.1411230564117432,-1.3942800760269165,0.6912259122155947,0.6880281380757445,0,0
-0.5855966806411743,-1.1381161212921143,-1.3942800760269165,0.7091693910109882,0.6810260428085999,0,0
-0.5834993124008179,-1.1351091861724854,-1.3942800760269165,0.7349935916039733,0.7258077583992244,0,0
-0.5814020037651062,-1.1321020126342773,-1.3942800760269165,0.7288398400288544,0.7532484272009892,0,0
-0.5793048143386841,-1.1290948390960693,-1.3942800760269165,0.7406260401806473,0.7384334037654704,0,0
-0.577207624912262,-1.1260876655578613,-1.3942800760269165,0.7333590982354228,0.742671441919249,0,0
-0.5751104354858398,-1.1230804920196533,-1.3942800760269165,0.7238480332003576,0.7494338594847695,0,0
-0.573013424873352,-1.1200730800628662,-1.3942800760269165,0.7388277978972198,0.7331809182807889,0,0
-0.5709164142608643,-1.1170657873153687,-1.3942800760269165,0.7367427049472068,0.7444632556426394,0,0
-0.5688194632530212,-1.114058256149292,-1.3942800760269165,0.7452253165250962,0.7325767419864114,0,0
-0.566722571849823,-1.1110506057739258,-1.3942800760269165,0.7514779522121586,0.7434792586045734,0,0
-0.5646256804466248,-1.1080430746078491,-1.3942800760269165,0.7469396185432626,0.7324605287482374,0,0
-0.5625288486480713,-1.1050353050231934,-1.3942800760269165,0.7838369322649678,0.7864581884516068,0,0
-0.5604321360588074,-1.102027416229248,-1.3942800760269165,0.7628110169588808,0.7774942730777914,0,0
-0.5583353638648987,-1.0990195274353027,-1.3942800760269165,0.773712065468258,0.7772455279591413,0,0
-0.5562387704849243,-1.0960115194320679,-1.3942800760269165,0.7827747425424807,0.7914749263194971,0,0
-0.55414217710495,-1.093003273010254,-1.3942800760269165,0.7898944091297825,0.7867286468358868,0,0
-0.5520456433296204,-1.0899951457977295,-1.3942800760269165,0.7834500751449308,0.7754300296724213,0,0
-0.549949049949646,-1.086986780166626,-1.3942800760269165,0.7678489088391256,0.7610728046240532,0,0
-0.5478525757789612,-1.0839784145355225,-1.3942800760269165,0.7729285153591349,0.7747028317554358,0,0
-0.5457562208175659,-1.0809699296951294,-1.3942800760269165,0.7825050724119209,0.7908427588239502,0,0
-0.5436598658561707,-1.0779614448547363,-1.3942800760269165,0.7846131028289502,0.7495167232470515,0,0
-0.5415635704994202,-1.0749527215957642,-1.3942800760269165,0.5058752236934969,0.5018635008039422,0,0
-0.5394673943519592,-1.071944236755371,-1.3942784070968628,0.4982221358860361,0.5128670813964666,0,0
-0.5373710989952087,-1.068935513496399,-1.3942784070968628,0.5045963613852871,0.5147106278097742,0,0
-0.5352749824523926,-1.0659267902374268,-1.3942784070968628,0.48752054400830247,0.49693560581605306,0,0
-0.5331788659095764,-1.062917947769165,-1.3942784070968628,0.5129813177688793,0.47821087871244294,0,0
-0.531082808971405,-1.0599092245101929,-1.3942784070968628,0.5016786468979735,0.5212695677652784,0,0
-0.5289867520332336,-1.0569005012512207,-1.3942784070968628,0.49784918606818357,0.525879704793982,0,0
-0.5268906354904175,-1.053891897201538,-1.3942784070968628,0.5000889549520112,0.5038379678868494,0,0
-0.5247945189476013,-1.0508829355239868,-1.3942784070968628,0.4927466301428771,0.5115375244215291,0,0
-0.5226985216140747,-1.047874093055725,-1.3942784070968628,0.4949416923081147,0.5011284351720229,0,0
-0.5206024646759033,-1.0448652505874634,-1.3942784070968628,0.5080233130388594,0.4951150663671373,0,0
-0.5185065269470215,-1.0418565273284912,-1.3942784070968628,0.507092315854299,0.4955415071402178,0,0
-0.5164105892181396,-1.0388476848602295,-1.3942784070968628,0.48834643146579526,0.49697531614560214,0,0
-0.5143146514892578,-1.0358388423919678,-1.3942784070968628,0.5007782555333427,0.5082306285387151,0,0
-0.512218713760376,-1.0328301191329956,-1.3942784070968628,0.49811397930016393,0.46929970048502395,0,0
-0.5101228952407837,-1.0298213958740234,-1.3942784070968628,0.5076610372967738,0.4845296764345359,0,0
-0.5080269575119019,-1.0268126726150513,-1.3942784070968628,0.48908099227002544,0.5122007768533581,0,0
-0.5059311389923096,-1.0238038301467896,-1.3942784070968628,0.5109140796052453,0.497709669222369,0,0
-0.5038353800773621,-1.0207948684692383,-1.3942784070968628,0.5119745769511839,0.5006688494542685,0,0
-0.5017395615577698,-1.017785906791687,-1.3942784070968628,0.5138607248595827,0.502241279279459,0,0
-0.4996437728404999,-1.0147769451141357,-1.3942784070968628,0.5036630420340862,0.4937204227814141,0,0
-0.49754801392555237,-1.0117679834365845,-1.3942784070968628,0.5137802653095727,0.4895162720023509,0,0
-0.49545228481292725,-1.0087589025497437,-1.3942784070968628,0.4986051901474327,0.5141293955095962,0,0
-0.4933566153049469,-1.0057498216629028,-1.3942784070968628,0.4783958345489046,0.505997244125991,0,0
-0.49126097559928894,-1.0027408599853516,-1.3942784070968628,0.4754621049342017,0.5134654426989701,0,0
-0.4891653060913086,-0.9997319579124451,-1.3942784070968628,0.5077686319495319,0.4937341845091783,0,0
-0.48706966638565063,-0.9967228770256042,-1.3942784070968628,0.4953892913369951,0.48694479592779294,0,0
-0.48497405648231506,-0.9937138557434082,-1.3942784070968628,0.5009592254972592,0.4947264217293149,0,0
-0.48287853598594666,-0.9907047748565674,-1.3942784070968628,0.5098251230301828,0.4931377483526125,0,0
-0.4807828962802887,-0.9876956939697266,-1.3942784070968628,0.5075614142698154,0.5156294562380164,0,0
-0.4786873757839203,-0.9846866726875305,-1.3942784070968628,0.4974692650153224,0.5140316067604623,0,0
-0.47659188508987427,-0.9816776514053345,-1.3942784070968628,0.5037413532234047,0.4925026851807679,0,0
-0.47449642419815063,-0.9786685109138489,-1.3942784070968628,0.5012904090010475,0.48177387476432604,0,0
-0.472400963306427,-0.9756595492362976,-1.3942784070968628,0.5012281950612032,0.4778793892665798,0,0
-0.4703054428100586,-0.9726504683494568,-1.3942784070968628,0.4842374511697583,0.5089832490500911,0,0
-0.46821004152297974,-0.9696413278579712,-1.3942784070968628,0.496084583449658,0.49186940946967067,0,0
-0.46611467003822327,-0.9666323065757751,-1.3942784070968628,0.5133232628445857,0.4980318401351269,0,0
-0.4640192687511444,-0.9636232256889343,-1.3942784070968628,0.5050169901884233,0.5000076842929296,0,0
-0.4619239568710327,-0.960614025592804,-1.3942784070968628,0.5045612501137043,0.49850432398333006,0,0
-0.45982852578163147,-0.9576048851013184,-1.3942784070968628,0.48877768331577814,0.5067766815243545,0,0
-0.45773324370384216,-0.954595685005188,-1.3942784070968628,0.5027301864109652,0.48014588575894585,0,0
-0.45563793182373047,-0.9515866041183472,-1.3942784070968628,0.5005898835587079,0.5041278417943352,0,0
-0.45354264974594116,-0.9485774040222168,-1.3942784070968628,0.5010374835199973,0.5102232991337995,0,0
-0.45144736766815186,-0.9455681443214417,-1.3942784070968628,0.49702987635456597,0.5050380522846343,0,0
-0.4493521451950073,-0.9425590634346008,-1.3942784070968628,0.49341452779701045,0.5037182133956879,0,0
-0.4472569227218628,-0.93954998254776,-1.3942784070968628,0.5081422675693935,0.5014988051036511,0,0
-0.44516170024871826,-0.9365408420562744,-1.3942784070968628,0.522788150777995,0.506440807149094,0,0
-0.4430665075778961,-0.933531641960144,-1.3942784070968628,0.4940024227722259,0.49836417800145255,0,0
-0.44097137451171875,-0.9305223822593689,-1.3942784070968628,0.5041276063985868,0.5137252659723202,0,0
-0.4388762414455414,-0.927513062953949,-1.3942784070968628,0.4958533245588703,0.4909343843792014,0,0
-0.4367810785770416,-0.9245038032531738,-1.3942784070968628,0.5054803110092692,0.5126453135266977,0,0
-0.43468600511550903,-0.9214944839477539,-1.3942784070968628,0.49398960110617257,0.5020764149738433,0,0
-0.43259096145629883,-0.9184852242469788,-1.3942784070968628,0.4863738202006981,0.5165045239314852,0,0
-0.430495947599411,-0.9154760241508484,-1.3942784070968628,0.49732305617510847,0.5060436164564238,0,0
-0.4284009039402008,-0.9124667644500732,-1.3942784070968628,0.49745594619102246,0.4988791679304394,0,0
-0.4263058602809906,-0.9094573855400085,-1.3942784070968628,0.48878005407370634,0.4971752729427891,0,0
-0.42421090602874756,-0.9064480066299438,-1.3942784070968628,0.49544146992545623,0.4965912155902327,0,0
-0.4221159517765045,-0.9034386873245239,-1.3942784070968628,0.497788457854593,0.4907647505589898,0,0
-0.4200209677219391,-0.900429368019104,-1.3942784070968628,0.49491482613900123,0.5091718387723526,0,0
-0.41792604327201843,-0.8974201083183289,-1.3942784070968628,0.49152767664580127,0.5036354714275543,0,0
-0.415831059217453,-0.8944108486175537,-1.3942784070968628,0.49642138329439967,0.507660387223701,0,0
-0.4137360751628876,-0.8914015293121338,-1.3942784070968628,0.5061922642373116,0.5037228032505986,0,0
-0.4116411805152893,-0.8883923292160034,-1.3942784070968628,0.49697128354765263,0.498172802689625,0,0
-0.40954622626304626,-0.8853830099105835,-1.3942784070968628,0.5052722889848664,0.5049199326741548,0,0
-0.4074512720108032,-0.8823736906051636,-1.3942784070968628,0.5046923157870975,0.49133846329934516,0,0
-0.4053563177585602,-0.8793643712997437,-1.3942784070968628,0.49727592069102317,0.5077832577004895,0,0
-0.4032614231109619,-0.8763552904129028,-1.3942784070968628,0.505080088585504,0.5096594836292785,0,0
-0.40116652846336365,-0.8733460307121277,-1.3942784070968628,0.4979732798002955,0.5015767846179847,0,0
-0.399071604013443,-0.8703368902206421,-1.3942784070968628,0.5045584724723984,0.5075811075988877,0,0
-0.3969767093658447,-0.8673276901245117,-1.3942784070968628,0.49197859659676113,0.5108131501049413,0,0
-0.39488187432289124,-0.8643184900283813,-1.3942784070968628,0.5137291334620322,0.4932224370568422,0,0
-0.39278700947761536,-0.861309289932251,-1.3942784070968628,0.4945384798768841,0.5043998657779661,0,0
-0.3906921148300171,-0.8583000898361206,-1.3942784070968628,0.5066433572364845,0.5064193753044134,0,0
-0.3885972201824188,-0.8552910685539246,-1.3942784070968628,0.4917063759442148,0.4986477648173383,0,0
-0.3865024149417877,-0.8522819876670837,-1.3942784070968628,0.5119755381864974,0.49691095716693634,0,0
-0.38440755009651184,-0.8492727875709534,-1.3942784070968628,0.4909986885161258,0.49913264868399077,0,0
-0.3823126554489136,-0.8462637066841125,-1.3942784070968628,0.4951567406187146,0.49176681109373593,0,0
-0.38021790981292725,-0.843254566192627,-1.3942784070968628,0.49008410113855433,0.5057583250124935,0,0
-0.37812307476997375,-0.8402454853057861,-1.3942784070968628,0.5096278176976506,0.49738844027849527,0,0
-0.37602823972702026,-0.8372365236282349,-1.3942784070968628,0.49548176708648806,0.5007429253441252,0,0
-0.3739334046840668,-0.8342275023460388,-1.3942784070968628,0.5032302919394226,0.48667083994092863,0,0
-0.37183862924575806,-0.8312183618545532,-1.3942784070968628,0.47835157890709146,0.49310547039091523,0,0
-0.36974382400512695,-0.8282092213630676,-1.3942784070968628,0.5063877464539925,0.5060109793831589,0,0
-0.3676490783691406,-0.8252001404762268,-1.3942784070968628,0.4974804118605079,0.5057438234931247,0,0
-0.36555424332618713,-0.8221911787986755,-1.3942784070968628,0.5023963486249129,0.508574667791705,0,0
-0.3634594976902008,-0.8191822171211243,-1.3942784070968628,0.4974788434636337,0.4878366176225184,0,0
-0.36136478185653687,-0.8161731362342834,-1.3942784070968628,0.5204631502158092,0.5172684322233403,0,0
-0.35926997661590576,-0.8131641745567322,-1.3942784070968628,0.492793016270206,0.507746939267516,0,0
-0.3571752607822418,-0.8101550936698914,-1.3942784070968628,0.5038851756986842,0.49327040406067507,0,0
-0.3550805151462555,-0.8071460127830505,-1.3942784070968628,0.49365829118544136,0.5059930320604736,0,0
-0.35298579931259155,-0.8041369318962097,-1.3942784070968628,0.4955428217168342,0.5099327644411806,0,0
-0.3508911430835724,-0.801128089427948,-1.3942784070968628,0.48753070574615504,0.5056822226723804,0,0
-0.34879639744758606,-0.798119068145752,-1.3942784070968628,0.4973251003176048,0.5112425403575778,0,0
-0.34670165181159973,-0.7951100468635559,-1.3942784070968628,0.4818323717528883,0.4860085894761705,0,0
-0.34460702538490295,-0.7921012043952942,-1.3942784070968628,0.4921033647244354,0.4990443157742516,0,0
-0.3425123691558838,-0.7890921831130981,-1.3942784070968628,0.5002706377263528,0.5021997665859409,0,0
-0.34041768312454224,-0.7860832214355469,-1.3942784070968628,0.48034386158494935,0.491739617696456,0,0
-0.33832302689552307,-0.7830742597579956,-1.3942784070968628,0.5020112314787735,0.4867444191403186,0,0
-0.3362283706665039,-0.7800652980804443,-1.3942784070968628,0.492367703618489,0.505883658004747,0,0
-0.33413371443748474,-0.7770563364028931,-1.3942784070968628,0.5026844008571315,0.5048543478188695,0,0
-0.3320390284061432,-0.7740475535392761,-1.3942784070968628,0.4853587660562277,0.5147013551898232,0,0
-0.32994434237480164,-0.7710386514663696,-1.3942784070968628,0.5044358677994273,0.4945346965357263,0,0
-0.32784968614578247,-0.7680297493934631,-1.3942784070968628,0.4936544606145408,0.4939674303447265,0,0
-0.3257550597190857,-0.7650209665298462,-1.3942784070968628,0.49301263376693877,0.5082637514777829,0,0
-0.3236604332923889,-0.7620119452476501,-1.3942784070968628,0.47479048218489456,0.4972606820150958,0,0
-0.32156580686569214,-0.7590031027793884,-1.3942784070968628,0.49802838840666963,0.49993202848328544,0,0
-0.319471150636673,-0.7559943199157715,-1.3942784070968628,0.48404155306705665,0.5095469768890472,0,0
-0.3173765242099762,-0.7529852986335754,-1.3942784070968628,0.48733912635898996,0.4798080298036379,0,0
-0.3152818977832794,-0.7499764561653137,-1.3942784070968628,0.504800084424768,0.5019750353532856,0,0
-0.31318727135658264,-0.7469676733016968,-1.3942784070968628,0.49597052080542936,0.5069641623026868,0,0
-0.31109270453453064,-0.7439588308334351,-1.3942784070968628,0.5093092172111501,0.4964015836212126,0,0
-0.30899813771247864,-0.7409501075744629,-1.3942784070968628,0.490281554259659,0.505522951344466,0,0
-0.306903600692749,-0.7379412651062012,-1.3942784070968628,0.48777824175947415,0.49358599150226945,0,0
-0.304809033870697,-0.7349324822425842,-1.3942784070968628,0.5261185928792182,0.5041689976760162,0,0
-0.302714467048645,-0.7319236993789673,-1.3942784070968628,0.5041597522262734,0.5075897417795232,0,0
-0.300619900226593,-0.7289150357246399,-1.3942784070968628,0.4974633812621639,0.4919653691720241,0,0
-0.2985253930091858,-0.7259063124656677,-1.3942784070968628,0.5092922595264799,0.4896131335117601,0,0
-0.29643088579177856,-0.722897469997406,-1.3942784070968628,0.4985733782491312,0.5012501811497422,0,0
-0.29433634877204895,-0.7198887467384338,-1.3942784070968628,0.5056025428645621,0.51598881181183,-1,-1
-0.2922418713569641,-0.7168798446655273,-1.3947374820709229,0.5024001784669451,0.5105180702084015,0,0
-0.29014718532562256,-0.7138726711273193,-1.3959171772003174,0.5056538888460549,0.5058264571271771,0,0
-0.2880510687828064,-0.7108721137046814,-1.3979412317276,0.49379010778456195,0.49882618747998925,0,0
-0.28595247864723206,-0.7078861594200134,-1.4008698463439941,0.4808563319001253,0.49713416248216946,0,0
-0.28384929895401,-0.7049251198768616,-1.404717206954956,0.5044065630461447,0.49401668676372484,0,0
-0.2817396819591522,-0.7020021080970764,-1.409483790397644,0.4864063166867853,0.4951287620856124,0,0
-0.279620885848999,-0.6991302371025085,-1.4151312112808228,0.49801215145570316,0.5073094904559803,0,0
-0.27749136090278625,-0.6963241100311279,-1.4216502904891968,0.5123288339419446,0.4953653671041967,0,0
-0.2753502428531647,-0.6935978531837463,-1.4289889335632324,0.5151432653116126,0.48887602302717775,0,0
-0.27319738268852234,-0.6909661293029785,-1.437138557434082,0.5040011947135892,0.49354389975392343,0,0
-0.27103376388549805,-0.688442051410675,-1.4460406303405762,0.5224505452054234,0.4973543219127372,0,0
-0.2688617408275604,-0.6860387325286865,-1.455682635307312,0.48977660532540146,0.5045764013689151,0,0
-0.26668471097946167,-0.6837673187255859,-1.4660093784332275,0.4802018467563374,0.49810000932425547,0,0
-0.2645074427127838,-0.681638240814209,-1.4770094156265259,0.5102953433021635,0.5214845024577445,0,0
-0.26233625411987305,-0.6796588897705078,-1.488631010055542,0.49992725681682576,0.49239057328421004,0,0
-0.26017943024635315,-0.6778368949890137,-1.5008856058120728,0.5063930033646117,0.47500279128801454,0,0
-0.2580454349517822,-0.6761777400970459,-1.5137068033218384,0.5138384383625135,0.5107076839727319,0,0
-0.25594425201416016,-0.6746858954429626,-1.5271024703979492,0.4935351919571802,0.5025458333196815,0,0
-0.2538844347000122,-0.6733640432357788,-1.5409727096557617,0.5125382189155898,0.49338823813498656,0,0
-0.25187620520591736,-0.672211766242981,-1.5553743839263916,0.49338546576142944,0.5145716198820883,0,0
-0.24992987513542175,-0.6712273955345154,-1.570251226425171,0.5102574549857034,0.5176926738151055,0,0
-0.2480563521385193,-0.6704063415527344,-1.5856375694274902,0.48894375024360986,0.49246702596685765,0,0
-0.24626758694648743,-0.6697437763214111,-1.6014653444290161,0.48996432900800696,0.5017905717122578,0,0
-0.24457348883152008,-0.6692345142364502,-1.6177592277526855,0.5227812226737963,0.48759507199548,0,0
-0.242984339594841,-0.6688714623451233,-1.634423851966858,0.4894806658563133,0.49663255362906417,0,0
-0.2415093034505844,-0.6686472296714783,-1.651498556137085,0.5007781910527224,0.49487829453434035,0,0
-0.24015533924102783,-0.6685532927513123,-1.668981671333313,0.49689980758425284,0.4944296645380675,0,0
-0.238927960395813,-0.6685790419578552,-1.6867988109588623,0.4975598529978316,0.4856983475124719,0,0
-0.23783110082149506,-0.6687126159667969,-1.704932451248169,0.5082218037153269,0.4958376500104228,0,0
-0.23686684668064117,-0.668941080570221,-1.7233562469482422,0.5000907262481401,0.5139402707283182,0,0
-0.23603574931621552,-0.6692500710487366,-1.7420355081558228,0.5010994098870325,0.5166213804990838,0,0
-0.2353370487689972,-0.6696245074272156,-1.760947823524475,0.5013416456326536,0.49593218645487747,0,0
-0.23476876318454742,-0.6700488924980164,-1.7800755500793457,0.49601875671937473,0.48753735314920826,0,0
-0.23432764410972595,-0.6705080270767212,-1.7994002103805542,0.4966184924193582,0.5026167342553985,0,0
-0.23400910198688507,-0.6709871888160706,-1.8189058303833008,0.5023832521117375,0.5072483017696526,0,0
-0.2338075488805771,-0.6714724898338318,-1.8385772705078125,0.5034869423262902,0.5047711253307935,0,0
-0.23371610045433044,-0.671951174736023,-1.8584010601043701,0.4921668049796578,0.5001925139852985,0,0
-0.23372691869735718,-0.6724117994308472,-1.8783550262451172,0.4966638843949717,0.49375396882072364,0,0
-0.23383156955242157,-0.6728445291519165,-1.8984256982803345,0.506584518493914,0.4980503475545458,0,0
-0.23402097821235657,-0.673241138458252,-1.918604850769043,0.4992461089354241,0.47260020611329073,0,0
-0.2342856377363205,-0.6735954284667969,-1.9388763904571533,0.4987960027150955,0.5105162002394882,0,0
-0.23461560904979706,-0.6739026308059692,-1.959221363067627,0.5030171691257747,0.49764620930383685,0,0
-0.23500080406665802,-0.6741594672203064,-1.9796299934387207,0.49301181508234526,0.49720536384217323,0,0
-0.23543183505535126,-0.6743631362915039,-2.0000903606414795,0.5102650724213141,0.5043431611281458,0,0
-0.23589986562728882,-0.6745125651359558,-2.0205931663513184,0.5040306311900892,0.4795159874933358,0,0
-0.23639623820781708,-0.6746081113815308,-2.041111469268799,0.5011639365042335,0.5050280351218152,0,0
-0.23691195249557495,-0.6746504902839661,-2.061631202697754,0.4796557346325549,0.49631486300772215,0,0
-0.2374381721019745,-0.6746406555175781,-2.082144021987915,0.49654015935612406,0.4981958617493025,0,0
-0.2379666119813919,-0.6745795607566833,-2.102635622024536,0.49533321151458715,0.5077932314418754,0,0
-0.23848970234394073,-0.6744694113731384,-2.1230947971343994,0.5031636039663365,0.4999585112411107,0,0
-0.23900048434734344,-0.6743136644363403,-2.1435012817382812,0.5160116220696608,0.5097886038675646,0,0
-0.23949216306209564,-0.6741173267364502,-2.1638355255126953,0.5058377521763504,0.5176726892818391,0,0
-0.23995807766914368,-0.6738864779472351,-2.184089422225952,0.5070805953452433,0.5034380278397853,0,0
-0.2403925508260727,-0.6736271977424622,-2.2042629718780518,0.48717414826637345,0.5075939860057109,0,0
-0.24079157412052155,-0.6733453273773193,-2.2243404388427734,0.5043236410593773,0.4874406927378704,0,0
-0.24115344882011414,-0.673046350479126,-2.2443182468414307,0.48490688744156873,0.4967986989324578,0,0
-0.24147799611091614,-0.6727356314659119,-2.2641756534576416,0.49104641187859305,0.5170656836663059,0,0
-0.24176591634750366,-0.6724186539649963,-2.283897876739502,0.5031945555184922,0.4866574643917439,0,0
-0.24201838672161102,-0.6721009016036987,-2.3034772872924805,0.492435636651825,0.49627631022951263,0,0
-0.24223652482032776,-0.6717872023582458,-2.322897434234619,0.49486867926491995,0.4934352528331963,0,0
-0.24242143332958221,-0.6714816093444824,-2.342153787612915,0.4993586049195695,0.4987113682699107,0,0
-0.2425747662782669,-0.6711874008178711,-2.361241340637207,0.47740111220182513,0.5133629011000317,0,0
-0.24269850552082062,-0.6709066033363342,-2.380143165588379,0.5092075339266803,0.5065689986697868,0,0
-0.2427951693534851,-0.6706410646438599,-2.398850917816162,0.5038903205626629,0.49836380504926975,0,0
-0.24286791682243347,-0.6703916788101196,-2.4173583984375,0.5091006779641974,0.5040282484933721,0,0
-0.2429199516773224,-0.6701593995094299,-2.435650110244751,0.5032040944075205,0.4850032837844099,0,0
-0.24295476078987122,-0.6699450612068176,-2.453721046447754,0.5106094779993302,0.4957939208540629,0,0
-0.24297556281089783,-0.6697492003440857,-2.4715609550476074,0.4909167621364798,0.4836638434336201,0,0
-0.24298514425754547,-0.6695721745491028,-2.4891719818115234,0.4938021394154205,0.5027847881441471,0,0
-0.24298584461212158,-0.669414222240448,-2.5065388679504395,0.4842503272444107,0.4976768002234703,0,0
-0.242979496717453,-0.6692748665809631,-2.5236546993255615,0.49804270467414835,0.5000693685408629,0,0
-0.2429676353931427,-0.6691537499427795,-2.5405118465423584,0.4931450528682663,0.485030479956757,0,0
-0.24295157194137573,-0.6690496206283569,-2.5571115016937256,0.4959035034981121,0.504997231714187,0,0
-0.24293242394924164,-0.6689611673355103,-2.573439836502075,0.5112765064952519,0.5214079192546411,0,0
-0.24291107058525085,-0.6688865423202515,-2.5894980430603027,0.4979733705225071,0.504367404212686,0,0
-0.2428884357213974,-0.6688242554664612,-2.6052801609039307,0.49676036680293034,0.485637982024849,0,0
-0.24286533892154694,-0.6687723398208618,-2.6207804679870605,0.5228176777673632,0.5138327875467565,0,0
-0.2428426742553711,-0.6687290668487549,-2.6359939575195312,0.49262184427338696,0.4999829448186394,0,0
-0.24282121658325195,-0.6686928272247314,-2.6509156227111816,0.501361990573089,0.4961943334209918,0,0
-0.2428017407655716,-0.6686622500419617,-2.6655449867248535,0.5128520517166395,0.49823172312876957,0,0
-0.242784783244133,-0.6686359643936157,-2.6798763275146484,0.4943871856397754,0.49241227385140357,0,0
-0.2427709698677063,-0.6686131358146667,-2.693908929824829,0.5225014569571136,0.5077059688260553,0,0
-0.24276049435138702,-0.6685929894447327,-2.7076425552368164,0.5088550304910051,0.5159932267239824,0,0
-0.24275369942188263,-0.668574869632721,-2.721071243286133,0.4951221624920722,0.4987572794320028,0,0
-0.24275055527687073,-0.6685585379600525,-2.734194278717041,0.48342552002847844,0.48474941933857824,0,0
-0.24275098741054535,-0.6685435771942139,-2.74701189994812,0.5024071552254649,0.49073245082040456,0,0
-0.24275468289852142,-0.6685298085212708,-2.759523868560791,0.49487863800460047,0.4947987675560868,0,0
-0.24276123940944672,-0.6685172915458679,-2.7717297077178955,0.4980871666476487,0.5131664968239128,0,0
-0.24277028441429138,-0.6685057282447815,-2.783623695373535,0.5039468140256117,0.5143202552086104,0,0
-0.24278126657009125,-0.6684952974319458,-2.7952117919921875,0.49143621953755473,0.49184603411911654,0,0
-0.24279367923736572,-0.6684857606887817,-2.8064944744110107,0.5003496589588589,0.5114824601918577,0,0
-0.24280692636966705,-0.6684771776199341,-2.817471742630005,0.4861592776547957,0.48173203996193886,0,0
-0.24282054603099823,-0.6684695482254028,-2.8281431198120117,0.4981657987105855,0.494739656806728,0,0
-0.24283403158187866,-0.6684625744819641,-2.8385093212127686,0.4872980163695089,0.5071428757047511,0,0
-0.24284698069095612,-0.6684564352035522,-2.848569869995117,0.484216990341948,0.5064400005210772,0,0
-0.24285906553268433,-0.6684510111808777,-2.8583312034606934,0.48788052270557525,0.5115108674865892,0,0
-0.2428700178861618,-0.6684460043907166,-2.867792844772339,0.493548911813411,0.5105966437249427,0,0
-0.24287962913513184,-0.6684414744377136,-2.8769612312316895,0.4988582968123498,0.4936127823873285,0,0
-0.24288778007030487,-0.6684374213218689,-2.8858299255371094,0.497169612667064,0.5146487147000617,0,0
-0.24289454519748688,-0.668433666229248,-2.894411087036133,0.4816760045723472,0.5043702827737868,0,0
-0.24289976060390472,-0.668429970741272,-2.9027047157287598,0.5037370977652083,0.4931411043181395,0,0
-0.24290359020233154,-0.6684266328811646,-2.910710334777832,0.48444035032148025,0.5048494424475322,0,0
-0.24290615320205688,-0.6684233546257019,-2.9184343814849854,0.501584214464538,0.5125339501665687,0,0
-0.24290750920772552,-0.6684201955795288,-2.9258768558502197,0.49448129614396824,0.5043836469764319,0,0
-0.24290785193443298,-0.6684173345565796,-2.9330437183380127,0.5093259998018812,0.49745546180029526,0,0
-0.24290731549263,-0.6684145331382751,-2.939940929412842,0.5064669103109413,0.48947162842015285,0,0
-0.24290606379508972,-0.6684119701385498,-2.946568250656128,0.5021314783326782,0.5122428607655904,0,0
-0.24290399253368378,-0.6684098243713379,-2.952920913696289,0.4960483158978187,0.498698701386856,0,0
-0.24290330708026886,-0.66840660572052,-2.95900297164917,0.4813733005258944,0.49153785901618735,0,0
-0.24290937185287476,-0.6683986186981201,-2.9648211002349854,0.48629298636974994,0.4981224757268846,0,0
-0.2429305911064148,-0.6683797836303711,-2.97038197517395,0.49169328237844473,0.5034023305276003,0,0
-0.24297769367694855,-0.6683409214019775,-2.975687265396118,0.5118926054982048,0.5191955597333515,0,0
-0.24306176602840424,-0.6682699918746948,-2.980762243270874,0.4881803032016402,0.5027372876874571,0,0
-0.24319322407245636,-0.668153703212738,-2.985624074935913,0.5067834134063242,0.504065298433006,0,0
-0.24338315427303314,-0.6679791808128357,-2.9902524948120117,0.4853331833636755,0.4954841608213489,0,0
-0.24364444613456726,-0.6677332520484924,-2.9945993423461914,0.49781754221565266,0.5014134559852574,0,0
-0.24398957192897797,-0.6674014329910278,-2.998668909072876,0.5060706449245943,0.5208332195870847,0,0
-0.24442924559116364,-0.6669695973396301,-3.0025134086608887,0.5190112292110604,0.5034322584337843,0,0
-0.24497288465499878,-0.6664271950721741,-3.0061559677124023,0.4966769452225081,0.49287132306975956,0,0
-0.24562951922416687,-0.6657664775848389,-3.0096001625061035,0.4886696253753523,0.49599466542347853,0,0
-0.24640722572803497,-0.6649829149246216,-3.0128650665283203,0.4857015928180357,0.49923159724176475,0,0
-0.2473125457763672,-0.6640753746032715,-3.015977621078491,0.49434469017850835,0.5039504501613129,0,0
-0.24835044145584106,-0.6630457043647766,-3.018951177597046,0.5168514732924675,0.4964468760491671,0,0
-0.24952371418476105,-0.6618977189064026,-3.02180552482605,0.5006487476471733,0.4905444711759207,0,0
-0.2508326470851898,-0.6606371402740479,-3.0245449542999268,0.5106521879631821,0.5103007272138045,0,0
-0.25227582454681396,-0.6592713594436646,-3.027167320251465,0.4983486428014341,0.5230753682928226,0,0
-0.25385093688964844,-0.6578087210655212,-3.029695749282837,0.4977529755178575,0.504039029438528,0,0
-0.2555542290210724,-0.6562573313713074,-3.032144546508789,0.49165408278532663,0.5070748319603535,0,0
-0.25737980008125305,-0.6546254754066467,-3.034480571746826,0.5045252731566833,0.5171397687780445,0,0
-0.25932005047798157,-0.6529226899147034,-3.03666353225708,0.5131863832085423,0.4951990435120571,0,0
-0.26136693358421326,-0.6511594653129578,-3.038710355758667,0.5129206809233317,0.4880527927843558,0,0
-0.26351287961006165,-0.6493458151817322,-3.040677309036255,0.5011528528730346,0.49090684176457683,0,0
-0.26574990153312683,-0.6474895477294922,-3.042588233947754,0.4972618666336509,0.5142349137984575,0,0
-0.2680688202381134,-0.6455965638160706,-3.044398784637451,0.4860581908042832,0.509358328700493,0,0
-0.27045923471450806,-0.6436717510223389,-3.046074628829956,0.4885969663871093,0.48972968631310304,0,0
-0.27291104197502136,-0.6417195796966553,-3.0476431846618652,0.4994986160778147,0.4917233142126801,0,0
-0.27541548013687134,-0.6397440433502197,-3.0491578578948975,0.4960358899307114,0.4951412718683803,0,0
-0.27796536684036255,-0.6377476453781128,-3.050638198852539,0.5002688855966451,0.5042160721878659,0,0
-0.2805546820163727,-0.6357316374778748,-3.052069664001465,0.5022178947227114,0.4845458789242581,0,0
-0.2831778824329376,-0.6336963176727295,-3.0534346103668213,0.4877900207916862,0.5012325820109097,0,0
-0.28583016991615295,-0.6316420435905457,-3.054734468460083,0.49401173666805903,0.49508341210202217,0,0
-0.288507342338562,-0.6295696496963501,-3.055974006652832,0.501695914840025,0.48360290681004536,0,0
-0.29120567440986633,-0.6274802088737488,-3.0571584701538086,0.5031953019617806,0.4934908106143072,0,0
-0.29392215609550476,-0.6253746151924133,-3.058290958404541,0.503551029523448,0.48447250420965193,0,0
-0.29665407538414,-0.6232538819313049,-3.0593719482421875,0.5100179724086684,0.5135888721629616,0,0
-0.2993989586830139,-0.6211186051368713,-3.060404062271118,0.5052662018340105,0.5161570881817451,0,0
-0.3021544814109802,-0.6189687252044678,-3.0613865852355957,0.5099076627423916,0.49990317449620725,0,0
-0.3049185872077942,-0.6168045401573181,-3.062321186065674,0.5170920077018978,0.5054052664665604,0,0
-0.3076895475387573,-0.6146262884140015,-3.0632121562957764,0.501552046931427,0.49509682290601137,0,0
-0.3104661703109741,-0.6124342083930969,-3.064068555831909,0.5067935889955718,0.5087257526009817,0,0
-0.3132474422454834,-0.6102288365364075,-3.0648841857910156,0.4887613889193669,0.4795666343754073,0,0
-0.31603267788887024,-0.6080107092857361,-3.0656654834747314,0.4894811765768337,0.4919141167613663,0,0
-0.3188212513923645,-0.6057804822921753,-3.066411256790161,0.49611039297633125,0.4864312168669743,0,0
-0.32161253690719604,-0.6035386323928833,-3.0671212673187256,0.48545908755177003,0.4814253582187923,0,0
-0.32440584897994995,-0.6012857556343079,-3.0678021907806396,0.4994216659806882,0.4944431266762395,0,0
-0.32720062136650085,-0.5990223288536072,-3.0684502124786377,0.5072443285086581,0.49266853744052863,0,0
-0.3299963176250458,-0.5967488288879395,-3.069070339202881,0.5232019469707706,0.49370470147938683,0,0
-0.33279260993003845,-0.5944659113883972,-3.0696606636047363,0.4937246483602089,0.50119553149337,0,0
-0.3355892300605774,-0.5921741724014282,-3.0702266693115234,0.49486366397380765,0.5244560169813135,0,0
-0.33838599920272827,-0.5898741483688354,-3.0707640647888184,0.5125199588698018,0.5063917533580062,0,0
-0.34118273854255676,-0.5875665545463562,-3.071280002593994,0.48748693665851695,0.5121515174433962,0,0
-0.34397923946380615,-0.5852518081665039,-3.0717732906341553,0.4898087799554416,0.49222955167975324,0,0
-0.3467751443386078,-0.5829303860664368,-3.072244644165039,0.48970484661393976,0.49699366890929764,0,0
-0.34957027435302734,-0.5806027054786682,-3.0726943016052246,0.49940155475462294,0.5011246291514212,0,0
-0.35236430168151855,-0.5782691836357117,-3.073122024536133,0.5045857047106838,0.49732401109150126,0,0
-0.35515719652175903,-0.5759300589561462,-3.0735325813293457,0.4992097511047763,0.5052986357411245,0,0
-0.357948899269104,-0.5735857486724854,-3.073925256729126,0.489900072160033,0.48359091869029136,0,0
-0.3607392907142639,-0.5712366104125977,-3.074301242828369,0.48437377315993296,0.5001024854272486,0,0
-0.3635285198688507,-0.568882942199707,-3.074660062789917,0.5086305119303849,0.49159116277231896,0,0
-0.36631637811660767,-0.5665250420570374,-3.0750021934509277,0.48937087072348384,0.4999901389861999,0,0
-0.3691028654575348,-0.5641631484031677,-3.075326919555664,0.501481101899425,0.4994771077619766,0,0
-0.3718879222869873,-0.5617974400520325,-3.075634479522705,0.506260138972378,0.5024240957281362,0,0
-0.37467142939567566,-0.5594281554222107,-3.07593035697937,0.4892208774562003,0.499517118900506,0,0
-0.3774535059928894,-0.5570554733276367,-3.076213836669922,0.49768944748857485,0.4920661947879684,0,0
-0.3802340626716614,-0.5546796321868896,-3.0764853954315186,0.514485945607768,0.5052717783377443,0,0
-0.3830132782459259,-0.552300751209259,-3.0767452716827393,0.5195234059521024,0.5055151242491747,0,0
-0.3857910633087158,-0.5499191284179688,-3.0769941806793213,0.49688521071328373,0.4967299182704593,0,0
-0.3885675072669983,-0.5475349426269531,-3.0772314071655273,0.5051090427991446,0.5096108901495288,0,0
-0.3913426399230957,-0.5451481938362122,-3.0774569511413574,0.49246490102800594,0.5029873036228976,0,0
-0.39411643147468567,-0.5427590608596802,-3.0776708126068115,0.509005644926707,0.5032212382348766,0,0
-0.39688894152641296,-0.5403676629066467,-3.0778722763061523,0.5191576765326669,0.4920884998796971,0,0
-0.3996601998806,-0.5379741787910461,-3.0780675411224365,0.506529138697827,0.5203926567235871,0,0
-0.4024302661418915,-0.5355786085128784,-3.078256607055664,0.5038842982278315,0.48902700387667225,0,0
-0.4051991403102875,-0.5331812500953674,-3.0784339904785156,0.5004501233935686,0.49159547100604306,0,0
-0.4079669117927551,-0.5307821035385132,-3.078606128692627,0.5151154257323423,0.5015887193365047,0,0
-0.4107336103916168,-0.5283812880516052,-3.0787665843963623,0.4895982827863681,0.5091330122627834,0,0
-0.41349920630455017,-0.5259788632392883,-3.078921318054199,0.513627238477204,0.5166137112467608,0,0
-0.41626378893852234,-0.5235748887062073,-3.0790698528289795,0.49497088673857664,0.5001024987319763,0,0
-0.4190273582935333,-0.5211694836616516,-3.0792124271392822,0.4961420439780397,0.48550825499789657,0,0
-0.4217899739742279,-0.5187627077102661,-3.079348564147949,0.5034248877587612,0.5044951289458185,0,0
-0.4245516061782837,-0.5163545608520508,-3.0794785022735596,0.4991935440235706,0.49046597848692586,0,0
-0.4273124635219574,-0.5139452815055847,-3.0796029567718506,0.4995131983678431,0.47927706411565246,0,0
-0.4300723969936371,-0.5115348696708679,-3.079721689224243,0.5017593658754526,0.4983082869657891,0,0
-0.4328315258026123,-0.5091233253479004,-3.0798346996307373,0.5042641894241058,0.4835393741143918,0,0
-0.4355899691581726,-0.5067107677459717,-3.079941987991333,0.5053791088846058,0.5024210627433366,0,0
-0.43834754824638367,-0.504297137260437,-3.080043077468872,0.5133439131204498,0.5174503454382137,0,0
-0.4411044716835022,-0.5018826723098755,-3.0801379680633545,0.4972166443474558,0.49243102366779995,0,0
-0.44386062026023865,-0.49946722388267517,-3.080232858657837,0.5067192128445659,0.496592706483536,0,0
-0.44661614298820496,-0.4970509111881256,-3.0803215503692627,0.5132194054025561,0.5093370855245137,0,0
-0.44937098026275635,-0.49463388323783875,-3.08040452003479,0.5007645470223961,0.5068923918308035,0,0
-0.4521252512931824,-0.49221599102020264,-3.080481767654419,0.5129716280373932,0.5042053703424056,0,0
-0.45487895607948303,-0.4897974729537964,-3.080559253692627,0.5074629486384667,0.5049670850903702,0,0
-0.45763206481933594,-0.48737818002700806,-3.0806307792663574,0.5045972734996114,0.497149828037764,0,0
-0.46038469672203064,-0.484958291053772,-3.080702066421509,0.495864127771629,0.4958822336205662,0,0
-0.46313679218292236,-0.48253774642944336,-3.0807673931121826,0.4940601471365328,0.4990941486887471,0,0
-0.4658883512020111,-0.4801165461540222,-3.0808324813842773,0.48545557010588586,0.48875219228648453,0,0
-0.46863946318626404,-0.4776948094367981,-3.0808916091918945,0.505651372447895,0.4971930375452088,0,0
-0.47139012813568115,-0.4752725064754486,-3.080950975418091,0.500107258409676,0.498173501420772,0,0
-0.4741402566432953,-0.47284966707229614,-3.0810043811798096,0.5236009977260807,0.4867707089618015,0,0
-0.47689008712768555,-0.47042638063430786,-3.0810580253601074,0.5015463883032903,0.4970531357882376,0,0
-0.4796395003795624,-0.468002587556839,-3.0811057090759277,0.5011460341303101,0.4888257267350376,0,0
-0.48238852620124817,-0.4655784070491791,-3.081153154373169,0.5121409935822243,0.50830156754869,0,0
-0.4851371645927429,-0.4631538391113281,-3.08120059967041,0.49107602639276904,0.49832552910240463,0,0
-0.487885445356369,-0.4607287049293518,-3.081242084503174,0.49764226757285573,0.4862540194960776,0,0
-0.49063342809677124,-0.45830321311950684,-3.0812835693359375,0.512721819213349,0.5219433433954339,0,0
-0.49338117241859436,-0.4558773636817932,-3.081325054168701,0.5033187433179532,0.49772847587852154,0,0
-0.49612852931022644,-0.45345115661621094,-3.0813608169555664,0.512273032888517,0.48590559306422537,0,0
-0.49887558817863464,-0.4510246515274048,-3.0813965797424316,0.49842781654328033,0.4918005737299292,0,0
-0.5016224980354309,-0.44859784841537476,-3.081432342529297,0.48077435742640884,0.49605063224255946,0,0
-0.5043691396713257,-0.44617071747779846,-3.0814619064331055,0.4895233930586178,0.48031279037596475,0,0
-0.5071154236793518,-0.4437432587146759,-3.081491470336914,0.4966089843674752,0.4959679272551126,0,0
-0.5098614692687988,-0.44131559133529663,-3.0815210342407227,0.4919374113071544,0.523280906885233,0,0
-0.5126073956489563,-0.43888768553733826,-3.0815505981445312,0.5174572624738756,0.48748068766438213,0,0
-0.5153529644012451,-0.4364594519138336,-3.0815744400024414,0.5085440347572573,0.48710850752879253,0,0
-0.5180984139442444,-0.4340309202671051,-3.0815980434417725,0.4988286035250708,0.5012186912797584,0,0
-0.5208436250686646,-0.43160223960876465,-3.0816218852996826,0.5089845230650717,0.49025405287699864,0,0
-0.5235885977745056,-0.4291733503341675,-3.0816457271575928,0.492429166090384,0.506649582337324,0,0
-0.5263333320617676,-0.4267441928386688,-3.081669330596924,0.4909788749937505,0.5113711275055925,0,0
-0.5290780663490295,-0.4243148863315582,-3.0816872119903564,0.49732354587777794,0.5085068484081174,0,0
-0.5318225622177124,-0.4218854010105133,-3.08170485496521,0.5016022557216834,0.5021716475233322,0,0
-0.5345668792724609,-0.4194556474685669,-3.0817224979400635,0.49996967699192363,0.4944289477311739,0,0
-0.5373110771179199,-0.41702577471733093,-3.081740379333496,0.5167740521840712,0.4958197083186136,0,0
-0.5400550961494446,-0.4145958125591278,-3.0817580223083496,0.5137335722370108,0.5102958857130077,0,0
-0.5427991151809692,-0.4121656119823456,-3.0817759037017822,0.49907771873902546,0.5099180781991705,0,0
-0.5455429553985596,-0.4097352623939514,-3.0817878246307373,0.5026137260329534,0.5074864994808994,0,0
-0.5482866168022156,-0.4073048233985901,-3.0817997455596924,0.5100867445986675,0.4948089649127631,0,0
-0.551030158996582,-0.40487417578697205,-3.0818114280700684,0.483760664290484,0.4924773562176025,0,0
-0.5537735819816589,-0.40244343876838684,-3.0818231105804443,0.5007623755079764,0.4925217697991034,0,0
-0.5565169453620911,-0.40001264214515686,-3.0818350315093994,0.5106254561514543,0.4965156780248363,0,0
-0.5592601299285889,-0.39758163690567017,-3.0818467140197754,0.5191785720602987,0.5073908038015391,0,0
-0.5620031952857971,-0.3951506018638611,-3.0818586349487305,0.5028184910441462,0.5148593745305616,0,0
-0.5647462010383606,-0.3927193880081177,-3.0818705558776855,0.48577502147268714,0.4900926154022209,0,0
-0.5674891471862793,-0.3902880549430847,-3.0818824768066406,0.5091635181356692,0.5072330659239602,0,0
-0.5702320337295532,-0.3878566324710846,-3.081888198852539,0.5062305017451488,0.4919789501641272,0,0
-0.5729748606681824,-0.3854251503944397,-3.0818941593170166,0.5120552879099382,0.4970739121734838,0,0
-0.5757175087928772,-0.38299360871315,-3.081900119781494,0.4992187961170106,0.4965232743662222,0,0
-0.578460156917572,-0.380561888217926,-3.0819058418273926,0.4870503997272337,0.5017231244183781,0,0
-0.5812027454376221,-0.37813013792037964,-3.08191180229187,0.5054991408586974,0.4958872327255616,0,0
-0.5839452147483826,-0.37569835782051086,-3.0819177627563477,0.4933254237909511,0.5235476029203511,0,0
-0.5866876840591431,-0.37326642870903015,-3.081923484802246,0.49328895650591165,0.5124114631144011,0,0
-0.589430034160614,-0.37083446979522705,-3.0819294452667236,0.5065834799714687,0.4921097152885952,0,0
-0.5921724438667297,-0.36840248107910156,-3.081935405731201,0.49620357667171294,0.5112975758948216,0,0
-0.5949147343635559,-0.36597034335136414,-3.0819413661956787,0.49805404482628796,0.5071591424972173,0,0
-0.5976569056510925,-0.3635382056236267,-3.081947088241577,0.4879012396786999,0.5010291737252199,0,0
-0.6003990769386292,-0.36110594868659973,-3.0819528102874756,0.4788078172763137,0.5081324906426674,0,0
-0.603141188621521,-0.35867369174957275,-3.081958532333374,0.504105201180282,0.49844549348208134,0,0
-0.6058832406997681,-0.356241375207901,-3.0819644927978516,0.4997088013446975,0.48660592004244846,0,0
-0.6086252927780151,-0.35380902886390686,-3.081970453262329,0.5117841814835339,0.4980292284304859,0,0
-0.6113672852516174,-0.35137659311294556,-3.081970453262329,0.5025333456501142,0.5136942723477409,0,0
-0.6141092777252197,-0.34894415736198425,-3.081970453262329,0.5160771590727091,0.5084970892876761,0,0
-0.6168512105941772,-0.3465116620063782,-3.081970453262329,0.4878969997441126,0.4956798045184685,0,0
-0.6195931434631348,-0.3440791368484497,-3.081970453262329,0.5087550843253579,0.500690298792679,0,0
-0.6223350167274475,-0.34164661169052124,-3.081970453262329,0.5052674405382892,0.49303809388010245,0,0
-0.6250768303871155,-0.339214026927948,-3.081970453262329,0.49424175155420136,0.4980414488238074,0,0
-0.6278186440467834,-0.33678138256073,-3.081970453262329,0.485996408369543,0.5249651212505264,0,0
-0.6305603981018066,-0.3343487083911896,-3.081970453262329,0.5004754956301941,0.49224068495677653,0,0
-0.6333021521568298,-0.3319160044193268,-3.081970453262329,0.509171557010418,0.4942835758683428,0,0
-0.6360438466072083,-0.3294832706451416,-3.081970453262329,0.5035016485926561,0.5240811656334066,0,0
-0.6387855410575867,-0.32705044746398926,-3.081970453262329,0.5044056294965922,0.5134366616129382,0,0
-0.6415272355079651,-0.3246176242828369,-3.081970453262329,0.5066351138731494,0.5034959395209453,0,0
-0.644268810749054,-0.32218480110168457,-3.081970453262329,0.5073961396334812,0.49156963299985373,0,0
-0.6470103859901428,-0.31975188851356506,-3.081970453262329,0.48675329378519294,0.5067671474494129,0,0
-0.6497519016265869,-0.31731897592544556,-3.081970453262329,0.5044578183226874,0.490973315476804,0,0
-0.652493417263031,-0.3148859739303589,-3.081970453262329,0.5032039806191914,0.49547936075256754,0,0
-0.6552348732948303,-0.3124529719352722,-3.081970453262329,0.5044824630856,0.5034209260372747,0,0
-0.6579763293266296,-0.3100198805332184,-3.081970453262329,0.5037547830741517,0.47812805686762966,0,0
-0.6607176661491394,-0.30758678913116455,-3.081970453262329,0.4774136695993513,0.49740054565271824,0,0
-0.663459062576294,-0.30515366792678833,-3.081970453262329,0.5180640819989475,0.5125716799353431,0,0
-0.6662003993988037,-0.30272048711776733,-3.081970453262329,0.5114193511891895,0.49773897579220855,0,0
-0.6689416170120239,-0.30028727650642395,-3.081970453262329,0.49191155408639076,0.4921068963773507,0,0
-0.6716828942298889,-0.2978540062904358,-3.081970453262329,0.5038177726222504,0.48796201432479835,0,0
-0.6744241714477539,-0.29542073607444763,-3.081970453262329,0.4957270931013444,0.4860832033885566,0,0
-0.6771653890609741,-0.2929874062538147,-3.081970453262329,0.5001012605456381,0.48659866934146984,0,0
-0.6799066066741943,-0.29055407643318176,-3.081970453262329,0.5183153861367211,0.5061850194393669,0,0
-0.6826477646827698,-0.28812068700790405,-3.081970453262329,0.4961258731223478,0.5070671404417796,0,0
-0.6853888630867004,-0.28568726778030396,-3.081970453262329,0.49839582808016414,0.5107309578339722,0,0
-0.6881299614906311,-0.28325381875038147,-3.081970453262329,0.5075431131497374,0.5141324406548834,0,0
-0.690871000289917,-0.2808203399181366,-3.081970453262329,0.4848337318519099,0.4971917032768933,0,0
-0.6936120986938477,-0.27838680148124695,-3.081970453262329,0.5264373407689719,0.4773717135698831,0,0
-0.6963530778884888,-0.2759532332420349,-3.081970453262329,0.5152200656658666,0.4886796084895878,0,0
-0.6990940570831299,-0.2735196352005005,-3.081970453262329,0.49025911009328016,0.49870329675266406,0,0
-0.7018349766731262,-0.2710860073566437,-3.081970453262329,0.4949256353395133,0.4920704539088371,0,0
-0.7045758962631226,-0.2686523497104645,-3.081970453262329,0.49629216011501376,0.50847308307445,0,0
-0.7073166966438293,-0.2662186622619629,-3.081970453262329,0.49699850783340815,0.5065286550315845,0,0
-0.7100574970245361,-0.26378488540649414,-3.081970453262329,0.49630259245225067,0.5122651548423867,0,0
-0.7127982378005981,-0.2613511085510254,-3.081970453262329,0.4987575593292251,0.49329685705623455,0,0
-0.7155390977859497,-0.25891730189323425,-3.081970453262329,0.5048786700514821,0.500264154557568,0,0
-0.7182798981666565,-0.2564834654331207,-3.081970453262329,0.49802495540921504,0.50475149717027,0,0
-0.7210206389427185,-0.2540495991706848,-3.081970453262329,0.5056010321417863,0.49304716105835367,0,0
-0.7237613201141357,-0.2516157031059265,-3.081970453262329,0.5049541771467924,0.48987924689571877,0,0
-0.7265019416809082,-0.24918174743652344,-3.081970453262329,0.4698402818075578,0.48768940408276945,0,0
-0.7292425036430359,-0.24674777686595917,-3.081970453262329,0.496382380267034,0.4998128559256103,0,0
-0.7319831252098083,-0.24431376159191132,-3.081970453262329,0.48560800177199825,0.5135831901861762,0,0
-0.7347238063812256,-0.24187971651554108,-3.081970453262329,0.4947437394552873,0.4856686507657909,0,0
-0.7374643087387085,-0.23944568634033203,-3.081970453262329,0.4995303737525253,0.5149089182991057,0,0
-0.7402047514915466,-0.23701158165931702,-3.081970453262329,0.5004315848985635,0.4830306991403269,0,0
-0.7429451942443848,-0.23457743227481842,-3.081970453262329,0.5022095892863143,0.5054961225633355,0,0
-0.7456856966018677,-0.23214326798915863,-3.081970453262329,0.4883308621004039,0.5097432621783264,0,0
-0.7484261989593506,-0.22970904409885406,-3.081970453262329,0.4898009400885877,0.5094276958010072,0,0
-0.751166582107544,-0.2272748202085495,-3.081970453262329,0.49614278437798015,0.4955758058620961,0,0
-0.7539069056510925,-0.22484055161476135,-3.081970453262329,0.5065808445733566,0.49954509288410587,0,0
-0.7566472887992859,-0.22240623831748962,-3.081970453262329,0.47451974257715024,0.49705340274034826,0,0
-0.759387731552124,-0.2199719250202179,-3.081970453262329,0.49594814737824133,0.5186961192890046,0,0
-0.7621279954910278,-0.21753758192062378,-3.081970453262329,0.4840695622931985,0.5001870516228003,0,0
-0.7648681998252869,-0.2151031494140625,-3.081970453262329,0.5075153025047553,0.5096774593620111,0,0
-0.7676084041595459,-0.21266873180866241,-3.081970453262329,0.5083323265628809,0.49870744555242974,0,0
-0.7703487277030945,-0.21023428440093994,-3.081970453262329,0.5020699944091979,0.48764811344105313,0,0
-0.7730890512466431,-0.2077997326850891,-3.081970453262329,0.4871152132554967,0.5256037648383761,0,0
-0.7758290767669678,-0.20536522567272186,-3.081970453262329,0.5111877777095373,0.5011030360292166,0,0
-0.7785690426826477,-0.20293062925338745,-3.081970453262329,0.5076390831769044,0.5022282660653844,0,0
-0.7813092470169067,-0.20049604773521423,-3.081970453262329,0.5057057422836575,0.49792640161238544,0,0
-0.7840494513511658,-0.19806140661239624,-3.081970453262329,0.4986716114249588,0.49857404226966034,0,0
-0.7867894172668457,-0.19562675058841705,-3.081970453262329,0.5006243719460016,0.480449470778336,0,0
-0.7895293831825256,-0.19319206476211548,-3.081970453262329,0.4896495615285415,0.4909593411838337,0,0
-0.7922694683074951,-0.19075733423233032,-3.081970453262329,0.49340083451324296,0.5049050917723119,0,0
-0.795009434223175,-0.18832260370254517,-3.081970453262329,0.5144620900131354,0.4788919269275254,0,0
-0.7977492809295654,-0.18588782846927643,-3.081970453262329,0.5072717952283388,0.5221182913132695,0,0
-0.8004892468452454,-0.1834530085325241,-3.081970453262329,0.48459179266107444,0.507167208114707,0,0
-0.8032292127609253,-0.1810181885957718,-3.081970453262329,0.49149200426319983,0.5059500741758802,0,0
-0.8059689998626709,-0.17858333885669708,-3.081970453262329,0.500945637453595,0.5009246234398985,0,0
-0.8087087869644165,-0.1761484444141388,-3.081970453262329,0.4823551562887087,0.5066790917596081,0,0
-0.8114488124847412,-0.1737135499715805,-3.081970453262329,0.49417382904877594,0.4851642091317401,0,0
-0.8141885995864868,-0.17127864062786102,-3.081970453262329,0.49800129177265523,0.4996172707348839,0,0
-0.8169283270835876,-0.16884374618530273,-3.081970453262329,0.4984258326809792,0.5016306773617993,0,0
-0.8196682929992676,-0.16640888154506683,-3.081970453262329,0.4970928098385361,0.5057839154011452,0,0
-0.8224081993103027,-0.16397403180599213,-3.081970453262329,0.5178961499790781,0.4854606521992362,0,0
-0.8251480460166931,-0.1615392118692398,-3.081970453262329,0.5075881831100406,0.4989821138676248,0,0
-0.827888011932373,-0.15910440683364868,-3.081970453262329,0.48081620820493715,0.5023660562108105,0,0
-0.8306282162666321,-0.15666963160037994,-3.081970453262329,0.4884119478214189,0.5127324688517361,0,0
-0.833368182182312,-0.1542348563671112,-3.081970453262329,0.486140042031441,0.49945374939266896,0,0
-0.8361080884933472,-0.15180012583732605,-3.081970453262329,0.4987470942451668,0.506183484135877,0,0
-0.8388482332229614,-0.1493653953075409,-3.081970453262329,0.5088601526944355,0.498291410994349,0,0
-0.8415884375572205,-0.14693069458007812,-3.081970453262329,0.48164272573027517,0.49023753764551403,0,0
-0.8443284034729004,-0.14449600875377655,-3.081970453262329,0.4738797801821389,0.4998357348494841,0,0
-0.8470684289932251,-0.14206135272979736,-3.081970453262329,0.5087868518581239,0.49897210767925715,0,0
-0.8498086333274841,-0.13962671160697937,-3.081970453262329,0.49809158837089723,0.49701007293895394,0,0
-0.8525488972663879,-0.13719208538532257,-3.081970453262329,0.5152077999385742,0.5009722089278585,0,0
-0.8552889823913574,-0.13475750386714935,-3.081970453262329,0.5058999479158982,0.4906565054118111,0,0
-0.8580290079116821,-0.13232292234897614,-3.081970453262329,0.49578538324263266,0.5025650353972845,0,0
-0.8607693314552307,-0.12988834083080292,-3.081970453262329,0.5092998384145856,0.49243125893949213,0,0
-0.8635095953941345,-0.12745380401611328,-3.081970453262329,0.5030523314229519,0.5116318960983021,0,0
-0.866249680519104,-0.12501926720142365,-3.081970453262329,0.5084785127342463,0.5189404195211982,0,0
-0.868989884853363,-0.12258477509021759,-3.081970453262329,0.5002337462416396,0.49267372735145104,0,0
-0.8717302083969116,-0.12015029042959213,-3.081970453262329,0.526409312196274,0.4935080077012202,0,0
-0.8744707107543945,-0.11771582812070847,-3.081970453262329,0.50456002650597,0.5098552245154745,0,0
-0.8772110939025879,-0.1152813732624054,-3.081970453262329,0.5046941840466592,0.5019475235500098,0,0
-0.8799513578414917,-0.1128469705581665,-3.081970453262329,0.4938694122110319,0.5044593941704091,0,0
-0.8826916813850403,-0.11041256040334702,-3.081970453262329,0.4617675020626093,0.4930536808330676,0,0
-0.885432243347168,-0.10797816514968872,-3.081970453262329,0.4947593099190454,0.5108031907987154,0,0
-0.8881726861000061,-0.10554380714893341,-3.081970453262329,0.4957299059281392,0.49401385518479246,0,0
-0.8909130692481995,-0.1031094416975975,-3.081970453262329,0.49707766164550043,0.492452824834983,0,0
-0.8936534523963928,-0.10067510604858398,-3.081970453262329,0.481660954369358,0.5113826712856412,0,0
-0.896393895149231,-0.09824080020189285,-3.081970453262329,0.510375460308615,0.4870817990330646,0,0
-0.8991345167160034,-0.09580650925636292,-3.081970453262329,0.5017570738807915,0.4917922814888156,0,0
-0.9018750786781311,-0.09337223321199417,-3.081970453262329,0.5109816634964941,0.5074800935131736,0,0
-0.904615581035614,-0.09093796461820602,-3.081970453262329,0.49893398130946015,0.4920042548041497,0,0
-0.9073561429977417,-0.08850374072790146,-3.081970453262329,0.5027413720542674,0.4974083571554361,0,0
-0.9100966453552246,-0.0860695093870163,-3.081970453262329,0.5041801634461653,0.499849043632563,0,0
-0.9128372669219971,-0.08363531529903412,-3.081970453262329,0.48756173333770625,0.4951894847542714,0,0
-0.9155779480934143,-0.08120112121105194,-3.081970453262329,0.49459463393308345,0.5156491024592713,0,0
-0.918318510055542,-0.07876694947481155,-3.081970453262329,0.5023223648128526,0.5016025691675259,0,0
-0.9210590720176697,-0.07633280754089355,-3.081970453262329,0.49115686825394506,0.5044286361201906,0,0
-0.9237997531890869,-0.07389867305755615,-3.081970453262329,0.5178609424308115,0.5162462651489608,0,0
-0.9265404343605042,-0.07146455347537994,-3.081970453262329,0.4901074112791364,0.49154993884160364,0,0
-0.9292812347412109,-0.06903045624494553,-3.081970453262329,0.508288633293882,0.49813300675753414,0,0
-0.9320220351219177,-0.0665963813662529,-3.081970453262329,0.48218940413965355,0.49204191357482086,0,0
-0.9347627758979797,-0.06416231393814087,-3.081970453262329,0.5084672568249304,0.5066508969336339,0,0
-0.937503457069397,-0.06172827258706093,-3.081970453262329,0.5031298801004312,0.4941118806544061,0,0
-0.9402442574501038,-0.05929424241185188,-3.081970453262329,0.5065018391149396,0.5063540319201055,0,0
-0.9429849982261658,-0.05686023086309433,-3.081970453262329,0.4889805123084421,0.5027308834140781,0,0
-0.9457258582115173,-0.05442624166607857,-3.081970453262329,0.4895448321442629,0.5047062453281463,0,0
-0.9484667778015137,-0.0519922710955143,-3.081970453262329,0.4899549071646548,0.5011059541105948,0,0
-0.95120769739151,-0.04955831542611122,-3.081970453262329,0.48861789145104306,0.49766696155507656,0,0
-0.9539484977722168,-0.04712437838315964,-3.081970453262329,0.5154273820540592,0.4888020564627045,0,0
-0.9566893577575684,-0.04469045251607895,-3.081970453262329,0.5032136226095153,0.5020216236953285,0,0
-0.9594302177429199,-0.04225654527544975,-3.081970453262329,0.5070821473637314,0.48757578691240266,0,0
-0.9621711373329163,-0.03982265666127205,-3.081970453262329,0.5019793498754757,0.4957137249305633,0,0
-0.9649121761322021,-0.03738878667354584,-3.081970453262329,0.49210826407267466,0.48117465111151714,0,0
-0.967653214931488,-0.03495493531227112,-3.081970453262329,0.48530026415968763,0.49520510436606274,0,0
-0.9703942537307739,-0.032521095126867294,-3.081970453262329,0.5061317882088864,0.48634652452307187,0,0
-0.973135232925415,-0.03008727729320526,-3.081970453262329,0.5262314868893168,0.4888971543835031,0,0
-0.9758762121200562,-0.027653468772768974,-3.081970453262329,0.49479520104167257,0.4975808402524675,0,0
-0.9786171913146973,-0.02521967887878418,-3.081970453262329,0.4938658181832378,0.5002028810580049,0,0
-0.9813581705093384,-0.022785907611250877,-3.081970453262329,0.5028191182661249,0.5067728982486832,0,0
-0.9840991497039795,-0.02035215124487877,-3.081970453262329,0.5017066550437442,0.5148218966279035,0,0
-0.9868403077125549,-0.017918411642313004,-3.081970453262329,0.49840255107164466,0.49939508544315314,0,0
-0.9895814657211304,-0.015484689734876156,-3.081970453262329,0.4901574313820096,0.4929198507924731,0,0
-0.9923226237297058,-0.013050979934632778,-3.081970453262329,0.4999337918487216,0.4964537208096457,0,0
-0.9950639009475708,-0.010617293417453766,-3.081970453262329,0.49947114963173983,0.5142511788135721,0,0
-0.9978049397468567,-0.008183615282177925,-3.081970453262329,0.4954519856041099,0.48822785383118694,0,0
-1.0005460977554321,-0.005749959498643875,-3.081970453262329,0.49947419569057777,0.5109507294756087,0,0
-1.0032873153686523,-0.0033163155894726515,-3.081970453262329,0.48068402114324577,0.5053098458206949,0,0
-1.0060285329818726,-0.0008826884441077709,-3.081970453262329,0.49687617363194003,0.5038283110568642,0,0
-1.0087697505950928,0.0015509218210354447,-3.081970453262329,0.5036365322705102,0.4906799140764535,0,0
-1.011510968208313,0.00398451741784811,-3.081970453262329,0.5019061910977644,0.49753937576171436,0,0
-1.0142523050308228,0.006418095901608467,-3.081970453262329,0.4945558349511368,0.49494049407624285,0,0
-1.0169936418533325,0.00885166134685278,-3.081970453262329,0.5073480071366978,0.5155109756426591,0,0
-1.0197350978851318,0.0112852081656456,-3.081970453262329,0.5083539921997823,0.507006892397169,0,0
-1.0224765539169312,0.01371874287724495,-3.081970453262329,0.5083727743265793,0.494215853283007,0,0
-1.025217890739441,0.016152258962392807,-3.081970453262329,0.49242019112747115,0.4992370692354668,0,0
-1.0279592275619507,0.01858575828373432,-3.081970453262329,0.48705826206329583,0.5073580410040468,0,0
-1.03070068359375,0.02101924642920494,-3.081970453262329,0.503381345882496,0.5012572515377163,0,0
-1.0334419012069702,0.02345271222293377,-3.081970453262329,0.489170758903938,0.5118831230493011,0,0
-1.0361831188201904,0.025886170566082,-3.081970453262329,0.48704302038605896,0.5125412460738323,0,0
-1.0389245748519897,0.02831961214542389,-3.081970453262329,0.49859670820662527,0.4872365500674921,0,0
-1.041666030883789,0.030753042548894882,-3.081970453262329,0.4925771698577294,0.47101378179845566,0,0
-1.0444074869155884,0.033186450600624084,-3.081970453262329,0.5047335325263628,0.4949850457262994,0,0
-1.0471489429473877,0.03561984747648239,-3.081970453262329,0.4996756931690007,0.48939202583862496,0,0
-1.0498902797698975,0.038053229451179504,-3.081970453262329,0.4962133238383446,0.4967562950708513,0,0
-1.0526317358016968,0.040486592799425125,-3.081970453262329,0.504614385992232,0.5219774479329432,0,0
-1.055373191833496,0.04291994869709015,-3.081970453262329,0.48745211524510396,0.5071664250743655,0,0
-1.0581146478652954,0.04535328224301338,-3.081970453262329,0.4960969293291746,0.4962649282623848,0,0
-1.0608563423156738,0.04778660461306572,-3.081970453262329,0.5002316329575864,0.489239015686816,0,0
-1.0635980367660522,0.05021991580724716,-3.081970453262329,0.4979317137029653,0.5083414541399969,0,0
-1.0663397312164307,0.05265321210026741,-3.081970453262329,0.5026474016400149,0.4944658766367211,0,0
-1.069081425666809,0.05508649721741676,-3.081970453262329,0.5071692811304047,0.491413789602059,0,0
-1.0718231201171875,0.057519763708114624,-3.081970453262329,0.5063041224330047,0.5037674956169486,0,0
-1.0745646953582764,0.05995301529765129,-3.081970453262329,0.5094284798062259,0.49644114597653255,0,0
-1.0773063898086548,0.062386248260736465,-3.081970453262329,0.494620328238945,0.49522353851902373,0,0
-1.0800480842590332,0.06481947004795074,-3.081970453262329,0.5194043778563534,0.48969898644395854,0,0
-1.0827897787094116,0.06725268065929413,-3.081970453262329,0.5058469612554066,0.49839530594955295,0,0
-1.08553147315979,0.06968588382005692,-3.081970453262329,0.5007454521588147,0.4806323032895116,0,0
-1.0882731676101685,0.07211905717849731,-3.081970453262329,0.49460790083567513,0.5078791921878754,0,0
-1.0910149812698364,0.07455222308635712,-3.081970453262329,0.5054389176810831,0.47401552845593353,0,0
-1.0937567949295044,0.07698537409305573,-3.081970453262329,0.5022720447694791,0.48442612577664834,0,0
-1.0964986085891724,0.07941851019859314,-3.081970453262329,0.5053425092144094,0.5090678008125777,0,0
-1.0992404222488403,0.08185163885354996,-3.081970453262329,0.5024587910649153,0.5013007501486286,0,0
-1.1019823551177979,0.08428474515676498,-3.081970453262329,0.5073196020107387,0.472742401784202,0,0
-1.1047242879867554,0.08671785145998001,-3.081970453262329,0.5139776085489804,0.4995629403672322,0,0
-1.1074661016464233,0.08915094286203384,-3.081970453262329,0.5080253709139619,0.48839622323379583,0,0
-1.1102079153060913,0.09158401936292648,-3.081970453262329,0.5090583236541371,0.48015892096110946,0,0
-1.1129496097564697,0.09401707351207733,-3.081970453262329,0.4949574837242018,0.4974638704061486,0,0
-1.1156913042068481,0.09645012021064758,-3.081970453262329,0.5051627719790468,0.4883108760730104,0,0
-1.1184329986572266,0.09888315200805664,-3.081970453262329,0.4891964335190378,0.4846769536284665,0,0
-1.121174693107605,0.1013161689043045,-3.081970453262329,0.5087537520029878,0.5084198980185081,0,0
-1.1239166259765625,0.10374917089939117,-3.081970453262329,0.5137284138024645,0.4962807828322457,0,0
-1.1266584396362305,0.10618215799331665,-3.081970453262329,0.49952794507581316,0.502020212991434,0,0
-1.1294002532958984,0.10861512273550034,-3.081970453262329,0.4932499762785084,0.5164926053452824,0,0
-1.1321420669555664,0.11104808002710342,-3.081970453262329,0.4980486241818567,0.4940318391527677,0,0
-1.1348838806152344,0.11348102241754532,-3.081970453262329,0.50046531172878,0.5097452083002714,0,0
-1.1376256942749023,0.11591394990682602,-3.081970453262329,0.49171921349059966,0.5219300387959885,0,0
-1.1403675079345703,0.11834686249494553,-3.081970453262329,0.510853080356711,0.5017104636125922,0,0
-1.1431093215942383,0.12077978253364563,-3.081970453262329,0.5059355170616338,0.4993070315748595,0,0
-1.1458511352539062,0.12321268022060394,-3.081970453262329,0.49849784093594024,0.49902597051454184,0,0
-1.1485930681228638,0.12564559280872345,-3.081970453262329,0.4936089229792488,0.49476893882483586,0,0
-1.1513350009918213,0.12807844579219818,-3.081970453262329,0.48999129649340334,0.5036299798041214,0,0
-1.1540769338607788,0.13051128387451172,-3.081970453262329,0.4849064730803976,0.49076308354120807,0,0
-1.1568188667297363,0.13294413685798645,-3.081970453262329,0.5053114868794697,0.5078743523456385,0,0
-1.1595607995986938,0.13537698984146118,-3.081970453262329,0.4923679803535386,0.5027999903352163,0,0
-1.1623027324676514,0.13780982792377472,-3.081970453262329,0.4939265686201475,0.4999573920556284,0,0
-1.1650447845458984,0.14024263620376587,-3.081970453262329,0.5141091761472206,0.46895697627628424,0,0
-1.167786955833435,0.14267541468143463,-3.081970453262329,0.4944840729904232,0.5063653324753724,0,0
-1.1705290079116821,0.1451082080602646,-3.081970453262329,0.5126579903536699,0.5262349289014601,0,0
-1.1732712984085083,0.14754098653793335,-3.081970453262329,0.48825991537720614,0.519066634367831,0,0
-1.176013469696045,0.14997373521327972,-3.081970453262329,0.5057022157644888,0.5013827680500577,0,0
-1.178755760192871,0.1524064987897873,-3.081970453262329,0.5133010126098158,0.5093601909760003,0,0
-1.1814979314804077,0.15483923256397247,-3.081970453262329,0.4943794971513353,0.5004976878997208,0,0
-1.1842401027679443,0.15727193653583527,-3.081970453262329,0.4998805193998639,0.5052997750656261,0,0
-1.1869823932647705,0.15970465540885925,-3.081970453262329,0.49736747999076675,0.498301508712047,0,0
-1.1897245645523071,0.16213732957839966,-3.081970453262329,0.49635354271641013,0.503767401508763,0,0
-1.1924668550491333,0.16457004845142365,-3.081970453262329,0.5096297095517204,0.49432159994812097,0,0
-1.19520902633667,0.16700272262096405,-3.081970453262329,0.5032391041976936,0.5186847267499313,0,0
-1.1979514360427856,0.16943538188934326,-3.081970453262329,0.4938958232442232,0.48385732201632864,0,0
-1.2006936073303223,0.17186802625656128,-3.081970453262329,0.49971445244774504,0.504769368899244,0,0
-1.2034357786178589,0.1743006706237793,-3.081970453262329,0.5068231877019262,0.49338616064528956,0,0
-1.2061781883239746,0.17673330008983612,-3.081970453262329,0.5002930495621611,0.5039554932505101,0,0
-1.2089203596115112,0.17916591465473175,-3.081970453262329,0.4910628142561664,0.49836122776674174,0,0
-1.2116625308990479,0.181598499417305,-3.081970453262329,0.5185670493094395,0.4968059793568387,0,0
-1.2144049406051636,0.18403109908103943,-3.081970453262329,0.5029548936947568,0.4950777878095085,0,0
-1.2171473503112793,0.18646366894245148,-3.081970453262329,0.49457307495903136,0.47232836965545966,0,0
-1.219889760017395,0.18889622390270233,-3.081970453262329,0.5062959196809675,0.5181814102292376,0,0
-1.2226321697235107,0.191328763961792,-3.081970453262329,0.5166658062935398,0.5081762401247607,0,0
-1.2253745794296265,0.19376131892204285,-3.081970453262329,0.49899992569076157,0.4833615591506047,0,0
-1.2281169891357422,0.1961938738822937,-3.081970453262329,0.5084140176969479,0.4941153382497796,0,0
-1.230859398841858,0.19862639904022217,-3.081970453262329,0.4941101608179484,0.49849614479706,0,0
-1.233601689338684,0.20105892419815063,-3.081970453262329,0.5013455585357057,0.5083303447471957,0,0
-1.2363439798355103,0.20349140465259552,-3.081970453262329,0.4917522460885438,0.49651265809088246,0,0
-1.239086389541626,0.2059238851070404,-3.081970453262329,0.49676122729380073,0.4981681308287599,0,0
-1.2418286800384521,0.20835638046264648,-3.081970453262329,0.49368333823352517,0.49228387325871464,0,0
-1.2445709705352783,0.21078884601593018,-3.081970453262329,0.4811686763367333,0.49383420452919835,0,0
-1.247313380241394,0.21322128176689148,-3.081970453262329,0.500124759996565,0.5042913964760384,0,0
-1.2500559091567993,0.21565373241901398,-3.081970453262329,0.49681861886179196,0.4783263544497192,0,0
-1.2527985572814941,0.21808616816997528,-3.081970453262329,0.5034951163468064,0.4960486944474481,0,0
-1.2555410861968994,0.220518559217453,-3.081970453262329,0.48766765288076835,0.5012760078904271,0,0
-1.2582837343215942,0.22295096516609192,-3.081970453262329,0.5078532036308969,0.5125295959653444,0,0
-1.261026382446289,0.22538340091705322,-3.081970453262329,0.5080979909668806,0.5032980592936994,0,0
-1.2637687921524048,0.22781579196453094,-3.081970453262329,0.5046755623835746,0.506726891855422,0,0
-1.2665112018585205,0.23024818301200867,-3.081970453262329,0.49504279082631053,0.5098614351697814,0,0
-1.2692536115646362,0.2326805293560028,-3.081970453262329,0.5019999240616969,0.47952445438895663,0,0
-1.2719961404800415,0.23511286079883575,-3.081970453262329,0.5152018425373175,0.48641422050912825,0,0
-1.2747386693954468,0.2375452071428299,-3.081970453262329,0.500863474124985,0.4789607871696495,0,0
-1.2774814367294312,0.23997755348682404,-3.081970453262329,0.5125018822600643,0.5203514985921072,0,0
-1.280224084854126,0.2424098700284958,-3.081970453262329,0.49793170299197037,0.49431862229215534,0,0
-1.2829667329788208,0.24484214186668396,-3.081970453262329,0.5044068653737916,0.4941370900647855,0,0
-1.285709261894226,0.24727444350719452,-3.081970453262329,0.5020542617600217,0.49428838878259673,0,0
-1.2884517908096313,0.24970673024654388,-3.081970453262329,0.5081037975875884,0.4985505980607434,0,0
-1.2911943197250366,0.25213900208473206,-3.081970453262329,0.5025328482282718,0.503571806191061,0,0
-1.293936848640442,0.2545712888240814,-3.081970453262329,0.5146535682441918,0.5197552643362242,0,0
-1.2966796159744263,0.2570035457611084,-3.081970453262329,0.5107737739000203,0.47885250313239813,0,0
-1.299422264099121,0.2594358026981354,-3.081970453262329,0.5046806164692323,0.5025831269758992,0,0
-1.302164912223816,0.26186805963516235,-3.081970453262329,0.49525146271122417,0.5037000426418343,0,0
-1.3049076795578003,0.26430028676986694,-3.081970453262329,0.501913358299658,0.5053573632013167,0,0
-1.3076504468917847,0.26673251390457153,-3.081970453262329,0.5194882993384609,0.5029409936230017,0,0
-1.3103930950164795,0.26916471123695374,-3.081970453262329,0.4933487212546138,0.49140332117422564,0,0
-1.3131357431411743,0.27159690856933594,-3.081970453262329,0.48909920496940346,0.4918925656510346,0,0
-1.3158783912658691,0.27402910590171814,-3.081970453262329,0.4967668037734085,0.49507983951221635,0,0
-1.3186211585998535,0.27646127343177795,-3.081970453262329,0.5042069223943788,0.4963272122658691,0,0
-1.3213640451431274,0.27889344096183777,-3.081970453262329,0.5003069108446458,0.49215440968184515,0,0
-1.3241068124771118,0.2813256084918976,-3.081970453262329,0.493903258484768,0.4990829364680929,0,0
-1.3268496990203857,0.283757746219635,-3.081970453262329,0.48648130317110566,0.5070323079987913,0,0
-1.3295923471450806,0.28618988394737244,-3.081970453262329,0.5018078900395,0.48897418909777157,0,0
-1.332335114479065,0.28862202167510986,-3.081970453262329,0.7656644997261577,0.7853187165100144,0,0
-1.3350778818130493,0.2910541296005249,-3.081970453262329,0.7628857217621356,0.7865582867959523,0,0
-1.3378207683563232,0.29348626732826233,-3.081970453262329,0.7743125541445637,0.7879406029960871,0,0
-1.3405637741088867,0.29591840505599976,-3.081970453262329,0.7694743483979787,0.7653607686162299,0,0
-1.3433067798614502,0.2983505427837372,-3.081970453262329,0.7855969346137309,0.7716851047205684,0,0
-1.3460495471954346,0.30078262090682983,-3.081970453262329,0.7794101989676442,0.7728831813292737,0,0
-1.3487924337387085,0.3032146692276001,-3.081970453262329,0.7707226351953156,0.788026765871821,0,0
-1.3515353202819824,0.30564674735069275,-3.081970453262329,0.7671406286560905,0.7831876509200528,0,0
-1.354278326034546,0.3080788254737854,-3.081970453262329,0.7698444466868459,0.7908611065025305,0,0
-1.3570212125778198,0.31051090359687805,-3.081970453262329,0.7817521680999863,0.8007128687198232,0,0
-1.3597642183303833,0.3129429519176483,-3.081970453262329,0.713405301754247,0.7601528491328516,0,0
-1.3625072240829468,0.3153749406337738,-3.081970453262329,0.7402517917505895,0.7561536919286542,0,0
-1.3652501106262207,0.3178069293498993,-3.081970453262329,0.7273099383078805,0.7454953387614637,0,0
-1.3679929971694946,0.3202389180660248,-3.081970453262329,0.7509201888252146,0.7523477340344779,0,0
-1.370736002922058,0.32267093658447266,-3.081970453262329,0.7466655555791314,0.7628708567261497,0,0
-1.3734790086746216,0.32510295510292053,-3.081970453262329,0.7252715853119445,0.7568939904060704,0,0
-1.3762221336364746,0.327534943819046,-3.081970453262329,0.7455352213799902,0.7345990212803483,0,0
-1.3789650201797485,0.3299669325351715,-3.081970453262329,0.7348215585439868,0.7461006196086093,0,0
-1.381708025932312,0.332398921251297,-3.081970453262329,0.7184565500838735,0.739775034324798,0,0
-1.3844510316848755,0.3348308801651001,-3.081970453262329,0.7334170443182066,0.7613473947636106,0,0
-1.387194037437439,0.3372627794742584,-3.081970453262329,0.6770662924849732,0.7094099335321974,0,0
-1.3899370431900024,0.33969467878341675,-3.081970453262329,0.6859989460244889,0.7133462287897865,0,0
-1.392680048942566,0.34212663769721985,-3.081970453262329,0.6974355192783198,0.7074599284825348,0,0
-1.3954230546951294,0.3445585370063782,-3.081970453262329,0.7072150150919219,0.7205343932304478,0,0
-1.3981660604476929,0.3469904363155365,-3.081970453262329,0.6936827481273999,0.7190335853108577,0,0
-1.4009090662002563,0.3494223356246948,-3.081970453262329,0.7030328871505165,0.7119501042864538,0,0
-1.4036521911621094,0.35185423493385315,-3.081970453262329,0.7030219308516863,0.6949384490712268,0,0
-1.4063953161239624,0.3542861044406891,-3.081970453262329,0.7044983675162441,0.7123417482174088,0,0
-1.4091384410858154,0.356717973947525,-3.081970453262329,0.6971675934738283,0.7129929731779333,0,0
-1.4118815660476685,0.35914987325668335,-3.081970453262329,0.7111842497019767,0.6999630473461995,0,0
-1.414624810218811,0.3615817129611969,-3.081970453262329,0.6711099063683723,0.6696057251877254,0,0
-1.4173678159713745,0.36401355266571045,-3.081970453262329,0.6556021715170891,0.6812304767605545,0,0
-1.4201107025146484,0.3664454221725464,-3.081970453262329,0.6754902409019882,0.6758479059449211,0,0
-1.4228538274765015,0.36887720227241516,-3.081970453262329,0.6664890244718747,0.671474157544707,0,0
-1.425596833229065,0.3713090717792511,-3.081970453262329,0.6550781740602571,0.6714013569661986,0,0
-1.428339958190918,0.3737408518791199,-3.081970453262329,0.6592597856911081,0.6661296602103108,0,0
-1.431083083152771,0.37617266178131104,-3.081970453262329,0.6645892400652885,0.7094181180559638,0,0
-1.4338260889053345,0.3786045014858246,-3.081970453262329,0.6593836185617677,0.682152156410508,0,0
-1.4365692138671875,0.3810361623764038,-3.081970453262329,0.6610581679566504,0.6631451853118924,0,0
-1.4393123388290405,0.3834679126739502,-3.081970453262329,0.6686010035333797,0.6767289867209912,0,0
-1.4420557022094727,0.38589978218078613,-3.081970453262329,0.6323991627576598,0.6330417835322647,0,0
-1.4447990655899048,0.38833141326904297,-3.081970453262329,0.6341222851897613,0.6387309611852846,0,0
-1.4475423097610474,0.39076322317123413,-3.081970453262329,0.6310063494583606,0.6284768477572612,0,0
-1.4502856731414795,0.3931949734687805,-3.081970453262329,0.6183179444431055,0.6311597176700416,0,0
-1.4530290365219116,0.39562663435935974,-3.081970453262329,0.6278206019621859,0.641991790055931,0,0
-1.4557721614837646,0.3980584144592285,-3.081970453262329,0.6240881009937446,0.6496398472865446,0,0
-1.4585154056549072,0.4004901349544525,-3.081970453262329,0.6292751825926007,0.631043218814906,0,0
-1.4612587690353394,0.4029218256473541,-3.081970453262329,0.6348516230237471,0.6501801551771158,0,0
-1.4640021324157715,0.4053535759449005,-3.081970453262329,0.6305216417147165,0.6241997713232683,0,0
-1.4667456150054932,0.40778520703315735,-3.081970453262329,0.6347203972304016,0.6214760882118623,0,0
-1.4694889783859253,0.4102168679237366,-3.081970453262329,0.6018945560141202,0.5999718669241265,0,0
-1.4722321033477783,0.41264861822128296,-3.081970453262329,0.597882238753167,0.5947073323021205,0,0
-1.474975347518921,0.41508015990257263,-3.081970453262329,0.5928851006288282,0.6146369163541984,0,0
-1.4777185916900635,0.41751179099082947,-3.081970453262329,0.58541726165509,0.5883088067726592,0,0
-1.480461835861206,0.41994351148605347,-3.081970453262329,0.5930003134379295,0.5948925571670141,0,0
-1.4832053184509277,0.4223751127719879,-3.081970453262329,0.5868664425193031,0.6060110385538204,0,0
-1.4859485626220703,0.42480671405792236,-3.081970453262329,0.5893342384439493,0.5848834920757118,0,0
-1.4886919260025024,0.4272383749485016,-3.081970453262329,0.5987353857605906,0.5945924046502941,0,0
-1.491435170173645,0.42966997623443604,-3.081970453262329,0.5982343804209375,0.6043688253652185,0,0
-1.4941784143447876,0.4321015477180481,-3.081970453262329,0.5808293121439152,0.6130221901212008,0,0
-1.4969215393066406,0.4345332086086273,-3.081970453262329,0.5524495738215991,0.5717548093438176,0,0
-1.4996650218963623,0.43696483969688416,-3.081970453262329,0.5663988659031147,0.5583094387949324,0,0
-1.5024083852767944,0.4393964111804962,-3.081970453262329,0.5477487267186315,0.569988901766878,0,0
-1.505151391029358,0.44182804226875305,-3.081970453262329,0.5471354275791503,0.5389032130624717,0,0
-1.5078946352005005,0.4442596733570099,-3.081970453262329,0.5602740986202835,0.5706889865616109,0,0
-1.510637879371643,0.44669121503829956,-3.081970453262329,0.5519243109008422,0.5622139278392687,0,0
-1.5133812427520752,0.4491228461265564,-3.081970453262329,0.5522889274408871,0.5491854952804957,0,0
-1.5161246061325073,0.45155441761016846,-3.081970453262329,0.5667257719659513,0.5743506122655369,0,0
-1.518868088722229,0.4539858102798462,-3.081970453262329,0.5500181819048984,0.5732120378252882,0,0
-1.5216116905212402,0.45641738176345825,-3.081970453262329,0.5575976296739653,0.590180195469353,0,0
-1.5243552923202515,0.4588489532470703,-3.081970453262329,0.5065981884536005,0.5273800998724932,0,0
-1.5270988941192627,0.4612804055213928,-3.081970453262329,0.520002447717862,0.5266944337975173,0,0
-1.5298422574996948,0.46371182799339294,-3.081970453262329,0.532878526540726,0.5140574675116997,0,0
-1.532585859298706,0.466143399477005,-3.081970453262329,0.5182063535456042,0.5386469751869013,0,0
-1.5353293418884277,0.4685749411582947,-3.081970453262329,0.5097987888349195,0.5301793648732599,0,0
-1.538072943687439,0.4710063338279724,-3.081970453262329,0.5199389431585744,0.5391783001511765,0,0
-1.5408164262771606,0.4734378755092621,-3.081970453262329,0.5127634522396587,0.527194553407647,0,0
-1.5435599088668823,0.47586941719055176,-3.081970453262329,0.519649832601686,0.5251980003866548,0,0
-1.5463035106658936,0.47830086946487427,-3.081970453262329,0.5187013716199967,0.5373345154161281,0,0
-1.5490467548370361,0.4807323217391968,-3.081970453262329,0.5053676641625714,0.5316257249402728,0,0
-1.5517902374267578,0.48316383361816406,-3.081970453262329,0.48604312443559294,0.4926173300968848,0,0
-1.554533839225769,0.48559531569480896,-3.081970453262329,0.49005339388631625,0.5011008369553798,0,0
-1.5572774410247803,0.4880266487598419,-3.081970453262329,0.4824840308560606,0.49734540527631843,0,0
-1.5600210428237915,0.4904581606388092,-3.081970453262329,0.4704284240815557,0.49954087506962797,0,0
-1.562764286994934,0.4928896427154541,-3.081970453262329,0.4746080480206123,0.49893438849211785,0,0
-1.5655080080032349,0.49532103538513184,-3.081970453262329,0.47958452945604424,0.4991174833639785,0,0
-1.5682517290115356,0.49775242805480957,-3.081970453262329,0.487719485788679,0.5005570393850123,0,0
-1.5709948539733887,0.5001838207244873,-3.081970453262329,0.48416039739774624,0.4823902101100184,0,0
-1.5737385749816895,0.5026152729988098,-3.081970453262329,0.4902119425598731,0.4866493132549938,0,0
-1.5764822959899902,0.505046546459198,-3.081970453262329,0.486526007740662,0.49159087802279117,0,0
-1.5792261362075806,0.5074782371520996,-3.081777811050415,0.4320675291690605,0.45248757854883487,0,0
-1.5819590091705322,0.5099002718925476,-3.08158540725708,0.4403127348214648,0.4462742680511874,0,0
-1.5846894979476929,0.5123176574707031,-3.0812814235687256,0.4212064434611668,0.44365323469190704,0,0
-1.587411880493164,0.5147268176078796,-3.0809202194213867,0.45224538343626075,0.45532590323590816,0,0
-1.5901163816452026,0.517123281955719,-3.0803611278533936,0.4338925573126683,0.4635196255956825,0,0
-1.59279203414917,0.5195008516311646,-3.0794930458068848,0.43324865813400176,0.462944732656559,0,0
-1.5954252481460571,0.5218517780303955,-3.078622341156006,0.4638247482365146,0.44432552782596,0,0
-1.5980002880096436,0.524165689945221,-3.077666759490967,0.4248865729501042,0.4587225091300626,0,0
-1.600503921508789,0.5264304280281067,-3.076556444168091,0.4585409137798242,0.4672227406775633,0,0
-1.6029237508773804,0.5286328792572021,-3.0752086639404297,0.43706279188693786,0.45288309802543386,1,1
-1.6052534580230713,0.5307600498199463,-3.0737643241882324,0.41355113450725356,0.41136395870882364,0,0
-1.6074857711791992,0.532802939414978,-3.072359323501587,0.4060318016512993,0.41687443592245293,0,0
-1.6096117496490479,0.534758448600769,-3.0709290504455566,0.402753613380461,0.4187404815400523,0,0
-1.6116212606430054,0.5366285443305969,-3.069561243057251,0.4108906923958888,0.40861085313083656,0,0
-1.6135022640228271,0.5384198427200317,-3.0682578086853027,0.4115555643217863,0.42513085587964083,0,0
-1.6152424812316895,0.5401424765586853,-3.0669798851013184,0.41031852811402997,0.4182962700111573,0,0
-1.6168296337127686,0.5418087840080261,-3.0657215118408203,0.40196609755050944,0.4092076011495055,0,0
-1.6182533502578735,0.5434331893920898,-3.0645110607147217,0.41925649498184625,0.4237827499947102,0,0
-1.6195029020309448,0.5450304746627808,-3.0633742809295654,0.41461879981779054,0.4260190272543505,0,0
-1.620570182800293,0.5466157793998718,-3.0623152256011963,0.4058466120657638,0.4252140734900975,0,0
-1.6214466094970703,0.5482028722763062,-3.0613059997558594,0.37829760349007546,0.3933255792312208,0,0
-1.6221303939819336,0.5498015284538269,-3.060504198074341,0.4049944528369307,0.37295099445972346,0,0
-1.6226223707199097,0.5514162182807922,-3.059842109680176,0.38559466674828285,0.37959635062534475,0,0
-1.6229287385940552,0.5530457496643066,-3.059079647064209,0.383467435159053,0.4114597019280879,0,0
-1.623059868812561,0.5546849370002747,-3.0580673217773438,0.3873253554659409,0.40175308735400767,0,0
-1.6230310201644897,0.55632483959198,-3.0567007064819336,0.38050258280351573,0.40692596115204904,0,0
-1.6228609085083008,0.5579553246498108,-3.05495023727417,0.39011614366351915,0.4059855663401115,0,0
-1.6225709915161133,0.5595659613609314,-3.052880048751831,0.38972860572936785,0.401908134199946,0,0
-1.62218177318573,0.5611454248428345,-3.0506458282470703,0.38858514368773966,0.3907710526769148,0,0
-1.6217153072357178,0.562679648399353,-3.048175573348999,0.3943139496639582,0.3928043249695045,0,0
-1.6211931705474854,0.5641557574272156,-3.0457987785339355,0.3847219960146922,0.37147365441720803,0,0
-1.6206315755844116,0.5655628442764282,-3.043508291244507,0.37217098267655463,0.393391354654762,0,0
-1.6200429201126099,0.5668914318084717,-3.041199207305908,0.38447594817375846,0.38653426506128735,0,0
-1.6194353103637695,0.5681341290473938,-3.03886342048645,0.3690556772046169,0.3899798380782872,0,0
-1.618813395500183,0.5692859292030334,-3.036566972732544,0.372611119638383,0.3904661812929786,0,0
-1.6181799173355103,0.5703439116477966,-3.034346103668213,0.38869863419240225,0.3994657270504424,0,0
-1.6175366640090942,0.5713067650794983,-3.0322213172912598,0.3909584196816041,0.3904812967878346,0,0
-1.6168854236602783,0.5721747875213623,-3.0301854610443115,0.37760015948607967,0.38923996749871387,0,0
-1.6162265539169312,0.572948694229126,-3.028233289718628,0.37188075189349407,0.38223751912698467,0,0
-1.6155608892440796,0.5736305117607117,-3.0263707637786865,0.39055675345621216,0.37375921451077576,0,0
-1.6148884296417236,0.5742231607437134,-3.0243985652923584,0.366687489693443,0.4007777311731347,0,0
-1.6142104864120483,0.574730634689331,-3.022395133972168,0.3822278661785493,0.3705702529353952,0,0
-1.6135274171829224,0.575157642364502,-3.0204100608825684,0.381291247058345,0.37802917450790574,0,0
-1.612841248512268,0.5755089521408081,-3.0184643268585205,0.36700062835665725,0.38039110822210037,0,0
-1.6121528148651123,0.5757890343666077,-3.016566514968872,0.3671723240920188,0.3929877770505202,0,0
-1.6114623546600342,0.5760020613670349,-3.014728546142578,0.36967082512872856,0.3786175529143481,0,0
-1.610770344734192,0.5761524438858032,-3.012965679168701,0.36971463581935354,0.3578111935711981,0,0
-1.6100763082504272,0.5762444138526917,-3.011281728744507,0.3665553026362095,0.36079815384941,0,0
-1.609381079673767,0.5762825012207031,-3.009674072265625,0.3693100024528947,0.37143735452929705,0,0
-1.6086852550506592,0.5762706995010376,-3.0079469680786133,0.38289991976664967,0.4093333769234193,1,1
-1.6079894304275513,0.5762135982513428,-3.006181478500366,0.370803225091701,0.378018678013434,0,0
-1.6072955131530762,0.5761151313781738,-3.004413604736328,0.37809885848463526,0.37238571336233134,0,0
-1.606603980064392,0.5759790539741516,-3.0026662349700928,0.38822603376703146,0.37931562712367,0,0
-1.6059150695800781,0.5758087038993835,-3.0009706020355225,0.3759224542536503,0.3820284696699909,0,0
-1.6052286624908447,0.575607180595398,-2.999337911605835,0.37547997729374283,0.3895141447215394,0,0
-1.6045441627502441,0.5753775238990784,-2.9977731704711914,0.37264880637853975,0.3598136036617855,0,0
-1.6038610935211182,0.5751224756240845,-2.996272325515747,0.3724486632742951,0.38176505638544567,0,0
-1.6031794548034668,0.574844241142273,-2.9948313236236572,0.3749676969100185,0.39042481916397015,0,0
-1.6024988889694214,0.5745445489883423,-2.99345064163208,0.3855469645472854,0.3863348189318659,0,0
-1.6018191576004028,0.5742250680923462,-2.992131233215332,0.3664004729233514,0.3870397129454866,0,0
-1.601139783859253,0.5738871693611145,-2.991065502166748,0.41145393445017153,0.3754076567068905,0,0
-1.6004606485366821,0.5735324025154114,-2.9901628494262695,0.3918761880524866,0.3997314178354064,0,0
-1.5997824668884277,0.5731627345085144,-2.9893715381622314,0.3955004513793527,0.36958022742386293,0,0
-1.5991054773330688,0.572779655456543,-2.988462209701538,0.39778925584973784,0.40289064288571136,0,0
-1.5984313488006592,0.5723850727081299,-2.987504482269287,0.39879836249493367,0.3912985910776675,0,0
-1.5977606773376465,0.5719807147979736,-2.986543893814087,0.3857075112246011,0.38878969286022885,0,0
-1.5970944166183472,0.5715682506561279,-2.985584020614624,0.38207033148379066,0.39185134495908636,0,0
-1.5964328050613403,0.5711487531661987,-2.9846484661102295,0.37297485674695124,0.3770243515653664,0,0
-1.5957756042480469,0.5707231760025024,-2.9835450649261475,0.3910948271930895,0.40062044074848085,0,0
-1.595123291015625,0.5702930092811584,-2.982372283935547,0.38970756547529156,0.3962622924074491,0,0
-1.5944759845733643,0.5698597431182861,-2.9811763763427734,0.37313639236866336,0.3917785503269415,0,0
-1.5938326120376587,0.569424569606781,-2.9801855087280273,0.4007117051519816,0.37294353615226455,0,0
-1.5931942462921143,0.5689888596534729,-2.979329824447632,0.3934291051639706,0.38685172809479895,0,0
-1.5925613641738892,0.5685535073280334,-2.9787609577178955,0.4039259336781616,0.3712418793244075,0,0
-1.5919345617294312,0.5681191682815552,-2.978363513946533,0.3835866357762407,0.3947691794241197,0,0
-1.5913145542144775,0.5676864981651306,-2.978264570236206,0.41117989320365816,0.38690999874412185,0,0
-1.5907021760940552,0.5672561526298523,-2.9781434535980225,0.3832440230764517,0.4036200640277987,0,0
-1.5900992155075073,0.5668292045593262,-2.9780049324035645,0.3946118453793182,0.39455331811789246,0,0
-1.5895068645477295,0.5664064288139343,-2.9776644706726074,0.3942067110771829,0.40032517627689473,0,0
-1.5889264345169067,0.5659888982772827,-2.9772167205810547,0.39038511776081314,0.3718709591679802,0,0
-1.5883586406707764,0.5655770897865295,-2.9769134521484375,0.4045501828739874,0.3840976016482082,0,0
-1.587803840637207,0.5651715397834778,-2.9768879413604736,0.4085242045990928,0.39306279946621675,0,0
-1.5872634649276733,0.5647730231285095,-2.9770185947418213,0.39718323941405675,0.39163672536507926,0,0
-1.5867373943328857,0.5643818974494934,-2.9774324893951416,0.4074579033557848,0.38329964959980595,0,0
-1.586225986480713,0.5639984011650085,-2.9781928062438965,0.40509494006998237,0.39988521356919154,0,0
-1.585729718208313,0.563622772693634,-2.9791388511657715,0.39638577684891374,0.3921132907689502,0,0
-1.5852489471435547,0.5632551312446594,-2.9801714420318604,0.40472419046994634,0.40042515334866624,0,0
-1.5847821235656738,0.5628976225852966,-2.9810426235198975,0.3905443426090013,0.4158396377297037,0,0
-1.5843260288238525,0.5625537633895874,-2.9816131591796875,0.39208830450190024,0.40372930613109315,0,0
-1.5838797092437744,0.5622268915176392,-2.982006311416626,0.39426277267829046,0.3852426393290727,1,1
-1.583441138267517,0.5619192123413086,-2.9822940826416016,0.4167725822226291,0.42001517668144167,0,0
-1.583006501197815,0.56163489818573,-2.9827122688293457,0.40469180929886,0.3976230165840144,0,0
-1.5825728178024292,0.561377763748169,-2.9831981658935547,0.4018970840530298,0.403357610529533,0,0
-1.5821349620819092,0.5611535310745239,-2.9839251041412354,0.41438201455336837,0.39332213824353973,0,0
-1.5816880464553833,0.5609676241874695,-2.9847750663757324,0.40112308126029433,0.4114560125425744,0,0
-1.5812270641326904,0.5608264803886414,-2.9856717586517334,0.4300536930060433,0.4142913569594732,0,0
-1.5807467699050903,0.560737669467926,-2.9865479469299316,0.40188874064526364,0.4000302511980255,0,0
-1.5802417993545532,0.5607099533081055,-2.987454891204834,0.431588976435821,0.4074788193116245,0,0
-1.5797051191329956,0.5607536435127258,-2.9885756969451904,0.4223970393983245,0.39258569302940133,0,0
-1.5791324377059937,0.5608782768249512,-2.9899706840515137,0.42019818820185445,0.39849176419289173,0,0
-1.57852041721344,0.5610905885696411,-2.9916934967041016,0.4090984163344053,0.393983721047568,0,0
-1.5778688192367554,0.5613929629325867,-2.9935660362243652,0.4038778376606195,0.4173743310428682,0,0
-1.5771782398223877,0.5617861151695251,-2.9954922199249268,0.4178159096143372,0.42103073626073434,0,0
-1.5764491558074951,0.5622698068618774,-2.9974207878112793,0.4024968048959724,0.41712183350334003,0,0
-1.575681209564209,0.5628437995910645,-2.999107837677002,0.39977646368925585,0.4046338102112385,0,0
-1.5748752355575562,0.5635064840316772,-3.00062894821167,0.41168880408390196,0.41366720464208595,0,0
-1.5740327835083008,0.564255952835083,-3.0020358562469482,0.42158433655209226,0.40325730492061945,0,0
-1.5731539726257324,0.5650902390480042,-3.003349542617798,0.4036540185662486,0.41998144695921097,0,0
-1.5722384452819824,0.5660082697868347,-3.00459361076355,0.40704040441450434,0.4088923662376631,0,0
-1.571285367012024,0.5670092701911926,-3.0057733058929443,0.4127293946766803,0.42712315437321896,0,0
-1.5702933073043823,0.568093478679657,-3.0066919326782227,0.38774364722092475,0.40664149075633244,0,0
-1.569261074066162,0.5692593455314636,-3.007450819015503,0.41526262875783954,0.4107031821432079,0,0
-1.5681899785995483,0.5705046653747559,-3.008105516433716,0.42445418596136003,0.41134015456046485,0,0
-1.5670796632766724,0.571827232837677,-3.0086910724639893,0.43132840047959115,0.42016779642793456,0,0
-1.5659297704696655,0.5732254981994629,-3.009413242340088,0.41572937264738,0.39626635433743707,0,0
-1.5647411346435547,0.5746956467628479,-3.010199785232544,0.40616450790966024,0.4296863722764605,0,0
-1.5635148286819458,0.5762331485748291,-3.011009454727173,0.41947526476419505,0.40532691624316175,0,0
-1.562252163887024,0.5778337717056274,-3.011819839477539,0.4288833584574042,0.4072022177169303,0,0
-1.5609537363052368,0.5794932842254639,-3.01259446144104,0.42180228574846595,0.42292884981479084,0,0
-1.5596191883087158,0.581208348274231,-3.0133352279663086,0.4398751577639616,0.41457302318397016,0,0
-1.55824875831604,0.5829764008522034,-3.0140457153320312,0.4285858908945432,0.4010614281237489,0,0
-1.556841254234314,0.5847958922386169,-3.014730215072632,0.4061739851232135,0.4201815851513078,0,0
-1.5553951263427734,0.5866659283638,-3.0155773162841797,0.4218718778165352,0.3975619256186151,0,0
-1.5539112091064453,0.5885837078094482,-3.0164992809295654,0.41331633105265797,0.40883130762898756,0,0
-1.5523900985717773,0.590545654296875,-3.0174484252929688,0.4318583059067287,0.4275177414850626,0,0
-1.5508333444595337,0.592548131942749,-3.0183985233306885,0.41908181898935565,0.4191176185141039,0,0
-1.5492429733276367,0.5945877432823181,-3.0193233489990234,0.4011443099274365,0.4345983617795386,0,0
-1.5476187467575073,0.5966624617576599,-3.0204172134399414,0.4030238137763455,0.39772198543945814,0,0
-1.5459626913070679,0.5987678170204163,-3.0215795040130615,0.4167988597616327,0.42192234502723164,0,0
-1.544277548789978,0.6008998155593872,-3.0227530002593994,0.40690604679462744,0.4256419821392958,1,1
-1.542566180229187,0.6030545830726624,-3.0239007472991943,0.4241739417512497,0.4145772791385534,0,0
-1.5408315658569336,0.6052291989326477,-3.0250015258789062,0.42803903603718496,0.4247182067221358,0,0
-1.5390757322311401,0.6074215769767761,-3.0260651111602783,0.4162033793864824,0.4378894377222931,0,0
-1.5372999906539917,0.6096304655075073,-3.027094841003418,0.4027575567050303,0.40651477179611195,0,0
-1.5355050563812256,0.6118558645248413,-3.0280845165252686,0.41094377108768454,0.42020548783481115,0,0
-1.5336909294128418,0.6140982508659363,-3.02903151512146,0.41536883074654357,0.4214638818734157,0,0
-1.5318580865859985,0.6163589358329773,-3.0299415588378906,0.41214269529131264,0.4181343582154898,0,0
-1.5300058126449585,0.618639349937439,-3.0308139324188232,0.42088806423325625,0.41394882365169694,0,0
-1.528133749961853,0.620941162109375,-3.031649351119995,0.40951749804676224,0.4163370195510053,0,0
-1.5262407064437866,0.6232659816741943,-3.0322487354278564,0.39686281099962706,0.4172843724620758,0,0
-1.524328589439392,0.6256137490272522,-3.032705068588257,0.41451328541026455,0.4240001671192773,0,0
-1.5223995447158813,0.627983033657074,-3.033071994781494,0.4112864638011761,0.41324011209447997,0,0
-1.5204564332962036,0.6303719878196716,-3.0333809852600098,0.42278464467540056,0.41436269769276196,0,0
-1.5185010433197021,0.6327787041664124,-3.0336546897888184,0.4234939824216055,0.4116097576259474,0,0
-1.5165349245071411,0.6352013945579529,-3.0339062213897705,0.41713722707218864,0.4149049709495438,0,0
-1.514559268951416,0.6376388669013977,-3.0341427326202393,0.40722265437987626,0.41814162478649053,0,0
-1.5125740766525269,0.6400905847549438,-3.0343680381774902,0.41866113077684874,0.43240021427754166,0,0
-1.5105794668197632,0.6425563097000122,-3.034579277038574,0.4315033900372041,0.4213101558963813,0,0
-1.5085749626159668,0.6450363397598267,-3.034780502319336,0.4157938698643348,0.41129671022577424,0,0
-1.50655996799469,0.6475310325622559,-3.03497052192688,0.42785774969430945,0.41728567496015434,0,0
-1.5045338869094849,0.6500410437583923,-3.035149097442627,0.4093133840090565,0.4267983126775218,0,0
-1.5024958848953247,0.6525669097900391,-3.035320281982422,0.4102774589222008,0.4242023813090273,0,0
-1.5004456043243408,0.6551093459129333,-3.0354812145233154,0.42237489072667306,0.42207567609710633,0,0
-1.498382568359375,0.6576688289642334,-3.0356388092041016,0.4174884589554428,0.41905543552496727,0,0
-1.496306300163269,0.660245954990387,-3.0355939865112305,0.3942015059100692,0.4113053218048267,0,0
-1.4942188262939453,0.6628387570381165,-3.0354342460632324,0.42947803935037443,0.41791431257510353,0,0
-1.4921232461929321,0.6654449105262756,-3.0352134704589844,0.4045992437654612,0.4257743001065816,0,0
-1.490023136138916,0.6680619120597839,-3.034954786300659,0.4226683610078453,0.42313783623380946,0,0
-1.4879220724105835,0.6706871390342712,-3.0346596240997314,0.4280241188855364,0.4156840215235057,0,0
-1.4858224391937256,0.6733182668685913,-3.0343551635742188,0.4077884550727902,0.4279630883841995,0,0
-1.4837266206741333,0.67595374584198,-3.034067153930664,0.42176576055202475,0.4384374996561231,0,0
-1.4816341400146484,0.6785920858383179,-3.033792018890381,0.4021645545195221,0.41444513589289467,0,0
-1.4795455932617188,0.6812328100204468,-3.0335304737091064,0.42911774923480467,0.42671415878125696,0,0
-1.4774597883224487,0.6838756799697876,-3.033277988433838,0.4213450403050842,0.4143256169504442,0,0
-1.4753749370574951,0.6865212917327881,-3.032846450805664,0.3962353810694122,0.4351367534600877,0,0
-1.4732911586761475,0.689168393611908,-3.032508134841919,0.43890500517661124,0.39915603656309007,0,0
-1.4712109565734863,0.6918129920959473,-3.032231330871582,0.4353552464000251,0.4168498690368906,0,0
-1.4691376686096191,0.6944497227668762,-3.0320119857788086,0.41641209416352276,0.41169912866933056,0,0
-1.4670745134353638,0.6970736384391785,-3.031843900680542,0.42331841957188054,0.40858633083315515,0,0
-1.4650232791900635,0.6996804475784302,-3.0317001342773438,0.4104434940062954,0.44174954910589637,1,1
-1.4629846811294556,0.7022677063941956,-3.0315651893615723,0.4059930561451925,0.43898625262092994,0,0
-1.4609580039978027,0.7048343420028687,-3.0314409732818604,0.42232753554335384,0.4475874279892222,0,0
-1.4589412212371826,0.7073812484741211,-3.0313305854797363,0.42127804392073315,0.4214100196506144,0,0
-1.4569318294525146,0.7099106907844543,-3.0312318801879883,0.41792888998481575,0.4222152613137008,0,0
-1.4549272060394287,0.7124255895614624,-3.0311450958251953,0.407100855837343,0.42515897459155144,0,0
-1.4529240131378174,0.7149299383163452,-3.0310723781585693,0.41646977980726296,0.41424050480648433,0,0
-1.4509190320968628,0.7174286842346191,-3.030820846557617,0.3978559500293623,0.4197887831683805,0,0
-1.4489123821258545,0.7199251055717468,-3.0304627418518066,0.42000845364071154,0.42818130196048027,0,0
-1.4469043016433716,0.7224209904670715,-3.030050754547119,0.4262777146112727,0.42989140627602795,0,0
-1.4448961019515991,0.7249180674552917,-3.029608726501465,0.4238520324372429,0.4277934812610995,0,0
-1.4428887367248535,0.7274177074432373,-3.029153347015381,0.4260433280508766,0.42508354540934357,0,0
-1.440882921218872,0.7299214005470276,-3.02871036529541,0.4252013260034379,0.4301417096648741,0,0
-1.438879132270813,0.7324303388595581,-3.0282723903656006,0.4165811526964279,0.42131854248763323,0,0
-1.436876893043518,0.7349457144737244,-3.0278518199920654,0.43411821870623873,0.4210178477999229,0,0
-1.4348746538162231,0.737468957901001,-3.027452230453491,0.4060266605251007,0.4123098540668996,0,0
-1.4328714609146118,0.7400016188621521,-3.0270745754241943,0.4042905555357326,0.41210754683992,0,0
-1.43086576461792,0.7425450086593628,-3.0267090797424316,0.4257779975536561,0.4182985394970937,0,0
-1.4288556575775146,0.7451009154319763,-3.0263538360595703,0.4154584352708439,0.43113120615451306,0,0
-1.4268397092819214,0.7476699352264404,-3.026005983352661,0.41164052702120485,0.42606571224321627,0,0
-1.424816370010376,0.7502526640892029,-3.025675058364868,0.4208398655102794,0.4222808680492213,0,0
-1.4227837324142456,0.7528499364852905,-3.0251657962799072,0.39501087741462304,0.43607700818503176,0,0
-1.4207425117492676,0.7554603219032288,-3.0245604515075684,0.4257609766797573,0.4173507928033349,0,0
-1.4186949729919434,0.7580813765525818,-3.0239107608795166,0.42661500647270684,0.4286699182316871,0,0
-1.4166431427001953,0.7607102990150452,-3.0232367515563965,0.41256628007694257,0.42473704399672235,0,0
-1.4145889282226562,0.7633446455001831,-3.022768497467041,0.42875314214290866,0.39628030097655903,0,0
-1.4125350713729858,0.7659792900085449,-3.0224225521087646,0.42112562007245125,0.41985384584958557,0,0
-1.4104833602905273,0.7686099410057068,-3.0221433639526367,0.4324538474894565,0.41462754042617633,0,0
-1.4084358215332031,0.7712327837944031,-3.0219032764434814,0.4152593843244974,0.437038410051871,0,0
-1.4063940048217773,0.7738454341888428,-3.0216989517211914,0.4074285806921143,0.4227775919436911,0,0
-1.4043594598770142,0.7764464616775513,-3.0215277671813965,0.4244954351547494,0.4252102478783759,0,0
-1.402332067489624,0.7790356874465942,-3.021369457244873,0.42669398618497106,0.41712223027373774,0,0
-1.4003108739852905,0.7816145420074463,-3.0212199687957764,0.4345959055981837,0.42724330089252316,0,0
-1.398294448852539,0.7841811776161194,-3.02107834815979,0.42177446823574866,0.4293055942320355,0,0
-1.3962796926498413,0.7867289185523987,-3.0209479331970215,0.43058655774788807,0.4172576095026174,0,0
-1.394262433052063,0.7892458438873291,-3.020817995071411,0.4166446853224277,0.4308147132097305,0,0
-1.392238736152649,0.7917160987854004,-3.0206756591796875,0.41746824218750544,0.4170444309817674,0,0
-1.39020574092865,0.7941210269927979,-3.020510673522949,0.42639653477513045,0.41065139289498703,0,0
-1.3881611824035645,0.7964388728141785,-3.020320415496826,0.4165154804928083,0.43919073238029477,0,0
-1.3861018419265747,0.7986462712287903,-3.020113945007324,0.4301514612839233,0.42587665528973245,0,0
-1.3840205669403076,0.8007189631462097,-3.0199201107025146,0.4154223081509238,0.4216819157933888,0,0
-1.3819090127944946,0.8026343584060669,-3.019768476486206,0.4214318479427844,0.4175847841142004,0,0
-1.3797600269317627,0.8043732643127441,-3.019660711288452,0.4185955679523105,0.4454559607580235,0,0
-1.3775686025619507,0.8059219121932983,-3.0195798873901367,0.426716341890661,0.42134497159597084,0,0
-1.3753331899642944,0.8072706460952759,-3.0195059776306152,0.41901902694804644,0.4112982985624965,0,0
-1.3730545043945312,0.808412492275238,-3.0194313526153564,0.39850770970634997,0.4303615616492108,0,0
-1.3707343339920044,0.8093439340591431,-3.0193662643432617,0.4310999783658441,0.40702603020037464,0,0
-1.3683750629425049,0.8100636601448059,-3.0193028450012207,0.4269144606948577,0.4127809155543006,0,0
-1.3659789562225342,0.8105738759040833,-3.0192320346832275,0.4063056687235758,0.416695609523449,0,0
-1.363548755645752,0.810879647731781,-3.0191705226898193,0.4034073563346401,0.425456662344099,0,0
-1.3610868453979492,0.8109877109527588,-3.019111394882202,0.43450927183233506,0.4269555813523356,0,0
-1.3585963249206543,0.8109060525894165,-3.0190446376800537,0.43506604165837515,0.45622905024327187,0,0
-1.356080412864685,0.8106438517570496,-3.0189647674560547,0.429172600868606,0.4490213603226001,0,0
-1.3535414934158325,0.8102115392684937,-3.018878936767578,0.4341164175484774,0.44350975839808526,0,0
-1.3509812355041504,0.8096212148666382,-3.0188021659851074,0.4364522698675928,0.43229568831319437,0,0
-1.3483999967575073,0.808885395526886,-3.0187411308288574,0.43863616408843303,0.4257710599553752,0,0
-1.3457977771759033,0.8080160021781921,-3.018690586090088,0.4448516916981268,0.4262521306559587,0,0
-1.3431744575500488,0.8070231676101685,-3.0186421871185303,0.4404693030796507,0.45166928161175735,0,0
-1.3405306339263916,0.8059163689613342,-3.018587589263916,0.4482205622217945,0.4114192070741173,0,0
-1.3378676176071167,0.8047045469284058,-3.018523693084717,0.4238184953202315,0.4255046377258119,0,0
-1.3351867198944092,0.8033963441848755,-3.0184543132781982,0.43116985727811685,0.44275042132208947,0,0
-1.332489252090454,0.802000880241394,-3.0183913707733154,0.46409199947725366,0.46648792128334776,0,0
-1.3297761678695679,0.8005269169807434,-3.0183424949645996,0.4787326034538802,0.47322932214638935,0,0
-1.3270481824874878,0.7989824414253235,-3.018307685852051,0.4690711768530578,0.4547417209247876,0,0
-1.324305534362793,0.7973746061325073,-3.018280029296875,0.4623007184403861,0.46119119804400227,0,0
-1.3215491771697998,0.7957087755203247,-3.0182528495788574,0.4468141136288485,0.4697263386071456,0,0
-1.318779706954956,0.7939900755882263,-3.018221378326416,0.4677313241768268,0.4759217368696188,0,0
-1.3159990310668945,0.7922229766845703,-3.0181844234466553,0.4633647032532713,0.46354306809552154,0,0
-1.3132082223892212,0.7904111742973328,-3.018144130706787,0.4658904780123512,0.4519780389804417,0,0
-1.3104084730148315,0.7885589003562927,-3.0181047916412354,0.4434254272722094,0.44261854424916436,0,0
-1.307600975036621,0.7866698503494263,-3.0180716514587402,0.4599020771496902,0.4461988926009604,0,0
-1.304785966873169,0.7847475409507751,-3.0180461406707764,0.4820389300427071,0.49347145762972383,0,0
-1.3019640445709229,0.7827953696250916,-3.0180253982543945,0.4940834435743783,0.48597355778192225,0,0
-1.299135684967041,0.7808155417442322,-3.018004894256592,0.4903105196251852,0.4868088240303694,0,0
-1.2963018417358398,0.7788107991218567,-3.017982244491577,0.5046933252352143,0.4981127473603224,0,0
-1.293463110923767,0.7767828106880188,-3.017956495285034,0.5036836374254127,0.49444731636078815,0,0
-1.2906196117401123,0.7747334241867065,-3.017928123474121,0.4974190668950412,0.5027274011842087,0,0
-1.287772536277771,0.7726648449897766,-3.0179007053375244,0.502153930425222,0.49351521964875855,0,0
-1.2849218845367432,0.7705785036087036,-3.0178773403167725,0.5052642220755872,0.5093659439195445,0,0
-1.282068133354187,0.7684765458106995,-3.0178589820861816,0.5023022596017983,0.5207386261331836,0,0
-1.2792112827301025,0.7663600444793701,-3.01784348487854,0.4948955046210209,0.48270735366908823,0,0
-1.2763515710830688,0.7642307281494141,-3.0178284645080566,0.5348175721831904,0.5337330269312879,0,0
-1.2734894752502441,0.7620894312858582,-3.0178115367889404,0.5365668240373029,0.5392384091133322,0,0
-1.2706252336502075,0.7599372267723083,-3.0177927017211914,0.5116533186585186,0.525621121702247,0,0
-1.2677587270736694,0.757775068283081,-3.0177724361419678,0.5254820468692876,0.5528260512546618,0,0
-1.2648905515670776,0.7556038498878479,-3.0177536010742188,0.5255907884164936,0.5276482799478807,0,0
-1.2620205879211426,0.7534246444702148,-3.01773738861084,0.5494090143994355,0.5291841375348284,0,0
-1.2591489553451538,0.7512380480766296,-3.0177245140075684,0.5343387069592594,0.5249809588904374,0,0
-1.2562756538391113,0.7490450143814087,-3.017714023590088,0.5185184521324335,0.5406993188163559,0,0
-1.2534009218215942,0.7468462586402893,-3.0177032947540283,0.5272467712793012,0.5431996565893155,0,0
-1.2505249977111816,0.7446420788764954,-3.0176918506622314,0.5078783283475694,0.5343759262355958,0,0
-1.247647762298584,0.7424330115318298,-3.017678737640381,0.5718458838573777,0.5591285281120768,0,0
-1.2447694540023804,0.7402194738388062,-3.017665147781372,0.5621127198241881,0.5624628950695294,0,0
-1.2418901920318604,0.7380018830299377,-3.0176520347595215,0.5756495037966557,0.5690638588363734,0,0
-1.2390097379684448,0.7357808351516724,-3.0176408290863037,0.5790381110742227,0.5752574292621161,0,0
-1.236128330230713,0.7335565090179443,-3.017632007598877,0.5591866179633297,0.5716953200384105,0,0
-1.2332463264465332,0.7313292622566223,-3.0176243782043457,0.5778901698651835,0.5826923592483909,0,0
-1.2303632497787476,0.7290997505187988,-3.0176172256469727,0.5807632503600714,0.5557149294005159,0,0
-1.2274795770645142,0.72686767578125,-3.0176093578338623,0.592607029637588,0.5505506483441304,0,0
-1.2245951890945435,0.724633514881134,-3.017601251602173,0.5612092988046636,0.5704544191886418,0,0
-1.221710205078125,0.7223972678184509,-3.017591953277588,0.5720816244764857,0.5630241735051268,0,0
-1.2188246250152588,0.7201594710350037,-3.017583131790161,0.6063864811491431,0.6027650415466684,0,0
-1.215938687324524,0.7179200053215027,-3.017575740814209,0.5975348302003207,0.5999785843619071,0,0
-1.2130521535873413,0.7156791687011719,-3.017568588256836,0.6115539822544369,0.6121083717800343,0,0
-1.2101651430130005,0.7134370803833008,-3.0175626277923584,0.6042552350863254,0.6036704885573494,0,0
-1.2072776556015015,0.711193859577179,-3.017557144165039,0.5868359737684378,0.5843640956317728,0,0
-1.2043896913528442,0.7089497447013855,-3.017551898956299,0.6018171612657891,0.6214043129860919,0,0
-1.2015013694763184,0.7067047357559204,-3.0175459384918213,0.5994956646453895,0.6091405790125473,0,0
-1.1986126899719238,0.7044588327407837,-3.0175392627716064,0.5981176446292403,0.6083316396587815,0,0
-1.1957238912582397,0.7022122144699097,-3.0175342559814453,0.6138065632566994,0.5884910665063929,0,0
-1.192834496498108,0.6999648809432983,-3.0175294876098633,0.6083153353302104,0.6156484600499257,0,0
-1.189945101737976,0.6977169513702393,-3.0175251960754395,0.6412530296907347,0.6345982688264691,0,0
-1.187055230140686,0.6954686045646667,-3.0175204277038574,0.6143554581454492,0.6450038688874289,0,0
-1.1841652393341064,0.6932197213172913,-3.01751708984375,0.6270204882045753,0.6399745380679073,0,0
-1.1812751293182373,0.6909705400466919,-3.0175132751464844,0.6516545980548973,0.6134254970538783,0,0
-1.178384780883789,0.6887208819389343,-3.0175092220306396,0.6267613526858234,0.642609563191243,0,0
-1.1754939556121826,0.6864709854125977,-3.0175068378448486,0.6327899338232603,0.637915278929272,0,0
-1.1726030111312866,0.6842207908630371,-3.0175046920776367,0.6338176229839215,0.6718470280344354,0,0
-1.169711947441101,0.6819702386856079,-3.017502546310425,0.6599550202501607,0.6409574267765551,0,0
-1.1668208837509155,0.6797194480895996,-3.017500400543213,0.628826236321399,0.6356079320456005,0,0
-1.1639294624328613,0.6774685382843018,-3.01749849319458,0.6626202642918493,0.6503223533272645,0,0
-1.1610380411148071,0.6752173900604248,-3.017496347427368,0.6869720022640364,0.6705424539368944,0,0
-1.1581465005874634,0.6729660630226135,-3.0174942016601562,0.6685663390625357,0.6780409012481947,0,0
-1.1552547216415405,0.6707144379615784,-3.0174918174743652,0.67201426987916,0.6679102220813451,0,0
-1.1523629426956177,0.6684628129005432,-3.017489194869995,0.6721295427121952,0.6571129035280674,0,0
-1.1494709253311157,0.666210949420929,-3.017486810684204,0.6592824634666256,0.6714112804926815,0,0
-1.1465785503387451,0.6639590859413147,-3.017484664916992,0.6661776818772467,0.6820620992496661,0,0
-1.1436861753463745,0.6617071032524109,-3.0174825191497803,0.6781991752195137,0.6719508735841843,0,0
-1.140794038772583,0.6594550013542175,-3.0174803733825684,0.6800613103249907,0.6735541203458818,0,0
-1.1379016637802124,0.6572028398513794,-3.0174779891967773,0.669450954095061,0.7002473644802659,0,0
-1.1350091695785522,0.6549506187438965,-3.0174779891967773,0.6819231585519097,0.6838140000909201,0,0
-1.1321167945861816,0.6526983380317688,-3.0174779891967773,0.7088175268505698,0.7090791211859632,0,0
-1.1292243003845215,0.6504461169242859,-3.0174779891967773,0.70769345510356,0.7251389782402864,0,0
-1.1263316869735718,0.648193895816803,-3.0174779891967773,0.7280528129051866,0.7173525868534862,0,0
-1.123438835144043,0.6459416151046753,-3.0174779891967773,0.7186523935430663,0.7029007984118282,0,0
-1.1205459833145142,0.6436892747879028,-3.0174779891967773,0.713548883527244,0.7182651087370974,0,0
-1.117653250694275,0.6414368748664856,-3.0174779891967773,0.7153618445968132,0.7033854942114235,0,0
-1.1147605180740356,0.6391844749450684,-3.0174779891967773,0.7270174788075001,0.7245791528938267,0,0
-1.1118675470352173,0.6369320750236511,-3.0174779891967773,0.7133576607730531,0.6962111253469739,0,0
-1.1089744567871094,0.6346796154975891,-3.0174779891967773,0.7106579276252609,0.7192893112533048,0,0
-1.106081247329712,0.6324271559715271,-3.0174779891967773,0.7192218682905216,0.7214302842816703,0,0
-1.103188157081604,0.6301745772361755,-3.0174779891967773,0.7534359305405827,0.7348006486328964,0,0
-1.1002949476242065,0.6279220581054688,-3.0174779891967773,0.7419516916077878,0.7456583900099784,0,0
-1.097401738166809,0.625669538974762,-3.0174779891967773,0.7514354869727566,0.7485301788524074,0,0
-1.094508409500122,0.6234169602394104,-3.0174779891967773,0.7425773134731647,0.7558502524410016,0,0
-1.091615080833435,0.6211643218994141,-3.0174779891967773,0.7496286300574011,0.7537480441523313,0,0
-1.088721513748169,0.6189116835594177,-3.0174779891967773,0.7427536401204721,0.7527437148144077,0,0
-1.0858279466629028,0.6166591048240662,-3.0174779891967773,0.7328555861897366,0.7273749262503992,0,0
-1.0829342603683472,0.614406406879425,-3.0174779891967773,0.739937727431214,0.750213892872386,0,0
-1.080040693283081,0.6121537685394287,-3.0174779891967773,0.7376621831607909,0.7491844347916359,0,0
-1.077147126197815,0.6099010109901428,-3.0174779891967773,0.7420651278587341,0.7445391787653751,0,0
-1.0742535591125488,0.6076482534408569,-3.0174779891967773,0.7838664098117649,0.7935581365813869,0,0
-1.0713597536087036,0.6053954362869263,-3.0174779891967773,0.7955969361247776,0.7868619287928593,0,0
-1.0684659481048584,0.6031426191329956,-3.0174779891967773,0.7767382488867887,0.7909348965103705,0,0
-1.0655721426010132,0.6008898019790649,-3.0174779891967773,0.7664381025438703,0.7832163524832284,0,0
-1.062678337097168,0.5986368656158447,-3.0174779891967773,0.7773593413210442,0.7819460051288115,0,0
-1.0597842931747437,0.5963839888572693,-3.0174779891967773,0.7944080763604985,0.7702882398412115,0,0
-1.0568902492523193,0.5941310524940491,-3.0174779891967773,0.7660097791795902,0.7913040645433347,0,0
-1.053996205329895,0.5918780565261841,-3.0174779891967773,0.7955713854855927,0.7915657417243462,0,0
-1.0511020421981812,0.5896251201629639,-3.01747727394104,0.7826456116857978,0.7829388503061369,0,0
-1.0482078790664673,0.5873721241950989,-3.0174765586853027,0.7721992045810306,0.7916966005060254,0,0
-1.0453137159347534,0.5851191282272339,-3.0174765586853027,0.5083578427039159,0.5004679548471721,0,0
-1.0424195528030396,0.5828661918640137,-3.0174765586853027,0.5036647657394855,0.5049564126823142,0,0
-1.0395253896713257,0.5806131958961487,-3.0174765586853027,0.5102480779456432,0.5251408300576985,0,0
-1.0366311073303223,0.5783601999282837,-3.0174765586853027,0.508893775064176,0.5035637813637814,0,0
-1.0337367057800293,0.5761072635650635,-3.0174765586853027,0.49590676216396173,0.5074805886806096,0,0
-1.0308421850204468,0.5738542079925537,-3.0174765586853027,0.4957249434760215,0.49882066084502424,0,0
-1.0279476642608643,0.5716013312339783,-3.0174765586853027,0.49356220714690685,0.491756408957656,0,0
-1.0250532627105713,0.5693484544754028,-3.0174765586853027,0.49354150375145206,0.5123455063248769,0,0
-1.0221586227416992,0.5670955181121826,-3.0174765586853027,0.47675542914531316,0.5031319304192479,0,0
-1.0192641019821167,0.5648426413536072,-3.0174765586853027,0.5097702026046284,0.4948826989421392,0,0
-1.0163697004318237,0.5625896453857422,-3.0174765586853027,0.4946015004000567,0.5061412398544127,0,0
-1.0134752988815308,0.560336709022522,-3.0174765586853027,0.49684282910334066,0.49970249253802806,0,0
-1.0105808973312378,0.5580838918685913,-3.0174765586853027,0.4875494154762447,0.5119855178958704,0,0
-1.0076863765716553,0.5558309555053711,-3.0174765586853027,0.49186960670460783,0.48688225534319657,0,0
-1.0047918558120728,0.5535779595375061,-3.0174765586853027,0.48419401638008647,0.5156704939914758,0,0
-1.0018973350524902,0.5513251423835754,-3.0174765586853027,0.5123307663853416,0.5131329887106256,0,0
-0.9990027546882629,0.5490722060203552,-3.0174765586853027,0.4796636105148508,0.4889137563383693,0,0
-0.9961080551147461,0.5468193292617798,-3.0174765586853027,0.4746942235536078,0.4754165437734993,0,0
-0.9932133555412292,0.5445664525032043,-3.0174765586853027,0.5029657979272288,0.48476874683807114,0,0
-0.9903185963630676,0.5423135161399841,-3.0174765586853027,0.49147054130017176,0.5071542969772833,0,0
-0.987423837184906,0.5400606989860535,-3.0174765586853027,0.49949978313193505,0.499681114486386,0,0
-0.9845290184020996,0.5378078818321228,-3.0174765586853027,0.4862869742543763,0.5139673716007848,0,0
-0.9816341996192932,0.5355549454689026,-3.0174765586853027,0.49780429878547244,0.4794964946561826,0,0
-0.9787393808364868,0.5333020687103271,-3.0174765586853027,0.4808404517943828,0.5036283557245826,0,0
-0.9758445024490356,0.5310492515563965,-3.0174765586853027,0.4919826915427839,0.4982585041981236,0,0
-0.9729499220848083,0.5287964344024658,-3.0174765586853027,0.5265456574586675,0.4899471943007398,0,0
-0.9700552225112915,0.5265436172485352,-3.0174765586853027,0.49617496667810396,0.49370446665734363,0,0
-0.9671604037284851,0.5242907404899597,-3.0174765586853027,0.5028395634216695,0.5017643786706172,0,0
-0.9642654061317444,0.522037923336029,-3.0174765586853027,0.5048197806795827,0.4926855535323851,0,0
-0.9613703489303589,0.5197851657867432,-3.0174765586853027,0.5062734871566433,0.504185477808799,0,0
-0.9584752321243286,0.5175323486328125,-3.0174765586853027,0.48168695404615297,0.49685762008215517,0,0
-0.9555801153182983,0.5152794718742371,-3.0174765586853027,0.5083882887929524,0.48170226623556295,0,0
-0.9526849985122681,0.5130266547203064,-3.0174765586853027,0.4891608648697626,0.5129279414057364,0,0
-0.9497900009155273,0.5107738971710205,-3.0174765586853027,0.501448430408626,0.512709643057934,0,0
-0.9468950629234314,0.5085211396217346,-3.0174765586853027,0.4898082369703854,0.5009020669785174,0,0
-0.9439999461174011,0.5062683820724487,-3.0174765586853027,0.5018166519955972,0.5200171084619333,0,0
-0.9411048293113708,0.5040156245231628,-3.0174765586853027,0.48530355468750846,0.49617277033671964,0,0
-0.938209593296051,0.501762866973877,-3.0174765586853027,0.5004348460871967,0.4918657551373623,0,0
-0.935314416885376,0.49951010942459106,-3.0174765586853027,0.49420343603254463,0.5127211482412015,0,0
-0.9324193596839905,0.4972573220729828,-3.0174765586853027,0.5114026629849138,0.4973275163085784,0,0
-0.9295242428779602,0.4950045943260193,-3.0174765586853027,0.4844306831700423,0.5069011356316352,0,0
-0.9266291260719299,0.4927518665790558,-3.0174765586853027,0.5184836015963764,0.5053081281476259,0,0
-0.9237338304519653,0.4904991686344147,-3.0174765586853027,0.5148932307610332,0.5024736629870652,0,0
-0.920838475227356,0.48824644088745117,-3.0174765586853027,0.48422953609748653,0.49275623987353667,0,0
-0.9179430603981018,0.48599371314048767,-3.0174765586853027,0.5025018434830517,0.5095355423298012,0,0
-0.9150477647781372,0.48374107480049133,-3.0174765586853027,0.5097308563076424,0.48886807148068134,0,0
-0.9121527075767517,0.4814883768558502,-3.0174765586853027,0.5223165965724381,0.4922240159624933,0,0
-0.9092575311660767,0.47923561930656433,-3.0174765586853027,0.5126748685079081,0.5052836102210014,0,0
-0.9063621163368225,0.4769829213619232,-3.0174765586853027,0.5051240814339495,0.5006379870528844,0,0
-0.9034667015075684,0.4747302532196045,-3.0174765586853027,0.5005218313857083,0.5133772721789543,0,0
-0.9005711674690247,0.47247758507728577,-3.0174765586853027,0.5025112144909386,0.5140057771729396,0,0
-0.8976757526397705,0.47022488713264465,-3.0174765586853027,0.49877243086611983,0.4988079412725168,0,0
-0.8947804570198059,0.4679722487926483,-3.0174765586853027,0.5272884892506385,0.5000674920221252,0,0
-0.891884982585907,0.4657195806503296,-3.0174765586853027,0.49690471508127415,0.5054657358127798,0,0
-0.8889893889427185,0.4634668529033661,-3.0174763202667236,0.4961143616922303,0.507197358662956,0,0
-0.8860938549041748,0.46121418476104736,-3.0174760818481445,0.509503876338094,0.5072382646829543,0,0
-0.8831985592842102,0.4589616656303406,-3.0174760818481445,0.5049464248945086,0.4699533811460741,0,0
-0.8803032040596008,0.456709086894989,-3.0174760818481445,0.4973474344443321,0.5096447479283,0,0
-0.8774076104164124,0.45445647835731506,-3.0174760818481445,0.4939620032051642,0.5109683554840931,0,0
-0.8745121359825134,0.45220398902893066,-3.0174760818481445,0.5044199145079241,0.49708293938698145,0,0
-0.8716167211532593,0.44995149970054626,-3.0174760818481445,0.4906148611310117,0.4998732219721249,0,0
-0.8687214255332947,0.44769901037216187,-3.0174760818481445,0.507854776253717,0.4881354976852566,0,0
-0.8658261299133301,0.44544655084609985,-3.0174760818481445,0.5074130119462245,0.5008708051570236,0,0
-0.8629307746887207,0.44319409132003784,-3.0174760818481445,0.49759520891320513,0.5021928035418971,0,0
-0.8600354194641113,0.440941721200943,-3.0174760818481445,0.504412247071555,0.4996924685038539,0,0
-0.8571401238441467,0.43868935108184814,-3.0174760818481445,0.5003896068267435,0.49233885345682066,0,0
-0.8542448282241821,0.4364370107650757,-3.0174760818481445,0.5120383333297638,0.49548812664328756,0,0
-0.8513497710227966,0.4341846704483032,-3.0174760818481445,0.5070638923184672,0.4896672588762684,0,0
-0.8484546542167664,0.4319324195384979,-3.0174760818481445,0.4961526330324249,0.5050640769954965,0,0
-0.8455593585968018,0.42968013882637024,-3.0174760818481445,0.5105036469218255,0.49053153028113883,0,0
-0.8426641225814819,0.42742788791656494,-3.0174760818481445,0.5013242266433746,0.47972058507214554,0,0
-0.8397688865661621,0.42517566680908203,-3.0174760818481445,0.5135234115198154,0.5057913649585963,0,0
-0.8368735909461975,0.4229235053062439,-3.0174760818481445,0.498736407987074,0.5184979647229196,0,0
-0.8339784741401672,0.42067137360572815,-3.0174760818481445,0.4976670274228724,0.49962345343138626,0,0
-0.8310834169387817,0.4184192419052124,-3.0174760818481445,0.5138801592826553,0.49401763995285675,0,0
-0.828188419342041,0.41616714000701904,-3.0174760818481445,0.4921773570251818,0.490432087026525,0,0
-0.825293242931366,0.41391509771347046,-3.0174760818481445,0.5042283077310298,0.49767539164328317,0,0
-0.8223981857299805,0.4116630554199219,-3.0174760818481445,0.49216385454235456,0.5002634551275629,0,0
-0.8195030093193054,0.40941107273101807,-3.0174760818481445,0.4817390403613159,0.487326536844652,0,0
-0.8166079521179199,0.4071590304374695,-3.0174760818481445,0.49247383577218773,0.49828769987661486,0,0
-0.8137130737304688,0.4049070477485657,-3.0174760818481445,0.4980194816689469,0.5091420551794849,0,0
-0.8108181357383728,0.40265506505966187,-3.0174760818481445,0.5012779013572968,0.5011761999658891,0,0
-0.8079232573509216,0.4004031717777252,-3.0174760818481445,0.4982461136671381,0.4994654124077519,0,0
-0.8050283193588257,0.3981512486934662,-3.0174760818481445,0.4961962885424454,0.49757192838470227,0,0
-0.8021332621574402,0.39589938521385193,-3.0174760818481445,0.5147112366599296,0.4854279235863944,0,0
-0.7992383241653442,0.39364755153656006,-3.0174760818481445,0.4937006734015677,0.5150526335281991,0,0
-0.7963433861732483,0.3913957476615906,-3.0174760818481445,0.49907676635568615,0.48927578358586754,0,0
-0.7934485077857971,0.3891439139842987,-3.0174760818481445,0.5089476985051503,0.5058251505895921,0,0
-0.790553629398346,0.3868921399116516,-3.0174760818481445,0.49784858397691145,0.5132678637047481,0,0
-0.7876589298248291,0.38464033603668213,-3.0174760818481445,0.48275433574265564,0.4916199518761032,0,0
-0.7847639918327332,0.3823885917663574,-3.0174760818481445,0.5228825087520711,0.5132785548403466,0,0
-0.7818692922592163,0.3801369071006775,-3.0174760818481445,0.5040528389117487,0.5213285403138962,0,0
-0.7789745330810547,0.37788522243499756,-3.0174760818481445,0.48827560229508743,0.49922762452518915,0,0
-0.7760797142982483,0.3756335377693176,-3.0174760818481445,0.4964804195157027,0.5137516401309923,0,0
-0.7731849551200867,0.37338191270828247,-3.0174760818481445,0.49645962589594034,0.4778184451334816,0,0
-0.7702902555465698,0.3711302578449249,-3.0174760818481445,0.5109011846718183,0.5152781293462007,0,0
-0.767395555973053,0.36887866258621216,-3.0174760818481445,0.5027874615822227,0.5052010544804222,0,0
-0.7645008563995361,0.36662712693214417,-3.0174760818481445,0.4886155176308759,0.5031368096593472,0,0
-0.7616060972213745,0.36437562108039856,-3.0174760818481445,0.4921064948779208,0.4897066205689722,0,0
-0.7587113976478577,0.3621240556240082,-3.0174760818481445,0.511614768648931,0.4969530266658982,0,0
-0.7558169364929199,0.3598725199699402,-3.0174760818481445,0.503429461016612,0.49957836085444923,0,0
-0.7529222965240479,0.3576210141181946,-3.0174760818481445,0.4956379630676599,0.49301788816467373,0,0
-0.7500277161598206,0.35536956787109375,-3.0174760818481445,0.4932295635387706,0.5159601698784086,0,0
-0.7471332550048828,0.3531181514263153,-3.0174760818481445,0.49554593666498487,0.49703756751058226,0,0
-0.7442386746406555,0.35086673498153687,-3.0174760818481445,0.4845673810272967,0.49843471864566313,0,0
-0.7413440942764282,0.3486153483390808,-3.0174760818481445,0.48198379970809857,0.5060512027696783,0,0
-0.7384495735168457,0.34636399149894714,-3.0174760818481445,0.4990196528207184,0.4861766193838511,0,0
-0.7355550527572632,0.3441126346588135,-3.0174760818481445,0.5115934772261527,0.4919314141964901,0,0
-0.7326605319976807,0.3418613076210022,-3.0174760818481445,0.5017711507647913,0.50660239311165,0,0
-0.7297660708427429,0.3396099805831909,-3.0174760818481445,0.48466961180104423,0.5107088365649863,0,0
-0.7268716096878052,0.3373587131500244,-3.0174760818481445,0.4750127156416078,0.5133411664914878,0,0
-0.7239772081375122,0.3351074755191803,-3.0174760818481445,0.5054069775952822,0.5137416157114122,0,0
-0.7210827469825745,0.3328562378883362,-3.0174760818481445,0.4933256515709213,0.5000731670633316,0,0
-0.7181882858276367,0.33060503005981445,-3.0174760818481445,0.49334022038882464,0.4970934566134554,0,0
-0.7152938842773438,0.3283538520336151,-3.0174760818481445,0.49652558210606745,0.49217395399815833,0,0
-0.7123994827270508,0.32610270380973816,-3.0174760818481445,0.5007273183492912,0.5084848712272785,0,0
-0.7095051407814026,0.3238515555858612,-3.0174760818481445,0.519454428477122,0.49886391174276207,0,0
-0.7066108584403992,0.32160043716430664,-3.0174760818481445,0.5192387948058181,0.512653971925697,0,0
-0.7037166357040405,0.31934934854507446,-3.0174760818481445,0.49001383089576395,0.5052137889547197,0,0
-0.7008222937583923,0.3170982897281647,-3.0174760818481445,0.5090300274063563,0.5090139988243283,0,0
-0.6979280114173889,0.31484726071357727,-3.0174760818481445,0.5102032205615198,0.5030158730581338,-1,-1
-0.6950334310531616,0.31259632110595703,-3.017940044403076,0.49387623333083674,0.4957376736046776,0,0
-0.6921408176422119,0.31034520268440247,-3.019118547439575,0.49821309905969685,0.48562725234164367,0,0
-0.689254879951477,0.308093398809433,-3.0211453437805176,0.5013549656694853,0.49864767478869226,0,0
-0.6863839626312256,0.3058398365974426,-3.0240774154663086,0.49809869065909856,0.4918400687745206,0,0
-0.6835383176803589,0.30358341336250305,-3.027927875518799,0.5152757820090713,0.4850591214425267,0,0
-0.6807310581207275,0.3013218939304352,-3.0326924324035645,0.5014956904396621,0.49948108770295596,0,0
-0.6779752969741821,0.2990545332431793,-3.038343667984009,0.5124252650061484,0.5098906656345157,0,0
-0.6752856969833374,0.2967798709869385,-3.04485821723938,0.49838726162015595,0.5083711004638851,0,0
-0.6726769208908081,0.2944985628128052,-3.052211046218872,0.4957284591022871,0.49361343462747437,0,0
-0.6701633334159851,0.2922099828720093,-3.0603549480438232,0.4995270923379196,0.5020028878814764,0,0
-0.667758047580719,0.2899162173271179,-3.0692570209503174,0.49557677441113385,0.5012193014483097,0,0
-0.6654727458953857,0.2876196503639221,-3.0788767337799072,0.503858055605401,0.5136858416135295,0,0
-0.6633185744285583,0.2853260636329651,-3.089217185974121,0.5086997348634755,0.49471474585959985,0,0
-0.6613060832023621,0.28304025530815125,-3.1002159118652344,0.5034709140386917,0.5229339751832117,0,0
-0.6594439744949341,0.28076884150505066,-3.1118528842926025,0.5130379392300196,0.521762379365536,0,0
-0.6577386260032654,0.27851828932762146,-3.1240737438201904,0.5028096374364303,0.5200294594240408,0,0
-0.6561936736106873,0.27629753947257996,-3.136890411376953,0.4962256434676356,0.5141788059504507,0,0
-0.6548125147819519,0.2741166949272156,3.1329123973846436,0.5021401824924414,0.49445361140240135,0,0
-0.6535963416099548,0.27198678255081177,3.1189849376678467,0.4970292193068355,0.4899611458227468,0,0
-0.6525468826293945,0.2699190080165863,3.1045563220977783,0.5113297177256554,0.5043826525682368,0,0
-0.6516634821891785,0.2679227292537689,3.089740514755249,0.49265746514047937,0.48889030392053595,0,0
-0.6509433388710022,0.26600760221481323,3.074465036392212,0.4898330485751561,0.4911091427685735,0,0
-0.6503810286521912,0.26418250799179077,3.0587551593780518,0.5024539900934585,0.49533129073642823,0,0
-0.6499679684638977,0.2624566853046417,3.0426666736602783,0.4945298601576758,0.49399988956554963,0,0
-0.6496943831443787,0.26083943247795105,3.026245355606079,0.5015637965737911,0.505735082146444,0,0
-0.6495497226715088,0.25933972001075745,3.009483814239502,0.504952833713359,0.4928851654265445,0,0
-0.6495229005813599,0.2579663395881653,2.9923925399780273,0.5108392896175054,0.5059152463815023,0,0
-0.6496027112007141,0.2567274868488312,2.974961757659912,0.4941022002377524,0.48807842059145895,0,0
-0.6497776508331299,0.2556300759315491,2.95719838142395,0.5226566859785525,0.4984960959051718,0,0
-0.650036633014679,0.25467950105667114,2.939105749130249,0.5185237911585132,0.4949323519730718,0,0
-0.650368332862854,0.25387853384017944,2.9207024574279785,0.5027003398999357,0.4956892984378141,0,0
-0.6507605910301208,0.2532276511192322,2.9020259380340576,0.4832491583542626,0.5010885532861584,0,0
-0.6512014865875244,0.2527255415916443,2.8830864429473877,0.4980559043257555,0.5129662816064928,0,0
-0.6516789793968201,0.2523680031299591,2.863913059234619,0.48176018430694356,0.5036189203738602,0,0
-0.6521803140640259,0.25214868783950806,2.844554901123047,0.5042234181162597,0.501562721683059,0,0
-0.6526925563812256,0.2520603537559509,2.825011730194092,0.5037441910613234,0.5157100964482068,0,0
-0.6532039046287537,0.25209489464759827,2.805284261703491,0.5017533125405361,0.5068450592780656,0,0
-0.6537037491798401,0.25224214792251587,2.785416603088379,0.49837642430045814,0.5051499673163358,0,0
-0.6541808843612671,0.25249072909355164,2.765442371368408,0.49979677828438485,0.4908791832149647,0,0
-0.6546248197555542,0.2528296709060669,2.745356321334839,0.5061193835878349,0.4955930288491716,0,0
-0.6550269722938538,0.2532481849193573,2.725163459777832,0.5038692086196187,0.5103970506378098,0,0
-0.6553804874420166,0.2537350058555603,2.7048940658569336,0.5095799632554852,0.5172649078789618,0,0
-0.6556797027587891,0.25427770614624023,2.684572696685791,0.49366852282502144,0.49672920880898386,0,0
-0.6559197902679443,0.2548639178276062,2.66420841217041,0.49297776728855075,0.4998755719422974,0,0
-0.6560970544815063,0.2554817795753479,2.6438088417053223,0.5093234977285027,0.4984334090649943,0,0
-0.6562099456787109,0.25611981749534607,2.6233932971954346,0.49926992590759467,0.48620321823481477,0,0
-0.6562586426734924,0.25676658749580383,2.602973222732544,0.49855253126073745,0.5004468207659521,0,0
-0.656245231628418,0.2574112117290497,2.5825631618499756,0.495955251974945,0.49487353295562475,0,0
-0.6561732292175293,0.25804346799850464,2.562175989151001,0.48622714516866183,0.503626084585306,0,0
-0.6560478210449219,0.2586544454097748,2.5418179035186768,0.5078056523377757,0.48002522174634915,0,0
-0.6558752655982971,0.25923630595207214,2.521505355834961,0.4972123850778521,0.4888289092606964,0,0
-0.6556621193885803,0.25978270173072815,2.5012426376342773,0.5161966465695303,0.4872077065664327,0,0
-0.6554150581359863,0.26028943061828613,2.4810404777526855,0.5009080916623572,0.5017289859358088,0,0
-0.6551411747932434,0.26075395941734314,2.4609158039093018,0.4977278428006434,0.49340535315742734,0,0
-0.6548473238945007,0.2611749768257141,2.4408817291259766,0.4889574368658039,0.49134202065248583,0,0
-0.6545406579971313,0.2615521550178528,2.4209516048431396,0.5098029551397986,0.5093580360011238,0,0
-0.6542275547981262,0.2618856430053711,2.4011378288269043,0.5006100235288027,0.49943986657913314,0,0
-0.6539139151573181,0.26217642426490784,2.381448268890381,0.49147501843317903,0.4911093524074951,0,0
-0.6536043286323547,0.2624260187149048,2.361894369125366,0.49902364902097596,0.48859874902972567,0,0
-0.6533023118972778,0.26263701915740967,2.3424878120422363,0.5012807884854001,0.5049260148494663,0,0
-0.6530110239982605,0.2628125250339508,2.3232421875,0.51327777398687,0.5160208303190712,0,0
-0.652732789516449,0.26295578479766846,2.304163932800293,0.501613410345518,0.5119284302853848,0,0
-0.6524698734283447,0.263070285320282,2.285264730453491,0.5135823245429492,0.508827862712463,0,0
-0.652224063873291,0.26315930485725403,2.266554594039917,0.5069275353782193,0.5101923893115934,0,0
-0.6519971489906311,0.26322612166404724,2.2480456829071045,0.5131774861876847,0.487439412781343,0,0
-0.6517900228500366,0.26327404379844666,2.229743480682373,0.48979127513936904,0.48859693549677624,0,0
-0.6516026258468628,0.26330602169036865,2.211656093597412,0.49212524000843016,0.5047143057411642,0,0
-0.6514344811439514,0.2633245885372162,2.1937952041625977,0.511261036040844,0.48660015369019155,0,0
-0.6512846946716309,0.2633320987224579,2.176161050796509,0.5092830440874264,0.501091553682356,0,0
-0.6511524319648743,0.2633306682109833,2.158766746520996,0.48737264752547177,0.4960189818805117,0,0
-0.651036262512207,0.2633224129676819,2.1416189670562744,0.5036828967552099,0.5178945254625051,0,0
-0.6509349942207336,0.2633092999458313,2.124722480773926,0.5101788003734657,0.5108167684687506,0,0
-0.6508470177650452,0.2632931172847748,2.1080822944641113,0.5004747498471132,0.5041278363869036,0,0
-0.6507709622383118,0.26327523589134216,2.091710090637207,0.5004528186254288,0.4943199031522715,0,0
-0.6507054567337036,0.2632567882537842,2.0756072998046875,0.5040448647167406,0.5137001199303419,0,0
-0.6506494283676147,0.26323866844177246,2.0597786903381348,0.5080683810219033,0.49890550502576236,0,0
-0.6506019234657288,0.2632215917110443,2.0442259311676025,0.4893581586672041,0.5061299985300255,0,0
-0.6505619287490845,0.26320600509643555,2.0289602279663086,0.5010641573193115,0.5096514763801966,0,0
-0.6505283713340759,0.26319223642349243,2.013981342315674,0.4927556413406815,0.4938734588619557,0,0
-0.650500476360321,0.2631801962852478,1.9992899894714355,0.5181268646163154,0.5074400889636012,0,0
-0.650477409362793,0.26316991448402405,1.9848912954330444,0.48981645945233987,0.49207532720558605,0,0
-0.6504586338996887,0.26316124200820923,1.9707918167114258,0.48764264805815144,0.4957644485334214,0,0
-0.650443434715271,0.2631540894508362,1.9569861888885498,0.5096588974222568,0.5004403302472652,0,0
-0.650431215763092,0.26314809918403625,1.9434857368469238,0.5157583041017018,0.4903506253161744,0,0
-0.6504214406013489,0.2631431519985199,1.9302847385406494,0.4911920713592407,0.4911107922118759,0,0
-0.6504138708114624,0.26313894987106323,1.9173892736434937,0.48470532129673166,0.4974915951349762,0,0
-0.6504078507423401,0.2631354033946991,1.904799461364746,0.513665482735006,0.5095052834877157,0,0
-0.6504032015800476,0.2631322741508484,1.892514705657959,0.49911412715394393,0.49718857181263676,0,0
-0.6503995060920715,0.26312944293022156,1.8805358409881592,0.5102406061474578,0.5042649274527374,0,0
-0.6503965854644775,0.26312676072120667,1.8688626289367676,0.4988288622270801,0.49969027992240084,0,0
-0.6503942012786865,0.2631242573261261,1.8574947118759155,0.4906406395649342,0.49098314883098026,0,0
-0.6503923535346985,0.26312172412872314,1.8464324474334717,0.4964160475797928,0.5094537412556889,0,0
-0.6503906846046448,0.26311925053596497,1.8356759548187256,0.4901920754928139,0.506406440493153,0,0
-0.6503893136978149,0.26311683654785156,1.8252248764038086,0.4919608053132174,0.49493911597379925,0,0
-0.6503880620002747,0.2631143629550934,1.8150734901428223,0.5034386471841246,0.5109571103471544,0,0
-0.6503867506980896,0.26311194896698,1.8052271604537964,0.4993497086764772,0.4929135368352238,0,0
-0.6503854393959045,0.2631095349788666,1.7956750392913818,0.5014629437766052,0.49923853324113004,0,0
-0.6503841876983643,0.26310721039772034,1.7864235639572144,0.5067135618759333,0.4927350356380507,0,0
-0.650382936000824,0.26310494542121887,1.7774641513824463,0.48645464688077333,0.49744009600627137,0,0
-0.6503816246986389,0.26310276985168457,1.768799901008606,0.5039438841459826,0.516190060347563,0,0
-0.6503804326057434,0.26310068368911743,1.7604224681854248,0.5181080299861878,0.5081349721638129,0,0
-0.6503791809082031,0.26309871673583984,1.752333402633667,0.49627068521895956,0.5146970949752983,0,0
-0.6503779888153076,0.2630968689918518,1.7445259094238281,0.48966291037829746,0.4929597188732715,0,0
-0.6503768563270569,0.2630951404571533,1.7370002269744873,0.5096868205990629,0.5022291740746012,0,0
-0.6503757238388062,0.2630935311317444,1.7297500371932983,0.49631153443718423,0.5125862769652455,0,0
-0.650374710559845,0.2630920708179474,1.722769856452942,0.5157417629277762,0.4800026704507359,0,0
-0.6503736972808838,0.26309072971343994,1.7160590887069702,0.5070396795646515,0.508749585563311,0,0
-0.6503728032112122,0.26308953762054443,1.7096120119094849,0.4908921725626732,0.4946308363188381,0,0
-0.6503719091415405,0.2630884349346161,1.703416347503662,0.49179811977233717,0.5088337508540349,0,0
-0.6503710746765137,0.2630873918533325,1.6974668502807617,0.50196959986166,0.5108816738308128,0,0
-0.6503704786300659,0.2630861699581146,1.6917622089385986,0.5228196677892665,0.4863669738702655,0,0
-0.6503686308860779,0.26308682560920715,1.6863067150115967,0.4968217421633962,0.49245098236780177,0,0
-0.6503614187240601,0.263094425201416,1.6810929775238037,0.5016332067982533,0.4882740022588581,0,0
-0.6503428220748901,0.2631176710128784,1.67611563205719,0.5145849172864304,0.49301612614107976,0,0
-0.6503044366836548,0.2631693482398987,1.6714016199111938,0.5007116540732559,0.4926603701161408,0,0
-0.6502358913421631,0.2632647752761841,1.6669437885284424,0.4868813552437541,0.5156107532336522,0,0
-0.6501259207725525,0.2634187638759613,1.662648320198059,0.5007621299703949,0.5131871378875694,0,0
-0.6499658823013306,0.2636449635028839,1.6584755182266235,0.49700738966036295,0.5063368226459812,0,0
-0.6497496366500854,0.2639572024345398,1.6544852256774902,0.5033906431526031,0.5024517659624353,0,0
-0.6494710445404053,0.26436862349510193,1.6506849527359009,0.5126778524735801,0.49752219107262247,0,0
-0.6491233706474304,0.2648891806602478,1.6470166444778442,0.5067416500219553,0.501826649501516,0,0
-0.648700475692749,0.26552456617355347,1.6434658765792847,0.508177781403229,0.4911563627260128,0,0
-0.6481969952583313,0.2662771940231323,1.6400480270385742,0.5285617044744342,0.49173075518036197,0,0
-0.6476088762283325,0.26714766025543213,1.6367710828781128,0.510129788747652,0.49271760893300176,0,0
-0.64693284034729,0.2681352496147156,1.6336390972137451,0.5078386978267689,0.4903662065549916,0,0
-0.6461662650108337,0.26923859119415283,1.6306394338607788,0.5103126493879356,0.5064947259197452,0,0
-0.6453073620796204,0.27045509219169617,1.6277685165405273,0.48729447384484503,0.4864798881126913,0,0
-0.6443549394607544,0.27178144454956055,1.6250214576721191,0.5071305304362304,0.4906935167956409,0,0
-0.6433089971542358,0.27321314811706543,1.6223924160003662,0.499237263185737,0.5024112156632108,0,0
-0.6421704888343811,0.2747449278831482,1.6198830604553223,0.5056169535617494,0.5156516872868064,0,0
-0.6409417390823364,0.276371031999588,1.617491364479065,0.5007780375693949,0.4952917414084577,0,0
-0.6396259665489197,0.2780856788158417,1.6152085065841675,0.5149163631804219,0.49804456743490355,0,0
-0.6382272243499756,0.2798835039138794,1.6130234003067017,0.4974724379449925,0.5015981059900039,0,0
-0.636749267578125,0.28175947070121765,1.6109262704849243,0.5207064762526367,0.49898541236932603,0,0
-0.6351960301399231,0.28370821475982666,1.6089189052581787,0.5039342070470159,0.5050679204017137,0,0
-0.6335715055465698,0.2857242226600647,1.607008695602417,0.4913978257627784,0.5136655236588411,0,0
-0.6318798661231995,0.2878018319606781,1.6051961183547974,0.48294325198388804,0.48120741206736883,0,0
-0.6301257014274597,0.28993573784828186,1.6034739017486572,0.5057897910118785,0.5064034572079043,0,0
-0.6283135414123535,0.2921212315559387,1.6018245220184326,0.5024605929681863,0.5171547796001037,0,0
-0.6264477372169495,0.2943541705608368,1.6002429723739624,0.49351323253652346,0.49403113257182535,0,0
-0.6245318055152893,0.2966308295726776,1.598724365234375,0.4906812632742201,0.4779615240483217,0,0
-0.6225689649581909,0.29894721508026123,1.597275972366333,0.49528208391320255,0.4976505873326521,0,0
-0.6205624341964722,0.30129945278167725,1.595900058746338,0.484117575322362,0.48703587105863716,0,0
-0.6185154318809509,0.3036837577819824,1.594596028327942,0.49347695160119964,0.5070305839221326,0,0
-0.6164310574531555,0.3060968816280365,1.5933512449264526,0.4987932816489195,0.49472978778478166,0,0
-0.6143124103546143,0.3085361421108246,1.5921577215194702,0.49005596629783266,0.4986629588492776,0,0
-0.6121619343757629,0.3109993040561676,1.5910131931304932,0.5047274413435587,0.4984829070776875,0,0
-0.6099817156791687,0.31348419189453125,1.589916467666626,0.49049064845993573,0.49512252741287743,0,0
-0.6077737808227539,0.3159886300563812,1.5888736248016357,0.5050931152125472,0.5099356065912686,0,0
-0.6055399775505066,0.3185102939605713,1.5878791809082031,0.49373821062836565,0.4991141009033739,0,0
-0.6032823324203491,0.3210470378398895,1.5869369506835938,0.49983147607879047,0.49038377884839834,0,0
-0.6010026335716248,0.3235970139503479,1.586034893989563,0.4952640999524807,0.5044814683062963,0,0
-0.598702609539032,0.32615870237350464,1.5851694345474243,0.49776921874146823,0.5108686417041087,0,0
-0.5963835716247559,0.32873082160949707,1.5843397378921509,0.4777061003341421,0.5053110430145045,0,0
-0.5940467119216919,0.33131226897239685,1.5835469961166382,0.47631702253115693,0.49620849824359753,0,0
-0.5916929841041565,0.3339017629623413,1.58279287815094,0.5112937937468504,0.5087598041829492,0,0
-0.5893233418464661,0.3364983797073364,1.5820724964141846,0.4984495352008241,0.5003128184734853,0,0
-0.5869390368461609,0.33910083770751953,1.581383466720581,0.5090592276390873,0.5150180336433158,0,0
-0.5845409631729126,0.34170833230018616,1.580729603767395,0.4875177425799112,0.5166461411302472,0,0
-0.5821303725242615,0.3443200886249542,1.5801056623458862,0.5050397986834416,0.5136218966752593,0,0
-0.5797082185745239,0.3469354808330536,1.5795090198516846,0.4930198468961389,0.494689802690223,0,0
-0.5772750377655029,0.3495538830757141,1.5789364576339722,0.5044935544971315,0.5167104250785287,0,0
-0.5748316049575806,0.3521748185157776,1.57838773727417,0.5017862394328795,0.5183482498702452,0,0
-0.5723782777786255,0.35479775071144104,1.5778640508651733,0.5012738069085495,0.4983563010887079,0,0
-0.569915771484375,0.3574221432209015,1.5773645639419556,0.5033926566799327,0.4970938362865296,0,0
-0.5674446821212769,0.3600475490093231,1.5768935680389404,0.518335304997149,0.4964123516690741,0,0
-0.5649656653404236,0.36267372965812683,1.5764411687850952,0.5016957041104612,0.5122426984705414,0,0
-0.5624794363975525,0.36530032753944397,1.5760107040405273,0.4967970158343942,0.5048069381462107,0,0
-0.5599863529205322,0.3679271340370178,1.5755990743637085,0.4962008912707495,0.4979659032526487,0,0
-0.557486891746521,0.37055400013923645,1.5752036571502686,0.49032461320255627,0.4841098326746963,0,0
-0.5549813508987427,0.37318068742752075,1.5748258829116821,0.5054689334336298,0.48377217270654355,0,0
-0.5524700880050659,0.37580689787864685,1.5744669437408447,0.5097726600938263,0.48553908174261334,0,0
-0.5499535202980042,0.37843260169029236,1.574120044708252,0.4958097567209164,0.49036947689733845,0,0
-0.5474318265914917,0.38105764985084534,1.5737907886505127,0.49539730608929156,0.5071707182251242,0,0
-0.5449056029319763,0.3836818337440491,1.5734779834747314,0.49482188929401805,0.4945486879129213,0,0
-0.5423750877380371,0.3863051235675812,1.5731796026229858,0.4893360046301356,0.4848882239553141,0,0
-0.5398405194282532,0.38892754912376404,1.5728908777236938,0.49350070158136,0.5044487327035796,0,0
-0.5373020768165588,0.39154908061027527,1.5726197957992554,0.507355102730579,0.50388681197123,0,0
-0.5347601175308228,0.39416956901550293,1.572360634803772,0.5086810452176996,0.4992698348737,0,0
-0.5322147607803345,0.396789014339447,1.5721139907836914,0.47952799145897884,0.5096356112956804,0,0
-0.5296661257743835,0.3994073271751404,1.5718741416931152,0.49276954027469516,0.4954736492468745,0,0
-0.5271145105361938,0.4020244777202606,1.5716445446014404,0.4841076680972275,0.502171479113766,0,0
-0.5245600938796997,0.4046405255794525,1.571428656578064,0.49928049502424443,0.4963302504957202,0,0
-0.5220031142234802,0.40725550055503845,1.5712236166000366,0.49342124166245777,0.4938009562269533,0,0
-0.519443690776825,0.40986931324005127,1.5710294246673584,0.5056951151007748,0.4939189596719138,0,0
-0.5168819427490234,0.4124820828437805,1.5708404779434204,0.4982687831517436,0.5041043986708441,0,0
-0.5143182277679443,0.4150938093662262,1.5706623792648315,0.5180210498655813,0.4980490160545724,0,0
-0.5117523074150085,0.417704313993454,1.570489764213562,0.4842692926204236,0.4817979911889901,0,0
-0.5091844797134399,0.42031389474868774,1.570325255393982,0.4950596593725989,0.5128029376140824,0,0
-0.5066146850585938,0.4229223132133484,1.5701661109924316,0.49672618698168974,0.5035271196603408,0,0
-0.5040432214736938,0.42552968859672546,1.5700178146362305,0.5210491094765967,0.517503911886316,0,0
-0.501470148563385,0.4281361401081085,1.569874882698059,0.5051651226465237,0.5153673630020216,0,0
-0.4988956153392792,0.4307415187358856,1.569737195968628,0.5083955302217883,0.49217008305579696,0,0
-0.49631956219673157,0.4333460330963135,1.5696077346801758,0.49019015166814717,0.5021063611338262,0,0
-0.49374210834503174,0.4359496533870697,1.5694836378097534,0.5061386578192193,0.4934678046302518,0,0
-0.49116355180740356,0.4385523200035095,1.5693650245666504,0.5154382133774824,0.5071938696336402,0,0
-0.4885837137699127,0.4411541819572449,1.5692516565322876,0.5166452566926213,0.5002632156704571,0,0
-0.48600271344184875,0.4437551200389862,1.5691465139389038,0.5058087700563147,0.4880965019787521,0,0
-0.48342061042785645,0.44635534286499023,1.5690467357635498,0.5060597912295364,0.5009973119060057,0,0
-0.48083755373954773,0.44895467162132263,1.5689468383789062,0.4997611386314614,0.5090986254209736,0,0
-0.47825348377227783,0.4515533149242401,1.5688525438308716,0.49602717831687837,0.4988489759660432,0,0
-0.4756685197353363,0.45415112376213074,1.568763256072998,0.4755221871849178,0.49632414895890503,0,0
-0.47308269143104553,0.4567483961582184,1.568679690361023,0.4917320033708848,0.5186050479555452,0,0
-0.47049611806869507,0.4593449532985687,1.5685960054397583,0.4897160250408146,0.516181121431659,0,0
-0.46790874004364014,0.46194079518318176,1.568519115447998,0.5033114684994592,0.506224180775253,0,0
-0.46532055735588074,0.46453604102134705,1.5684491395950317,0.4869203267540899,0.4886074990554306,0,0
-0.4627317488193512,0.46713075041770935,1.5683790445327759,0.49635230106750833,0.5036612807740071,0,0
-0.4601422846317291,0.46972477436065674,1.5683141946792603,0.5096181405909435,0.489716697914013,0,0
-0.45755213499069214,0.4723183214664459,1.5682494640350342,0.509131463922572,0.4968285498520052,0,0
-0.4549614489078522,0.47491133213043213,1.568190097808838,0.5061019410735309,0.5032393711971351,0,0
-0.45237016677856445,0.47750383615493774,1.5681308507919312,0.5081969758378051,0.5061950092446961,0,0
-0.44977834820747375,0.48009583353996277,1.5680769681930542,0.5078488477643619,0.501296272455857,0,0
-0.44718608260154724,0.48268741369247437,1.5680229663848877,0.4974709791745459,0.49146866083942903,0,0
-0.44459328055381775,0.4852784276008606,1.567975640296936,0.5101252244310425,0.5133412280145249,0,0
-0.44200000166893005,0.48786911368370056,1.5679271221160889,0.4955322676744196,0.49800063724720345,0,0
-0.43940627574920654,0.49045929312705994,1.5678786039352417,0.493185486516813,0.5031305516772653,0,0
-0.43681222200393677,0.49304917454719543,1.5678380727767944,0.5013074926573897,0.5032685090265013,0,0
-0.43421778082847595,0.4956386387348175,1.5677976608276367,0.5115537818278908,0.4987534315470077,0,0
-0.4316229820251465,0.4982277452945709,1.5677571296691895,0.5011539656464585,0.5008252515283625,0,0
-0.4290277659893036,0.5008165836334229,1.5677220821380615,0.5069039892770855,0.47474989879573765,0,0
-0.4264323115348816,0.503404974937439,1.5676870346069336,0.5081660914871834,0.5024749789362403,0,0
-0.42383649945259094,0.505993127822876,1.5676521062850952,0.4957174160456086,0.507804021197285,0,0
-0.4212403893470764,0.5085809826850891,1.567622423171997,0.5013721427338582,0.5149766961446534,0,0
-0.4186439514160156,0.5111685395240784,1.5675926208496094,0.5135801594833438,0.5104222267950714,0,0
-0.41604724526405334,0.513755738735199,1.5675630569458008,0.4890410056460702,0.4903785002069255,0,0
-0.4134503901004791,0.5163427591323853,1.5675333738327026,0.5033651280782891,0.5070841517002072,0,0
-0.41085323691368103,0.5189295411109924,1.5675091743469238,0.4993298210522543,0.4937059810757306,0,0
-0.40825584530830383,0.5215160250663757,1.567484736442566,0.4918012993518806,0.5023803846302909,0,0
-0.40565821528434753,0.5241022706031799,1.567460536956787,0.5036514075203825,0.4900197725102842,0,0
-0.4030604064464569,0.5266883969306946,1.5674363374710083,0.4984154435206901,0.4847345265499507,0,0
-0.4004623293876648,0.5292743444442749,1.56741201877594,0.5060923494434717,0.5052627794622776,0,0
-0.3978641629219055,0.5318600535392761,1.5673930644989014,0.5039506144209835,0.5069100424692857,0,0
-0.39526575803756714,0.5344454646110535,1.5673742294311523,0.4778445625119299,0.519133999851304,0,0
-0.39266714453697205,0.537030816078186,1.5673552751541138,0.511604780598271,0.5077760823248755,0,0
-0.3900684416294098,0.539616048336029,1.5673364400863647,0.49840935564756605,0.49793973712619216,0,0
-0.3874695599079132,0.5422011017799377,1.5673176050186157,0.49412118035286656,0.508636263885587,0,0
-0.3848705291748047,0.5447858572006226,1.5672986507415771,0.5074673006984076,0.4911816310531766,0,0
-0.38227134943008423,0.5473706126213074,1.567287802696228,0.5111034923632874,0.5166274617705484,0,0
-0.3796720504760742,0.5499551296234131,1.5672770738601685,0.5153882240947195,0.49480894564014827,0,0
-0.37707260251045227,0.552539587020874,1.5672663450241089,0.4988476650501911,0.5021789244527647,0,0
-0.37447306513786316,0.5551238059997559,1.5672554969787598,0.5118767124375917,0.4989640646758385,0,0
-0.3718734085559845,0.5577080249786377,1.5672447681427002,0.5152499022037615,0.5027517823918998,0,0
-0.3692736327648163,0.5602920651435852,1.5672340393066406,0.5021955765186101,0.5068517562119529,0,0
-0.3666738271713257,0.5628760457038879,1.5672231912612915,0.4909586552368114,0.512091945833822,0,0
-0.36407387256622314,0.5654599070549011,1.567212462425232,0.5116138315815103,0.4850566305160028,0,0
-0.36147376894950867,0.5680436491966248,1.5672014951705933,0.5060022284102194,0.5132370346106282,0,0
-0.3588736355304718,0.5706272721290588,1.5671961307525635,0.4960184916455207,0.49615338709268964,0,0
-0.3562734127044678,0.5732108354568481,1.5671907663345337,0.48761736192123634,0.4965318038638468,0,0
-0.3536730706691742,0.5757943391799927,1.567185401916504,0.4955589959422234,0.4977053434205792,0,0
-0.35107266902923584,0.5783777236938477,1.5671799182891846,0.4953011963494392,0.49749432396811055,0,0
-0.3484722077846527,0.5809609293937683,1.5671745538711548,0.5105181669763368,0.4966270444761344,0,0
-0.3458716571331024,0.583544135093689,1.567169189453125,0.501599249527654,0.5081966946437245,0,0
-0.34327104687690735,0.5861272811889648,1.5671638250350952,0.5125281368775676,0.5079748215119141,0,0
-0.3406704366207123,0.5887103080749512,1.5671584606170654,0.5022174835525949,0.4663184807634333,0,0
-0.3380696773529053,0.5912933349609375,1.5671530961990356,0.491658923012776,0.4909630463031254,0,0
-0.3354688882827759,0.593876302242279,1.5671476125717163,0.5034470420018399,0.48230488544396505,0,0
-0.3328680992126465,0.596459150314331,1.5671422481536865,0.49302072744209796,0.49877094318811077,0,0
-0.3302672505378723,0.5990419983863831,1.5671368837356567,0.49118233190404326,0.511367450500879,0,0
-0.327666312456131,0.6016247868537903,1.567131519317627,0.5160616164851797,0.48854927898893286,0,0
-0.32506534457206726,0.6042075157165527,1.5671261548995972,0.4959809005584872,0.4881124540735746,0,0
-0.32246437668800354,0.6067901849746704,1.5671207904815674,0.516203575718717,0.508032752540907,0,0
-0.31986328959465027,0.6093729138374329,1.5671207904815674,0.5219418530925481,0.49505353008271585,0,0
-0.3172621726989746,0.6119555234909058,1.5671207904815674,0.480589122679063,0.4964670667811489,0,0
-0.31466105580329895,0.6145381331443787,1.5671207904815674,0.4850402476391443,0.5031164904702978,0,0
-0.3120598793029785,0.6171206831932068,1.5671207904815674,0.5023323270673427,0.5045875731426823,0,0
-0.3094587028026581,0.6197031736373901,1.5671207904815674,0.5012268020016217,0.49851186535536296,0,0
-0.30685749650001526,0.6222856044769287,1.5671207904815674,0.5020335622066231,0.4917500050332763,0,0
-0.30425623059272766,0.6248679757118225,1.5671207904815674,0.5121688836656297,0.4899353323619505,0,0
-0.3016549050807953,0.6274504065513611,1.5671207904815674,0.5043271115846956,0.5091137671364819,0,0
-0.2990535497665405,0.6300327777862549,1.5671207904815674,0.5047200363821288,0.5132944277206879,0,0
-0.29645219445228577,0.6326151490211487,1.5671207904815674,0.4970663862401956,0.5087241715856685,0,0
-0.2938508093357086,0.6351974606513977,1.5671207904815674,0.4932339156911067,0.5020180805677604,0,0
-0.2912493646144867,0.637779712677002,1.5671207904815674,0.5137778220469327,0.48857861188520907,0,0
-0.2886478900909424,0.6403619050979614,1.5671207904815674,0.5030977610860481,0.5064516519340474,0,0
-0.2860463857650757,0.6429440975189209,1.5671207904815674,0.5112814079034594,0.5003646229789831,0,0
-0.28344491124153137,0.6455261707305908,1.5671207904815674,0.4966018924821099,0.4986017839329263,0,0
-0.2808433175086975,0.6481082439422607,1.5671207904815674,0.4962522553920103,0.5037016126947859,0,0
-0.27824169397354126,0.6506903171539307,1.5671207904815674,0.4984010337897402,0.5058347809589844,0,0
-0.2756401002407074,0.6532723903656006,1.5671207904815674,0.5097779149123652,0.4962488632004377,0,0
-0.27303844690322876,0.6558544635772705,1.5671207904815674,0.4829365253313681,0.5091905572498281,0,0
-0.27043673396110535,0.6584363579750061,1.5671207904815674,0.48035092243547084,0.4949715162915629,0,0
-0.2678350806236267,0.6610181927680969,1.5671207904815674,0.5223790410252563,0.49683004585092133,0,0
-0.2652333378791809,0.6636001467704773,1.5671207904815674,0.5048608318086744,0.49743593377767836,0,0
-0.2626315653324127,0.6661820411682129,1.5671207904815674,0.5047756438677509,0.4922059310759132,0,0
-0.26002979278564453,0.6687638163566589,1.5671207904815674,0.4884561460493232,0.511756729376912,0,0
-0.2574279010295868,0.671345591545105,1.5671207904815674,0.4831541592813206,0.4881530702908904,0,0
-0.25482600927352905,0.673927366733551,1.5671207904815674,0.5115267159466559,0.49110883594435684,0,0
-0.2522240877151489,0.6765090227127075,1.5671207904815674,0.5196414089311434,0.4925969339915804,0,0
-0.2496221661567688,0.6790907382965088,1.5671207904815674,0.4854000349098295,0.5105593120875876,0,0
-0.2470201700925827,0.6816724538803101,1.5671207904815674,0.4976120547105237,0.49822763645258117,0,0
-0.2444181591272354,0.6842540502548218,1.5671207904815674,0.4870715752189897,0.504259109689094,0,0
-0.24181614816188812,0.6868356466293335,1.5671207904815674,0.49437703807881983,0.47799755750520617,0,0
-0.23921404778957367,0.6894171833992004,1.5671207904815674,0.4896908427751163,0.4968081646356796,0,0
-0.2366119921207428,0.6919986605644226,1.5671207904815674,0.5014703806834666,0.5109755982119143,0,0
-0.23400981724262238,0.6945801377296448,1.5671207904815674,0.5087315646437675,0.4923171768273387,0,0
-0.23140767216682434,0.6971615552902222,1.5671207904815674,0.5076761382906567,0.5059910361442884,0,0
-0.2288055121898651,0.6997430324554443,1.5671207904815674,0.5121699914168645,0.5049117237343677,0,0
-0.22620326280593872,0.7023244500160217,1.5671207904815674,0.512602620302387,0.48400074047487096,0,0
-0.22360101342201233,0.7049058079719543,1.5671207904815674,0.5077902686264111,0.49329982762680435,0,0
-0.22099874913692474,0.707487165927887,1.5671207904815674,0.48246342278989707,0.5069347208696582,0,0
-0.21839645504951477,0.7100684642791748,1.5671207904815674,0.4923300551317079,0.48102818681129006,0,0
-0.21579407155513763,0.7126496434211731,1.5671207904815674,0.5100349215773372,0.4970446297261675,0,0
-0.21319171786308289,0.7152309417724609,1.5671207904815674,0.500176116722545,0.5082983805034528,0,0
-0.21058933436870575,0.7178120613098145,1.5671207904815674,0.5024205316323129,0.504782359283568,0,0
-0.20798693597316742,0.7203932404518127,1.5671207904815674,0.5035380947171231,0.49973722365559325,0,0
-0.2053844928741455,0.7229743599891663,1.5671207904815674,0.4982462085773306,0.5093119148034928,0,0
-0.20278196036815643,0.725555419921875,1.5671207904815674,0.4834418149008608,0.5049293501525453,0,0
-0.20017942786216736,0.7281365990638733,1.5671207904815674,0.48381401399673496,0.5044387688656136,0,0
-0.1975768804550171,0.7307175397872925,1.5671207904815674,0.4880061891541507,0.5033721188040788,0,0
-0.19497430324554443,0.7332984209060669,1.5671207904815674,0.500365459783312,0.5132799703823916,0,0
-0.19237171113491058,0.7358793616294861,1.5671207904815674,0.5064898940570782,0.5041901611544594,0,0
-0.18976907432079315,0.7384604215621948,1.5671207904815674,0.5154121659841661,0.4736116249014261,0,0
-0.18716640770435333,0.7410413026809692,1.5671207904815674,0.4973143167375524,0.4855500698773213,0,0
-0.18456371128559113,0.7436221837997437,1.5671207904815674,0.5007688586918395,0.49903850083280965,0,0
-0.18196099996566772,0.7462030649185181,1.5671207904815674,0.4829485505990998,0.515664953874678,0,0
-0.17935825884342194,0.7487838864326477,1.5671207904815674,0.48938890955505376,0.5059214876364851,0,0
-0.17675548791885376,0.7513646483421326,1.5671207904815674,0.4815428693015499,0.49561080241284866,0,0
-0.1741526871919632,0.753945529460907,1.5671207904815674,0.48424935328861685,0.5093809089727536,0,0
-0.17154985666275024,0.7565261721611023,1.5671207904815674,0.5106023586004946,0.5000489979275866,0,0
-0.1689469963312149,0.7591068744659424,1.5671207904815674,0.5068267566321095,0.5013354574732856,0,0
-0.16634409129619598,0.7616875767707825,1.5671207904815674,0.5047597953328786,0.5043025615611516,0,0
-0.16374115645885468,0.764268159866333,1.5671207904815674,0.5092732293560692,0.48777457170802535,0,0
-0.16113822162151337,0.7668487429618835,1.5671207904815674,0.4888075014291561,0.5086026196081768,0,0
-0.15853522717952728,0.7694292664527893,1.5671207904815674,0.5069350458003732,0.5010070982093495,0,0
-0.1559322327375412,0.7720097899436951,1.5671207904815674,0.5025841049487765,0.5003997884541495,0,0
-0.15332922339439392,0.774590253829956,1.5671207904815674,0.49267416813947984,0.5039367598416894,0,0
-0.15072615444660187,0.777170717716217,1.5671207904815674,0.5040871678751017,0.49168421238822774,0,0
-0.148123100399971,0.7797510623931885,1.5671207904815674,0.49851996696557493,0.4982244016185624,0,0
-0.14552000164985657,0.7823314070701599,1.5671207904815674,0.5127493666743431,0.5000043151855909,0,0
-0.14291685819625854,0.7849118113517761,1.5671207904815674,0.48490075011680034,0.4969236752552272,0,0
-0.14031369984149933,0.7874922752380371,1.5671207904815674,0.5027430721823148,0.5016711812367589,0,0
-0.13771049678325653,0.7900726199150085,1.5671207904815674,0.4933634841328635,0.5023312412127693,0,0
-0.13510729372501373,0.7926529049873352,1.5671207904815674,0.49932944673548674,0.5054162361412361,0,0
-0.13250410556793213,0.7952331900596619,1.5671207904815674,0.492602447507095,0.5096772485107577,0,0
-0.12990088760852814,0.7978134751319885,1.5671207904815674,0.48362982029482915,0.5195451426581473,0,0
-0.12729768455028534,0.8003937602043152,1.5671207904815674,0.497562130907166,0.5043926932847257,0,0
-0.12469444423913956,0.8029739856719971,1.5671207904815674,0.4877581805817292,0.48194891200528533,0,0
-0.12209121882915497,0.8055541515350342,1.5671207904815674,0.4873142371142656,0.5138769241077136,0,0
-0.11948796361684799,0.8081343770027161,1.5671207904815674,0.4958364709212289,0.4942231677341308,0,0
-0.11688468605279922,0.8107146620750427,1.5671207904815674,0.49312943111384294,0.5103311079439503,0,0
-0.11428143084049225,0.8132948875427246,1.5671207904815674,0.4827383414719403,0.4998130173009299,0,0
-0.11167816072702408,0.8158749341964722,1.5671207904815674,0.4861331051796461,0.5006699225604077,0,0
-0.10907488316297531,0.8184551000595093,1.5671207904815674,0.5113332501061579,0.4954091725618747,0,0
-0.10647161304950714,0.8210352063179016,1.5671207904815674,0.501516965877739,0.4922379726149491,0,0
-0.10386830568313599,0.8236154317855835,1.5671207904815674,0.4996653906870416,0.5205126007269528,0,0
-0.10126499086618423,0.8261955976486206,1.5671207904815674,0.5143202506289601,0.49074875217461433,0,0
-0.09866169095039368,0.8287756443023682,1.5671207904815674,0.4916459517920224,0.5096016429346032,0,0
-0.09605837613344193,0.8313557505607605,1.5671207904815674,0.50178562921217,0.5081715414048732,0,0
-0.09345502406358719,0.8339358568191528,1.5671207904815674,0.49753229933592,0.501783747040541,0,0
-0.09085168689489365,0.8365160822868347,1.5671207904815674,0.5046537961586027,0.5136758675079716,0,0
-0.0882483497262001,0.839096188545227,1.5671207904815674,0.48319047454407,0.5056574256966073,0,0
-0.08564499020576477,0.8416762948036194,1.5671207904815674,0.5047296927785456,0.5045528293758513,0,0
-0.08304163068532944,0.8442564010620117,1.5671207904815674,0.5127747925839551,0.5023011433604276,0,0
-0.08043824881315231,0.8468366265296936,1.5671207904815674,0.4944035568855699,0.4895812356220667,0,0
-0.07783485949039459,0.8494167327880859,1.5671207904815674,0.5072288136548168,0.48954070234897457,0,0
-0.07523146271705627,0.8519967198371887,1.5671207904815674,0.4918231381252056,0.4948599229365797,0,0
-0.07262807339429855,0.8545767068862915,1.5671207904815674,0.5147113161953418,0.489284909247511,0,0
-0.07002467662096024,0.8571566939353943,1.5671207904815674,0.4861262954002526,0.501110672017793,0,0
-0.06742125749588013,0.8597366809844971,1.5671207904815674,0.5108492103946723,0.495358112529024,0,0
-0.06481782346963882,0.8623166680335999,1.5671207904815674,0.5081396273417846,0.5025625142478584,0,0
-0.062214381992816925,0.8648967742919922,1.5671207904815674,0.5231186198733616,0.5073470874236305,0,0
-0.05961093679070473,0.8674767017364502,1.5671207904815674,0.49455038444270355,0.5094096695957572,0,0
-0.05700748413801193,0.8700566291809082,1.5671207904815674,0.48193205499661357,0.49620442777953927,0,0
-0.05440405011177063,0.8726365566253662,1.5671207904815674,0.5003731798954947,0.5031627003595672,0,0
-0.05180063471198082,0.8752164840698242,1.5671207904815674,0.49853004986121247,0.5016842945914352,0,0
-0.0491972453892231,0.877796471118927,1.5671207904815674,0.48960666164311606,0.5045860153907727,0,0
-0.04659388214349747,0.8803764581680298,1.5671207904815674,0.49082436716800754,0.5021985495819058,0,0
-0.04399053752422333,0.8829566240310669,1.5671207904815674,0.502590596447358,0.49038742889480325,0,0
-0.04138721898198128,0.8855367302894592,1.5671207904815674,0.5052625496298158,0.4861953987947994,0,0
-0.03878393396735191,0.888116717338562,1.5671207904815674,0.5114676662288883,0.4960720775369707,0,0
-0.03618066385388374,0.8906968235969543,1.5671207904815674,0.5117990469824668,0.5039944281235822,0,0
-0.03357742354273796,0.8932769894599915,1.5671207904815674,0.4992013071995523,0.5116712255001912,0,0
-0.03097420558333397,0.8958570957183838,1.5671207904815674,0.501554094337227,0.5020940022650578,0,0
-0.028371015563607216,0.8984372615814209,1.5671207904815674,0.493486278445296,0.4971187421214636,0,0
-0.025767847895622253,0.901017427444458,1.5671207904815674,0.49581723793368865,0.48871053041543294,0,0
-0.023164711892604828,0.9035977125167847,1.5671207904815674,0.4981032015293327,0.49310514479215634,0,0
-0.020561590790748596,0.9061779975891113,1.5671207904815674,0.4911867019722348,0.5144772776184927,0,0
-0.017958497628569603,0.908758282661438,1.5671207904815674,0.5012149167608003,0.5022448679699155,0,0
-0.015355427749454975,0.9113383889198303,1.5671207904815674,0.5012950774032352,0.5171934528853119,0,0
-0.012752383947372437,0.9139186143875122,1.5671207904815674,0.5076951531184476,0.49773904196853513,0,0
-0.01014936063438654,0.9164989590644836,1.5671207904815674,0.5168342427278834,0.5083604093193038,0,0
-0.007546360604465008,0.9190793633460999,1.5671207904815674,0.5066625914907458,0.5042339768269886,0,0
-0.004943385720252991,0.9216595888137817,1.5671207904815674,0.5025025183784372,0.4952481240960821,0,0
-0.0023404329549521208,0.9242399334907532,1.5671207904815674,0.5086939008623136,0.490996943279528,0,0
0.0002624945482239127,0.9268202781677246,1.5671207904815674,0.49183266854896884,0.4960423511230391,0,0
0.002865399932488799,0.9294007420539856,1.5671207904815674,0.5010444217059444,0.5041975197976244,0,0
0.00546828331425786,0.9319811463356018,1.5671207904815674,0.5025768540730123,0.4942360273258566,0,0
0.008071141317486763,0.9345614910125732,1.5671207904815674,0.4932687312371533,0.49474255621952384,0,0
0.010673975571990013,0.9371419548988342,1.5671207904815674,0.5122840930509304,0.5030338312101309,0,0
0.013276791200041771,0.93972247838974,1.5671207904815674,0.5031840423868342,0.49210463992244236,0,0
0.01587958075106144,0.9423028230667114,1.5671207904815674,0.5001741074507269,0.5011990452247372,0,0
0.018482346087694168,0.9448832869529724,1.5671207904815674,0.5005421229849655,0.4996415149675753,0,0
0.021085090935230255,0.9474638104438782,1.5671207904815674,0.47872886609247994,0.516872284618019,0,0
0.023687811568379402,0.9500443935394287,1.5671207904815674,0.4926057847133227,0.510105662052029,0,0
0.02629050798714161,0.9526249766349792,1.5671207904815674,0.5043290292474042,0.5183391994313208,0,0
0.028893183916807175,0.9552055597305298,1.5671207904815674,0.49349372211331094,0.5050863298968019,0,0
0.0314958393573761,0.9577861428260803,1.5671207904815674,0.49529548583077354,0.5156790578723173,0,0
0.03409847244620323,0.9603667855262756,1.5671207904815674,0.499482713533612,0.49836589290276384,0,0
0.036701083183288574,0.962947428226471,1.5671207904815674,0.49920134100434793,0.5060055235489851,0,0
0.039303671568632126,0.9655280709266663,1.5671207904815674,0.5055192180986318,0.5028674968847338,0,0
0.041906241327524185,0.9681087732315063,1.5671207904815674,0.4961071849792351,0.5200592994971134,0,0
0.044508785009384155,0.9706894755363464,1.5671207904815674,0.5026809768236078,0.5059435704317804,0,0
0.04711131006479263,0.9732702374458313,1.5671207904815674,0.49960656785465735,0.5009351471246294,0,0
0.04971380531787872,0.9758508801460266,1.5671207904815674,0.4977840776721433,0.49479317315693705,0,0
0.05231628939509392,0.9784315824508667,1.5671207904815674,0.5065294262914322,0.5005734138320433,0,0
0.054918743669986725,0.9810124039649963,1.5671207904815674,0.5109972243000189,0.49999633714274044,0,0
0.05752117931842804,0.9835931062698364,1.5671207904815674,0.525096499247155,0.5008276597819056,0,0
0.06012359634041786,0.9861739277839661,1.5671207904815674,0.5139859535123023,0.5089941122663013,0,0
0.0627259910106659,0.9887548685073853,1.5671207904815674,0.5015231770529935,0.5110605162311802,0,0
0.06532836705446243,0.9913356304168701,1.5671207904815674,0.5092051536622559,0.5086611879104147,0,0
0.06793072074651718,0.9939165115356445,1.5671207904815674,0.49922354497373805,0.48651672591337414,0,0
0.07053305953741074,0.9964973330497742,1.5671207904815674,0.5022174684706544,0.5028082291757696,0,0
0.0731353685259819,0.9990782737731934,1.5671207904815674,0.4821022474965107,0.5179566481655616,0,0
0.07573765516281128,1.0016590356826782,1.5671207904815674,0.49661252977609144,0.491666738735841,0,0
0.07833992689847946,1.0042399168014526,1.5671207904815674,0.4887473348781344,0.501867370771224,0,0
0.08094218373298645,1.0068209171295166,1.5671207904815674,0.5075761259459108,0.5067618573227712,0,0
0.08354441076517105,1.009401798248291,1.5671207904815674,0.48797278913102005,0.49577962192999975,0,0
0.08614661544561386,1.0119826793670654,1.5671207904815674,0.5082307305109438,0.48685894827166526,0,0
0.08874880522489548,1.0145636796951294,1.5671207904815674,0.505084596690486,0.48129801424539886,0,0
0.0913509726524353,1.0171446800231934,1.5671207904815674,0.48871542606803675,0.49138996856853,0,0
0.09395311027765274,1.0197257995605469,1.5671207904815674,0.4949580487265796,0.5001837223503706,0,0
0.09655524045228958,1.0223067998886108,1.5671207904815674,0.4993954503439098,0.4990083915760294,0,0
0.09915734827518463,1.0248878002166748,1.5671207904815674,0.489409422674686,0.5132164981333736,0,0
0.1017594188451767,1.0274689197540283,1.5671207904815674,0.4933101480717699,0.5125277659200769,0,0
0.10436148196458817,1.0300499200820923,1.5671207904815674,0.4971247583241671,0.49838722833147303,0,0
0.10696353018283844,1.0326310396194458,1.5671207904815674,0.49850118677308936,0.49115069926158467,0,0
0.10956555604934692,1.0352121591567993,1.5671207904815674,0.4996139695956769,0.49599843028250984,0,0
0.11216756701469421,1.0377932786941528,1.5671207904815674,0.5054637258744098,0.5091705839535959,0,0
0.11476956307888031,1.0403743982315063,1.5671207904815674,0.5125858861595999,0.5162844387308422,0,0
0.11737152934074402,1.0429556369781494,1.5671207904815674,0.4954419601999335,0.5125058973155214,0,0
0.11997347325086594,1.0455368757247925,1.5671207904815674,0.5046135163388991,0.4982441766769297,0,0
0.12257540971040726,1.0481181144714355,1.5671207904815674,0.4767329149070003,0.5016379003249889,0,0
0.1251773089170456,1.0506993532180786,1.5671207904815674,0.5143489107740988,0.5242704665217879,0,0
0.12777920067310333,1.0532805919647217,1.5671207904815674,0.5109053428502665,0.49391538666492524,0,0
0.1303810477256775,1.0558618307113647,1.5671207904815674,0.4983147889086747,0.5217558438419934,0,0
0.13298289477825165,1.0584430694580078,1.5671207904815674,0.4924794090699717,0.524200697274149,0,0
0.1355847269296646,1.0610243082046509,1.5671207904815674,0.5044470821732164,0.4967817823551002,0,0
0.13818654417991638,1.0636056661605835,1.5671207904815674,0.4928971448583282,0.5066282233940456,0,0
0.14078833162784576,1.0661870241165161,1.5671207904815674,0.49033564529784185,0.4884081932980565,0,0
0.14339010417461395,1.0687683820724487,1.5671207904815674,0.5010311317804073,0.5035641850440126,0,0
0.14599189162254333,1.0713496208190918,1.5671207904815674,0.5100418505746718,0.4970619059176012,0,0
0.14859361946582794,1.0739309787750244,1.5671207904815674,0.509726179519216,0.5106120043656982,0,0
0.15119533240795135,1.0765124559402466,1.5671207904815674,0.4938644840253562,0.4857817991595926,0,0
0.15379703044891357,1.0790938138961792,1.5671207904815674,0.513181183066459,0.5020126658997244,0,0
0.1563987135887146,1.0816750526428223,1.5671207904815674,0.5222564740411678,0.48051383440255424,0,0
0.15900038182735443,1.0842564105987549,1.5671207904815674,0.4988867734152009,0.5002256589808481,0,0
0.16160200536251068,1.0868380069732666,1.5671207904815674,0.5029807633212927,0.5003526534646151,0,0
0.16420365869998932,1.0894194841384888,1.5671207904815674,0.5040980497796568,0.48494472599680755,0,0
0.16680525243282318,1.092000961303711,1.5671207904815674,0.4873443997121396,0.4904152819469714,0,0
0.16940684616565704,1.094582438468933,1.5671207904815674,0.5151470845007875,0.5221670537351526,0,0
0.1720084398984909,1.0971637964248657,1.5671207904815674,0.4948347145259389,0.5140968112436848,0,0
0.17461000382900238,1.0997453927993774,1.5671207904815674,0.483034511100467,0.4972972909429242,0,0
0.17721153795719147,1.1023268699645996,1.5671207904815674,0.4830115574289251,0.4854573484559868,0,0
0.17981304228305817,1.1049084663391113,1.5671207904815674,0.5074281984208939,0.5015091746961133,0,0
0.18241457641124725,1.107490062713623,1.5671207904815674,0.4989340104124045,0.5086127804367108,0,0
0.18501605093479156,1.1100716590881348,1.5671207904815674,0.5171473323217181,0.5228012136432514,0,0
0.18761752545833588,1.1126532554626465,1.5671207904815674,0.48760373595639844,0.49319617375976704,0,0
0.190218985080719,1.1152348518371582,1.5671207904815674,0.4866380143691717,0.507204221395585,0,0
0.19282041490077972,1.11781644821167,1.5671207904815674,0.48980745224165206,0.5219744344647939,0,0
0.19542182981967926,1.1203980445861816,1.5671207904815674,0.5063054534956871,0.5126676325065308,0,0
0.19802317023277283,1.1229796409606934,1.5671207904815674,0.5015734872900637,0.5144774960179943,0,0
0.2006245255470276,1.125561237335205,1.5671207904815674,0.499795307958369,0.4999871043361245,0,0
0.20322589576244354,1.128143072128296,1.5671207904815674,0.4930560669522483,0.49069373934736105,0,0
0.2058272510766983,1.1307247877120972,1.5671207904815674,0.5030601539024596,0.4934151116918068,0,0
0.20842860639095306,1.1333065032958984,1.5671207904815674,0.5034088922637728,0.49546295911343513,0,0
0.21102991700172424,1.1358882188796997,1.5671207904815674,0.500376205649612,0.5104459412105153,0,0
0.21363115310668945,1.138469934463501,1.5671207904815674,0.5110905126687836,0.4917080164635675,0,0
0.21623238921165466,1.1410515308380127,1.5671207904815674,0.5115407840516599,0.4967699616272615,0,0
0.21883365511894226,1.143633246421814,1.5671207904815674,0.5054180180347201,0.49526641880718364,0,0
0.22143490612506866,1.1462150812149048,1.5671207904815674,0.4943891766018307,0.5125679638950458,0,0
0.22403612732887268,1.1487969160079956,1.5671207904815674,0.5070434379530819,0.4937370804771325,0,0
0.2266373336315155,1.1513787508010864,1.5671207904815674,0.5096716921275787,0.5106977188620426,0,0
0.22923852503299713,1.1539604663848877,1.5671207904815674,0.5013772773253397,0.5179287319476336,0,0
0.23183970153331757,1.1565423011779785,1.5671207904815674,0.5160289039644949,0.4958325529163215,0,0
0.2344408631324768,1.1591240167617798,1.5671207904815674,0.5158980723053848,0.4956510187105629,0,0
0.23704200983047485,1.1617058515548706,1.5671207904815674,0.5035708865164173,0.4982457357941686,0,0
0.2396431416273117,1.1642876863479614,1.5671207904815674,0.5088116988997821,0.49736635611580954,0,0
0.24224425852298737,1.1668695211410522,1.5671207904815674,0.4942128583831871,0.4961566892602257,0,0
0.24484536051750183,1.1694515943527222,1.5671207904815674,0.5127337278397703,0.49826903075657575,0,0
0.2474464476108551,1.1720335483551025,1.5671207904815674,0.4921833349754838,0.5051311920239078,0,0
0.250047504901886,1.174615502357483,1.5671207904815674,0.48755559529751896,0.5039993468867202,0,0
0.25264856219291687,1.1771974563598633,1.5671207904815674,0.4966454605834941,0.5079187711519525,0,0
0.25524961948394775,1.1797794103622437,1.5671207904815674,0.5135200516857911,0.496101755377409,0,0
0.25785064697265625,1.182361364364624,1.5671207904815674,0.4980445712938673,0.515217827640981,0,0
0.26045167446136475,1.1849433183670044,1.5671207904815674,0.5168572479571473,0.4970743077547268,0,0
0.26305267214775085,1.1875251531600952,1.5671207904815674,0.485424435260058,0.5108060608821795,0,0
0.2656536400318146,1.1901071071624756,1.5671207904815674,0.49873648047369534,0.49148422706998685,0,0
0.2682546377182007,1.1926891803741455,1.5671207904815674,0.4981176439870129,0.49784855925276933,0,0
0.2708556056022644,1.1952711343765259,1.5671207904815674,0.4903178072680021,0.49870145887007783,0,0
0.27345654368400574,1.1978532075881958,1.5671207904815674,0.5050644696958967,0.4863039808669313,0,0
0.27605748176574707,1.2004352807998657,1.5671207904815674,0.4998833593001182,0.5149602994035513,0,0
0.2786584198474884,1.2030173540115356,1.5671207904815674,0.5035174671078643,0.5091302335801969,0,0
0.28125935792922974,1.205599308013916,1.5671207904815674,0.5070839459677092,0.5026814495811267,0,0
0.2838602662086487,1.2081815004348755,1.5671207904815674,0.4843173314614647,0.5001013521864692,0,0
0.28646111488342285,1.2107635736465454,1.5671207904815674,0.4891814430313261,0.49992848900581466,0,0
0.289061963558197,1.2133456468582153,1.5671207904815674,0.5071633362425562,0.48990714233725097,0,0
0.2916627526283264,1.2159278392791748,1.5671207904815674,0.48590670325233487,0.47883430436397456,0,0
0.2942635416984558,1.2185100317001343,1.5671207904815674,0.49642351542178653,0.501504215009342,0,0
0.2968643605709076,1.2210922241210938,1.5671207904815674,0.4999169965655458,0.49986534206974137,0,0
0.29946520924568176,1.2236744165420532,1.5671207904815674,0.47756684412200184,0.4867795032302497,0,0
0.30206596851348877,1.2262567281723022,1.5671207904815674,0.4905892960748567,0.4969212425370674,0,0
0.3046666979789734,1.2288388013839722,1.5671207904815674,0.4940642815383333,0.4942051656382588,0,0
0.3072673976421356,1.2314209938049316,1.5671207904815674,0.4846473505289472,0.4686208899850013,0,0
0.30986812710762024,1.2340031862258911,1.5671207904815674,0.5042428065211756,0.5096920374242437,0,0
0.31246888637542725,1.236585259437561,1.5671207904815674,0.5083477259592875,0.5040033419532245,0,0
0.3150695860385895,1.2391674518585205,1.5671207904815674,0.5189418806924708,0.5000694012530738,0,0
0.31767022609710693,1.241749882698059,1.5671207904815674,0.5029825566340876,0.495712240491567,0,0
0.3202708661556244,1.244332194328308,1.5671207904815674,0.4988138903961556,0.4924599958696829,0,0
0.32287153601646423,1.2469143867492676,1.5671207904815674,0.511250217284874,0.49058471002576487,0,0
0.3254721760749817,1.2494966983795166,1.5671207904815674,0.4954013242636834,0.46869343857687124,0,0
0.32807275652885437,1.2520790100097656,1.5671207904815674,0.5022582190200567,0.4979970089020354,0,0
0.33067336678504944,1.2546613216400146,1.5671207904815674,0.49441825880910845,0.5170871169002862,0,0
0.3332740068435669,1.2572435140609741,1.5671207904815674,0.5047093297775251,0.5187128571632877,0,0
0.3358745574951172,1.2598258256912231,1.5671207904815674,0.48800962991615504,0.4981960122478047,0,0
0.3384750783443451,1.2624081373214722,1.5671207904815674,0.5010149118033248,0.4884116932545285,0,0
0.34107568860054016,1.2649904489517212,1.5671207904815674,0.4839261069971849,0.506985652859921,0,0
0.3436761796474457,1.2675727605819702,1.5671207904815674,0.4867327172440247,0.5008825988468091,0,0
0.3462767004966736,1.2701553106307983,1.5671207904815674,0.48966469442780325,0.49783652827854546,0,0
0.3488772511482239,1.2727376222610474,1.5671207904815674,0.5148999322882759,0.5148149476402057,0,0
0.351477712392807,1.275320053100586,1.5671207904815674,0.7772468318724371,0.8105871114421571,0,0
0.3540782034397125,1.2779024839401245,1.5671207904815674,0.7750489955401981,0.7862165351607412,0,0
0.35667872428894043,1.280484914779663,1.5671207904815674,0.7769361829125548,0.8023742499705089,0,0
0.35927915573120117,1.2830673456192017,1.5671207904815674,0.7793966811241227,0.7986505932235125,0,0
0.3618796169757843,1.2856498956680298,1.5671207904815674,0.7731746663613766,0.7880334561304934,0,0
0.36448001861572266,1.2882323265075684,1.5671207904815674,0.771535426752193,0.8028090442732994,0,0
0.367080420255661,1.290814757347107,1.5671207904815674,0.7838643913623674,0.803344844787027,0,0
0.3696807622909546,1.2933971881866455,1.5671207904815674,0.772171497997779,0.8109825734122931,0,0
0.37228113412857056,1.2959798574447632,1.5671207904815674,0.7829157227439031,0.7776003271706429,0,0
0.37488147616386414,1.2985624074935913,1.5671207904815674,0.7778821621335472,0.8058327557305252,0,0
0.3774818480014801,1.3011449575424194,1.5671207904815674,0.7300190277843597,0.7650808135721715,0,0
0.3800821602344513,1.3037275075912476,1.5671207904815674,0.7453755490260059,0.7690739274661262,0,0
0.3826824724674225,1.3063100576400757,1.5671207904815674,0.7194955076972961,0.7642243005387684,0,0
0.38528281450271606,1.3088926076889038,1.5671207904815674,0.7363343297866198,0.7524883399098101,0,0
0.38788309693336487,1.3114750385284424,1.5671207904815674,0.7343129588474759,0.7584808092695002,0,0
0.39048337936401367,1.3140575885772705,1.5671207904815674,0.7139917903741114,0.7710989668391667,0,0
0.3930836319923401,1.3166402578353882,1.5671207904815674,0.7486216930855147,0.7598466497995927,0,0
0.39568397402763367,1.3192229270935059,1.5671207904815674,0.7270120993690892,0.7499452993338078,0,0
0.3982842266559601,1.321805477142334,1.5671207904815674,0.7483617320113751,0.7453207565767975,0,0
0.4008845388889313,1.3243881464004517,1.5671207904815674,0.7212039669847836,0.7565421998177804,0,0
0.4034847021102905,1.3269708156585693,1.5671207904815674,0.7028029362418743,0.7083220997899096,0,0
0.40608495473861694,1.329553484916687,1.5671207904815674,0.6986028316685977,0.7032057551322398,0,0
0.4086851179599762,1.3321361541748047,1.5671207904815674,0.6887110911293164,0.7276335684243165,0,0
0.41128528118133545,1.3347187042236328,1.5671207904815674,0.7072533024115409,0.7224815439331541,0,0
0.4138854146003723,1.3373013734817505,1.5671207904815674,0.7101558043869317,0.7137058280914921,0,0
0.4164855480194092,1.3398840427398682,1.5671207904815674,0.7010385707893247,0.717356953727529,0,0
0.4190857708454132,1.3424665927886963,1.5671207904815674,0.6935253679026292,0.7209234453543676,0,0
0.4216858446598053,1.3450493812561035,1.5671207904815674,0.6876318867082951,0.7228255100256226,0,0
0.42428603768348694,1.3476320505142212,1.5671207904815674,0.7174128173244995,0.7158823024958405,0,0
0.4268861413002014,1.3502147197723389,1.5671207904815674,0.6988239791376583,0.7380957616402815,0,0
0.4294862747192383,1.3527973890304565,1.5671207904815674,0.6443589566232066,0.6835449422173933,0,0
0.43208634853363037,1.3553800582885742,1.5671207904815674,0.6675676801908064,0.6796334692884094,0,0
0.4346863627433777,1.3579628467559814,1.5671207904815674,0.6751537340896718,0.6770518382526336,0,0
0.43728652596473694,1.3605456352233887,1.5671207904815674,0.6518829217661359,0.6713335169744514,0,0
0.43988656997680664,1.363128423690796,1.5671207904815674,0.6618967427543734,0.6933428995644186,0,0
0.44248664379119873,1.3657112121582031,1.5671207904815674,0.6695576242943209,0.6865413157083193,0,0
0.4450867176055908,1.3682938814163208,1.5671207904815674,0.6632242352540277,0.6769722639122089,0,0
0.44768667221069336,1.370876669883728,1.5671207904815674,0.6474727853990118,0.6925206381405559,0,0
0.4502866864204407,1.3734593391418457,1.5671207904815674,0.6651268456902617,0.6827368301756152,0,0
0.4528866708278656,1.376042127609253,1.5671207904815674,0.644549695930129,0.6847711438610546,0,0
0.4554866850376129,1.3786249160766602,1.5671207904815674,0.6299849106064617,0.6658321808608989,0,0
0.45808669924736023,1.3812077045440674,1.5671207904815674,0.6262557114652411,0.6284472660671677,0,0
0.46068665385246277,1.3837906122207642,1.5671207904815674,0.635744572155052,0.6260155735803157,0,0
0.46328654885292053,1.3863736391067505,1.5671207904815674,0.6302144496583767,0.6557182374307143,0,0
0.46588656306266785,1.3889565467834473,1.5671207904815674,0.6466051257059443,0.660594503072313,0,0
0.468486487865448,1.391539454460144,1.5671207904815674,0.6315536672455994,0.6387390800870879,0,0
0.4710863530635834,1.3941224813461304,1.5671207904815674,0.6196840725813137,0.6267699440793291,0,0
0.4736862778663635,1.3967053890228271,1.5671207904815674,0.6353844437289098,0.6622818854427484,0,0
0.4762861728668213,1.399288296699524,1.5671207904815674,0.6385018330321032,0.6393758096342954,0,0
0.47888609766960144,1.4018712043762207,1.5671207904815674,0.6309991499773505,0.6413380068789613,0,0
0.48148593306541443,1.404453992843628,1.5671207904815674,0.5874649079517466,0.6061313267802863,0,0
0.4840857982635498,1.4070369005203247,1.5671207904815674,0.5814914142657225,0.6190124539958932,0,0
0.4866856634616852,1.4096198081970215,1.5671207904815674,0.5937174514730625,0.604768961592943,0,0
0.4892854690551758,1.4122025966644287,1.5671207904815674,0.5760091339920491,0.6155883082825403,0,0
0.49188530445098877,1.414785623550415,1.5671207904815674,0.5814778463223043,0.6128567033276041,0,0
0.49448513984680176,1.4173684120178223,1.5671207904815674,0.5850416702996355,0.6192182601451915,0,0
0.49708494544029236,1.4199514389038086,1.5671207904815674,0.5843584781885194,0.6152020787312215,0,0
0.49968478083610535,1.4225343465805054,1.5671207904815674,0.6037722805965616,0.6137870415821155,0,0
0.502284586429596,1.4251174926757812,1.5671207904815674,0.5884692191743701,0.6271492779246897,0,0
0.5048843622207642,1.4277006387710571,1.5671207904815674,0.5787036551467815,0.6017817272225171,0,0
0.5074841976165771,1.4302839040756226,1.5671207904815674,0.549354159975639,0.5740591612225411,0,0
0.5100839138031006,1.4328668117523193,1.5671207904815674,0.5538275862963878,0.5775224578499399,0,0
0.5126835703849792,1.4354499578475952,1.5671207904815674,0.543925094516216,0.5685254869575498,0,0
0.5152832865715027,1.438033103942871,1.5671207904815674,0.5514623062390616,0.5607937861844382,0,0
0.5178830027580261,1.4406161308288574,1.5671207904815674,0.5676440391441788,0.5777500911144728,0,0
0.5204827785491943,1.4431990385055542,1.5671207904815674,0.5792495744690486,0.5694193507926688,0,0
0.5230824947357178,1.44578218460083,1.5671207904815674,0.5758595103500164,0.6061480245130464,0,0
0.525682270526886,1.448365330696106,1.5671207904815674,0.5419655576700062,0.5704747351928482,0,0
0.5282818675041199,1.4509484767913818,1.5671207904815674,0.5540345571993351,0.5604928174998414,0,0
0.5308815240859985,1.4535315036773682,1.5671207904815674,0.5464072313474847,0.5549208364908367,0,0
0.5334811806678772,1.456114649772644,1.5671207904815674,0.5232565535084647,0.5343648882205164,0,0
0.5360808968544006,1.4586976766586304,1.5671207904815674,0.5173504636143845,0.5449774069087179,0,0
0.5386805534362793,1.4612808227539062,1.5671207904815674,0.5311103613212329,0.5375063714121173,0,0
0.5412802696228027,1.4638638496398926,1.5671207904815674,0.5074783421039948,0.5370925967809146,0,0
0.5438798069953918,1.466447114944458,1.5671207904815674,0.5383857531956436,0.5409933610592337,0,0
0.5464794039726257,1.4690301418304443,1.5671207904815674,0.5070634607366894,0.5268108716170536,0,0
0.5490790009498596,1.4716134071350098,1.5671207904815674,0.5314062060278811,0.5327593560461984,0,0
0.5516785979270935,1.4741967916488647,1.5671207904815674,0.5148763567311921,0.544258137756247,0,0
0.5542781949043274,1.4767799377441406,1.5671207904815674,0.5372031124380534,0.5576965495269417,0,0
0.5568777918815613,1.4793630838394165,1.5671207904815674,0.5175623207178619,0.5436158455113531,0,0
0.5594773888587952,1.4819462299346924,1.5671207904815674,0.498123270902914,0.4983511258140414,0,0
0.5620769262313843,1.4845294952392578,1.5671207904815674,0.4786793648503596,0.4961801765406148,0,0
0.5646764636039734,1.4871127605438232,1.5671207904815674,0.4790447384800094,0.5211123186947119,0,0
0.5672760009765625,1.4896960258483887,1.5671207904815674,0.48446406227958255,0.4926106580319011,0,0
0.5698755383491516,1.4922794103622437,1.5671207904815674,0.4768107108555222,0.5009140712834277,0,0
0.572475016117096,1.4948625564575195,1.5671207904815674,0.48336511347509314,0.49847271170461993,0,0
0.5750744938850403,1.497445821762085,1.5671207904815674,0.48008616291326395,0.49251105124231437,0,0
0.5776738524436951,1.50002920627594,1.5671207904815674,0.4764473587686421,0.4930575064835154,0,0
0.5802732706069946,1.502612590789795,1.5671207904815674,0.4912764963270107,0.49403538860831947,0,0
0.5828726887702942,1.5051957368850708,1.5671207904815674,0.5005637464673501,0.505000117370554,0,0
0.5854724049568176,1.5077790021896362,1.567312479019165,0.445750140134258,0.48312254891865314,0,0
0.5880702137947083,1.5103613138198853,1.5678062438964844,0.44526000258425685,0.46643494563117416,0,0
0.5906606912612915,1.512939214706421,1.568658709526062,0.44453028313806675,0.4590279944937191,0,0
0.5932344198226929,1.515506386756897,1.569904088973999,0.4268809292998598,0.45387503332481954,0,0
0.5957794189453125,1.5180559158325195,1.5715440511703491,0.43862198265589364,0.45163470966345015,0,0
0.598281979560852,1.5205786228179932,1.573575496673584,0.44483929087850926,0.46198960592148614,0,0
0.6007275581359863,1.523064374923706,1.575981616973877,0.44249348570716546,0.4710562995972121,0,0
0.6031025648117065,1.5255030393600464,1.5787547826766968,0.42919323351499333,0.4742920902797243,0,0
0.6053939461708069,1.527882695198059,1.5819079875946045,0.44724171238486804,0.4564571898514881,0,0
0.6076762676239014,1.5302528142929077,1.5850740671157837,0.4260912768750226,0.4328604758071672,0,0
0.6098493337631226,1.5325396060943604,1.5884122848510742,0.4172445208185848,0.4283107552388847,0,0
0.6119043231010437,1.5347293615341187,1.5918196439743042,0.41359174844188046,0.4379764435090896,0,0
0.6138383150100708,1.5368071794509888,1.595163345336914,0.4057834356468054,0.4346348226719804,0,0
0.6156557202339172,1.5387568473815918,1.5983591079711914,0.4231126990139592,0.4146631550488649,0,0
0.6173666715621948,1.5405611991882324,1.6013259887695312,0.4068617388353376,0.4404262942257759,0,0
0.6189854741096497,1.5422019958496094,1.6040387153625488,0.4252229760252748,0.43851821028363236,0,0
0.6205292344093323,1.5436617136001587,1.6065318584442139,0.40532959930477463,0.4367030132417035,0,0
0.6220157742500305,1.5449250936508179,1.6088883876800537,0.4273350493206615,0.4313923606102917,0,0
0.6234618425369263,1.5459800958633423,1.6111890077590942,0.41485448185275764,0.4317121733049952,0,0
0.6248829960823059,1.5468190908432007,1.6134568452835083,0.42292445817201235,0.4159556519429882,0,0
0.6262935996055603,1.5474380254745483,1.6158654689788818,0.3966318250873114,0.40354001909277826,0,0
0.6277058124542236,1.5478392839431763,1.618281602859497,0.3789366509457965,0.3938591953588539,0,0
0.629128634929657,1.548030972480774,1.6207737922668457,0.3880181618237928,0.40610760354394215,0,0
0.63056880235672,1.5480258464813232,1.6235212087631226,0.39157181008454317,0.40276475740602924,0,0
0.6320300698280334,1.5478391647338867,1.626061201095581,0.4004902747548438,0.39916228059301834,0,0
0.6335110664367676,1.5474886894226074,1.6287586688995361,0.3792456175301267,0.4072667449040178,0,0
0.635006844997406,1.546994686126709,1.6316462755203247,0.3950677441231448,0.41034379056061504,0,0
0.636511504650116,1.5463804006576538,1.6348177194595337,0.3715798641328693,0.4029567370380894,0,0
0.6380196809768677,1.5456691980361938,1.6382441520690918,0.37395644986726234,0.4009510097113889,0,0
0.6395263671875,1.5448857545852661,1.6416888236999512,0.39514247967238025,0.39627049459819474,1,1
0.641025185585022,1.5440503358840942,1.6451219320297241,0.3936452115568184,0.3846026748730098,0,0
0.642507791519165,1.5431822538375854,1.648493766784668,0.3729231395965862,0.3839342334099455,0,0
0.6439651250839233,1.5422983169555664,1.6517630815505981,0.3852298589678808,0.39185485658398334,0,0
0.6453880071640015,1.541412591934204,1.6550853252410889,0.39717218393322573,0.4025288250241882,0,0
0.6467674374580383,1.5405372381210327,1.6583542823791504,0.38265281517645383,0.39213889428592186,0,0
0.6480944752693176,1.539682388305664,1.6614853143692017,0.37514290273536643,0.3822045920036089,0,0
0.649359941482544,1.538854718208313,1.6644771099090576,0.371642066964506,0.3860035525763398,0,0
0.6505545377731323,1.5380584001541138,1.6675314903259277,0.3707302603234636,0.4002213651707328,0,0
0.6516702771186829,1.537294864654541,1.6705808639526367,0.38154739635093365,0.3986471938810388,0,0
0.6527007818222046,1.5365630388259888,1.6735585927963257,0.3857363940982481,0.3953834472010005,0,0
0.6536417603492737,1.5358599424362183,1.6764483451843262,0.38428345741691755,0.39279600858603275,0,0
0.6544906497001648,1.5351815223693848,1.679240107536316,0.39572847741546646,0.388226216092336,0,0
0.6552469730377197,1.5345232486724854,1.6819214820861816,0.3679663983371036,0.39859043069997124,0,0
0.6559123992919922,1.5338802337646484,1.684488296508789,0.3587146663683603,0.3796766081817739,0,0
0.6564900279045105,1.533247709274292,1.6869370937347412,0.3883536221231253,0.3873270457818723,0,0
0.6569837927818298,1.5326210260391235,1.689277172088623,0.38636732220334125,0.3935624433788399,0,0
0.6573979258537292,1.5319969654083252,1.6915154457092285,0.38837990743577094,0.37935054342371805,0,0
0.6577361226081848,1.531373143196106,1.6936662197113037,0.37141053108058664,0.39525924540904483,0,0
0.6580017805099487,1.530747413635254,1.69573175907135,0.3743291959459757,0.3900353916271947,0,0
0.658198356628418,1.530118465423584,1.6977075338363647,0.36074355851346485,0.3835474918271996,0,0
0.6583296060562134,1.5294852256774902,1.699591040611267,0.38901335795256026,0.37585809572957035,0,0
0.6584001779556274,1.5288472175598145,1.701377272605896,0.3945683803887771,0.389350195887436,0,0
0.6584151983261108,1.528204321861267,1.7028708457946777,0.4062334787602198,0.36925989640118595,0,0
0.6583805084228516,1.5275574922561646,1.704174280166626,0.3954654760040165,0.38232413536602855,0,0
0.6583013534545898,1.5269079208374023,1.7053518295288086,0.39480849352611486,0.3818407616685388,0,0
0.6581825017929077,1.526256799697876,1.7064496278762817,0.3931259071537317,0.3827980826904995,0,0
0.6580280065536499,1.5256037712097168,1.7074750661849976,0.37453356828740436,0.38386040585519554,0,0
0.6578417420387268,1.5249484777450562,1.7084345817565918,0.3955444007085246,0.3740408965133219,0,0
0.6576270461082458,1.5242908000946045,1.7093411684036255,0.36420333718725706,0.39456601428825316,0,0
0.6573865413665771,1.5236300230026245,1.7102090120315552,0.38268255708499266,0.39134642035442935,0,0
0.6571223139762878,1.5229666233062744,1.711036205291748,0.39229027041484077,0.39778876107936273,0,0
0.656835675239563,1.5223006010055542,1.7116328477859497,0.4007830814639815,0.39147860075434415,0,0
0.656528115272522,1.521633505821228,1.7120884656906128,0.3817246623277594,0.39105997434679335,0,0
0.6562011241912842,1.520965337753296,1.7124556303024292,0.3710828386551256,0.39224730315038003,0,0
0.6558564901351929,1.5202981233596802,1.7127594947814941,0.38646165493878193,0.3808905831639099,0,0
0.65549635887146,1.5196315050125122,1.712827444076538,0.40336418236430666,0.3863341015298108,0,0
0.6551225185394287,1.518967628479004,1.712762475013733,0.3976742609735722,0.37924486745412955,0,0
0.6547368764877319,1.5183069705963135,1.7124303579330444,0.4004938639591714,0.39591704477565604,0,0
0.6543409824371338,1.5176517963409424,1.7119567394256592,0.39219717507473123,0.38377774432753364,0,0
0.6539366245269775,1.5170025825500488,1.7114087343215942,0.37596481175733765,0.3832561366229883,1,1
0.6535250544548035,1.5163600444793701,1.7108272314071655,0.4044038235665347,0.4053321637038096,0,0
0.6531098484992981,1.5157240629196167,1.7102469205856323,0.4011729845634646,0.410097469631337,0,0
0.6526976823806763,1.5150907039642334,1.7096501588821411,0.4059672358506061,0.40456255893039555,0,0
0.6522984504699707,1.514454960823059,1.7088344097137451,0.4000882133815889,0.39808422288544537,0,0
0.6519225239753723,1.5138107538223267,1.7079468965530396,0.4165430022631886,0.4029785457566179,0,0
0.6515823602676392,1.5131525993347168,1.7070376873016357,0.38970835582571484,0.3952671366194445,0,0
0.6512897610664368,1.512477993965149,1.7059335708618164,0.4114055979859946,0.3909591223576489,0,0
0.6510544419288635,1.5117865800857544,1.7049169540405273,0.3911852446753596,0.4022456384047384,0,0
0.6508830785751343,1.5110807418823242,1.704186201095581,0.38280025658568667,0.4123002862683378,0,0
0.6507787704467773,1.5103633403778076,1.7038182020187378,0.3927776981431816,0.4038890778304627,0,0
0.6507404446601868,1.5096399784088135,1.7036643028259277,0.41323237396490287,0.41062438534889223,0,0
0.6507675051689148,1.508914828300476,1.7036292552947998,0.4124679213931831,0.4140610276362584,0,0
0.6508604884147644,1.5081907510757446,1.7038599252700806,0.39272037334980153,0.4077288626431534,0,0
0.6510189771652222,1.5074689388275146,1.7042269706726074,0.41400789904689766,0.40390593709801986,0,0
0.6512433290481567,1.5067499876022339,1.70466148853302,0.41068401087792944,0.4133384729947224,0,0
0.6515352725982666,1.5060317516326904,1.7051212787628174,0.4053849879645462,0.41514967895656,0,0
0.6518980860710144,1.5053095817565918,1.705586552619934,0.40913550847959895,0.41427705168459034,0,0
0.6523362994194031,1.5045775175094604,1.706047773361206,0.4226269813351152,0.400361359880723,0,0
0.6528558731079102,1.5038293600082397,1.7065149545669556,0.40981383536211663,0.4073601740246692,0,0
0.6534642577171326,1.503057837486267,1.7071728706359863,0.39559557581024996,0.4148005400977231,0,0
0.6541668176651001,1.5022578239440918,1.7079333066940308,0.42155494525162757,0.40276017671756875,0,0
0.6549669504165649,1.5014249086380005,1.7087398767471313,0.4179187556488482,0.4152096900044278,0,0
0.655866265296936,1.5005532503128052,1.709558367729187,0.4128443955953895,0.4080904638882499,0,0
0.6568650603294373,1.4996395111083984,1.7103495597839355,0.4030997995776139,0.40250917094742794,0,0
0.6579629182815552,1.49867844581604,1.7111228704452515,0.41540414909796775,0.4144402150355229,0,0
0.6591593027114868,1.497667670249939,1.7116996049880981,0.4203008293905727,0.3909989080111299,0,0
0.6604510545730591,1.4966052770614624,1.711965799331665,0.4161660394861666,0.3980115225415415,0,0
0.6618310809135437,1.4954913854599,1.7120474576950073,0.3991144109068708,0.38909131359003607,0,0
0.6632876992225647,1.494329810142517,1.7120416164398193,0.41037721204999955,0.4056563956709225,0,0
0.6648099422454834,1.4931235313415527,1.7118117809295654,0.4088032444003861,0.39119264900275036,0,0
0.666384220123291,1.4918800592422485,1.7112153768539429,0.41030264207499734,0.3946034100693969,0,0
0.6679941415786743,1.4906035661697388,1.7106114625930786,0.39980368311846354,0.4051505378621671,0,0
0.6696245670318604,1.4893008470535278,1.7099237442016602,0.4213989825550277,0.4148498616558644,0,0
0.671262800693512,1.4879766702651978,1.708947777748108,0.4097311770681839,0.39291631584103526,0,0
0.6728968620300293,1.4866371154785156,1.7079148292541504,0.4146167200712232,0.41727590410896503,0,0
0.6745171546936035,1.4852890968322754,1.7067723274230957,0.4303892890781632,0.42457928751415946,0,0
0.6761178970336914,1.4839369058609009,1.7056704759597778,0.4171526830113166,0.41137080396067965,0,0
0.6776978969573975,1.4825818538665771,1.7045856714248657,0.40102037023023185,0.4159740247396242,0,0
0.6792599558830261,1.4812231063842773,1.703730583190918,0.3948134145646543,0.4190822832052104,0,0
0.6808078289031982,1.4798604249954224,1.7030222415924072,0.4022415410823528,0.41131472105204403,1,1
0.6823466420173645,1.4784929752349854,1.7024047374725342,0.4084010371710231,0.42947336014799686,0,0
0.6838822960853577,1.4771194458007812,1.7018283605575562,0.4229547892532347,0.40620055013856265,0,0
0.685421347618103,1.4757369756698608,1.7014461755752563,0.3914478544382071,0.4226544362531558,0,0
0.6869685649871826,1.4743441343307495,1.7013945579528809,0.3981663677682074,0.4144585339466642,0,0
0.6885263323783875,1.4729424715042114,1.701534390449524,0.4202368853188763,0.40197269251607504,0,0
0.6900960803031921,1.4715330600738525,1.7017779350280762,0.41362623597334064,0.40120990957904334,0,0
0.6916795969009399,1.4701169729232788,1.7018823623657227,0.41986375322599134,0.3990430174341869,0,0
0.6932766437530518,1.4686956405639648,1.701906681060791,0.4184200823221471,0.414988165311988,0,0
0.6948867440223694,1.4672706127166748,1.7018870115280151,0.42871561330801067,0.40524352732706187,0,0
0.6965104341506958,1.4658421277999878,1.7018367052078247,0.4115836095136968,0.40483460189048776,0,0
0.6981494426727295,1.4644097089767456,1.7017700672149658,0.4180808985877758,0.42812110919398483,0,0
0.6998068690299988,1.4629706144332886,1.7017003297805786,0.4046692544759697,0.40774270227905224,0,0
0.7014864683151245,1.4615228176116943,1.7016228437423706,0.422009644259104,0.40344354207676125,0,0
0.7031931281089783,1.460062861442566,1.7015410661697388,0.4094764958886254,0.406140514431122,0,0
0.7049315571784973,1.4585857391357422,1.7014639377593994,0.4211054037341177,0.40986658589276864,0,0
0.7067065238952637,1.457086205482483,1.7013932466506958,0.40867671960139806,0.4009156221845841,0,0
0.7085217833518982,1.4555606842041016,1.701323390007019,0.4218074518886635,0.4176097136313933,0,0
0.7103806138038635,1.4540058374404907,1.701242446899414,0.41041692961980236,0.40817138090784705,0,0
0.7122862935066223,1.4524197578430176,1.7011452913284302,0.41316674555724825,0.42171967805324156,0,0
0.7142417430877686,1.4508010149002075,1.7010458707809448,0.40045534851149495,0.4278232160548706,0,0
0.7162494659423828,1.4491482973098755,1.7009528875350952,0.4156228767578629,0.4216854407343496,0,0
0.7183110117912292,1.4474607706069946,1.7010750770568848,0.39729264878349246,0.4248086752868139,0,0
0.7204248905181885,1.4457401037216187,1.7013133764266968,0.415442917099879,0.41660248396656596,0,0
0.7225884795188904,1.4439893960952759,1.7016117572784424,0.4227973584437244,0.4099272192435394,0,0
0.7247981429100037,1.4422123432159424,1.7019397020339966,0.4186358692103861,0.4175937905904958,0,0
0.7270495891571045,1.4404118061065674,1.7022837400436401,0.41529069793581613,0.4233359583365907,0,0
0.7293382287025452,1.4385899305343628,1.7026233673095703,0.41413292607009405,0.40150028723990844,0,0
0.7316601276397705,1.4367485046386719,1.7029461860656738,0.4144979201973742,0.409305642919413,0,0
0.734011709690094,1.4348878860473633,1.703270435333252,0.4180253114572612,0.40701959009280936,0,0
0.7363914251327515,1.4330089092254639,1.7036049365997314,0.4183576130104542,0.42235764758180283,0,0
0.7387976050376892,1.4311124086380005,1.7039381265640259,0.4284546660770842,0.4097781627926201,0,0
0.7412296533584595,1.4291986227035522,1.704256296157837,0.4127636983964725,0.40808397360685766,0,0
0.743687093257904,1.4272685050964355,1.704559326171875,0.4067600585753299,0.4312323616356547,0,0
0.7461695671081543,1.4253216981887817,1.7048486471176147,0.42638741402444846,0.40669319504837464,0,0
0.7486768960952759,1.423358678817749,1.7051258087158203,0.4132405148600391,0.4204835022427162,0,0
0.7512087821960449,1.4213794469833374,1.7053909301757812,0.40016265462208167,0.4314417655190995,0,0
0.7537647485733032,1.4193843603134155,1.7056437730789185,0.41312888493656513,0.4139702121960568,0,0
0.7563446164131165,1.4173738956451416,1.70589017868042,0.4121615317225306,0.41012972468145636,0,0
0.7589479684829712,1.4153481721878052,1.7063226699829102,0.39596356607714217,0.42007838386882745,0,0
0.7615721821784973,1.413310170173645,1.7068548202514648,0.4111836189875704,0.4092083813606228,1,1
0.7642141580581665,1.411263108253479,1.707434892654419,0.4131220501162975,0.4142636821263349,0,0
0.766869306564331,1.4092103242874146,1.708055019378662,0.41506367939601563,0.4083873090573441,0,0
0.7695332169532776,1.4071546792984009,1.708856463432312,0.39168273148779964,0.4116490023487229,0,0
0.7722007036209106,1.4051003456115723,1.7097545862197876,0.4259118454360397,0.4335246859543575,0,0
0.7748662829399109,1.4030506610870361,1.7106680870056152,0.4162073259184504,0.41505973928232415,0,0
0.7775263786315918,1.4010084867477417,1.7115386724472046,0.42266118691507115,0.4175155555032839,0,0
0.7801783084869385,1.3989754915237427,1.7124484777450562,0.42007719262627236,0.4237010090779951,0,0
0.782821536064148,1.3969519138336182,1.7135374546051025,0.39701248490041163,0.41358409026471155,0,0
0.7854536771774292,1.3949395418167114,1.7147034406661987,0.4255147271570607,0.42109113754133665,0,0
0.7880731821060181,1.392940640449524,1.7159030437469482,0.4184500762707423,0.41308060364254656,0,0
0.7906787395477295,1.3909567594528198,1.717068076133728,0.42462997649651835,0.42734709055130937,0,0
0.7932703495025635,1.3889890909194946,1.718205451965332,0.4322464537430223,0.4219064123368307,0,0
0.7958491444587708,1.387037754058838,1.7193093299865723,0.415820546164932,0.41495397583923654,0,0
0.7984172105789185,1.385101556777954,1.7203705310821533,0.4107941490636666,0.42050248396277756,0,0
0.8009771108627319,1.3831788301467896,1.721394419670105,0.4235256243341704,0.42278185164260074,0,0
0.8035323619842529,1.3812675476074219,1.7223786115646362,0.4078049947865198,0.42302224995766824,0,0
0.8060866594314575,1.3793652057647705,1.7233089208602905,0.4260788747017428,0.411395823395222,0,0
0.8086438179016113,1.3774679899215698,1.7241697311401367,0.42624136466702056,0.414183858561677,0,0
0.8112082481384277,1.3755714893341064,1.7249479293823242,0.41596240034901494,0.4034744023319297,0,0
0.8137842416763306,1.3736717700958252,1.725670576095581,0.41460539328031154,0.4215935241077335,0,0
0.8163747191429138,1.37176513671875,1.7263787984848022,0.42797952339316514,0.404057021160022,0,0
0.8189817667007446,1.3698489665985107,1.7270874977111816,0.41679568949375173,0.4080193666631745,0,0
0.8216061592102051,1.3679213523864746,1.7277740240097046,0.4130969446093193,0.40345032668230135,0,0
0.8242482542991638,1.365980625152588,1.7284332513809204,0.4124759419522988,0.41383253126729336,0,0
0.8269082903862,1.364026427268982,1.7290654182434082,0.41563398530127355,0.4141081408996578,0,0
0.8295862674713135,1.362058162689209,1.7296706438064575,0.4167227142638313,0.4221937096791275,0,0
0.8322821855545044,1.36007559299469,1.7304470539093018,0.3846383599954412,0.41896042918034265,0,0
0.8349940180778503,1.3580811023712158,1.731305480003357,0.41427040809210297,0.40333470174084257,0,0
0.8377189636230469,1.3560782670974731,1.7319904565811157,0.4142318128440532,0.38851675283171766,0,0
0.8404518961906433,1.3540706634521484,1.7325834035873413,0.4037472416011396,0.41390103625123464,0,0
0.8431874513626099,1.3520629405975342,1.7331345081329346,0.4399312846767354,0.40531684227255843,0,0
0.8459213972091675,1.3500585556030273,1.7334436178207397,0.428764841094746,0.398292410095666,0,0
0.848646879196167,1.3480621576309204,1.7335940599441528,0.41334196911773974,0.40464175822598103,0,0
0.8513566255569458,1.3460772037506104,1.733636498451233,0.4260535276326191,0.40558593286364764,0,0
0.8540442585945129,1.3441051244735718,1.7336225509643555,0.4008686430097694,0.4099109298499194,0,0
0.8567056059837341,1.3421465158462524,1.7335879802703857,0.41479398880635626,0.4172128568377034,0,0
0.8593389391899109,1.3402005434036255,1.7335553169250488,0.4085852095514243,0.41717731608354325,0,0
0.8619452118873596,1.3382656574249268,1.7335149049758911,0.4165653667791106,0.41392459858197506,0,0
0.8645273447036743,1.3363401889801025,1.733461618423462,0.40897604113669406,0.40381538361994795,0,0
0.8670890927314758,1.3344213962554932,1.733405590057373,0.4139210811078505,0.4026707035707291,1,1
0.8696355223655701,1.3325068950653076,1.733349323272705,0.40565308858336335,0.41368347654757,0,0
0.8721728324890137,1.3305948972702026,1.733099341392517,0.40530183846518153,0.3981580889203554,0,0
0.87470543384552,1.3286858797073364,1.7325489521026611,0.4197602400309319,0.3959913320851977,0,0
0.8772333264350891,1.3267821073532104,1.7318356037139893,0.41531357158728377,0.41702446294168904,0,0
0.8797547221183777,1.3248857259750366,1.7310426235198975,0.4008690526240153,0.42337272736649767,0,0
0.8822672963142395,1.3229994773864746,1.7302141189575195,0.42349805289657566,0.4018972580207271,0,0
0.8847689032554626,1.3211238384246826,1.7293745279312134,0.40666163121557775,0.41808031519627387,0,0
0.8872583508491516,1.3192589282989502,1.7285454273223877,0.418815770918403,0.4147762710406993,0,0
0.8897368907928467,1.31740403175354,1.7277437448501587,0.44714355332651695,0.42550127755772454,0,0
0.8922023773193359,1.3155568838119507,1.726975679397583,0.4110848917126861,0.42099461574799296,0,0
0.8946480751037598,1.3137129545211792,1.7262409925460815,0.4076902599548607,0.4202448786471398,0,0
0.8970629572868347,1.3118672370910645,1.7255102396011353,0.4058505570926795,0.40458094614179196,0,0
0.8994311690330505,1.3100144863128662,1.724774956703186,0.40887588081093496,0.41216027799794636,0,0
0.9017329812049866,1.3081495761871338,1.7240933179855347,0.427543142375552,0.39324505504449764,0,0
0.9039446115493774,1.3062665462493896,1.723550796508789,0.39480225269292435,0.39097966845962034,0,0
0.9060413241386414,1.3043577671051025,1.7231858968734741,0.42428224053471436,0.42358600213060044,0,0
0.9079996347427368,1.3024154901504517,1.7229379415512085,0.4144760804939804,0.4191316126211628,0,0
0.9097999334335327,1.3004333972930908,1.72270667552948,0.4074831176451947,0.40597610376141563,0,0
0.9114277362823486,1.2984058856964111,1.7224137783050537,0.42641069773903917,0.40078667388505873,0,0
0.912872314453125,1.2963289022445679,1.7220162153244019,0.4067616803646616,0.4107202932727583,0,0
0.9141244888305664,1.2941997051239014,1.721544623374939,0.4044741782490288,0.4176852296533645,0,0
0.9151784777641296,1.2920176982879639,1.7210807800292969,0.4133985796418557,0.4073258682807922,0,0
0.9160308241844177,1.2897844314575195,1.720666766166687,0.41123040506268393,0.41097972421247614,0,0
0.9166814684867859,1.2875010967254639,1.7202694416046143,0.4275521324418247,0.4224237526849105,0,0
0.917133092880249,1.2851694822311401,1.7198879718780518,0.4205969551768989,0.4311790682109019,0,0
0.9173904657363892,1.2827926874160767,1.7195500135421753,0.4362037880976388,0.4225892975072016,0,0
0.917461097240448,1.2803741693496704,1.7192575931549072,0.4312267297841219,0.4218379028809408,0,0
0.9173530340194702,1.2779170274734497,1.718991994857788,0.4005677615893727,0.43468651441036876,0,0
0.9170756340026855,1.275423288345337,1.7187321186065674,0.41398052164450694,0.42451067120652525,0,0
0.9166390299797058,1.2728931903839111,1.7184858322143555,0.4072162827613285,0.41462911942335895,0,0
0.9160541892051697,1.2703258991241455,1.718252420425415,0.4408565063932383,0.4462054239746645,0,0
0.9153317809104919,1.267721176147461,1.7180089950561523,0.4296501870721953,0.44979273759500454,0,0
0.914482057094574,1.2650809288024902,1.7177584171295166,0.4353027804958953,0.4163486943646737,0,0
0.9135154485702515,1.2624096870422363,1.7175465822219849,0.42215510849950144,0.42767593504654744,0,0
0.912441611289978,1.2597119808197021,1.7173811197280884,0.4300168809364012,0.4172845417075318,0,0
0.9112690091133118,1.2569923400878906,1.7172273397445679,0.41666950831027305,0.4328433575513551,0,0
0.9100048542022705,1.2542530298233032,1.7170469760894775,0.4424992532955049,0.42794341372556627,0,0
0.908656656742096,1.251495361328125,1.716841220855713,0.4365762287149344,0.43020934890625073,0,0
0.907231867313385,1.248719334602356,1.7166290283203125,0.45684801709379713,0.4397245168558146,0,0
0.9057372808456421,1.2459250688552856,1.7164216041564941,0.4286175582256498,0.43793523386497185,0,0
0.9041796922683716,1.2431139945983887,1.7162331342697144,0.46904496976027954,0.4664123728125643,0,0
0.9025648832321167,1.2402887344360352,1.716088056564331,0.46232203903181823,0.4427068554874906,0,0
0.9008985757827759,1.2374517917633057,1.7159761190414429,0.4550972342622484,0.46076800375703497,0,0
0.8991851210594177,1.2346054315567017,1.7158650159835815,0.4692001918519883,0.4475445834154871,0,0
0.897428035736084,1.231750726699829,1.7157258987426758,0.4612852455612697,0.47419313199018953,0,0
0.895630955696106,1.228888750076294,1.7155619859695435,0.4619373438813516,0.47856142462631207,0,0
0.8937972784042358,1.226019263267517,1.715394139289856,0.45696013917733724,0.4833487336768532,0,0
0.8919301629066467,1.223142385482788,1.7152327299118042,0.45818847864881285,0.47371646439150866,0,0
0.8900328874588013,1.2202589511871338,1.7150912284851074,0.466771510370311,0.46545088873884993,0,0
0.8881081342697144,1.217369794845581,1.7149791717529297,0.4657536666722915,0.47058731893677824,0,0
0.8861587047576904,1.2144759893417358,1.7148858308792114,0.487094281052351,0.493485802367243,0,0
0.8841868042945862,1.211578607559204,1.7147927284240723,0.47933351800897384,0.5195750370095795,0,0
0.8821940422058105,1.208678126335144,1.7146836519241333,0.49622365576307603,0.4906566356016056,0,0
0.8801822662353516,1.2057747840881348,1.7145638465881348,0.49957981592027173,0.49817475564699165,0,0
0.8781530857086182,1.2028682231903076,1.7144432067871094,0.49004497391443985,0.4998381054954382,0,0
0.8761080503463745,1.1999586820602417,1.714329481124878,0.47909770968315474,0.48965231552659894,0,0
0.8740483522415161,1.197046160697937,1.7142252922058105,0.49981380836338,0.4993894110264133,0,0
0.8719755411148071,1.1941312551498413,1.7141358852386475,0.48770893468265675,0.5043847243933312,0,0
0.8698909282684326,1.1912144422531128,1.7140589952468872,0.475700912470405,0.4928679304931524,0,0
0.8677957057952881,1.1882959604263306,1.7139838933944702,0.4868084318069121,0.4876117631809859,0,0
0.8656908273696899,1.1853762865066528,1.7139009237289429,0.5278600996573138,0.5311651259120036,0,0
0.8635769486427307,1.182455062866211,1.713815450668335,0.5219215419155037,0.5370219168043504,0,0
0.8614548444747925,1.179532527923584,1.7137317657470703,0.5460128656134502,0.5326839665952933,0,0
0.8593254685401917,1.176608681678772,1.7136542797088623,0.5220709209310853,0.517228329721419,0,0
0.8571889996528625,1.1736834049224854,1.713581919670105,0.532669805944235,0.5338179838131202,0,0
0.8550465703010559,1.1707572937011719,1.713517427444458,0.5298686786204135,0.5276939182453922,0,0
0.8528984189033508,1.167830228805542,1.713460087776184,0.5257231811715364,0.5143369263779375,0,0
0.8507453799247742,1.1649023294448853,1.7134026288986206,0.536976938951868,0.5433322806305413,0,0
0.8485880494117737,1.1619740724563599,1.7133443355560303,0.5303072266383303,0.5620042821457102,0,0
0.8464265465736389,1.1590452194213867,1.713283658027649,0.5259465381292042,0.5360031913048693,0,0
0.844261109828949,1.1561156511306763,1.7132256031036377,0.5790021954615111,0.5755472880125326,0,0
0.8420923948287964,1.1531856060028076,1.7131699323654175,0.5547549509751374,0.5687620810771583,0,0
0.8399205207824707,1.1502549648284912,1.7131198644638062,0.5601515522340108,0.579785356613499,0,0
0.8377457857131958,1.1473239660263062,1.7130711078643799,0.5613307481635801,0.5559028442499043,0,0
0.8355685472488403,1.144392728805542,1.7130272388458252,0.579669277598082,0.5517343899845993,0,0
0.8333892226219177,1.1414612531661987,1.7129836082458496,0.5746151565615254,0.5700928379103137,0,0
0.831207811832428,1.138529658317566,1.7129417657852173,0.5532011728747318,0.5762228841847128,0,0
0.829024612903595,1.135597825050354,1.7129008769989014,0.563872160659217,0.5571697731336799,0,0
0.8268397450447083,1.132665753364563,1.7128608226776123,0.573086220602354,0.5472643673631211,0,0
0.8246532678604126,1.1297335624694824,1.712822675704956,0.5709127360251525,0.5623767670065428,0,0
0.8224653601646423,1.1268012523651123,1.7127898931503296,0.5965331181883896,0.5946806695500754,0,0
0.8202763795852661,1.123868703842163,1.7127573490142822,0.604813180471883,0.605868040921154,0,0
0.8180863857269287,1.1209361553192139,1.7127282619476318,0.6037748894369244,0.5912640704655299,0,0
0.8158951997756958,1.118003487586975,1.7127001285552979,0.589964184922202,0.6001080204043467,0,0
0.8137031197547913,1.1150707006454468,1.7126702070236206,0.6105524509302833,0.6120043544484897,0,0
0.8115103840827942,1.1121381521224976,1.7126446962356567,0.6027373274178879,0.5945229888592172,0,0
0.8093168139457703,1.1092052459716797,1.7126191854476929,0.591030473337737,0.606359851353775,0,0
0.8071225881576538,1.106272578239441,1.7125933170318604,0.5851394901438077,0.6033048556886189,0,0
0.8049276471138,1.103339672088623,1.7125688791275024,0.6003036122930644,0.6027804732317777,0,0
0.8027321100234985,1.1004070043563843,1.7125440835952759,0.5978496154185233,0.6010076890800329,0,0
0.8005362153053284,1.097474217414856,1.7125239372253418,0.635395958638754,0.629899407304331,0,0
0.7983399033546448,1.0945414304733276,1.7125036716461182,0.6483730717625876,0.6151563626542604,0,0
0.796143114566803,1.0916086435317993,1.7124860286712646,0.6167299975093667,0.6262703962952748,0,0
0.7939459681510925,1.088675856590271,1.7124682664871216,0.6242318394463322,0.6367955924869249,0,0
0.7917483448982239,1.0857433080673218,1.7124507427215576,0.6384122073565202,0.6533068819787878,0,0
0.7895504832267761,1.082810640335083,1.7124333381652832,0.6464187849054939,0.6414661773995592,0,0
0.7873523831367493,1.0798778533935547,1.7124172449111938,0.6428088547363054,0.6599505784564567,0,0
0.7851540446281433,1.0769453048706055,1.712401270866394,0.6258735456033101,0.6618359791961312,0,0
0.7829555869102478,1.0740127563476562,1.7123910188674927,0.6291405891903481,0.6324392128727931,0,0
0.7807567119598389,1.071080207824707,1.7123801708221436,0.6365607181204578,0.6440865749987478,0,0
0.7785577178001404,1.0681475400924683,1.7123680114746094,0.6691723959858585,0.6598675792831307,0,0
0.7763587236404419,1.0652152299880981,1.7123557329177856,0.6864074136700105,0.6696879129143012,0,0
0.7741594314575195,1.062282681465149,1.7123433351516724,0.6884389929357396,0.6770786006471335,0,0
0.7719599008560181,1.0593501329421997,1.712330937385559,0.6817224219398975,0.6827674251424204,0,0
0.7697604298591614,1.05641770362854,1.7123185396194458,0.682511085079746,0.6830764132932668,0,0
0.7675607800483704,1.0534855127334595,1.712306261062622,0.6753655032767472,0.7064079772296418,0,0
0.7653611302375793,1.050553321838379,1.7123010158538818,0.6889493733227595,0.6955259833547677,0,0
0.763161301612854,1.0476211309432983,1.712295651435852,0.6885168168021666,0.6865792969091544,0,0
0.7609615325927734,1.0446888208389282,1.712290644645691,0.6852266759503872,0.685046063511035,0,0
0.7587615251541138,1.0417567491531372,1.712285041809082,0.6856184897864656,0.6929596950714482,0,0
0.7565614581108093,1.0388247966766357,1.712280035018921,0.706383012842665,0.7223247023149354,0,0
0.7543612122535706,1.0358926057815552,1.7122745513916016,0.7092939310233761,0.706818786905563,0,0
0.7521611452102661,1.0329606533050537,1.7122690677642822,0.705431673013403,0.6962473822933648,0,0
0.7499608397483826,1.0300287008285522,1.712264060974121,0.7293497627020957,0.7212372475169807,0,0
0.747760534286499,1.0270967483520508,1.7122589349746704,0.7158100691027508,0.7096928544741729,0,0
0.7455602288246155,1.0241649150848389,1.7122535705566406,0.6958591406689769,0.7127802841902979,0,0
0.7433598041534424,1.0212332010269165,1.7122483253479004,0.7113103791761598,0.7013831570307023,0,0
0.7411593198776245,1.0183014869689941,1.7122429609298706,0.7105755550582029,0.7093899857996302,0,0
0.7389588952064514,1.0153697729110718,1.7122375965118408,0.7077779968615234,0.701787544592238,0,0
0.736758291721344,1.0124380588531494,1.7122323513031006,0.7187959874887345,0.7214049680554872,0,0
0.7345577478408813,1.009506344795227,1.7122323513031006,0.7616056746398125,0.7414497404147943,0,0
0.7323572635650635,1.0065747499465942,1.7122323513031006,0.7447076110243274,0.7238787706104233,0,0
0.730156660079956,1.0036430358886719,1.7122323513031006,0.7431905095292481,0.744813098974309,0,0
0.7279561161994934,1.000711441040039,1.7122323513031006,0.7588334224361732,0.7497927464880904,0,0
0.725755512714386,0.9977799654006958,1.7122323513031006,0.7366349743803212,0.7373573822430901,0,0
0.7235548496246338,0.994848370552063,1.7122323513031006,0.744574415387101,0.7488715084792222,0,0
0.721354067325592,0.9919168949127197,1.7122323513031006,0.7439509380239191,0.7438784680236019,0,0
0.7191534042358398,0.9889853596687317,1.7122323513031006,0.7564336486776403,0.7407331618484181,0,0
0.7169526219367981,0.9860539436340332,1.7122323513031006,0.7326919449756116,0.7388702417925233,0,0
0.7147519588470459,0.9831224679946899,1.7122323513031006,0.7415516064482015,0.7698750707069337,0,0
0.7125511169433594,0.9801910519599915,1.7122323513031006,0.7895678427416214,0.7652140259584161,0,0
0.7103503346443176,0.9772598147392273,1.7122323513031006,0.7776537758071594,0.7942755095525996,0,0
0.7081495523452759,0.9743285179138184,1.7122323513031006,0.7844938132158756,0.7813082469556174,0,0
0.7059486508369446,0.9713971614837646,1.7122323513031006,0.787763984859581,0.7745326954823719,0,0
0.7037477493286133,0.9684658050537109,1.7122323513031006,0.7857670029068905,0.8103238994846885,0,0
0.7015469074249268,0.965534508228302,1.7122323513031006,0.7715250832201652,0.7801133237088921,0,0
0.6993459463119507,0.9626033306121826,1.7122323513031006,0.7876344576454756,0.7737658905855587,0,0
0.6971449851989746,0.9596720933914185,1.7122323513031006,0.7809468704632986,0.7775093334790024,0,0
0.6949440240859985,0.9567408561706543,1.7122323513031006,0.7924134610393337,0.7995023926448563,0,0
0.6927430033683777,0.9538096785545349,1.7122323513031006,0.7673144046747868,0.7935875954363747,0,0
0.6905419826507568,0.9508785009384155,1.7122323513031006,0.49593944376550836,0.4734150411692647,0,0
0.6883409023284912,0.9479474425315857,1.7122323513031006,0.5152935488329431,0.5030171373818075,0,0
0.6861398220062256,0.9450162649154663,1.7122323513031006,0.4968544384680993,0.49723522976119333,0,0
0.68393874168396,0.9420852661132812,1.7122323513031006,0.500581726889,0.521948583237353,0,0
0.6817375421524048,0.9391542673110962,1.7122323513031006,0.5082415287114553,0.5054340689672958,0,0
0.6795364022254944,0.9362232089042664,1.7122323513031006,0.4742033938155856,0.5131097933403271,0,0
0.677335262298584,0.9332922697067261,1.7122323513031006,0.4807186218932034,0.5012296027621252,0,0
0.6751340627670288,0.9303613305091858,1.7122323513031006,0.4960562367859957,0.5159030108257927,0,0
0.6729328632354736,0.9274304509162903,1.7122323513031006,0.5027590452987557,0.5006003306255588,0,0
0.6707316637039185,0.92449951171875,1.7122323513031006,0.5105108344640817,0.4950529748632449,0,0
0.6685303449630737,0.9215686321258545,1.7122323513031006,0.5110853516726416,0.4894653391960595,0,0
0.6663290858268738,0.918637752532959,1.7122323513031006,0.5065973457009536,0.5166610344005983,0,0
0.6641277074813843,0.9157069325447083,1.7122323513031006,0.4949757320972607,0.4866750264233277,0,0
0.6619264483451843,0.9127761125564575,1.7122323513031006,0.4870435667404119,0.49261470720956396,0,0
0.6597251296043396,0.9098454117774963,1.7122323513031006,0.5029008726142593,0.4921537892278081,0,0
0.6575237512588501,0.9069147109985352,1.7122323513031006,0.505842176638684,0.5028782701840172,0,0
0.6553224325180054,0.903984010219574,1.7122323513031006,0.49960357346622714,0.5024186315537947,0,0
0.6531209945678711,0.9010533690452576,1.7122323513031006,0.5109616289881067,0.4948583475112428,0,0
0.6509195566177368,0.8981227874755859,1.7122323513031006,0.484200736866245,0.47802194324364733,0,0
0.6487181186676025,0.8951922059059143,1.7122323513031006,0.5034378597953059,0.5040088122276213,0,0
0.6465166211128235,0.8922616839408875,1.7122323513031006,0.5060625976864631,0.5188077028639554,0,0
0.6443151831626892,0.8893311619758606,1.7122323513031006,0.4927675061539415,0.5161497366550775,0,0
0.6421136856079102,0.8864006400108337,1.7122323513031006,0.4874353315411957,0.4988747718875858,0,0
0.6399121880531311,0.8834701180458069,1.7122323513031006,0.49986677803376767,0.5091677424427739,0,0
0.6377105712890625,0.8805396556854248,1.7122323513031006,0.5043077477483006,0.5184742752129312,0,0
0.6355090141296387,0.8776091933250427,1.7122323513031006,0.5135104620552242,0.49314231954759913,0,0
0.6333073973655701,0.8746788501739502,1.7122323513031006,0.4967383704404806,0.49181509772459125,0,0
0.6311057806015015,0.8717484474182129,1.7122323513031006,0.4922872436760383,0.4902819857964689,0,0
0.6289041638374329,0.8688180446624756,1.7122323513031006,0.5219410155853631,0.48936578392613933,0,0
0.6267024874687195,0.8658876419067383,1.7122323513031006,0.515547171585588,0.493475306976097,0,0
0.6245008111000061,0.8629572987556458,1.7122323513031006,0.48939279563224836,0.5019887623323692,0,0
0.6222991347312927,0.8600269556045532,1.7122323513031006,0.489988814548342,0.49530908146853303,0,0
0.6200973987579346,0.8570967316627502,1.7122323513031006,0.5082195802096285,0.5159894091542474,0,0
0.6178956627845764,0.8541663289070129,1.7122323513031006,0.5091455564082803,0.49254644910929934,0,0
0.6156939268112183,0.8512362837791443,1.7122323513031006,0.4961223205731907,0.5120546858571856,0,0
0.6134921312332153,0.8483060002326965,1.7122323513031006,0.48785988221193605,0.5086237635823314,0,0
0.6112903356552124,0.8453757762908936,1.7122323513031006,0.5019175444985247,0.5094684270009683,0,0
0.6090885400772095,0.8424456119537354,1.7122323513031006,0.4861108328298356,0.48146405440731577,0,0
0.6068866848945618,0.8395155072212219,1.7122323513031006,0.49369315884555665,0.49561761862930387,0,0
0.6046848297119141,0.836585521697998,1.7122323513031006,0.519395458840199,0.4961118684175069,0,0
0.6024829745292664,0.8336553573608398,1.7122323513031006,0.5006411337399604,0.5182582685434782,0,0
0.6002810001373291,0.8307251930236816,1.7122323513031006,0.4998835514613903,0.4866362414572477,0,0
0.5980791449546814,0.8277952075004578,1.7122323513031006,0.5029618187951879,0.4982632991145082,0,0
0.5958772301673889,0.8248651623725891,1.7122323513031006,0.5113036723694746,0.4784547498979731,0,0
0.5936752557754517,0.8219351768493652,1.7122323513031006,0.4958641442146256,0.5155179775449759,0,0
0.5914732813835144,0.8190051913261414,1.7122323513031006,0.49934227887121546,0.4913159032042047,0,0
0.5892713069915771,0.8160752654075623,1.7122323513031006,0.5120774396772811,0.504534531221586,0,0
0.5870692729949951,0.8131451606750488,1.7122323513031006,0.5039824711387321,0.493415656321792,0,0
0.5848672986030579,0.8102152943611145,1.7122323513031006,0.5081897797268533,0.49754163780852634,0,0
0.5826652646064758,0.8072855472564697,1.7122323513031006,0.49493723940188145,0.4885950732621378,0,0
0.5804631114006042,0.804355800151825,1.7122323513031006,0.495294487282146,0.5159539740352579,0,0
0.5782610774040222,0.8014259934425354,1.7122323513031006,0.4940680716282429,0.5024485706483237,0,0
0.5760589838027954,0.7984960079193115,1.7122323513031006,0.5054071369727942,0.498144148648442,0,0
0.5738568902015686,0.795566201210022,1.7122323513031006,0.506027499883913,0.48173756176467536,0,0
0.571654736995697,0.7926365733146667,1.7122323513031006,0.5049030763302967,0.49080340664268524,0,0
0.5694525837898254,0.789706826210022,1.7122323513031006,0.4966909430987641,0.49061605978599265,0,0
0.5672503709793091,0.7867770195007324,1.7122323513031006,0.4834882620172643,0.505553894677697,0,0
0.5650481581687927,0.7838473916053772,1.7122323513031006,0.5011008018878239,0.48524188136206653,0,0
0.5628459453582764,0.7809177041053772,1.7122323513031006,0.48744972872416054,0.5033279049243066,0,0
0.56064373254776,0.777988076210022,1.7122323513031006,0.4867054620991115,0.4817198176016391,0,0
0.5584414601325989,0.7750583291053772,1.7122323513031006,0.5156175758387226,0.49001348319295435,0,0
0.5562391877174377,0.772128701210022,1.7122323513031006,0.4879586824447269,0.49778832613055113,0,0
0.5540369153022766,0.7691991925239563,1.7122323513031006,0.4794544671718758,0.48629776735951774,0,0
0.5518345832824707,0.7662694454193115,1.7122323513031006,0.48841335939394553,0.4916102553040558,0,0
0.54963219165802,0.7633399367332458,1.7122323513031006,0.5029312868208557,0.5231654614778107,0,0
0.5474298596382141,0.7604104280471802,1.7122323513031006,0.49001446782197405,0.5048862446168078,0,0
0.5452275276184082,0.7574809789657593,1.7122323513031006,0.48646576428346183,0.489653506977731,0,0
0.5430251955986023,0.7545514702796936,1.7122323513031006,0.5250966058559904,0.4898562277852331,0,0
0.5408228039741516,0.7516221404075623,1.7122323513031006,0.5012704207714276,0.5011798273694141,0,0
0.5386203527450562,0.7486925721168518,1.7122323513031006,0.5034628904665761,0.5171699489140118,0,0
0.5364179015159607,0.7457631230354309,1.7122323513031006,0.502321331659896,0.48695077369104756,0,0
0.5342154502868652,0.7428337931632996,1.7122323513031006,0.4848836297209869,0.484154443220754,0,0
0.5320129990577698,0.7399043440818787,1.7122323513031006,0.5019289625463339,0.5057702269697157,0,0
0.5298104882240295,0.7369750142097473,1.7122323513031006,0.5095879356010743,0.4949091542918527,0,0
0.5276079773902893,0.7340458035469055,1.7122323513031006,0.4961901242150921,0.49000251112433574,0,0
0.5254054665565491,0.7311162948608398,1.7122323513031006,0.5025165437774931,0.4941031611903791,0,0
0.5232028961181641,0.7281871438026428,1.7122323513031006,0.4936493815806794,0.4935305922409776,0,0
0.5210003852844238,0.7252578735351562,1.7122323513031006,0.4926106228522529,0.4945609708460535,0,0
0.5187978744506836,0.7223285436630249,1.7122323513031006,0.5016117261888493,0.49525106815023867,0,0
0.5165953040122986,0.7193992733955383,1.7122323513031006,0.5028508171013341,0.4929608245126742,0,0
0.5143926739692688,0.716469943523407,1.7122323513031006,0.4972957057772311,0.47886906519247835,0,0
0.5121901035308838,0.7135406732559204,1.7122323513031006,0.5115063305934724,0.5038076316155188,0,0
0.5099875926971436,0.7106114029884338,1.7122323513031006,0.48949086700021194,0.5036313320157674,0,0
0.5077850222587585,0.7076819539070129,1.7122323513031006,0.504297328336449,0.494077936845663,0,0
0.5055825710296631,0.7047526240348816,1.7122323513031006,0.5042185537534258,0.511074685575411,0,0
0.5033800601959229,0.701823353767395,1.7122323513031006,0.5074047369319793,0.5119236086535173,0,0
0.5011775493621826,0.6988939046859741,1.7122323513031006,0.48830732296834556,0.519853057790148,0,0
0.4989750385284424,0.6959643959999084,1.7122323513031006,0.5007078532542851,0.5074745926576691,0,0
0.49677255749702454,0.6930350661277771,1.7122323513031006,0.5079320466380925,0.49808773722906147,0,0
0.4945700764656067,0.6901057362556458,1.7122323513031006,0.4768185853719472,0.48933986980505634,0,0
0.49236762523651123,0.6871761679649353,1.7122323513031006,0.4939845096710123,0.502367798705595,0,0
0.49016520380973816,0.6842467784881592,1.7122323513031006,0.4977278770480274,0.5110450021679016,0,0
0.4879628121852875,0.6813173890113831,1.7122323513031006,0.5024456567356987,0.4949781128187177,0,0
0.4857604503631592,0.6783877611160278,1.7122323513031006,0.4907685426692004,0.5013962819484205,0,0
0.4835580587387085,0.6754583120346069,1.7122323513031006,0.5039271752133072,0.4995734256849794,0,0
0.4813556671142578,0.672528862953186,1.7122323513031006,0.4959531123971805,0.49386038831038753,0,0
0.4791533350944519,0.6695992350578308,1.7122323513031006,0.4978060732162008,0.5190437036245775,0,0
0.4769509732723236,0.6666697859764099,1.7122323513031006,0.4848497399550012,0.5065793582173468,0,0
0.4747486114501953,0.6637402772903442,1.7122323513031006,0.4972523334771803,0.5058943270806111,0,0
0.4725463092327118,0.660810649394989,1.7122323513031006,0.49805046376133033,0.4894969008021353,0,0
0.47034403681755066,0.6578811407089233,1.7122323513031006,0.5083148996609621,0.5013256227093142,0,0
0.46814170479774475,0.6549516320228577,1.7122323513031006,0.4863480504203074,0.4832217665211554,0,0
0.46593940258026123,0.6520220637321472,1.7122323513031006,0.5038825045305112,0.5084193013723375,0,0
0.4637371003627777,0.6490923762321472,1.7122323513031006,0.49996802428763043,0.48883512991184497,0,0
0.4615348279476166,0.6461628079414368,1.7122323513031006,0.50552002702294,0.4889768191264349,0,0
0.4593326151371002,0.6432332396507263,1.7122323513031006,0.5054816187667199,0.5091031907610873,0,0
0.4571303427219391,0.6403034329414368,1.7122323513031006,0.5010530640989694,0.48057711833148015,0,0
0.45492807030677795,0.6373737454414368,1.7122323513031006,0.5032630246166084,0.5094759697487667,0,0
0.4527258574962616,0.6344441175460815,1.7122323513031006,0.4926203552253215,0.5055249019794442,0,0
0.45052364468574524,0.6315144300460815,1.7122323513031006,0.5117826664585404,0.48836943334802374,0,0
0.4483214318752289,0.6285845637321472,1.7122323513031006,0.4999821280489214,0.4950166670406336,0,0
0.44611918926239014,0.6256548762321472,1.7122323513031006,0.5001205474407453,0.4957899407566298,0,0
0.44391703605651855,0.6227251887321472,1.7122323513031006,0.4861498503547086,0.4851064362939364,0,0
0.441714882850647,0.6197954416275024,1.7122323513031006,0.5165058590083162,0.49238495714695635,0,0
0.439512699842453,0.6168655753135681,1.7122323513031006,0.4884067955755017,0.5006150869389424,0,0
0.43731051683425903,0.6139358282089233,1.7122323513031006,0.5186084480196478,0.47432054296478887,0,0
0.43510839343070984,0.6110060214996338,1.7122323513031006,0.5002000951211977,0.49180945308033663,0,0
0.43290627002716064,0.608076274394989,1.7122323513031006,0.5007185331763045,0.48658783529168387,-1,-1
0.4307042062282562,0.6051462292671204,1.7117736339569092,0.5053198182985841,0.49466528387924535,0,0
0.42850181460380554,0.6022182703018188,1.71151602268219,0.49490897557921393,0.5037484967736845,0,0
0.4263004660606384,0.5992958545684814,1.7118335962295532,0.4974120778848847,0.48985484051763034,0,0
0.42410507798194885,0.596383810043335,1.7129336595535278,0.49680026997714705,0.5166060634637283,0,0
0.4219248592853546,0.5934860706329346,1.7149157524108887,0.5001099644913916,0.5013356112727797,0,0
0.4197704792022705,0.5906056761741638,1.717806100845337,0.49142743109863934,0.5093135551495143,0,0
0.41765421628952026,0.587745189666748,1.7216236591339111,0.4861373398637117,0.49463297904696096,0,0
0.415587842464447,0.5849090814590454,1.7263442277908325,0.5104770077848254,0.5174836915712726,0,0
0.41358619928359985,0.5821014642715454,1.7319732904434204,0.49355255664274017,0.5026790582254235,0,0
0.411663681268692,0.5793260335922241,1.7384545803070068,0.5052767024602266,0.48033114017603773,0,0
0.4098331034183502,0.5765847563743591,1.745759129524231,0.5266013471717916,0.5092263238390272,0,0
0.4081045091152191,0.5738825798034668,1.7538515329360962,0.4994674335862726,0.5196713478772302,0,0
0.40648752450942993,0.5712252259254456,1.7627191543579102,0.5057512881756906,0.4923300905890684,0,0
0.40499159693717957,0.568619430065155,1.772316575050354,0.5104775433865776,0.48982784489342995,0,0
0.403624027967453,0.5660703182220459,1.7826026678085327,0.5065568761165365,0.518365982768378,0,0
0.4023889899253845,0.5635843276977539,1.7935489416122437,0.4997559700814065,0.511081716721399,0,0
0.40128886699676514,0.5611687898635864,1.8051409721374512,0.4910356878393541,0.49109884625272365,0,0
0.40032434463500977,0.5588328838348389,1.8173450231552124,0.496107801135873,0.49767544913526635,0,0
0.39949601888656616,0.5565850734710693,1.8301024436950684,0.48695622517923953,0.48560086939856106,0,0
0.3988019824028015,0.5544329881668091,1.8433845043182373,0.48332214506742605,0.5023210487535859,0,0
0.3982393443584442,0.5523843765258789,1.8571653366088867,0.4995893033126442,0.5028749927538316,0,0
0.3978023827075958,0.5504457354545593,1.871441125869751,0.5061093158201118,0.5172829099642658,0,0
0.397483229637146,0.5486242175102234,1.886237382888794,0.4916034676184449,0.49720518616312737,0,0
0.39727380871772766,0.5469266772270203,1.9014617204666138,0.4902660073656522,0.5178377514918987,0,0
0.3971644639968872,0.5453593730926514,1.917077898979187,0.5001159075004706,0.5087915069017509,0,0
0.39714619517326355,0.5439281463623047,1.93308687210083,0.5126078549000016,0.5046194387274036,0,0
0.397210031747818,0.542637288570404,1.9495182037353516,0.5136500336946034,0.48625013137755657,0,0
0.397346168756485,0.5414890646934509,1.9663009643554688,0.49547707314445005,0.5056965779000223,0,0
0.3975449204444885,0.5404842495918274,1.983410358428955,0.50505203716566,0.4974951586179582,0,0
0.39779606461524963,0.5396206378936768,2.000821113586426,0.4898814999676516,0.512197879582824,0,0
0.39808884263038635,0.53889399766922,2.018484592437744,0.5335745708284423,0.49603120532219197,0,0
0.3984120190143585,0.5382980704307556,2.036374568939209,0.4974568197376205,0.49630392052578526,0,0
0.3987535238265991,0.537824809551239,2.054462194442749,0.4959339639561126,0.48676210159863526,0,0
0.39910128712654114,0.5374648571014404,2.072734832763672,0.5165938062379373,0.5043218716305692,0,0
0.3994434177875519,0.5372075438499451,2.0911731719970703,0.49327091057780065,0.4952054854792308,0,0
0.39976823329925537,0.5370409488677979,2.109750747680664,0.4921221425947347,0.5062563198939629,0,0
0.40006494522094727,0.5369526147842407,2.1284570693969727,0.5100672579308702,0.4963247694286293,0,0
0.4003240466117859,0.5369291305541992,2.147277355194092,0.5041435024191423,0.48670020738055414,0,0
0.40053698420524597,0.5369570255279541,2.1662001609802246,0.500851083592257,0.5059030215615237,0,0
0.4006979763507843,0.53702312707901,2.185229539871216,0.5221506834299253,0.5084657228948491,0,0
0.40080368518829346,0.5371144413948059,2.2043473720550537,0.4900276282930778,0.4824090314943178,0,0
0.40085339546203613,0.5372174978256226,2.223522186279297,0.49668747645300404,0.5110918894916425,0,0
0.4008474349975586,0.5373194217681885,2.2427542209625244,0.5006057448417547,0.49707695763892107,0,0
0.4007880687713623,0.5374098420143127,2.2620527744293213,0.523882133149669,0.48825539262803,0,0
0.40068063139915466,0.5374802947044373,2.281383514404297,0.5060231596261986,0.4898857376211591,0,0
0.4005327820777893,0.5375235080718994,2.3007235527038574,0.4959595928959081,0.5049938731915202,0,0
0.40035301446914673,0.5375334620475769,2.320065498352051,0.49758941940285367,0.48688215188329226,0,0
0.4001493752002716,0.5375061631202698,2.339404582977295,0.5102997577357437,0.5034718568273645,0,0
0.39993050694465637,0.537440836429596,2.3587279319763184,0.4948329404360723,0.505059374625991,0,0
0.399705708026886,0.537339448928833,2.3780078887939453,0.49552240881699994,0.5074913722789886,0,0
0.3994835913181305,0.5372048020362854,2.397242307662964,0.47226957355426974,0.5092702578416645,0,0
0.39927181601524353,0.5370407104492188,2.4164252281188965,0.5044950322747582,0.49898805319413536,0,0
0.39907538890838623,0.5368516445159912,2.4355483055114746,0.48272744216797503,0.504005777893443,0,0
0.398897260427475,0.5366429090499878,2.4545931816101074,0.4862922075453374,0.5103223735887095,0,0
0.39873918890953064,0.5364206433296204,2.4735512733459473,0.4832122906166125,0.5208875110403458,0,0
0.39860236644744873,0.5361905097961426,2.492406129837036,0.4976179549395353,0.49859458820724506,0,0
0.39848747849464417,0.5359574556350708,2.5111513137817383,0.49680477581487426,0.4963215284535814,0,0
0.3983946144580841,0.5357251763343811,2.5297744274139404,0.5110071314071292,0.4982460835416686,0,0
0.39832326769828796,0.5354965925216675,2.548262357711792,0.49419642851862894,0.4871386384333885,0,0
0.3982718288898468,0.5352739095687866,2.5666046142578125,0.4899467804419649,0.49894245093710204,0,0
0.39823853969573975,0.53505939245224,2.5847907066345215,0.508230010634613,0.5073318594915449,0,0
0.39822110533714294,0.5348550081253052,2.6028096675872803,0.5032906745818985,0.514803831481367,0,0
0.3982172906398773,0.5346624851226807,2.6206576824188232,0.517631139013275,0.4828323493928898,0,0
0.39822492003440857,0.5344832539558411,2.638317346572876,0.4925037605108599,0.514815267244009,0,0
0.3982422649860382,0.5343183279037476,2.655787944793701,0.5027400153131563,0.5094429253661527,0,0
0.3982677459716797,0.5341677665710449,2.6730551719665527,0.4948569896534126,0.516059847075825,0,0
0.3982999920845032,0.5340315699577332,2.6901121139526367,0.5091946482191527,0.5164147650305335,0,0
0.39833736419677734,0.5339091420173645,2.7069523334503174,0.49055194510181704,0.5013504274699173,0,0
0.3983785808086395,0.5337997674942017,2.7235639095306396,0.5022065268339121,0.49935692629166395,0,0
0.3984220325946808,0.5337024927139282,2.739941120147705,0.4972592849822978,0.4951663232127561,0,0
0.39846622943878174,0.5336163640022278,2.7560794353485107,0.510738546549347,0.5130116391055749,0,0
0.3985097408294678,0.5335404276847839,2.7719736099243164,0.5051748078606596,0.4856897325362207,0,0
0.3985515236854553,0.5334738492965698,2.7876176834106445,0.5062487637314834,0.5109466857369466,0,0
0.39859065413475037,0.5334160923957825,2.8030049800872803,0.5370797623200356,0.5050364564773683,0,0
0.398626446723938,0.5333665013313293,2.8181347846984863,0.5018047223092031,0.4691688825828117,0,0
0.39865854382514954,0.5333245396614075,2.8329951763153076,0.49277191949722404,0.4955278163508858,0,0
0.39868685603141785,0.5332894325256348,2.847585439682007,0.5250100097598296,0.49362052510056836,0,0
0.39871135354042053,0.5332605838775635,2.8618998527526855,0.48741676532535694,0.5041812412636183,0,0
0.3987324833869934,0.5332374572753906,2.8759384155273438,0.49087491922300747,0.4834626044072653,0,0
0.3987503945827484,0.5332192182540894,2.889695167541504,0.5053150218119232,0.49939546920665984,0,0
0.3987656235694885,0.5332050919532776,2.903169870376587,0.5020623404684906,0.5067333216501999,0,0
0.39877840876579285,0.5331941246986389,2.9163570404052734,0.5051019014736704,0.49566406960631487,0,0
0.39878931641578674,0.5331857800483704,2.9292569160461426,0.47924957659590633,0.496020183109129,0,0
0.3987985849380493,0.5331791043281555,2.9418694972991943,0.5130139801890591,0.5098815428268613,0,0
0.3988065719604492,0.5331735014915466,2.954188346862793,0.4744237675413447,0.49682800228384116,0,0
0.39881330728530884,0.5331684350967407,2.9662201404571533,0.507091077879089,0.4871031778809593,0,0
0.3988191485404968,0.5331632494926453,2.9779586791992188,0.4897811480575092,0.5050902004963178,0,0
0.398824006319046,0.533157467842102,2.9894039630889893,0.4918639508903923,0.5011527026476182,0,0
0.39882802963256836,0.5331510305404663,3.0005555152893066,0.48375667524892124,0.4909143158614141,0,0
0.398831307888031,0.5331436991691589,3.01141357421875,0.48375222560584746,0.49508199049999535,0,0
0.39883384108543396,0.5331352353096008,3.0219781398773193,0.4854626751472684,0.48242778883188764,0,0
0.39883559942245483,0.5331256985664368,3.032254934310913,0.5052787267787857,0.5052290106516035,0,0
0.39883679151535034,0.5331153869628906,3.042238235473633,0.49363746616654436,0.506435580515745,0,0
0.3988373279571533,0.5331043004989624,3.051933765411377,0.5027960404115238,0.4899037854003946,0,0
0.39883729815483093,0.5330926179885864,3.0613415241241455,0.498305276682559,0.5083457207067038,0,0
0.39883682131767273,0.5330805778503418,3.0704617500305176,0.5153712033404109,0.5070403694029886,0,0
0.39883601665496826,0.5330683588981628,3.0793001651763916,0.5079644265625513,0.4984041083839784,0,0
0.39883506298065186,0.5330561995506287,3.087857246398926,0.49204685323175246,0.4895979284270772,0,0
0.3988339900970459,0.5330443382263184,3.0961384773254395,0.5188302313473633,0.5030499018073223,0,0
0.3988330066204071,0.5330329537391663,3.104138135910034,0.5145742476932446,0.5223068118194863,0,0
0.3988320827484131,0.5330221056938171,3.111868143081665,0.4954683253846847,0.5080653524743486,0,0
0.3988315165042877,0.5330119132995605,3.119328498840332,0.5024223302445213,0.5024872665965244,0,0
0.39883124828338623,0.5330024361610413,3.1265194416046143,0.5098495208498091,0.4894556020386668,0,0
0.398831307888031,0.5329936742782593,3.13344669342041,0.5023285898741978,0.5004569788088868,0,0
0.39883187413215637,0.5329857468605042,3.140115976333618,0.4849913289681377,0.49506884058854095,0,0
0.3988328278064728,0.5329785346984863,-3.136657476425171,0.5083554974131058,0.49222163287968573,0,0
0.39883407950401306,0.5329720973968506,-3.130497455596924,0.4990644073314969,0.5011315038809474,0,0
0.39883607625961304,0.5329660773277283,-3.1245946884155273,0.5005444824476347,0.486219930370933,0,0
0.39883679151535034,0.5329622030258179,-3.1189420223236084,0.5032620420527759,0.48556900891482657,0,0
0.39883118867874146,0.5329651236534119,-3.113529920578003,0.5077804984130756,0.5020341395590476,0,0
0.39881062507629395,0.5329820513725281,-3.1083571910858154,0.492524808072317,0.5064208837192089,0,0
0.39876291155815125,0.5330227017402649,-3.1034188270568848,0.47602451200132684,0.4964466878812024,0,0
0.39867377281188965,0.5330985188484192,-3.098701000213623,0.5046712620591646,0.4966358702553117,0,0
0.39852792024612427,0.5332235097885132,-3.0942280292510986,0.4877846839622923,0.5104643501595306,0,0
0.39830896258354187,0.5334130525588989,-3.09002685546875,0.5051688732061496,0.5141191098105136,0,0
0.3980003297328949,0.533681333065033,-3.0860660076141357,0.4962907754342452,0.48784843219581864,0,0
0.39758822321891785,0.5340415835380554,-3.0822982788085938,0.4877791641926265,0.4988017880014705,0,0
0.39706218242645264,0.5345056056976318,-3.078726291656494,0.5116617576893298,0.5059780661930852,0,0
0.396415650844574,0.535083532333374,-3.0753512382507324,0.49758522113936315,0.49238966017736,0,0
0.39564523100852966,0.5357825756072998,-3.0721468925476074,0.5028507572613834,0.5001777519460396,0,0
0.39475104212760925,0.5366078019142151,-3.069105863571167,0.5026936044480255,0.5001443144179798,0,0
0.393734872341156,0.5375609993934631,-3.0662198066711426,0.48315821362794537,0.49997825190508244,0,0
0.39260023832321167,0.5386412739753723,-3.0634734630584717,0.4986107504091261,0.5173902851991394,0,0
0.3913518488407135,0.53984534740448,-3.0608558654785156,0.48395921402130204,0.49130481249915053,0,0
0.3899950385093689,0.5411686897277832,-3.0583481788635254,0.516897147835386,0.5012013468647096,0,0
0.38853541016578674,0.542605459690094,-3.0559446811676025,0.4778710713983811,0.49870977048971393,0,0
0.3869788348674774,0.5441480278968811,-3.053661584854126,0.4914673502615062,0.4809650027402542,0,0
0.3853316307067871,0.5457874536514282,-3.0515127182006836,0.4889837668332425,0.4832727081670057,0,0
0.3836010694503784,0.5475143790245056,-3.0494775772094727,0.4872053639032724,0.49493221221186473,0,0
0.3817940652370453,0.5493201017379761,-3.0475218296051025,0.49595334507540795,0.49567564712436984,0,0
0.3799164891242981,0.5511962175369263,-3.0456230640411377,0.5016178273834774,0.5103340879244894,0,0
0.3779730796813965,0.5531343221664429,-3.043800115585327,0.48340195301004796,0.5059562626783044,0,0
0.37596744298934937,0.5551260113716125,-3.0420725345611572,0.5037304951223528,0.4996501232088859,0,0
0.37390315532684326,0.5571633577346802,-3.0404324531555176,0.5014443164742495,0.5172595726523518,0,0
0.3717834949493408,0.5592394471168518,-3.038858652114868,0.47837487900616393,0.5045301990477145,0,0
0.3696116507053375,0.5613489151000977,-3.0373342037200928,0.5042938213958971,0.48753306963354015,0,0
0.36739081144332886,0.5634874701499939,-3.035865306854248,0.5089209013462807,0.4920214042613011,0,0
0.3651236891746521,0.565651535987854,-3.0344583988189697,0.4888361928946957,0.49056419687323033,0,0
0.3628131151199341,0.5678378343582153,-3.0331196784973145,0.4898853912861419,0.5052670077430426,0,0
0.3604618012905121,0.5700430870056152,-3.0318524837493896,0.49138922439688815,0.48991628041447327,0,0
0.3580724596977234,0.5722641944885254,-3.030648708343506,0.5032911629744253,0.49474320700390645,0,0
0.3556478023529053,0.5744982957839966,-3.0295002460479736,0.5187207073799902,0.5101881353007549,0,0
0.3531901240348816,0.5767427682876587,-3.0284006595611572,0.4946746951771607,0.49108757017711613,0,0
0.3507012724876404,0.5789960622787476,-3.027341842651367,0.49830334604909315,0.49554093362106627,0,0
0.34818288683891296,0.5812565684318542,-3.0263266563415527,0.5113165587142523,0.5015104013821238,0,0
0.34563642740249634,0.5835232734680176,-3.025355577468872,0.49592958322443353,0.5233251424142494,0,0
0.3430635333061218,0.5857952237129211,-3.0244297981262207,0.5028434394840013,0.5286206063813064,0,0
0.3404659330844879,0.5880716443061829,-3.0235493183135986,0.5120783076794123,0.4892940920140133,0,0
0.3378455638885498,0.5903515815734863,-3.0227088928222656,0.48620118901147097,0.5037708965317994,0,0
0.335204154253006,0.5926342010498047,-3.021911144256592,0.5045580372473157,0.49467121122362695,0,0
0.33254334330558777,0.5949186682701111,-3.021144390106201,0.47498613680213764,0.5008712724076437,0,0
0.32986441254615784,0.5972045063972473,-3.0204105377197266,0.4948549782320224,0.5164504366536025,0,0
0.32716840505599976,0.5994911193847656,-3.0197043418884277,0.49074072614205566,0.504510088808474,0,0
0.32445642352104187,0.6017781496047974,-3.0190298557281494,0.4870109718630975,0.4879943704219363,0,0
0.32172948122024536,0.6040652990341187,-3.0183870792388916,0.5011704750299023,0.5120026325599425,0,0
0.3189886212348938,0.6063522696495056,-3.017775774002075,0.4969752176669203,0.5044376702915345,0,0
0.31623509526252747,0.6086387634277344,-3.017193078994751,0.4977707620654698,0.48711805549274045,0,0
0.3134700059890747,0.6109246015548706,-3.016634702682495,0.4945771976511263,0.5111796498727714,0,0
0.3106943964958191,0.6132095456123352,-3.0161032676696777,0.5151302268886921,0.5034473708933084,0,0
0.3079089820384979,0.6154933571815491,-3.0155913829803467,0.49030506567335047,0.49819856795799483,0,0
0.3051144480705261,0.6177757978439331,-3.015103816986084,0.4899337910320877,0.49233815319331337,0,0
0.30231139063835144,0.6200566291809082,-3.014639139175415,0.48804722562123054,0.5013943641595066,0,0
0.2995002865791321,0.6223359704017639,-3.0141942501068115,0.5195419074840658,0.48923512382721807,0,0
0.29668185114860535,0.6246135234832764,-3.01377010345459,0.5061576785691932,0.516636140917435,0,0
0.29385659098625183,0.6268892288208008,-3.013368606567383,0.5047627070192664,0.4872756203224127,0,0
0.2910251319408417,0.6291632652282715,-3.0129806995391846,0.48222569564480217,0.5070826966973693,0,0
0.28818798065185547,0.6314355731010437,-3.0126116275787354,0.5126122822516636,0.5111428191319037,0,0
0.28534549474716187,0.6337060332298279,-3.012256383895874,0.49063259178783186,0.5113433628199593,0,0
0.28249818086624146,0.6359747052192688,-3.0119173526763916,0.506585354535905,0.4897703375188188,0,0
0.2796461880207062,0.6382415294647217,-3.0115957260131836,0.4819637102460692,0.5086713125676715,0,0
0.2767898440361023,0.6405064463615417,-3.011286973953247,0.49377142522723944,0.5082792687521254,0,0
0.2739294767379761,0.642769455909729,-3.010991334915161,0.48962854853672116,0.5079597880638078,0,0
0.27106544375419617,0.6450307965278625,-3.0107133388519287,0.5140220083276144,0.49439989877638385,0,0
0.2681979835033417,0.6472904682159424,-3.0104451179504395,0.4948100795318945,0.4894433665454126,0,0
0.2653273642063141,0.6495484709739685,-3.010192632675171,0.516823301187643,0.4957014138998434,0,0
0.2624537944793701,0.6518048048019409,-3.009950876235962,0.5135996627074549,0.4933296582700007,0,0
0.2595774829387665,0.6540594100952148,-3.00972056388855,0.4969360192511376,0.4853643672096223,0,0
0.25669851899147034,0.6563124656677246,-3.0094962120056152,0.5020438435756501,0.49540127961516817,0,0
0.2538171410560608,0.6585640907287598,-3.009284734725952,0.4763398926626007,0.5072004567459465,0,0
0.25093355774879456,0.660814106464386,-3.0090792179107666,0.5103470429429178,0.49960327700235246,0,0
0.2480478137731552,0.6630628108978271,-3.008885622024536,0.5019431623902035,0.5098549207132633,0,0
0.24516010284423828,0.6653100848197937,-3.0087034702301025,0.4937317350410962,0.49662524872539054,0,0
0.2422705590724945,0.66755610704422,-3.008526086807251,0.5041205311091239,0.5139916752601393,0,0
0.23937931656837463,0.6698007583618164,-3.008359909057617,0.515362093951697,0.49513377310984197,0,0
0.23648646473884583,0.6720441579818726,-3.008199691772461,0.49329077763433554,0.5254229508526134,0,0
0.23359209299087524,0.6742863059043884,-3.0080454349517822,0.5126631193212602,0.5062304080597124,0,0
0.23069626092910767,0.6765273213386536,-3.0078976154327393,0.5041632932406436,0.5088172117371744,0,0
0.22779911756515503,0.678767204284668,-3.007756233215332,0.49026140504002574,0.49247226633500196,0,0
0.22490064799785614,0.6810060739517212,-3.007620334625244,0.49092407905909385,0.49479534937401304,0,0
0.2220010757446289,0.6832438707351685,-3.0074961185455322,0.48296006519239165,0.48581286999902434,0,0
0.21910041570663452,0.6854806542396545,-3.0073773860931396,0.4967747327085701,0.48773687697381063,0,0
0.21619869768619537,0.687716543674469,-3.0072641372680664,0.48772106731809806,0.4951019653535492,0,0
0.21329598128795624,0.6899513602256775,-3.0071511268615723,0.521604359351583,0.5063891536655065,0,0
0.21039234101772308,0.6921852827072144,-3.0070443153381348,0.5106482219264599,0.48829972812308015,0,0
0.2074878215789795,0.6944184899330139,-3.006943464279175,0.5150684064176124,0.5012751313775715,0,0
0.20458245277404785,0.6966507434844971,-3.0068488121032715,0.5022545334418129,0.49610491963779163,0,0
0.20167627930641174,0.6988823413848877,-3.0067601203918457,0.5050659146556651,0.49189812843927444,0,0
0.19876942038536072,0.7011130452156067,-3.006671190261841,0.5106384142394994,0.49378401257597465,0,0
0.1958618313074112,0.7033430933952332,-3.0065882205963135,0.5043278477732981,0.4989114842831302,0,0
0.19295361638069153,0.7055724859237671,-3.0065107345581055,0.47237726064739294,0.48477234363353716,0,0
0.19004474580287933,0.7078012228012085,-3.0064332485198975,0.5010210274088662,0.5033133883016783,0,0
0.18713529407978058,0.710029125213623,-3.006361961364746,0.5137385842041269,0.49667407233629546,0,0
0.18422526121139526,0.7122565507888794,-3.0062906742095947,0.4876757261020119,0.4902942864147561,0,0
0.18131470680236816,0.7144834995269775,-3.006225824356079,0.4997993941291672,0.48993095578773693,0,0
0.17840364575386047,0.7167098522186279,-3.0061607360839844,0.5027199823422036,0.4983298831220981,0,0
0.17549212276935577,0.7189356684684753,-3.006101369857788,0.48556120565366234,0.49152258984023617,0,0
0.17258013784885406,0.7211609482765198,-3.006042003631592,0.4994427345940464,0.4925522762515631,0,0
0.16966773569583893,0.723385751247406,-3.005988359451294,0.49418841957298376,0.49634710210923794,0,0
0.16675491631031036,0.7256100177764893,-3.005934715270996,0.4926432600860546,0.5063543704384447,0,0
0.16384169459342957,0.7278338074684143,-3.005887269973755,0.5019938002575478,0.5024779659772446,0,0
0.16092810034751892,0.7300572395324707,-3.0058395862579346,0.49311523637762456,0.5027053657771419,0,0
0.15801416337490082,0.7322801947593689,-3.0057923793792725,0.48837495619351246,0.5177105634133725,0,0
0.15509989857673645,0.7345027923583984,-3.005750894546509,0.5166383866444159,0.4927591962065223,0,0
0.1521853357553482,0.7367249727249146,-3.005709409713745,0.5030847218338178,0.4956101840755923,0,0
0.1492704451084137,0.7389468550682068,-3.005673885345459,0.4939148864225373,0.48510588924779324,0,0
0.1463552713394165,0.7411683201789856,-3.0056381225585938,0.4957379705868159,0.5044674310633955,0,0
0.14343984425067902,0.7433897256851196,-3.0056025981903076,0.5089029458806228,0.5089427472055158,0,0
0.14052413403987885,0.7456104755401611,-3.0055668354034424,0.49784177083417014,0.49648222826127714,0,0
0.13760815560817719,0.7478311061859131,-3.005537271499634,0.5039134102542115,0.4970760877750911,0,0
0.13469195365905762,0.7500512599945068,-3.005507707595825,0.48971694732909815,0.5045028440814405,0,0
0.13177551329135895,0.7522713541984558,-3.0054781436920166,0.5024677340937219,0.5088798686413524,0,0
0.12885886430740356,0.7544910907745361,-3.005448341369629,0.5006404838610962,0.49097892199749715,0,0
0.12594200670719147,0.7567106485366821,-3.0054244995117188,0.49421136076301425,0.5043145839269041,0,0
0.12302496284246445,0.7589297890663147,-3.0054006576538086,0.5225137036886126,0.5093810344219395,0,0
0.1201077327132225,0.7611488699913025,-3.0053765773773193,0.48799516666893406,0.49609943999128137,0,0
0.11719033122062683,0.763367772102356,-3.0053529739379883,0.5040540445356219,0.4863738812248042,0,0
0.11427275091409683,0.7655864357948303,-3.0053293704986572,0.4885676258677778,0.5077224121967887,0,0
0.11135503649711609,0.7678048014640808,-3.0053114891052246,0.503426196732236,0.5071882440994295,0,0
0.10843714326620102,0.770022988319397,-3.005293846130371,0.4960033686219053,0.5008291242509942,0,0
0.10551910102367401,0.7722410559654236,-3.0052759647369385,0.4925276178016278,0.4940348122096948,0,0
0.10260091722011566,0.7744589447975159,-3.0052578449249268,0.49040082258419904,0.4848182616277965,0,0
0.09968261420726776,0.7766766548156738,-3.005239963531494,0.4941385776976664,0.5053327113965548,0,0
0.09676416218280792,0.7788941264152527,-3.0052220821380615,0.4989456757039248,0.5007776524337325,0,0
0.09384561330080032,0.7811115384101868,-3.0052101612091064,0.4965502102153878,0.47668684464179123,0,0
0.09092694520950317,0.7833287715911865,-3.0051984786987305,0.4933532745335273,0.5203782460344824,0,0
0.08800815790891647,0.7855460047721863,-3.0051867961883545,0.5052415924048645,0.4877348513607708,0,0
0.08508928120136261,0.7877628803253174,-3.0051751136779785,0.5149935818110606,0.5034592505828734,0,0
0.08217029273509979,0.7899796366691589,-3.0051631927490234,0.5082515280668888,0.4991691038987624,0,0
0.07925120741128922,0.7921963930130005,-3.0051512718200684,0.4879209583960069,0.5064053846738771,0,0
0.07633203268051147,0.794413149356842,-3.0051393508911133,0.5072820543948113,0.5065053112311183,0,0
0.07341276854276657,0.7966297268867493,-3.005127429962158,0.5095524226774581,0.5065214441773774,0,0
0.0704934149980545,0.7988462448120117,-3.0051159858703613,0.5092260913935492,0.49078878179024127,0,0
0.06757400184869766,0.8010627031326294,-3.005110025405884,0.49935395537526334,0.4920727239141091,0,0
0.06465450674295425,0.8032787442207336,-3.0051040649414062,0.5023967116057717,0.5010492267169536,0,0
0.06173492968082428,0.8054949045181274,-3.0050981044769287,0.5114124951474821,0.5005765873129077,0,0
0.05881528556346893,0.8077108860015869,-3.005092144012451,0.49393290724907696,0.504524568996791,0,0
0.05589558184146881,0.8099268674850464,-3.0050861835479736,0.496450253676774,0.4910645236044141,0,0
0.052975814789533615,0.8121427297592163,-3.005080223083496,0.5110635102642319,0.4798606564141257,0,0
0.05005596950650215,0.8143585920333862,-3.0050742626190186,0.48826419217081296,0.5116625097804941,0,0
0.047136079519987106,0.8165743350982666,-3.005068302154541,0.49119044307006277,0.46997191302655894,0,0
0.04421614110469818,0.8187899589538574,-3.0050625801086426,0.5019686424159662,0.4960882154616048,0,0
0.04129614308476448,0.8210055828094482,-3.005056858062744,0.5010381547245447,0.4974714309546528,0,0
0.0383760929107666,0.8232210278511047,-3.0050511360168457,0.4985121085667219,0.5149361009738739,0,0
0.03545599803328514,0.8254365921020508,-3.005045175552368,0.49616899497675937,0.49392522273352824,0,0
0.0325358621776104,0.8276519179344177,-3.0050392150878906,0.5063133505362581,0.5082643977430769,0,0
0.02961568534374237,0.8298672437667847,-3.005033254623413,0.4999743678559747,0.49898719214865533,0,0
0.026695474982261658,0.8320825695991516,-3.0050272941589355,0.5039370733543539,0.4947626580567924,0,0
0.02377522736787796,0.8342979550361633,-3.005021572113037,0.4881588076311896,0.5033354926753791,0,0
0.020854951813817024,0.836513102054596,-3.005021572113037,0.4921724737030042,0.5203552888380867,0,0
0.01793464459478855,0.8387284278869629,-3.005021572113037,0.5064552133791086,0.4882015508153882,0,0
0.015014304779469967,0.8409435153007507,-3.005021572113037,0.47784541660026647,0.5027227931914651,0,0
0.012093937024474144,0.8431587219238281,-3.005021572113037,0.4902259174541737,0.48114291605791876,0,0
0.009173537604510784,0.8453737497329712,-3.005021572113037,0.5043167695821837,0.49857894116083634,0,0
0.006253107450902462,0.847588837146759,-3.005021572113037,0.4991708816943998,0.519238433519151,0,0
0.003332647727802396,0.8498038649559021,-3.005021572113037,0.5018966073634629,0.49305786075132285,0,0
0.00041215907549485564,0.8520187735557556,-3.005021572113037,0.5102942018394524,0.5029050056940065,0,0
-0.0025083604268729687,0.8542336821556091,-3.005021572113037,0.5095880209451702,0.48536261746803183,0,0
-0.0054289111867547035,0.8564484715461731,-3.005021572113037,0.49746720487635265,0.5045854584000429,0,0
-0.008349488489329815,0.8586634397506714,-3.005021572113037,0.4867957280910545,0.4828648467984218,0,0
-0.011270096525549889,0.8608781695365906,-3.005021572113037,0.49587912050747784,0.476183320346744,0,0
-0.014190735295414925,0.8630930185317993,-3.005021572113037,0.4952849604716749,0.501243494593236,0,0
-0.0171114020049572,0.8653077483177185,-3.005021572113037,0.5077780100176474,0.5011711604210954,0,0
-0.02003209851682186,0.8675224184989929,-3.005021572113037,0.5143726221900586,0.48063929417825174,0,0
-0.022952822968363762,0.8697371482849121,-3.005021572113037,0.5011859594505326,0.5099598859158144,0,0
-0.025873573496937752,0.8719516396522522,-3.005021572113037,0.5106092255537663,0.48893340098161425,0,0
-0.02879435569047928,0.8741662502288818,-3.005021572113037,0.5067064057950145,0.5034641218341119,0,0
-0.031715165823698044,0.8763808012008667,-3.005021572113037,0.5051034744524522,0.5004896552819974,0,0
-0.0346360020339489,0.8785952925682068,-3.005021572113037,0.5080583985341853,0.48213500879831267,0,0
-0.03755687177181244,0.8808099031448364,-3.005021572113037,0.4965835861241781,0.4999726121040325,0,0
-0.04047777131199837,0.883024275302887,-3.005021572113037,0.48017581976344836,0.509468651178459,0,0
-0.043398693203926086,0.885238766670227,-3.005021572113037,0.5037131702198316,0.4849261552475495,0,0
-0.04631964862346649,0.8874532580375671,-3.005021572113037,0.5144458507501036,0.5145467423472833,0,0
-0.049240633845329285,0.8896675705909729,-3.005021572113037,0.5001243443753131,0.4975194612879866,0,0
-0.05216164514422417,0.8918820023536682,-3.005021572113037,0.5187487435710055,0.48649763582501904,0,0
-0.05508268252015114,0.8940961956977844,-3.005021572113037,0.5030948919248214,0.49960002660680064,0,0
-0.058003753423690796,0.8963103294372559,-3.005021572113037,0.4986055486382207,0.4851314942439795,0,0
-0.060924842953681946,0.8985245823860168,-3.005021572113037,0.5240542506721939,0.48466477805200703,0,0
-0.06384596973657608,0.9007388949394226,-3.005021572113037,0.4886214010900805,0.4925147818940663,0,0
-0.066767118871212,0.9029529094696045,-3.005021572113037,0.48297174031655055,0.47482659676533817,0,0
-0.06968829780817032,0.9051671028137207,-3.005021572113037,0.503490012778722,0.4897054238448943,0,0
-0.07260949164628983,0.9073811173439026,-3.005021572113037,0.5094358067515904,0.513309759882876,0,0
-0.07553073018789291,0.9095951318740845,-3.005021572113037,0.49420481140303696,0.5116608745669157,0,0
-0.07845199108123779,0.9118091464042664,-3.005021572113037,0.5067018678187151,0.48960013449058915,0,0
-0.08137327432632446,0.9140231609344482,-3.005021572113037,0.5058397438684755,0.5053403904516197,0,0
-0.08429457247257233,0.9162371158599854,-3.005021572113037,0.49433194272954295,0.5144340428104743,0,0
-0.08721590787172318,0.9184510707855225,-3.005021572113037,0.4881656065700534,0.5134594976396221,0,0
-0.09013728052377701,0.9206649661064148,-3.005021572113037,0.5219537307090767,0.4834556846519074,0,0
-0.09305865317583084,0.9228788018226624,-3.005021572113037,0.4995714703628427,0.4901621756506738,0,0
-0.09598006308078766,0.9250923991203308,-3.005021572113037,0.5012438778690279,0.5057191448248868,0,0
-0.09890151023864746,0.9273061156272888,-3.005021572113037,0.4979958317640598,0.5036470666537802,0,0
-0.10182297974824905,0.9295198917388916,-3.005021572113037,0.5059274051256283,0.5065938534221149,0,0
-0.10474446415901184,0.9317335486412048,-3.005021572113037,0.4926920533623556,0.4981706731136235,0,0
-0.10766598582267761,0.9339472651481628,-3.005021572113037,0.4982610944967456,0.507756041167942,0,0
-0.11058753728866577,0.9361609220504761,-3.005021572113037,0.4963088420516864,0.5107185991547364,0,0
-0.11350911855697632,0.9383745193481445,-3.005021572113037,0.5106246694420813,0.5022637230271377,0,0
-0.11643072217702866,0.9405880570411682,-3.005021572113037,0.49442959690814686,0.5149861108800702,0,0
-0.11935234069824219,0.9428014755249023,-3.005021572113037,0.48166523895888946,0.4948538117920058,0,0
-0.12227398157119751,0.9450148940086365,-3.005021572113037,0.47329680417270525,0.4955707923112775,0,0
-0.1251956671476364,0.9472284317016602,-3.005021572113037,0.5028658431006727,0.5089332270202982,0,0
-0.1281173676252365,0.9494417905807495,-3.005021572113037,0.50140201412178,0.49177151824442195,0,0
-0.1310390830039978,0.9516551494598389,-3.005021572113037,0.4977327258615151,0.50313408015702,0,0
-0.13396082818508148,0.9538683891296387,-3.005021572113037,0.49636446260786377,0.49075275236036825,0,0
-0.13688258826732635,0.9560816884040833,-3.005021572113037,0.49308714181786567,0.5075819359025477,0,0
-0.1398043930530548,0.9582951068878174,-3.005021572113037,0.49823231240079,0.5102851805511806,0,0
-0.14272621273994446,0.960508406162262,-3.005021572113037,0.5061114613033331,0.5131726432219685,0,0
-0.1456480622291565,0.9627217054367065,-3.005021572113037,0.4950997069795213,0.4900784693022352,0,0
-0.14856994152069092,0.964934766292572,-3.005021572113037,0.4856477136794498,0.5076703640745696,0,0
-0.15149183571338654,0.9671478867530823,-3.005021572113037,0.4966066736642775,0.5037904927585598,0,0
-0.15441375970840454,0.9693610668182373,-3.005021572113037,0.47446094991072607,0.5184217472306951,0,0
-0.15733569860458374,0.9715743064880371,-3.005021572113037,0.4997907419548468,0.4990512943539227,0,0
-0.16025768220424652,0.9737873673439026,-3.005021572113037,0.49246159434327985,0.4943078451004126,0,0
-0.1631796807050705,0.9760003685951233,-3.005021572113037,0.5045066120543928,0.5124034921123751,0,0
-0.16610167920589447,0.9782133102416992,-3.005021572113037,0.4862008508690535,0.49772602810998084,0,0
-0.16902373731136322,0.9804262518882751,-3.005021572113037,0.49714495532884295,0.4965563014595881,0,0
-0.17194581031799316,0.9826393127441406,-3.005021572113037,0.49164401132730207,0.5164598184386884,0,0
-0.1748678982257843,0.9848522543907166,-3.005021572113037,0.49120235523539335,0.5048652919528958,0,0
-0.17779001593589783,0.9870652556419373,-3.005021572113037,0.5058555088621418,0.5140854908093989,0,0
-0.18071216344833374,0.9892781972885132,-3.005021572113037,0.519214130798033,0.49499663281566897,0,0
-0.18363432586193085,0.9914910197257996,-3.005021572113037,0.5034691070967928,0.5033603237599185,0,0
-0.18655650317668915,0.9937037229537964,-3.005021572113037,0.5031175004275317,0.4972625483487023,0,0
-0.18947871029376984,0.9959166646003723,-3.005021572113037,0.5096941930944389,0.5047261700288087,0,0
-0.19240093231201172,0.9981294274330139,-3.005021572113037,0.4868340003458916,0.5030236092516904,0,0
-0.19532321393489838,1.0003422498703003,-3.005021572113037,0.514893263349384,0.488956445319785,0,0
-0.19824549555778503,1.0025551319122314,-3.005021572113037,0.495874194577099,0.4996803957062679,0,0
-0.2011677771806717,1.0047677755355835,-3.005021572113037,0.49940664762825726,0.49831838784398114,0,0
-0.20409011840820312,1.006980299949646,-3.005021095275879,0.4957996057115029,0.508026296832891,0,0
-0.20701245963573456,1.0091930627822876,-3.0050208568573,0.4939854974517055,0.5014038639674828,0,0
-0.2099347710609436,1.0114057064056396,-3.0050208568573,0.4894719325508982,0.4947526037341713,0,0
-0.21285709738731384,1.0136183500289917,-3.0050208568573,0.49068462032912097,0.5023640419964344,0,0
-0.21577942371368408,1.0158308744430542,-3.0050208568573,0.49273423736186717,0.5216616345686304,0,0
-0.21870175004005432,1.0180436372756958,-3.0050208568573,0.49653131862682537,0.49190446199371135,0,0
-0.22162406146526337,1.0202564001083374,-3.0050208568573,0.49685857848694587,0.49920742730004364,0,0
-0.22454635798931122,1.022469162940979,-3.0050208568573,0.4836484657343853,0.4950290110237517,0,0
-0.22746865451335907,1.0246820449829102,-3.0050208568573,0.5034912740190873,0.5196846254498628,0,0
-0.23039096593856812,1.0268946886062622,-3.0050208568573,0.4983304925064075,0.49788067083991866,0,0
-0.23331324756145477,1.0291074514389038,-3.0050208568573,0.5126114854916294,0.49423158323796734,0,0
-0.23623552918434143,1.0313202142715454,-3.0050208568573,0.5052225221606899,0.49210694142750067,0,0
-0.2391578108072281,1.033532977104187,-3.0050208568573,0.4926833987897745,0.4946894413281644,0,0
-0.24208007752895355,1.035745620727539,-3.0050208568573,0.48696312000593406,0.5015190356869756,0,0
-0.24500234425067902,1.0379582643508911,-3.0050208568573,0.5061982501192153,0.49179613293632785,0,0
-0.24792461097240448,1.0401710271835327,-3.0050208568573,0.49797486245721195,0.4873700383317959,0,0
-0.25084686279296875,1.0423837900161743,-3.0050208568573,0.49873397266538994,0.5140550499898314,0,0
-0.2537691295146942,1.0445966720581055,-3.0050208568573,0.5182398132871978,0.5063534498254291,0,0
-0.2566913664340973,1.0468093156814575,-3.0050208568573,0.48856149146525735,0.48216415206107727,0,0
-0.25961363315582275,1.0490221977233887,-3.0050208568573,0.4898034424219207,0.5088415823143666,0,0
-0.26253587007522583,1.0512350797653198,-3.0050208568573,0.501081576523335,0.5046105120376426,0,0
-0.2654581069946289,1.053447961807251,-3.0050208568573,0.5041545584185687,0.4928283268604491,0,0
-0.268380343914032,1.0556608438491821,-3.0050208568573,0.5032413847460424,0.5039723916869732,0,0
-0.27130255103111267,1.0578737258911133,-3.0050208568573,0.5041867318278732,0.49990066626559343,0,0
-0.27422472834587097,1.060086727142334,-3.0050208568573,0.4777244617885132,0.5013132339229269,0,0
-0.27714693546295166,1.0622997283935547,-3.0050208568573,0.4944497793121366,0.4998885185574072,0,0
-0.28006917238235474,1.0645127296447754,-3.0050208568573,0.5102247876471249,0.504115683494388,0,0
-0.2829913794994354,1.0667256116867065,-3.0050208568573,0.5070546644211525,0.47702651355250036,0,0
-0.2859135866165161,1.0689386129379272,-3.0050208568573,0.4799083284711972,0.5007004114944017,0,0
-0.2888357937335968,1.071151614189148,-3.0050208568573,0.5030298310402309,0.49929968248582784,0,0
-0.2917580008506775,1.073364496231079,-3.0050208568573,0.49524255962377556,0.489834518358512,0,0
-0.2946802079677582,1.0755773782730103,-3.0050208568573,0.4886862598351724,0.49285583978460007,0,0
-0.29760241508483887,1.0777902603149414,-3.0050208568573,0.48448143031968455,0.49237529492042414,0,0
-0.3005245625972748,1.0800033807754517,-3.0050208568573,0.4913752657038067,0.49754397010041296,0,0
-0.3034467101097107,1.0822163820266724,-3.0050208568573,0.4942626997531414,0.5043866745283008,0,0
-0.3063689172267914,1.084429383277893,-3.0050208568573,0.5000889302908283,0.4866318010968732,0,0
-0.3092910945415497,1.0866423845291138,-3.0050208568573,0.4967393455563188,0.5104690541769179,0,0
-0.3122132420539856,1.0888553857803345,-3.0050208568573,0.4910326096760904,0.4979182715065714,0,0
-0.3151353895664215,1.0910682678222656,-3.0050208568573,0.48461768012747913,0.49380645557585784,0,0
-0.3180575668811798,1.0932811498641968,-3.0050208568573,0.5113930499843364,0.5032258371835489,0,0
-0.32097968459129333,1.095494270324707,-3.0050208568573,0.5038126889770388,0.49878919025656776,0,0
-0.32390183210372925,1.0977071523666382,-3.0050208568573,0.4646860093709094,0.5029687703236061,0,0
-0.32682397961616516,1.0999201536178589,-3.0050208568573,0.5177696846353063,0.5141316620648236,0,0
-0.3297461271286011,1.1021332740783691,-3.0050208568573,0.5260930329956653,0.5090590757363274,0,0
-0.332668274641037,1.1043462753295898,-3.0050208568573,0.5194400058141204,0.5100861579172884,0,0
-0.3355903625488281,1.1065592765808105,-3.0050208568573,0.5084817142623163,0.5123385996470948,0,0
-0.33851245045661926,1.1087721586227417,-3.0050208568573,0.506709451355191,0.4986882173078885,0,0
-0.3414345979690552,1.1109851598739624,-3.0050208568573,0.5013437751633993,0.5020019112238361,0,0
-0.3443567454814911,1.1131982803344727,-3.0050208568573,0.5124683333731069,0.502849203726476,0,0
-0.3472788333892822,1.115411400794983,-3.0050208568573,0.5102956074823144,0.5043921858763178,0,0
-0.35020098090171814,1.1176245212554932,-3.0050208568573,0.5065790122920347,0.49631636747110836,0,0
-0.3531230390071869,1.1198376417160034,-3.0050208568573,0.49828061353285025,0.48783437453041567,0,0
-0.3560451567173004,1.1220506429672241,-3.0050208568573,0.5020890778344976,0.4943044994232031,0,0
-0.35896724462509155,1.1242637634277344,-3.0050208568573,0.49885481338624643,0.5004756727939556,0,0
-0.3618892729282379,1.1264768838882446,-3.0050208568573,0.49771281406250817,0.49760135420042084,0,0
-0.36481142044067383,1.1286900043487549,-3.0050208568573,0.5067701769562342,0.4970545869305328,0,0
-0.3677334785461426,1.1309031248092651,-3.0050208568573,0.4872104462926418,0.5013104543751105,0,0
-0.3706556260585785,1.1331162452697754,-3.0050208568573,0.5088360458141064,0.5089200889994748,0,0
-0.37357765436172485,1.135329246520996,-3.0050208568573,0.49499521278018827,0.49459366957282064,0,0
-0.37649983167648315,1.1375423669815063,-3.0050208568573,0.5037973286522256,0.5074985201203205,0,0
-0.37942183017730713,1.1397554874420166,-3.0050208568573,0.5118095136662159,0.49285368412440916,0,0
-0.3823438882827759,1.1419686079025269,-3.0050208568573,0.5030596059709336,0.5011668170505512,0,0
-0.3852660059928894,1.144181728363037,-3.0050208568573,0.5131588905593117,0.5139940195325035,0,0
-0.38818809390068054,1.1463948488235474,-3.0050208568573,0.501924982300298,0.5147269718190248,0,0
-0.3911101818084717,1.1486080884933472,-3.0050208568573,0.5107603457884096,0.4978954221708522,0,0
-0.39403215050697327,1.1508212089538574,-3.0050208568573,0.5149388976962258,0.5057384052078837,0,0
-0.3969542384147644,1.1530344486236572,-3.0050208568573,0.5093920353200698,0.49857503002358183,0,0
-0.399876207113266,1.1552478075027466,-3.0050208568573,0.5006740168788248,0.5004813162218894,0,0
-0.40279823541641235,1.157461166381836,-3.0050208568573,0.5244324886457258,0.4973794022182139,0,0
-0.40572023391723633,1.1596744060516357,-3.0050208568573,0.5021339178133625,0.49257039261605723,0,0
-0.4086422026157379,1.1618876457214355,-3.0050208568573,0.501767321614244,0.5056921101706606,0,0
-0.41156435012817383,1.1641008853912354,-3.0050208568573,0.49821249232634524,0.5220547305588311,0,0
-0.4144863486289978,1.1663141250610352,-3.0050208568573,0.5018928069470202,0.5138483217534826,0,0
-0.41740846633911133,1.1685274839401245,-3.0050208568573,0.4943526384840377,0.49047828647239894,0,0
-0.4203304350376129,1.1707407236099243,-3.0050208568573,0.5125610704988914,0.5120214164375457,0,0
-0.4232524633407593,1.1729540824890137,-3.0050208568573,0.5137910274068193,0.505752210131142,0,0
-0.42617449164390564,1.1751673221588135,-3.0050208568573,0.5118706356011635,0.5257251655884607,0,0
-0.42909643054008484,1.1773806810379028,-3.0050208568573,0.49631656359674237,0.5192603114537001,0,0
-0.4320184886455536,1.1795939207077026,-3.0050208568573,0.4902212585522212,0.49446928617360497,0,0
-0.4349404275417328,1.1818073987960815,-3.0050208568573,0.5006398868330751,0.497903461987582,0,0
-0.43786248564720154,1.184020757675171,-3.0050208568573,0.49379021550016444,0.4930071117026888,0,0
-0.4407844543457031,1.1862341165542603,-3.0050208568573,0.508682694207605,0.5017811590386483,0,0
-0.4437063932418823,1.1884474754333496,-3.0050208568573,0.4887002867791355,0.5046847090927582,0,0
-0.4466284215450287,1.190660834312439,-3.0050208568573,0.4893891088509781,0.49634079946127235,0,0
-0.4495503008365631,1.1928741931915283,-3.0050208568573,0.49231037872558414,0.5132548427059542,0,0
-0.4524722993373871,1.1950875520706177,-3.0050208568573,0.5004442779460303,0.49874602605352036,0,0
-0.45539426803588867,1.197300910949707,-3.0050208568573,0.4825970481430398,0.4916133268844553,0,0
-0.45831620693206787,1.199514389038086,-3.0050208568573,0.5036890322296278,0.5113349152409068,0,0
-0.46123820543289185,1.2017277479171753,-3.0050208568573,0.4864961891564066,0.5063323688729117,0,0
-0.46416017413139343,1.203940987586975,-3.0050208568573,0.4987359894825751,0.5230625309767218,0,0
-0.46708211302757263,1.206154227256775,-3.0050208568573,0.5084073495253325,0.5027799164633259,0,0
-0.47000405192375183,1.2083675861358643,-3.0050208568573,0.4980260182566297,0.5162770736031572,0,0
-0.47292596101760864,1.2105809450149536,-3.0050208568573,0.49914509140641095,0.4948651904637301,0,0
-0.47584792971611023,1.212794303894043,-3.0050208568573,0.5039890422916606,0.5030297802599671,0,0
-0.4787697494029999,1.2150075435638428,-3.0050208568573,0.5072266928740707,0.4916825800568134,0,0
-0.48169171810150146,1.2172207832336426,-3.0050208568573,0.49521655223428257,0.48910946383930176,0,0
-0.48461365699768066,1.219434142112732,-3.0050208568573,0.4999166629486636,0.5131275903317503,0,0
-0.4875355660915375,1.2216476202011108,-3.0050208568573,0.5087014628228788,0.4996000715468313,0,0
-0.49045759439468384,1.2238610982894897,-3.0050208568573,0.4929660453237275,0.5008557372938022,0,0
-0.49337947368621826,1.226074457168579,-3.0050208568573,0.5142768709311966,0.48667092370602305,0,0
-0.4963013827800751,1.228287935256958,-3.0050208568573,0.500008301504027,0.4972530968017748,0,0
-0.4992233216762543,1.230501413345337,-3.0050208568573,0.49975951347931385,0.47698447430273155,0,0
-0.5021452307701111,1.2327148914337158,-3.0050208568573,0.5106609016850058,0.5100317842813626,0,0
-0.5050672292709351,1.2349283695220947,-3.0050208568573,0.5014784539005434,0.5064483775270201,0,0
-0.5079890489578247,1.2371418476104736,-3.0050208568573,0.4834973560893241,0.48087501783525466,0,0
-0.5109109282493591,1.2393553256988525,-3.0050208568573,0.5000363180723325,0.4941859595969539,0,0
-0.5138328671455383,1.241568922996521,-3.0050208568573,0.4955872525023167,0.4962256642484238,0,0
-0.516754686832428,1.2437825202941895,-3.0050208568573,0.5081826510748609,0.5095146555037222,0,0
-0.5196766257286072,1.2459959983825684,-3.0050208568573,0.4929792747573657,0.4857773247367335,0,0
-0.5225985050201416,1.2482094764709473,-3.0050208568573,0.5020652736385063,0.4924042267222452,0,0
-0.5255203247070312,1.2504230737686157,-3.0050208568573,0.4971156347207541,0.5013202236734896,0,0
-0.5284422636032104,1.2526365518569946,-3.0050208568573,0.5026514583643421,0.49312304792437905,0,0
-0.5313640832901001,1.254849910736084,-3.0050208568573,0.5241789187638036,0.5193540446002135,0,0
-0.5342860221862793,1.2570632696151733,-3.0050208568573,0.510614052720513,0.5040019770113957,0,0
-0.5372079610824585,1.2592767477035522,-3.0050208568573,0.519709019419892,0.4837423786077525,0,0
-0.5401297807693481,1.2614904642105103,-3.0050208568573,0.5104554860894638,0.5070358552181574,0,0
-0.5430517196655273,1.2637040615081787,-3.0050208568573,0.5097180738318505,0.5152562460715476,0,0
-0.545973539352417,1.2659176588058472,-3.0050208568573,0.4943254450983046,0.5151841936593402,0,0
-0.5488954186439514,1.2681312561035156,-3.0050208568573,0.49260456299784955,0.49380173134477523,0,0
-0.5518173575401306,1.2703449726104736,-3.0050208568573,0.49374072571388145,0.49851993261496375,0,0
-0.5547391176223755,1.272558569908142,-3.0050208568573,0.4927949483690779,0.504543345529773,0,0
-0.5576610565185547,1.274772047996521,-3.0050208568573,0.510795806864438,0.5128617257582642,0,0
-0.5605828762054443,1.2769856452941895,-3.0050208568573,0.5003808005954269,0.49069362219995616,0,0
-0.5635046362876892,1.279199481010437,-3.0050208568573,0.5042577346199849,0.5019431503441193,0,0
-0.5664265155792236,1.281412959098816,-3.0050208568573,0.4970369273280404,0.502052103012694,0,0
-0.5693483352661133,1.2836265563964844,-3.0050208568573,0.4927630034675226,0.48394398414157813,0,0
-0.5722701549530029,1.2858401536941528,-3.0050208568573,0.4983012819714344,0.5067931565586064,0,0
-0.5751920342445374,1.2880537509918213,-3.0050208568573,0.8009030326748248,0.7900842924076114,0,0
-0.5781137943267822,1.2902673482894897,-3.0050208568573,0.7935660980328465,0.8018409180294969,0,0
-0.5810356736183167,1.2924808263778687,-3.0050208568573,0.8036694375045672,0.7995770107088799,0,0
-0.5839575529098511,1.294694423675537,-3.0050208568573,0.769370554401969,0.7884671635513695,0,0
-0.5868793725967407,1.2969080209732056,-3.0050208568573,0.7771862492328052,0.779135063382076,0,0
-0.5898011922836304,1.299121618270874,-3.0050208568573,0.8204320285781174,0.7928198347501539,0,0
-0.5927229523658752,1.301335096359253,-3.0050208568573,0.790499166062347,0.7780691259512091,0,0
-0.5956447124481201,1.3035486936569214,-3.0050208568573,0.7676376272059454,0.794198313694204,0,0
-0.5985665917396545,1.3057622909545898,-3.0050208568573,0.786794660459707,0.7849379917283295,0,0
-0.6014884114265442,1.3079760074615479,-3.0050208568573,0.7790005768420273,0.7741332694856576,0,0
-0.6044102311134338,1.3101896047592163,-3.0050208568573,0.7531852388030627,0.7583933521041089,0,0
-0.6073321104049683,1.3124030828475952,-3.0050208568573,0.7509053024586607,0.7442454763628598,0,0
-0.6102538704872131,1.3146167993545532,-3.0050208568573,0.7619507200713503,0.7433045706071227,0,0
-0.613175630569458,1.3168306350708008,-3.0050208568573,0.7363867660134125,0.7560817759733991,0,0
-0.6160975098609924,1.3190443515777588,-3.0050208568573,0.7593669995190556,0.7541826771966413,0,0
-0.6190192103385925,1.3212579488754272,-3.0050208568573,0.754925690537855,0.7548237193822934,0,0
-0.6219409704208374,1.3234716653823853,-3.0050208568573,0.7410380040606869,0.7509871038494192,0,0
-0.624862790107727,1.3256855010986328,-3.0050208568573,0.7497345020015188,0.7549457920659736,0,0
-0.6277844309806824,1.3278990983963013,-3.0050208568573,0.7477169946914799,0.7240676304490357,0,0
-0.6307061910629272,1.3301126956939697,-3.0050208568573,0.7470071513208223,0.7320166862083487,0,0
-0.6336280107498169,1.3323265314102173,-3.0050208568573,0.7134683419997191,0.7133484451057279,0,0
-0.636549711227417,1.3345402479171753,-3.0050208568573,0.7047066669212061,0.6978218665216902,0,0
-0.6394715309143066,1.3367538452148438,-3.0050208568573,0.7245736916967025,0.709847349146702,0,0
-0.6423933506011963,1.3389675617218018,-3.0050208568573,0.7075755406977129,0.727800474646458,0,0
-0.6453150510787964,1.3411815166473389,-3.0050208568573,0.7214474449344995,0.6947443318776048,0,0
-0.648236870765686,1.3433953523635864,-3.0050208568573,0.6924700740320566,0.7157500137697101,0,0
-0.6511586904525757,1.3456089496612549,-3.0050208568573,0.7148140948072942,0.7037854635763694,0,0
-0.6540803909301758,1.347822666168213,-3.0050208568573,0.7066200656529269,0.7124158822848778,0,0
-0.6570021510124207,1.3500365018844604,-3.0050208568573,0.6928453933462411,0.700544778258492,0,0
-0.6599238514900208,1.3522502183914185,-3.0050208568573,0.7215737495893814,0.7156984730149857,0,0
-0.6628455519676208,1.354463815689087,-3.0050208568573,0.6634359260534792,0.6749229022719476,0,0
-0.6657673120498657,1.3566776514053345,-3.0050208568573,0.6775214974926381,0.6639498263616095,0,0
-0.6686890125274658,1.3588916063308716,-3.0050208568573,0.6609710806308704,0.6759171424498376,0,0
-0.6716107130050659,1.3611053228378296,-3.0050208568573,0.6789880271728633,0.678426667983855,0,0
-0.6745325326919556,1.3633190393447876,-3.0050208568573,0.6837121927970552,0.6856003472035739,0,0
-0.6774542331695557,1.3655329942703247,-3.0050208568573,0.6561098049958497,0.6511631414035877,0,0
-0.6803759336471558,1.3677469491958618,-3.0050208568573,0.6563366508466495,0.6642123734530574,0,0
-0.6832976937294006,1.3699607849121094,-3.0050208568573,0.6855695436661254,0.6674487114759069,0,0
-0.686219334602356,1.372174620628357,-3.0050208568573,0.6811757108165091,0.6914443667614583,0,0
-0.6891409754753113,1.374388575553894,-3.0050208568573,0.686346027354641,0.7000436472237126,0,0
-0.6920627355575562,1.3766024112701416,-3.0050208568573,0.6400414662712742,0.6458376940298175,0,0
-0.6949844360351562,1.37881600856781,-3.0050208568573,0.6532102058673169,0.6490524200228439,0,0
-0.6979060769081116,1.3810299634933472,-3.0050208568573,0.6509975108512939,0.636214760960051,0,0
-0.7008277773857117,1.3832439184188843,-3.0050208568573,0.629974484239366,0.6446885747265185,0,0
-0.7037495970726013,1.3854576349258423,-3.0050208568573,0.6405249945949871,0.621847138406128,0,0
-0.7066712379455566,1.3876714706420898,-3.0050208568573,0.6497566914485999,0.6402899663998016,0,0
-0.7095929384231567,1.3898855447769165,-3.0050208568573,0.6397402773943608,0.6368845146992869,0,0
-0.7125146985054016,1.3920992612838745,-3.0050208568573,0.629446829137956,0.6293596562307038,0,0
-0.7154364585876465,1.394312858581543,-3.0050208568573,0.6452303956098577,0.6268313049277322,0,0
-0.7183581590652466,1.3965266942977905,-3.0050208568573,0.6381830813993509,0.6339271653575532,0,0
-0.7212798595428467,1.3987406492233276,-3.0050208568573,0.5880232564801159,0.5884848283434084,0,0
-0.7242016196250916,1.4009543657302856,-3.0050208568573,0.5906097348742637,0.5870232608978287,0,0
-0.7271233797073364,1.4031683206558228,-3.0050208568573,0.6091910769623979,0.6180385395398523,0,0
-0.7300450205802917,1.4053822755813599,-3.0050208568573,0.6018554662705206,0.6146886949904059,0,0
-0.7329667210578918,1.407596230506897,-3.0050208568573,0.5945860323327128,0.6156872922577281,0,0
-0.7358884215354919,1.409809947013855,-3.0050208568573,0.6034559570348362,0.6038925041878347,0,0
-0.7388100624084473,1.412023901939392,-3.0050208568573,0.5980143382646477,0.5941410846482411,0,0
-0.7417317628860474,1.4142379760742188,-3.0050208568573,0.5950295646983057,0.6315975059667973,0,0
-0.7446535229682922,1.4164518117904663,-3.0050208568573,0.6159418674353407,0.592356759147949,0,0
-0.7475751042366028,1.4186657667160034,-3.0050208568573,0.6081236694566531,0.6005360226591903,0,0
-0.7504969239234924,1.420879602432251,-3.0050208568573,0.5725704824479814,0.5652225851155634,0,0
-0.7534185647964478,1.423093557357788,-3.0050208568573,0.5656312841489956,0.5724745585992311,0,0
-0.7563402056694031,1.4253076314926147,-3.0050208568573,0.5772497315164958,0.5675227957874669,0,0
-0.7592619061470032,1.427521824836731,-3.0050208568573,0.5794056138173793,0.556977427958153,0,0
-0.762183666229248,1.4297356605529785,-3.0050208568573,0.5647534059669522,0.5709165224703309,0,0
-0.7651052474975586,1.431949496269226,-3.0050208568573,0.5720000064987545,0.5658244738962301,0,0
-0.7680270075798035,1.4341635704040527,-3.0050208568573,0.5476813988273352,0.5736952378385545,0,0
-0.770948588848114,1.4363774061203003,-3.0050208568573,0.5447859843119975,0.554441491062715,0,0
-0.7738701701164246,1.438591480255127,-3.0050208568573,0.565104234299927,0.5841425173842678,0,0
-0.7767917513847351,1.4408056735992432,-3.0050208568573,0.560713313585859,0.5850591426743367,0,0
-0.77971351146698,1.4430196285247803,-3.0050208568573,0.5314748647082363,0.5196931953504901,0,0
-0.7826351523399353,1.4452334642410278,-3.0050208568573,0.5312305001930072,0.5332741556130489,0,0
-0.7855567336082458,1.4474475383758545,-3.0050208568573,0.511936409134067,0.5268918014417778,0,0
-0.7884783744812012,1.4496614933013916,-3.0050208568573,0.5427373704910682,0.5298973165714372,0,0
-0.7914000153541565,1.4518753290176392,-3.0050208568573,0.536633628708909,0.5328761351116382,0,0
-0.7943216562271118,1.4540892839431763,-3.0050208568573,0.5160710206165847,0.510165235318864,0,0
-0.7972433567047119,1.456303358078003,-3.0050208568573,0.5137366336050434,0.5237026357121053,0,0
-0.8001649975776672,1.45851731300354,-3.0050208568573,0.5174785368187979,0.5233329431715776,0,0
-0.8030865788459778,1.4607312679290771,-3.0050208568573,0.5218865986148511,0.5201634306561107,0,0
-0.8060082197189331,1.4629452228546143,-3.0050208568573,0.5361261160312064,0.5369498094997641,0,0
-0.8089298605918884,1.4651588201522827,-3.0050208568573,0.5003904154142402,0.4859028991535987,0,0
-0.8118515014648438,1.4673728942871094,-3.0050208568573,0.49017731237822315,0.5008073755168793,0,0
-0.8147731423377991,1.4695868492126465,-3.0050208568573,0.48406418583389565,0.4859640626542241,0,0
-0.817694902420044,1.4718008041381836,-3.0050208568573,0.4851838925286566,0.5115273749904846,0,0
-0.8206165432929993,1.4740147590637207,-3.0050208568573,0.48017689530892727,0.498052748810456,0,0
-0.8235381245613098,1.4762287139892578,-3.0050208568573,0.4923279441603394,0.4950301864140779,0,0
-0.8264597654342651,1.4784430265426636,-3.0050208568573,0.492300718411247,0.49786239472435856,0,0
-0.8293814063072205,1.4806569814682007,-3.0050208568573,0.48459135440802453,0.5226292285345434,0,0
-0.832302987575531,1.4828712940216064,-3.0050208568573,0.4824587578006488,0.5169999632983192,0,0
-0.8352245092391968,1.4850854873657227,-3.0050208568573,0.49464339363076415,0.4872848103838345,0,0
-0.838146448135376,1.4872997999191284,-3.0048282146453857,0.44283184050724694,0.4513104466799228,0,0
-0.8410666584968567,1.4895122051239014,-3.0045275688171387,0.46598235542615984,0.45348123297094434,0,0
-0.8439827561378479,1.4917194843292236,-3.003972053527832,0.4334451242782324,0.4674081322273747,0,0
-0.8468905091285706,1.4939156770706177,-3.0032782554626465,0.45139190607869806,0.4612775053817518,0,0
-0.8497859835624695,1.4960945844650269,-3.002319574356079,0.44475647663963586,0.45152275017120724,0,0
-0.8526632785797119,1.4982478618621826,-3.0012269020080566,0.47055545285668204,0.45595337996800445,0,0
-0.8555173873901367,1.5003674030303955,-2.9998526573181152,0.4309076131437907,0.458672758366949,0,0
-0.85834139585495,1.5024454593658447,-2.9981322288513184,0.44074755288027195,0.4578483047083048,0,0
-0.8611273765563965,1.5044718980789185,-2.996037483215332,0.44853154183169464,0.45631917250859616,0,0
-0.8638660907745361,1.5064365863800049,-2.9935648441314697,0.4324447957041919,0.4655049899251001,0,0
-0.8665937185287476,1.5083935260772705,-2.991057872772217,0.410946174486659,0.4130409371752744,0,0
-0.8692513704299927,1.5102647542953491,-2.9883227348327637,0.4248046492414011,0.4128032274765333,0,0
-0.8718243837356567,1.512040138244629,-2.9854700565338135,0.39682853960101566,0.3997484146918997,0,0
-0.8742995858192444,1.5137112140655518,-2.9826550483703613,0.4175405226803651,0.42329699229483997,0,0
-0.8766614198684692,1.5152760744094849,-2.9797520637512207,0.3961428521889519,0.4243349596079139,0,0
-0.8788945078849792,1.5167360305786133,-2.9767091274261475,0.41957589668517103,0.40865306051441896,0,0
-0.8809838891029358,1.5180959701538086,-2.973829507827759,0.42885747724495,0.4195644364003877,0,0
-0.8829145431518555,1.5193634033203125,-2.9710848331451416,0.42338157329283715,0.4017863246930019,0,0
-0.8846721649169922,1.5205491781234741,-2.968461751937866,0.41600525230501084,0.40271688495236535,0,0
-0.8862442374229431,1.5216670036315918,-2.9659740924835205,0.40373691754919916,0.4154258497802617,0,0
-0.8876205086708069,1.5227349996566772,-2.9638538360595703,0.4172401949793701,0.3883485203139667,0,0
-0.8887962102890015,1.5237715244293213,-2.9622011184692383,0.4010915023927813,0.38752158636228373,0,0
-0.8897733688354492,1.5247925519943237,-2.9610283374786377,0.4108492193496862,0.39014889738423847,0,0
-0.8905606865882874,1.525808334350586,-2.9599499702453613,0.3981484952031381,0.4006754723275003,0,0
-0.8911705017089844,1.5268259048461914,-2.958977460861206,0.39385808171104314,0.37624577362866896,0,0
-0.8916192650794983,1.5278488397598267,-2.958148241043091,0.38473738919913303,0.39336644343826205,0,0
-0.891925573348999,1.5288782119750977,-2.9574553966522217,0.39420712313564016,0.3864257910059287,0,0
-0.8921079039573669,1.5299135446548462,-2.957047939300537,0.40283509437348286,0.39939048636907026,0,0
-0.8921840190887451,1.530951738357544,-2.9569783210754395,0.40986461681134684,0.3991120282546921,0,0
-0.8921701312065125,1.531984806060791,-2.9568803310394287,0.3999882441707429,0.4040651439197228,1,1
-0.8920777440071106,1.5330063104629517,-2.9567856788635254,0.3780561118290504,0.38017651385204604,0,0
-0.8919179439544678,1.5340065956115723,-2.9566831588745117,0.38054942660344276,0.3881866883585466,0,0
-0.8916988372802734,1.5349750518798828,-2.956578493118286,0.39201262536273707,0.36798561602284774,0,0
-0.8914276361465454,1.5358996391296387,-2.9564809799194336,0.37769654432625754,0.3597500274766975,0,0
-0.8911113142967224,1.5367720127105713,-2.956394672393799,0.378111243313239,0.35190206484670217,0,0
-0.8907569646835327,1.537584662437439,-2.9563231468200684,0.3836113904687394,0.37538424628905476,0,0
-0.8903712034225464,1.5383331775665283,-2.956266403198242,0.38311425148240763,0.3985948770697003,0,0
-0.8899598121643066,1.539014458656311,-2.956217050552368,0.38869854974194634,0.38516865522511656,0,0
-0.8895272016525269,1.5396281480789185,-2.9561634063720703,0.3891605491124491,0.37358583144667074,0,0
-0.8890764117240906,1.5401740074157715,-2.956096649169922,0.3802886107395384,0.3767852393525627,0,0
-0.8886095881462097,1.5406535863876343,-2.956021308898926,0.36237923139328365,0.36470584510518805,0,0
-0.8881282210350037,1.541069507598877,-2.9559459686279297,0.38015028674388945,0.3797253097471474,0,0
-0.8876330852508545,1.5414232015609741,-2.955874443054199,0.374633138815801,0.36870710348382335,0,0
-0.8871238231658936,1.5417184829711914,-2.955805540084839,0.38832664327995864,0.3882866658500574,0,0
-0.8866003155708313,1.541957974433899,-2.955737352371216,0.3745636129260958,0.3713847969145704,0,0
-0.88606196641922,1.54214346408844,-2.955665111541748,0.38853954396109236,0.3714809902579703,0,0
-0.8855082988739014,1.5422784090042114,-2.955585241317749,0.3870155999807439,0.3778353394480125,0,0
-0.8849392533302307,1.5423647165298462,-2.9554977416992188,0.36633653643192177,0.3777675832039084,0,0
-0.8843550086021423,1.542405605316162,-2.955413341522217,0.3781331283084013,0.3596521738114269,0,0
-0.8837559223175049,1.5424036979675293,-2.9553439617156982,0.3953455169594195,0.3911931582200213,0,0
-0.8831432461738586,1.5423613786697388,-2.955289125442505,0.37707747332800823,0.35976565145099954,0,0
-0.8825172781944275,1.5422816276550293,-2.955242156982422,0.3669107764463229,0.3617406204978454,0,0
-0.8818789720535278,1.5421665906906128,-2.9551949501037598,0.38293604269313564,0.3733365955813579,0,0
-0.8812283277511597,1.5420194864273071,-2.9551427364349365,0.3644398330983853,0.37685332826548945,0,0
-0.8805660605430603,1.5418416261672974,-2.9550814628601074,0.38658022376402035,0.3766944005788632,0,0
-0.8798928260803223,1.541635274887085,-2.9550154209136963,0.38263027691666596,0.3733471779323476,0,0
-0.8792096972465515,1.5414023399353027,-2.9549548625946045,0.3897816663744186,0.3884825153416081,0,0
-0.8785178661346436,1.5411454439163208,-2.954906940460205,0.39253224800881453,0.3747997754050967,0,0
-0.8778186440467834,1.5408656597137451,-2.9548697471618652,0.3877385332067006,0.3704407820824921,0,0
-0.877112627029419,1.5405656099319458,-2.954838514328003,0.38675504159651775,0.36849243412853744,0,0
-0.8764005303382874,1.540246605873108,-2.954808235168457,0.38805430725057233,0.385807356393048,0,0
-0.8756825923919678,1.5399106740951538,-2.9547743797302246,0.38628164774920914,0.397035826468319,0,0
-0.8749593496322632,1.5395586490631104,-2.9547348022460938,0.3840346835910125,0.36723988324527085,0,0
-0.8742311000823975,1.5391921997070312,-2.9546897411346436,0.39280655903139206,0.3879484063482003,0,0
-0.8734984993934631,1.5388121604919434,-2.9546453952789307,0.39384991885942394,0.3849813853497693,0,0
-0.8727620840072632,1.5384200811386108,-2.954608201980591,0.3820869323475679,0.3927486363519077,0,0
-0.8720225691795349,1.5380167961120605,-2.9545786380767822,0.3860302106645246,0.3901725721705386,0,0
-0.8712801933288574,1.5376032590866089,-2.954555034637451,0.39673488041137145,0.36711353403328834,0,0
-0.8705354928970337,1.5371806621551514,-2.9547276496887207,0.4085530897175451,0.38887296374725017,0,0
-0.8697891235351562,1.5367499589920044,-2.955007314682007,0.39631545550310743,0.37481964532975387,1,1
-0.8690423369407654,1.5363121032714844,-2.9555342197418213,0.4075627526658366,0.3777886394331752,0,0
-0.8682969808578491,1.5358675718307495,-2.9561927318573,0.4099034273589763,0.406721548663228,0,0
-0.8675535321235657,1.535420536994934,-2.9567196369171143,0.39852174337869184,0.4105303709131731,0,0
-0.8668131828308105,1.5349757671356201,-2.9569761753082275,0.39919102895288683,0.4047799172194697,0,0
-0.8660768866539001,1.5345382690429688,-2.9570717811584473,0.3953375908417673,0.39050932171686503,0,0
-0.8653462529182434,1.5341135263442993,-2.9572579860687256,0.40199157151110654,0.3775543958634778,0,0
-0.8646226525306702,1.5337060689926147,-2.957700729370117,0.4036318932676773,0.3893999912901308,0,0
-0.8639078736305237,1.533320665359497,-2.9584696292877197,0.41410814804662643,0.36506087773319107,0,0
-0.8632032871246338,1.5329593420028687,-2.9596035480499268,0.41194662265053433,0.3995364263704269,0,0
-0.862510621547699,1.5326241254806519,-2.96091890335083,0.3930479771837825,0.39386661795310574,0,0
-0.8618314862251282,1.5323153734207153,-2.9625136852264404,0.4153354618426532,0.38907882922974035,0,0
-0.8611671328544617,1.5320323705673218,-2.964240550994873,0.41107042151474743,0.40245367662461334,0,0
-0.8605174422264099,1.5317751169204712,-2.966200113296509,0.40627576030247614,0.3982662854288113,0,0
-0.859881579875946,1.5315459966659546,-2.968451738357544,0.4009135978438541,0.39077183298101836,0,0
-0.859258770942688,1.5313456058502197,-2.971022605895996,0.40039903950645245,0.3955719204990019,0,0
-0.8586482405662537,1.531174898147583,-2.9739224910736084,0.4150719453355056,0.3948016630402032,0,0
-0.8580496907234192,1.5310332775115967,-2.9767637252807617,0.38958432212318655,0.423728949138481,0,0
-0.8574634194374084,1.5309207439422607,-2.979522466659546,0.40626269775813245,0.40434742203614693,0,0
-0.8568891286849976,1.5308372974395752,-2.982186794281006,0.4206368972649669,0.40205219789361213,0,0
-0.8563240766525269,1.5307871103286743,-2.984748363494873,0.3885510226820857,0.3899757297447073,0,0
-0.8557646870613098,1.5307731628417969,-2.987215280532837,0.4231101904568769,0.4100256032394796,0,0
-0.8552068471908569,1.530800461769104,-2.989593505859375,0.4126629205662229,0.4158104158286503,0,0
-0.8546446561813354,1.5308759212493896,-2.9920547008514404,0.40454905897106613,0.3910198402271823,0,0
-0.8540720343589783,1.531006932258606,-2.9945712089538574,0.40509042369036147,0.4048418067512579,0,0
-0.8534830808639526,1.5312014818191528,-2.997023820877075,0.4010145578257452,0.41548775095418905,0,0
-0.8528703451156616,1.5314650535583496,-2.9994146823883057,0.4004425839378956,0.42134966483770664,0,0
-0.8522259593009949,1.5318046808242798,-3.0017480850219727,0.4174777659501499,0.4177338836709158,0,0
-0.8515417575836182,1.5322253704071045,-3.0040204524993896,0.4085961278537852,0.4104712073800146,0,0
-0.850810706615448,1.532732367515564,-3.0064032077789307,0.41369758185355837,0.39553452973706976,0,0
-0.850027859210968,1.533329725265503,-3.008807420730591,0.409847517919555,0.41620580621806824,0,0
-0.8491900563240051,1.5340200662612915,-3.0111546516418457,0.42784383803415016,0.4104075114261489,0,0
-0.8482950329780579,1.5348057746887207,-3.0134265422821045,0.40784290119343647,0.4190257207418799,0,0
-0.8473408818244934,1.535688042640686,-3.0156173706054688,0.42632279450952565,0.40667755532323635,0,0
-0.8463257551193237,1.5366690158843994,-3.017723321914673,0.4034672564487605,0.4146853858056067,0,0
-0.8452488780021667,1.5377485752105713,-3.0197436809539795,0.4130931506820004,0.4232183649614538,0,0
-0.8441095352172852,1.538926362991333,-3.021671772003174,0.4196709544283707,0.4180424394453394,0,0
-0.8429079651832581,1.5402017831802368,-3.023514986038208,0.4145674498780839,0.4055376702321763,0,0
-0.8416443467140198,1.5415736436843872,-3.0252745151519775,0.42074308493980916,0.4103485570187648,0,0
-0.8403199315071106,1.543040156364441,-3.0269534587860107,0.40399266136338385,0.40441233319276576,0,0
-0.8389357328414917,1.5445994138717651,-3.02874755859375,0.4113304359569277,0.3954929697826334,1,1
-0.8374946117401123,1.5462470054626465,-3.0303547382354736,0.38869863103891517,0.4092143720812534,0,0
-0.8360023498535156,1.5479753017425537,-3.0318517684936523,0.415009656281044,0.41965027539789407,0,0
-0.8344652652740479,1.5497756004333496,-3.0332555770874023,0.406123293079963,0.422046526474023,0,0
-0.8328903317451477,1.5516376495361328,-3.034531354904175,0.41498094755998916,0.41274178851275384,0,0
-0.8312843441963196,1.5535519123077393,-3.0356597900390625,0.42468340513525393,0.4106289929146833,0,0
-0.8296541571617126,1.5555094480514526,-3.0366854667663574,0.41333106922006707,0.4129449530439799,0,0
-0.8280043601989746,1.5575039386749268,-3.0376815795898438,0.4166347394454182,0.42337273033168393,0,0
-0.8263378739356995,1.5595309734344482,-3.038663864135742,0.4103486557782779,0.40499784128142224,0,0
-0.8246551752090454,1.561588168144226,-3.039609909057617,0.4179120663215283,0.4171060639338984,0,0
-0.8229560256004333,1.5636749267578125,-3.040515184402466,0.40461668938415096,0.4206082069027458,0,0
-0.8212389945983887,1.5657904148101807,-3.0413804054260254,0.4188608780003296,0.41556998186065913,0,0
-0.8195025324821472,1.567935824394226,-3.0422098636627197,0.40272761104070864,0.4139828388549657,0,0
-0.8177443742752075,1.5701112747192383,-3.042996406555176,0.43093847159615445,0.408274799144189,0,0
-0.8159626126289368,1.5723190307617188,-3.0437467098236084,0.40809610934165547,0.42758043802612467,0,0
-0.8141549825668335,1.5745586156845093,-3.0444624423980713,0.40288736232716127,0.41016075058222745,0,0
-0.8123200535774231,1.5768308639526367,-3.0451483726501465,0.4056954599675868,0.42412237405086295,0,0
-0.8104566335678101,1.5791362524032593,-3.0456080436706543,0.3984119448889273,0.41393133931958953,0,0
-0.8085665106773376,1.5814728736877441,-3.0459275245666504,0.40565693953111853,0.43422967404014623,0,0
-0.8066529035568237,1.5838377475738525,-3.04616117477417,0.41831906297552757,0.43488606557089915,0,0
-0.804719090461731,1.5862277746200562,-3.0463452339172363,0.41561594511540084,0.4167345757015593,0,0
-0.8027693033218384,1.588640809059143,-3.0465095043182373,0.4093876761461295,0.4283439640716891,0,0
-0.8008062839508057,1.5910755395889282,-3.0466694831848145,0.4118604603629377,0.4335968780588302,0,0
-0.7988319396972656,1.593530297279358,-3.046823263168335,0.4142651036656908,0.4274220454002435,0,0
-0.7968478202819824,1.5960043668746948,-3.046962261199951,0.4160123720720617,0.4410936095530811,0,0
-0.7948541641235352,1.5984954833984375,-3.047083616256714,0.4255187986490992,0.40748525287326276,0,0
-0.7928513288497925,1.6010034084320068,-3.047194480895996,0.41987675109168526,0.4207083146238186,0,0
-0.7908388376235962,1.6035276651382446,-3.0473036766052246,0.4255995422488331,0.4322868263308909,0,0
-0.788815975189209,1.6060681343078613,-3.047210693359375,0.3893073643350122,0.41440285833593965,0,0
-0.7867841124534607,1.6086219549179077,-3.0470058917999268,0.41169110243910934,0.4246439743336076,0,0
-0.7847449779510498,1.6111865043640137,-3.0467422008514404,0.4199617078323774,0.43450252550789603,0,0
-0.7827008366584778,1.6137592792510986,-3.0464417934417725,0.42962061624743214,0.4260292002174379,0,0
-0.780653178691864,1.616336703300476,-3.046109199523926,0.4203880830827064,0.4385406028386201,0,0
-0.7786040306091309,1.6189172267913818,-3.045778274536133,0.4264490403009226,0.43398090732513733,0,0
-0.7765546441078186,1.62149977684021,-3.045454263687134,0.42625221903946897,0.41822746766108876,0,0
-0.774505078792572,1.6240837574005127,-3.045140504837036,0.4229803604214086,0.4136082301682507,0,0
-0.7724551558494568,1.626670002937317,-3.044835090637207,0.4167323186380121,0.43338552003013564,0,0
-0.7704039812088013,1.6292593479156494,-3.0445396900177,0.4152625911158564,0.419054362083375,0,0
-0.7683504223823547,1.6318525075912476,-3.044257640838623,0.41875583793412857,0.43205761224407574,0,0
-0.7662932276725769,1.6344512701034546,-3.0439934730529785,0.41295268533872687,0.41123114017052365,0,0
-0.764230489730835,1.6370571851730347,-3.0437536239624023,0.42063799033545773,0.408982309212548,1,1
-0.7621607184410095,1.6396716833114624,-3.043534755706787,0.43324238863265396,0.42610320514257677,0,0
-0.7600818276405334,1.6422955989837646,-3.043330192565918,0.40280798735417717,0.4396527019396894,0,0
-0.7579920887947083,1.6449298858642578,-3.043133020401001,0.42171496208405174,0.4213347853269281,0,0
-0.7558905482292175,1.647574543952942,-3.0429413318634033,0.41367146122203535,0.4394231064881056,0,0
-0.7537760138511658,1.650230050086975,-3.0427515506744385,0.4201748901346445,0.424944360809141,0,0
-0.7516480684280396,1.6528964042663574,-3.0425686836242676,0.4264318923037145,0.4338439505187089,0,0
-0.749506413936615,1.6555728912353516,-3.042196273803711,0.398427543614025,0.41926456565953124,0,0
-0.7473534941673279,1.658258080482483,-3.041722536087036,0.42008787690295113,0.4477308493917093,0,0
-0.7451927065849304,1.6609489917755127,-3.041193723678589,0.43066860914625277,0.42410787678513795,0,0
-0.7430281043052673,1.6636431217193604,-3.0406479835510254,0.42636583894742186,0.4300394648574332,0,0
-0.7408631443977356,1.666338324546814,-3.0401058197021484,0.40313931041729684,0.4373266016914284,0,0
-0.7387002110481262,1.6690332889556885,-3.039548635482788,0.4356549855087329,0.41505315725973124,0,0
-0.736540675163269,1.671726107597351,-3.03900146484375,0.4103951540583479,0.4108653751845787,0,0
-0.7343849539756775,1.6744165420532227,-3.038475275039673,0.429625758647276,0.42660792960668525,0,0
-0.7322331666946411,1.6771035194396973,-3.0379693508148193,0.4224650284729024,0.426909475215085,0,0
-0.7300845980644226,1.679787516593933,-3.037487506866455,0.4038731116731058,0.42335836230854984,0,0
-0.7279379367828369,1.6824692487716675,-3.0370278358459473,0.401676167045466,0.4318063333134659,0,0
-0.7257919907569885,1.6851496696472168,-3.036587715148926,0.41582269110316944,0.4329699188115559,0,0
-0.7236453890800476,1.6878299713134766,-3.0361621379852295,0.41374396992398055,0.4143513429620972,0,0
-0.7214964628219604,1.6905109882354736,-3.035749673843384,0.4306089982895804,0.42571099027484205,0,0
-0.7193441987037659,1.693193793296814,-3.0353527069091797,0.421312221362873,0.411841366773751,0,0
-0.7171879410743713,1.69588041305542,-3.034975528717041,0.4317886301441829,0.41595411269523946,0,0
-0.7150262594223022,1.6985716819763184,-3.034620761871338,0.40337917732103373,0.43346165631094763,0,0
-0.7128586173057556,1.7012687921524048,-3.034285545349121,0.42395431990708077,0.4331022809589593,0,0
-0.7106840014457703,1.7039732933044434,-3.033966302871704,0.4200162959059816,0.425388968670573,0,0
-0.7085018157958984,1.7066853046417236,-3.0336620807647705,0.4020120469270425,0.429638578095694,0,0
-0.7063114643096924,1.709405541419983,-3.0333704948425293,0.4098227846052409,0.41248650769811324,0,0
-0.7041128873825073,1.7121340036392212,-3.0330891609191895,0.42450938362505924,0.421707420317294,0,0
-0.7019058465957642,1.7148706912994385,-3.0326247215270996,0.39780246394270363,0.4067439851841944,0,0
-0.6996927261352539,1.717613697052002,-3.03206467628479,0.4172200226011185,0.4249178099852104,0,0
-0.6974770426750183,1.720360279083252,-3.0314505100250244,0.42626655693301346,0.4343760679841874,0,0
-0.6952627301216125,1.7231075763702393,-3.0308034420013428,0.40686895626275005,0.43473874983368627,0,0
-0.6930538415908813,1.7258532047271729,-3.030168056488037,0.42661261727020167,0.428068003122231,0,0
-0.6908531785011292,1.7285960912704468,-3.0295398235321045,0.424842576275746,0.4280679749911841,0,0
-0.688662588596344,1.7313356399536133,-3.028926372528076,0.41698095837005544,0.42894072488442575,0,0
-0.6864825487136841,1.7340723276138306,-3.0283291339874268,0.42457368558909436,0.41330920385817693,0,0
-0.6843128800392151,1.736806035041809,-3.027756929397583,0.41849515278368504,0.41889757348053336,0,0
-0.6821523904800415,1.7395380735397339,-3.0272107124328613,0.4187873137789776,0.42743755980825426,0,0
-0.6799995303153992,1.7422691583633423,-3.0266926288604736,0.42988604933622,0.43639607847200484,0,0
-0.6778521537780762,1.7450008392333984,-3.0262041091918945,0.42427948223664713,0.43661222081574746,1,1
-0.6757078766822815,1.7477338314056396,-3.025738000869751,0.4145073363120705,0.422656477680294,0,0
-0.6735644340515137,1.7504698038101196,-3.0252926349639893,0.4364428863509754,0.4348718903325177,0,0
-0.671419620513916,1.7532086372375488,-3.0248610973358154,0.42688962365430694,0.42673216134120523,0,0
-0.6692717671394348,1.755950927734375,-3.024440050125122,0.4189773250792814,0.43760641027204844,0,0
-0.6671195030212402,1.7586971521377563,-3.0240371227264404,0.42422638188275025,0.42826107712489286,0,0
-0.6649621725082397,1.761447548866272,-3.0236504077911377,0.435577174042831,0.41410555473390814,0,0
-0.6627989411354065,1.7642031908035278,-3.0232834815979004,0.41449038063717875,0.42505056175029937,0,0
-0.6606294512748718,1.766964316368103,-3.022933006286621,0.4342046538254033,0.4348779378217607,0,0
-0.6584532856941223,1.7697311639785767,-3.022601366043091,0.40667821546088434,0.42819098575933795,0,0
-0.6562702059745789,1.7725040912628174,-3.022279739379883,0.42961315174584774,0.418624684573506,0,0
-0.6540802717208862,1.7752835750579834,-3.0219764709472656,0.43936885164524553,0.43386425770653514,0,0
-0.6518838405609131,1.778069257736206,-3.02168345451355,0.4355568626884924,0.40672124678776583,0,0
-0.649681031703949,1.7808609008789062,-3.02140736579895,0.42516027430539777,0.44530737467986176,0,0
-0.6474722027778625,1.7836588621139526,-3.02113938331604,0.4110203252899126,0.4187890336350187,0,0
-0.6452577710151672,1.786462426185608,-3.0208871364593506,0.41447486965103403,0.4420630429252163,0,0
-0.6430380940437317,1.7892720699310303,-3.0206449031829834,0.42290701601416253,0.4214342627216205,0,0
-0.6408138275146484,1.7920864820480347,-3.0204129219055176,0.4157747457633458,0.4254448346691127,0,0
-0.63858562707901,1.7949072122573853,-3.020191192626953,0.43011008259058164,0.4271283375966991,0,0
-0.6363534927368164,1.7977293729782104,-3.019975185394287,0.42403454513841415,0.41008530343891914,0,0
-0.6341163516044617,1.8005437850952148,-3.019775867462158,0.4300660798595557,0.42827065206233056,0,0
-0.6318724155426025,1.8033342361450195,-3.0196006298065186,0.45828810054319036,0.42358409753002,0,0
-0.6296188831329346,1.8060801029205322,-3.0194385051727295,0.4361597432403273,0.4200820842203704,0,0
-0.627353310585022,1.808758020401001,-3.0192787647247314,0.41201863048421716,0.4154316700336327,0,0
-0.6250722408294678,1.8113422393798828,-3.01912784576416,0.4354691131451581,0.4194512418877796,0,0
-0.6227720379829407,1.8138056993484497,-3.0190012454986572,0.4288634867854086,0.4171811464938197,0,0
-0.6204502582550049,1.8161225318908691,-3.0189032554626465,0.4286365559507853,0.4189637194300601,0,0
-0.6181055307388306,1.818268895149231,-3.0188205242156982,0.4113676169182858,0.420043321531692,0,0
-0.6157370805740356,1.8202263116836548,-3.0187392234802246,0.4280511199371268,0.41943503946822,0,0
-0.613344132900238,1.8219788074493408,-3.0186586380004883,0.4207779745266251,0.4176422049636533,0,0
-0.6109261512756348,1.8235151767730713,-3.0185890197753906,0.4344398320747827,0.4403184327983387,0,0
-0.6084833145141602,1.8248273134231567,-3.0185306072235107,0.438638936311737,0.42687743308316717,0,0
-0.6060165166854858,1.8259122371673584,-3.0184731483459473,0.4341508064929026,0.4183034959207696,0,0
-0.6035269498825073,1.8267700672149658,-3.0184197425842285,0.43288032959022843,0.4391438370379041,0,0
-0.6010160446166992,1.827404499053955,-3.018369436264038,0.43458140877188733,0.44043833135471067,0,0
-0.5984848737716675,1.8278220891952515,-3.0183205604553223,0.43925806190680766,0.4317493679168632,0,0
-0.5959352254867554,1.828031063079834,-3.0182735919952393,0.42483503036824166,0.4254158881273403,0,0
-0.593368411064148,1.828041672706604,-3.0182266235351562,0.41357047230086236,0.4441497816139118,0,0
-0.5907852053642273,1.8278659582138062,-3.0181779861450195,0.4312905347194194,0.43474044693005753,0,0
-0.5881856679916382,1.8275152444839478,-3.0181283950805664,0.41695089710773386,0.4380109932198485,0,0
-0.5855688452720642,1.827001929283142,-3.0180788040161133,0.42138950350069576,0.4291798324342472,0,0
-0.5829340219497681,1.826337456703186,-3.018031120300293,0.4584780372194068,0.4535647211470039,0,0
-0.5802802443504333,1.8255319595336914,-3.01798677444458,0.4543926665905433,0.44365614524744224,0,0
-0.5776076316833496,1.8245964050292969,-3.0179481506347656,0.4571131587246617,0.44254135909512005,0,0
-0.5749174356460571,1.8235423564910889,-3.017915964126587,0.4440072269734951,0.4577038316938033,0,0
-0.5722110867500305,1.8223801851272583,-3.0178887844085693,0.4382357947992372,0.4502929601652866,0,0
-0.5694896578788757,1.821120262145996,-3.0178637504577637,0.45919705185753606,0.4451420271294042,0,0
-0.5667536854743958,1.8197721242904663,-3.0178394317626953,0.44521655437581514,0.45170557406296274,0,0
-0.5640031099319458,1.8183430433273315,-3.017815113067627,0.44075819536338495,0.4560603166695878,0,0
-0.5612376928329468,1.8168398141860962,-3.0177905559539795,0.45070198940595546,0.4568967437844237,0,0
-0.5584573745727539,1.8152693510055542,-3.017766237258911,0.4492043661996869,0.4397568594761827,0,0
-0.5556630492210388,1.813637137413025,-3.0177440643310547,0.4802095669729575,0.47356426610058183,0,0
-0.5528564453125,1.8119484186172485,-3.017726182937622,0.4898380914735556,0.47582342771658703,0,0
-0.5500392317771912,1.810209035873413,-3.017711877822876,0.4868102380610501,0.4806137916068368,0,0
-0.5472126603126526,1.808423638343811,-3.0176987648010254,0.47676226844601055,0.47032574680482025,0,0
-0.5443776249885559,1.8065967559814453,-3.0176854133605957,0.46676770260844347,0.47055587756670775,0,0
-0.5415343642234802,1.8047313690185547,-3.0176706314086914,0.46826481131610637,0.48024615791601644,0,0
-0.5386831760406494,1.8028310537338257,-3.017653703689575,0.4868347575428912,0.4913014310148989,0,0
-0.5358244776725769,1.8008984327316284,-3.0176355838775635,0.4648172256748671,0.476056220855152,0,0
-0.5329591035842896,1.7989366054534912,-3.0176186561584473,0.47767079395348483,0.48362439083518033,0,0
-0.5300882458686829,1.7969483137130737,-3.0176053047180176,0.4946794013595186,0.4928615357622401,0,0
-0.527212917804718,1.7949358224868774,-3.017595052719116,0.5177827167846869,0.5081504230266182,0,0
-0.5243338346481323,1.7929015159606934,-3.0175859928131104,0.5050443789656295,0.5233139406548039,0,0
-0.5214514136314392,1.7908473014831543,-3.0175764560699463,0.4952852715809657,0.4995210994678368,0,0
-0.5185659527778625,1.7887749671936035,-3.017565965652466,0.510603217199345,0.5194403943301722,0,0
-0.5156775116920471,1.7866857051849365,-3.0175538063049316,0.514751488162625,0.500284840613024,0,0
-0.5127863883972168,1.784581184387207,-3.017540216445923,0.5128795036964009,0.5216831975454989,0,0
-0.509893000125885,1.782462477684021,-3.017526865005493,0.5130317068226705,0.5077437610251049,0,0
-0.50699782371521,1.7803318500518799,-3.017516613006592,0.49848536880273775,0.5150001041703316,0,0
-0.5041013956069946,1.7781893014907837,-3.0175087451934814,0.5139396389073508,0.4956311264650122,0,0
-0.5012039542198181,1.7760370969772339,-3.0175020694732666,0.5158763447607022,0.5112127443839252,0,0
-0.4983057379722595,1.773875117301941,-3.0174953937530518,0.5443395936233716,0.5589435071156774,0,0
-0.4954068064689636,1.7717046737670898,-3.0174877643585205,0.5340051567272581,0.5240852124081571,0,0
-0.4925072193145752,1.7695263624191284,-3.017479181289673,0.5561060011105966,0.5544825564511471,0,0
-0.4896070659160614,1.767341136932373,-3.0174694061279297,0.548988583557708,0.5383878337338823,0,0
-0.48670637607574463,1.765149712562561,-3.0174598693847656,0.5404923532002528,0.540670576151456,0,0
-0.4838053584098816,1.762952208518982,-3.0174520015716553,0.5652071943455766,0.5330198573478435,0,0
-0.4809042811393738,1.7607496976852417,-3.0174455642700195,0.544190544936084,0.5346804115938044,0,0
-0.47800326347351074,1.7585426568984985,-3.0174405574798584,0.5398183993333215,0.5348398256921728,0,0
-0.4751023054122925,1.7563313245773315,-3.0174357891082764,0.549212349981972,0.5754677632433101,0,0
-0.4722013771533966,1.7541162967681885,-3.0174307823181152,0.5589155794458206,0.5532301665168597,0,0
-0.46930062770843506,1.7518974542617798,-3.017425060272217,0.5802435159593157,0.5893199039285889,0,0
-0.4663999378681183,1.7496757507324219,-3.017418146133423,0.5929038361348716,0.5818674620223191,0,0
-0.4634992778301239,1.7474507093429565,-3.017411231994629,0.595242752076101,0.5936183053187816,0,0
-0.4605989158153534,1.7452234029769897,-3.0174055099487305,0.6019754415526832,0.5936159932307123,0,0
-0.4576987624168396,1.742993712425232,-3.0174009799957275,0.5721527297458653,0.5802688140786562,0,0
-0.4547989070415497,1.7407619953155518,-3.017397403717041,0.5747881070529791,0.5907596442834213,0,0
-0.45189931988716125,1.7385283708572388,-3.0173940658569336,0.5768624038054664,0.5909258411929424,0,0
-0.44900012016296387,1.736292839050293,-3.017390489578247,0.5907665678733173,0.6009117543914252,0,0
-0.4461010694503784,1.734055995941162,-3.0173869132995605,0.5847690654706608,0.5762713287802615,0,0
-0.4432023763656616,1.731817364692688,-3.0173826217651367,0.5764926322319395,0.5775355386983748,0,0
-0.44030389189720154,1.7295774221420288,-3.0173778533935547,0.6073486263842854,0.6210029940957378,0,0
-0.43740567564964294,1.7273362874984741,-3.017373561859131,0.6371725506055308,0.6270690264384748,0,0
-0.43450766801834106,1.7250940799713135,-3.0173699855804443,0.5985804203305733,0.6315162834285629,0,0
-0.4316100776195526,1.7228509187698364,-3.017367362976074,0.6198951787146708,0.626900599730656,0,0
-0.4287126958370209,1.7206066846847534,-3.017364501953125,0.6253251059241598,0.6070533789643621,0,0
-0.4258155822753906,1.718361735343933,-3.017362117767334,0.6261607305347626,0.6167483396836114,0,0
-0.4229187071323395,1.7161160707473755,-3.0173592567443848,0.6317990832604329,0.6180107973274677,0,0
-0.4200221002101898,1.7138696908950806,-3.0173568725585938,0.5916371878000288,0.6247541738068147,0,0
-0.4171256422996521,1.7116224765777588,-3.0173544883728027,0.6298699599001145,0.6117432412853239,0,0
-0.41422945261001587,1.7093751430511475,-3.0173521041870117,0.6171115439136778,0.6329597996007267,0,0
-0.41133353114128113,1.7071272134780884,-3.0173499584198,0.642532969550598,0.6538436496665471,0,0
-0.4084376096725464,1.7048782110214233,-3.017348051071167,0.6473688709368864,0.6416828651006308,0,0
-0.4055421054363251,1.702629566192627,-3.017346143722534,0.6429218508003325,0.6421466946306668,0,0
-0.40264666080474854,1.7003804445266724,-3.0173439979553223,0.6540567870456169,0.6548331232371328,0,0
-0.3997513949871063,1.6981308460235596,-3.017343044281006,0.6465421966170761,0.6676201228014559,0,0
-0.39685627818107605,1.6958811283111572,-3.0173416137695312,0.6676062966905516,0.6581486398550183,0,0
-0.3939613103866577,1.6936310529708862,-3.0173399448394775,0.6529400739999154,0.6531655546374463,0,0
-0.3910665512084961,1.6913803815841675,-3.017338514328003,0.6515985003641114,0.6592216309478284,0,0
-0.3881719708442688,1.6891295909881592,-3.0173373222351074,0.6601532087425152,0.6625569724342338,0,0
-0.3852774202823639,1.6868786811828613,-3.017336130142212,0.6477480311342813,0.6484876890996395,0,0
-0.3823830187320709,1.6846277713775635,-3.0173349380493164,0.7025311531919151,0.695736092452417,0,0
-0.37948882579803467,1.6823766231536865,-3.017333745956421,0.6913189212392468,0.6901016719642918,0,0
-0.3765946924686432,1.6801252365112305,-3.0173325538635254,0.6944466631489176,0.6961189184798526,0,0
-0.3737006187438965,1.6778736114501953,-3.0173308849334717,0.6776076048939557,0.7099509528045483,0,0
-0.3708066940307617,1.675621747970581,-3.017329216003418,0.6995385412626534,0.690568590255695,0,0
-0.3679128885269165,1.6733698844909668,-3.0173275470733643,0.7033171083253228,0.7014528418273589,0,0
-0.36501917243003845,1.671117901802063,-3.0173261165618896,0.6943196262238945,0.6897174128836041,0,0
-0.3621254861354828,1.6688659191131592,-3.017324686050415,0.696029755000991,0.6939686425818321,0,0
-0.3592318892478943,1.6666139364242554,-3.017324686050415,0.6831558767567406,0.7084224151228696,0,0
-0.3563382625579834,1.6643619537353516,-3.017324686050415,0.6840799270272689,0.6905015457209385,0,0
-0.35344478487968445,1.6621099710464478,-3.017324686050415,0.7271344101181529,0.7574115781824062,0,0
-0.35055139660835266,1.659858226776123,-3.017324686050415,0.7155264439473944,0.7322760273487906,0,0
-0.34765806794166565,1.6576063632965088,-3.017324686050415,0.7390125057063983,0.7623090858103284,0,0
-0.3447647988796234,1.655354380607605,-3.017324686050415,0.7211175496185469,0.742521848595994,0,0
-0.34187158942222595,1.6531022787094116,-3.017324686050415,0.7271949939033505,0.73401557861085,0,0
-0.33897846937179565,1.6508501768112183,-3.017324686050415,0.7255992799497482,0.7308911378025115,0,0
-0.33608540892601013,1.648598074913025,-3.017324686050415,0.7306418484188931,0.7196184331991795,0,0
-0.3331924080848694,1.646345853805542,-3.017324686050415,0.7265066115539169,0.7178604930053778,0,0
-0.3302994668483734,1.644093632698059,-3.017324686050415,0.7260003050514415,0.7358674027237074,0,0
-0.3274066150188446,1.6418414115905762,-3.017324686050415,0.7167192193761112,0.7280404857249115,0,0
-0.32451385259628296,1.6395893096923828,-3.017324686050415,0.7650677172545027,0.7634986860092147,0,0
-0.3216211199760437,1.637337327003479,-3.017324686050415,0.7754515707524047,0.7585054591029349,0,0
-0.3187284469604492,1.6350853443145752,-3.017324686050415,0.7626140538793951,0.7590426235973499,0,0
-0.3158358335494995,1.6328333616256714,-3.017324686050415,0.7556527382090057,0.7664677663764408,0,0
-0.31294330954551697,1.630581021308899,-3.017324686050415,0.7746352365125341,0.7576086769750926,0,0
-0.3100508451461792,1.6283289194107056,-3.017324686050415,0.7725681676903553,0.7551214934937429,0,0
-0.3071584403514862,1.6260768175125122,-3.017324686050415,0.768935975159981,0.7631311981845147,0,0
-0.304266095161438,1.6238247156143188,-3.017324686050415,0.7714006315956826,0.7715624157960557,0,0
-0.30137383937835693,1.621572494506836,-3.017324686050415,0.7675572423574476,0.7730869750336753,0,0
-0.2984815835952759,1.6193203926086426,-3.017324686050415,0.7841498910349136,0.7625574932426534,0,0
-0.2955893874168396,1.6170681715011597,-3.017324686050415,0.4987052330511537,0.5069145898404731,0,0
-0.2926972806453705,1.6148159503936768,-3.017324686050415,0.49948947549650197,0.4938957238805478,0,0
-0.2898052930831909,1.6125637292861938,-3.017324686050415,0.488887945717802,0.5075310074503141,0,0
-0.28691336512565613,1.610311508178711,-3.017324686050415,0.4972179735833839,0.4996931250940536,0,0
-0.2840214669704437,1.6080591678619385,-3.017324686050415,0.5020013348487985,0.49764542541867435,0,0
-0.2811296284198761,1.6058067083358765,-3.017324686050415,0.4733685471480513,0.5113189691168508,0,0
-0.27823781967163086,1.603554368019104,-3.017324686050415,0.49904842924372533,0.5088603638153023,0,0
-0.2753460705280304,1.601302146911621,-3.017324686050415,0.5044013922764065,0.47649263180619533,0,0
-0.2724544107913971,1.5990498065948486,-3.017324686050415,0.49992611830907213,0.5010261011032404,0,0
-0.26956281065940857,1.5967973470687866,-3.0173239707946777,0.5034907885176397,0.5058473546254598,0,0
-0.2666712999343872,1.5945448875427246,-3.0173239707946777,0.4979266871498802,0.5017529369160918,0,0
-0.26377981901168823,1.5922926664352417,-3.0173239707946777,0.5046881372829307,0.5039907708517766,0,0
-0.26088836789131165,1.5900402069091797,-3.0173239707946777,0.5030842360225274,0.5020251282521888,0,0
-0.25799697637557983,1.5877878665924072,-3.0173239707946777,0.5006449331843535,0.5131891855120181,0,0
-0.2551056146621704,1.5855355262756348,-3.0173239707946777,0.4949867271182568,0.49516489748591,0,0
-0.25221431255340576,1.5832831859588623,-3.0173239707946777,0.515129680925369,0.5002175141526413,0,0
-0.2493230551481247,1.5810308456420898,-3.0173239707946777,0.5055724150441628,0.49760214051467566,0,0
-0.24643179774284363,1.5787787437438965,-3.0173239707946777,0.4793195261622855,0.5091498414949094,0,0
-0.24354059994220734,1.576526403427124,-3.0173239707946777,0.5005613670537338,0.5310433122864573,0,0
-0.24064944684505463,1.574273943901062,-3.0173239707946777,0.503462188078181,0.5052931529984691,0,0
-0.2377583086490631,1.5720218420028687,-3.0173239707946777,0.4994738834844583,0.5178575758023231,0,0
-0.23486721515655518,1.5697693824768066,-3.0173239707946777,0.4866187115262763,0.5156644391659609,0,0
-0.23197618126869202,1.5675169229507446,-3.0173239707946777,0.5089563997901939,0.5037762138997428,0,0
-0.22908520698547363,1.5652644634246826,-3.0173239707946777,0.49744061452477184,0.509547021216945,0,0
-0.22619427740573883,1.5630120038986206,-3.0173239707946777,0.48003687889037766,0.5003331020480867,0,0
-0.22330337762832642,1.5607599020004272,-3.0173237323760986,0.5109754644016345,0.49748007747864165,0,0
-0.2204124927520752,1.5585076808929443,-3.0173232555389404,0.5126298524758026,0.5051742736260505,0,0
-0.21752160787582397,1.5562553405761719,-3.0173232555389404,0.49446258084526906,0.49908295857607166,0,0
-0.21463072299957275,1.5540028810501099,-3.0173232555389404,0.5025341944569074,0.48444268883841446,0,0
-0.21173985302448273,1.5517505407333374,-3.0173232555389404,0.5085859253371633,0.5011090662791143,0,0
-0.2088489830493927,1.5494983196258545,-3.0173232555389404,0.49381058955642,0.503351709701246,0,0
-0.20595811307430267,1.547245979309082,-3.0173232555389404,0.5039311860146191,0.5056008122864437,0,0
-0.20306724309921265,1.5449936389923096,-3.0173232555389404,0.4929349366224295,0.49426444276215065,0,0
-0.20017637312412262,1.5427415370941162,-3.0173232555389404,0.47818665071840816,0.51409528501958,0,0
-0.1972855180501938,1.5404894351959229,-3.0173232555389404,0.4949859602273161,0.491379851149174,0,0
-0.19439466297626495,1.5382373332977295,-3.0173232555389404,0.4989056114960137,0.4974085521772719,0,0
-0.19150380790233612,1.5359853506088257,-3.0173232555389404,0.4853454423270186,0.4884216679329943,0,0
-0.1886129528284073,1.5337331295013428,-3.0173232555389404,0.5087441780323069,0.4965164133261815,0,0
-0.18572209775447845,1.531481146812439,-3.0173232555389404,0.4953936539195823,0.5070597996874013,0,0
-0.18283124268054962,1.5292292833328247,-3.0173232555389404,0.5062126349611009,0.5062349194611864,0,0
-0.1799403727054596,1.5269771814346313,-3.0173232555389404,0.48497980068990987,0.5079117946589681,0,0
-0.17704951763153076,1.524725079536438,-3.0173232555389404,0.5051520310727668,0.49993712945951263,0,0
-0.17415867745876312,1.5224729776382446,-3.0173232555389404,0.5048932823903675,0.5094376118671041,0,0
-0.17126783728599548,1.5202211141586304,-3.0173232555389404,0.5124533911924198,0.492410103138244,0,0
-0.16837699711322784,1.5179694890975952,-3.0173232555389404,0.5145868623668133,0.5130793278129887,0,0
-0.1654861569404602,1.51571786403656,-3.0173232555389404,0.4903851095160268,0.5103049900019151,0,0
-0.16259533166885376,1.5134658813476562,-3.0173232555389404,0.5113448931213732,0.5014724084406187,0,0
-0.15970450639724731,1.5112141370773315,-3.0173232555389404,0.49691469729795806,0.478999596868665,0,0
-0.15681368112564087,1.508962631225586,-3.0173232555389404,0.4984464202706983,0.5076951650496627,0,0
-0.15392285585403442,1.5067108869552612,-3.0173232555389404,0.5034768745151975,0.47869809701638816,0,0
-0.15103203058242798,1.5044591426849365,-3.0173232555389404,0.503235608120534,0.4912967633057306,0,0
-0.14814122021198273,1.5022075176239014,-3.0173232555389404,0.5159832888215065,0.49837125436565843,0,0
-0.14525040984153748,1.499955654144287,-3.0173232555389404,0.4925458919300271,0.5021371075599791,0,0
-0.14235959947109222,1.4977041482925415,-3.0173232555389404,0.5070065203087196,0.4980629614057964,0,0
-0.13946878910064697,1.4954524040222168,-3.0173232555389404,0.48982628254622296,0.5089305359269571,0,0
-0.13657797873020172,1.4932010173797607,-3.0173232555389404,0.5162745815115097,0.4905229118533256,0,0
-0.13368716835975647,1.4909493923187256,-3.0173232555389404,0.5014427621037733,0.5043065440757537,0,0
-0.13079635798931122,1.4886976480484009,-3.0173232555389404,0.48171749606566205,0.49021655289412575,0,0
-0.12790556252002716,1.4864462614059448,-3.0173232555389404,0.49541114553962673,0.48423961746257355,0,0
-0.1250147670507431,1.4841947555541992,-3.0173232555389404,0.4909822240447558,0.5017978175176542,0,0
-0.12212397903203964,1.481943130493164,-3.0173232555389404,0.49577873408471307,0.4974041354949087,0,0
-0.11923318356275558,1.4796916246414185,-3.0173232555389404,0.516612107047035,0.5291031200953825,0,0
-0.11634239554405212,1.4774401187896729,-3.0173232555389404,0.48959091253575765,0.4807517482362115,0,0
-0.11345160752534866,1.4751886129379272,-3.0173232555389404,0.49697331335335304,0.49102584851417974,0,0
-0.1105608195066452,1.4729372262954712,-3.0173232555389404,0.4990841141911545,0.5054140250562602,0,0
-0.10767004638910294,1.4706857204437256,-3.0173232555389404,0.4981993806746358,0.5087992663302765,0,0
-0.10477926582098007,1.46843421459198,-3.0173232555389404,0.5127306283759576,0.48821024395701135,0,0
-0.10188848525285721,1.466182827949524,-3.0173232555389404,0.5007971653015426,0.5082199387747703,0,0
-0.09899771213531494,1.4639314413070679,-3.0173232555389404,0.5107389726928545,0.5082172095683947,0,0
-0.09610693901777267,1.461680293083191,-3.0173232555389404,0.512374240762743,0.4899989537715639,0,0
-0.09321615099906921,1.459429144859314,-3.0173232555389404,0.48147835687091506,0.49924534740735765,0,0
-0.09032538533210754,1.457177996635437,-3.0173232555389404,0.4896162147483961,0.49927995315382934,0,0
-0.08743463456630707,1.4549267292022705,-3.0173232555389404,0.5019259691051569,0.49647501097182517,0,0
-0.0845438688993454,1.452675700187683,-3.0173232555389404,0.5114036204182243,0.4963322022229163,0,0
-0.08165311813354492,1.450424313545227,-3.0173232555389404,0.5109522602649363,0.5063271360247524,0,0
-0.07876235246658325,1.4481730461120605,-3.0173232555389404,0.488866200849518,0.5014814369178877,0,0
-0.07587160170078278,1.4459218978881836,-3.0173232555389404,0.4939978005102586,0.5072610233440985,0,0
-0.0729808509349823,1.4436707496643066,-3.0173232555389404,0.5023384136329067,0.5017145395300241,0,0
-0.07009009271860123,1.4414196014404297,-3.0173232555389404,0.4992396107396548,0.4915566585095765,0,0
-0.06719934195280075,1.4391684532165527,-3.0173232555389404,0.48763705309075195,0.49854240517915127,0,0
-0.06430859118700027,1.4369174242019653,-3.0173232555389404,0.49165766315474163,0.4853602750369555,0,0
-0.0614178404211998,1.4346661567687988,-3.0173232555389404,0.49811567457192013,0.4830516095793129,0,0
-0.05852709338068962,1.4324151277542114,-3.0173232555389404,0.4826107636299421,0.48612901296408995,0,0
-0.05563635006546974,1.430164098739624,-3.0173232555389404,0.5010675142431477,0.4904870743842983,0,0
-0.05274560675024986,1.4279131889343262,-3.0173232555389404,0.5047048217133283,0.4883127813687056,0,0
-0.04985487088561058,1.4256622791290283,-3.0173232555389404,0.501438773553233,0.4957702797223339,0,0
-0.046964131295681,1.4234113693237305,-3.0173232555389404,0.4804342144735866,0.4950095903210371,0,0
-0.044073402881622314,1.4211606979370117,-3.0173232555389404,0.4964456729277864,0.5072425060594743,0,0
-0.04118266701698303,1.4189097881317139,-3.0173232555389404,0.5106529855226422,0.49155585066625057,0,0
-0.03829193860292435,1.4166591167449951,-3.0173232555389404,0.49101338158741237,0.4955302524026745,0,0
-0.03540121391415596,1.4144082069396973,-3.0173232555389404,0.5124990497197562,0.48475932654983295,0,0
-0.03251048922538757,1.4121572971343994,-3.0173232555389404,0.5083538734456683,0.504366590547339,0,0
-0.029619766399264336,1.4099063873291016,-3.0173232555389404,0.5140179792836572,0.49982858724108803,0,0
-0.026729045435786247,1.4076554775238037,-3.0173232555389404,0.5054525954433116,0.49102455927500094,0,0
-0.023838326334953308,1.4054046869277954,-3.0173232555389404,0.5135646681242616,0.5026637797509366,0,0
-0.020947610959410667,1.4031540155410767,-3.0173232555389404,0.49390255061044086,0.5124767540881967,0,0
-0.018056897446513176,1.4009032249450684,-3.0173232555389404,0.4943894880659867,0.5184258391486514,0,0
-0.015166186727583408,1.3986525535583496,-3.0173232555389404,0.5220619412208422,0.48886082649595697,0,0
-0.012275476939976215,1.3964020013809204,-3.0173232555389404,0.5234306506690614,0.49283520222644145,0,0
-0.009384771808981895,1.3941513299942017,-3.0173232555389404,0.4958512695636423,0.49008017009837224,0,0
-0.0064940680749714375,1.3919007778167725,-3.0173232555389404,0.5092710055183114,0.5106327072041921,0,0
-0.0036033650394529104,1.3896502256393433,-3.0173232555389404,0.4699403085086696,0.5316945862757956,0,0
-0.0007126650307327509,1.3873995542526245,-3.0173232555389404,0.481753730619344,0.5081892902992595,0,0
0.0021780335810035467,1.3851490020751953,-3.0173232555389404,0.49821439206188006,0.48029903144198655,0,0
0.0050687300972640514,1.3828984498977661,-3.0173232555389404,0.5099632931301054,0.5030617779228208,0,0
0.007959423586726189,1.3806480169296265,-3.0173232555389404,0.515596432052439,0.49924090381848457,0,0
0.010850117541849613,1.3783977031707764,-3.0173232555389404,0.49964020409797316,0.4926359980924902,0,0
0.013740806840360165,1.3761472702026367,-3.0173232555389404,0.4908257854792684,0.4917109884813557,0,0
0.016631491482257843,1.3738967180252075,-3.0173232555389404,0.5064907286036582,0.510638301248247,0,0
0.019522178918123245,1.3716462850570679,-3.0173232555389404,0.4989834481593145,0.5133743416710079,0,0
0.022412864491343498,1.3693958520889282,-3.0173232555389404,0.49521991836124574,0.503946745495815,0,0
0.025303542613983154,1.3671455383300781,-3.0173232555389404,0.5130586054969912,0.5016496042171,0,0
0.028194226324558258,1.3648951053619385,-3.0173232555389404,0.5007160535198375,0.4926828255494853,0,0
0.031084904447197914,1.3626446723937988,-3.0173232555389404,0.4823657015255167,0.5168650149928521,0,0
0.03397557884454727,1.3603943586349487,-3.0173232555389404,0.49653700325065586,0.5016926592078951,0,0
0.03686625510454178,1.3581441640853882,-3.0173232555389404,0.5013757627367502,0.4977305816695406,0,0
0.039756931364536285,1.3558939695358276,-3.0173232555389404,0.48575670283791084,0.5182192029315215,0,0
0.042647600173950195,1.353643774986267,-3.0173232555389404,0.49504863006929795,0.4937834649069244,0,0
0.04553826525807381,1.3513933420181274,-3.0173232555389404,0.5137351303042854,0.5028339817705225,0,0
0.04842892661690712,1.3491430282592773,-3.0173232555389404,0.5095131067779296,0.5014054476529801,0,0
0.05131959170103073,1.3468928337097168,-3.0173232555389404,0.49176633267387565,0.5059189017152315,0,0
0.054210253059864044,1.3446425199508667,-3.0173232555389404,0.48517274165580926,0.4932185401434432,0,0
0.05710091069340706,1.3423923254013062,-3.0173232555389404,0.5157154830771188,0.4960565468849151,0,0
0.059991564601659775,1.3401421308517456,-3.0173232555389404,0.49916004856965285,0.4918011230175543,0,0
0.06288222223520279,1.3378920555114746,-3.0173232555389404,0.49631291463517746,0.5230559859221415,0,0
0.0657728761434555,1.3356420993804932,-3.0173232555389404,0.5101763345623944,0.49745162573697876,0,0
0.06866353005170822,1.3333920240402222,-3.0173232555389404,0.5273845484986203,0.516892184384049,-1,-1
0.07155438512563705,1.3311419486999512,-3.0177857875823975,0.5063868415616447,0.4979789957537738,0,0
0.07444310933351517,1.3288915157318115,-3.018043041229248,0.4982893310857967,0.48654811364094486,0,0
0.07732629776000977,1.3266421556472778,-3.0177254676818848,0.4998349703193648,0.5175157386827781,0,0
0.08019986748695374,1.3243986368179321,-3.016627311706543,0.4953583109141895,0.4918269210754295,0,0
0.08305912464857101,1.3221685886383057,-3.014644145965576,0.50246289053916,0.48458403058140087,0,0
0.08590075373649597,1.319962739944458,-3.0117416381835938,0.4826790171053028,0.4839384661505909,0,0
0.08872079849243164,1.3177932500839233,-3.0079104900360107,0.5069753098001547,0.514240697703332,0,0
0.09151574969291687,1.3156732320785522,-3.0031661987304688,0.48581518748867164,0.4963569213551967,0,0
0.09428180754184723,1.3136167526245117,-2.9975225925445557,0.49797425340913026,0.5022182900204962,0,0
0.09701599180698395,1.3116378784179688,-2.9910221099853516,0.4812973308050593,0.5069914197930425,0,0
0.09971501678228378,1.309749722480774,-2.983687400817871,0.5088222016659308,0.5026028955222864,0,0
0.10237458348274231,1.3079631328582764,-2.97556209564209,0.4966969412591133,0.5040459843965468,0,0
0.10498946160078049,1.3062894344329834,-2.9666635990142822,0.48318314969753495,0.5086445697421609,0,0
0.10755429416894913,1.3047370910644531,-2.957036018371582,0.5011011971885551,0.49653464729038194,0,0
0.11006353050470352,1.3033134937286377,-2.9467110633850098,0.5115501125861713,0.5023298308540423,0,0
0.11251087486743927,1.302022933959961,-2.9357216358184814,0.49972518021523893,0.494502467444969,0,0
0.11488854140043259,1.3008685111999512,-2.9240810871124268,0.49802285752159636,0.49721581156302896,0,0
0.11718841642141342,1.299851655960083,-2.911837339401245,0.48802477867702143,0.4921826065705125,0,0
0.11940182000398636,1.2989726066589355,-2.8990278244018555,0.4929879943108999,0.5100685341679502,0,0
0.12152183800935745,1.2982301712036133,-2.885704278945923,0.5047059213672698,0.49293496664054387,0,0
0.12354099005460739,1.2976205348968506,-2.8718461990356445,0.5006915223971954,0.4860487526773774,0,0
0.12545250356197357,1.2971385717391968,-2.8575007915496826,0.48130017302547323,0.4987544073360962,0,0
0.12724898755550385,1.2967761754989624,-2.8426122665405273,0.5011278341409217,0.49632814648654955,0,0
0.1289227157831192,1.2965253591537476,-2.8272974491119385,0.5086581623245816,0.4984812717782124,0,0
0.1304674595594406,1.2963787317276,-2.811558723449707,0.5015772488531178,0.49627265969875006,0,0
0.13187696039676666,1.2963262796401978,-2.795461893081665,0.4763835817311502,0.48890306336619255,0,0
0.1331467181444168,1.296359896659851,-2.7789273262023926,0.5157836265752728,0.5075739997319542,0,0
0.13427488505840302,1.2964699268341064,-2.762028455734253,0.50473828858994,0.4978208284617529,0,0
0.13526126742362976,1.2966455221176147,-2.744828701019287,0.5062737006619171,0.5054073460110023,0,0
0.13610753417015076,1.296876311302185,-2.727323532104492,0.5047916133510212,0.5001804024836599,0,0
0.1368177980184555,1.2971501350402832,-2.7095656394958496,0.49897845454619794,0.505038333233485,0,0
0.13739734888076782,1.2974547147750854,-2.6915769577026367,0.46788806044804415,0.49171894599152427,0,0
0.13785231113433838,1.2977772951126099,-2.673353910446167,0.49940697885948354,0.51108529789376,0,0
0.13819026947021484,1.2981055974960327,-2.6549277305603027,0.5027154294141212,0.4815349532319205,0,0
0.138419970870018,1.298427939414978,-2.636321544647217,0.5094957954712767,0.5066101952107712,0,0
0.1385502964258194,1.2987323999404907,-2.6175389289855957,0.4843051658605167,0.49186550603924084,0,0
0.13859036564826965,1.2990093231201172,-2.5985829830169678,0.5002361217081482,0.501856906849745,0,0
0.13855038583278656,1.2992507219314575,-2.579481601715088,0.5041322078513186,0.49312514770378396,0,0
0.1384412795305252,1.2994494438171387,-2.5602574348449707,0.5031906123523737,0.49781864195151326,0,0
0.1382734179496765,1.299599528312683,-2.5409088134765625,0.49576418602583433,0.5043758933994114,0,0
0.1380564272403717,1.2996975183486938,-2.5214405059814453,0.4940984872902674,0.485871974162977,0,0
0.13780014216899872,1.2997419834136963,-2.501885414123535,0.4814016425149054,0.5072803957156762,0,0
0.1375148594379425,1.2997331619262695,-2.4822657108306885,0.5019027537803025,0.5005741909909615,0,0
0.1372101753950119,1.2996714115142822,-2.4625844955444336,0.5026919306243051,0.5049322569284822,0,0
0.1368940770626068,1.2995586395263672,-2.442847728729248,0.5145999629551377,0.4829399262789371,0,0
0.1365734189748764,1.299398422241211,-2.423083782196045,0.5070235106899127,0.5109167966273115,0,0
0.13625489175319672,1.2991949319839478,-2.4033098220825195,0.49717064541051514,0.5034827787499752,0,0
0.13594506680965424,1.298953652381897,-2.383542537689209,0.5022045014551921,0.5032363465810987,0,0
0.13564978539943695,1.2986791133880615,-2.3637895584106445,0.5068499476628773,0.5123430140581265,0,0
0.13537341356277466,1.2983757257461548,-2.344064235687256,0.5058636614926408,0.5071956566149621,0,0
0.135118767619133,1.2980486154556274,-2.324385166168213,0.5069692305582251,0.4829908866836167,0,0
0.13488778471946716,1.2977031469345093,-2.3047642707824707,0.5111003509332497,0.4791455759187124,0,0
0.1346820741891861,1.297345757484436,-2.2852160930633545,0.5002990448442167,0.5139155337211524,0,0
0.1345030665397644,1.2969818115234375,-2.265749931335449,0.5029419339225465,0.49680014301999814,0,0
0.13435165584087372,1.2966163158416748,-2.24638032913208,0.49546306988896793,0.5110732450604356,0,0
0.13422809541225433,1.2962528467178345,-2.2271149158477783,0.5000573848962282,0.505166285201428,0,0
0.13413161039352417,1.295894980430603,-2.2079715728759766,0.4936480116304189,0.4934747758443321,0,0
0.1340605616569519,1.295546054840088,-2.188957691192627,0.48289940068312254,0.4966683251525071,0,0
0.13401278853416443,1.2952094078063965,-2.170088529586792,0.5062448291621366,0.5069115272641082,0,0
0.13398584723472595,1.294887900352478,-2.1513712406158447,0.5029832776721465,0.5024553071532738,0,0
0.1339772641658783,1.2945843935012817,-2.132814645767212,0.5028191964119643,0.5061263284718094,0,0
0.13398480415344238,1.2943003177642822,-2.114427089691162,0.4846645157501718,0.5018423661855268,0,0
0.13400644063949585,1.294036865234375,-2.0962178707122803,0.4955055173927007,0.4989135993775535,0,0
0.13404011726379395,1.2937941551208496,-2.0781989097595215,0.49957818310783614,0.4893575546502154,0,0
0.1340838074684143,1.293571949005127,-2.0603811740875244,0.5073906071239003,0.477481073436657,0,0
0.13413521647453308,1.2933696508407593,-2.0427684783935547,0.5003552369201603,0.5068223369306829,0,0
0.13419194519519806,1.2931866645812988,-2.02536940574646,0.49571364124626455,0.5025145752743055,0,0
0.13425153493881226,1.2930220365524292,-2.0081961154937744,0.49056746265598566,0.4962806307920981,0,0
0.13431183993816376,1.2928751707077026,-1.9912543296813965,0.5195803806235564,0.48844575017779845,0,0
0.13437120616436005,1.2927449941635132,-1.974550485610962,0.4860890842453867,0.47043249292045414,0,0
0.134428471326828,1.292630672454834,-1.9580923318862915,0.4881768976755102,0.49293746974130503,0,0
0.13448269665241241,1.2925317287445068,-1.9418857097625732,0.4932602807365962,0.4932353976646126,0,0
0.13453342020511627,1.2924469709396362,-1.925937533378601,0.5142429005768858,0.5081330544349578,0,0
0.13458029925823212,1.2923752069473267,-1.9102479219436646,0.5088490080032435,0.49273095449116844,0,0
0.13462336361408234,1.2923152446746826,-1.8948286771774292,0.4993921313441671,0.4916302433928686,0,0
0.13466276228427887,1.2922651767730713,-1.8796792030334473,0.5058683136146556,0.48702191347155854,0,0
0.13469870388507843,1.2922236919403076,-1.8648056983947754,0.48452353690359345,0.49872405686338556,0,0
0.13473127782344818,1.292189359664917,-1.8502063751220703,0.5022149582359716,0.4928841344599619,0,0
0.1347605139017105,1.292160153388977,-1.8358938694000244,0.5125697665062139,0.5090774876236323,0,0
0.1347864866256714,1.2921353578567505,-1.821868658065796,0.5072714819993418,0.5085980463687895,0,0
0.134809210896492,1.2921133041381836,-1.8081295490264893,0.5065684566284524,0.5076868303203743,0,0
0.13482868671417236,1.2920931577682495,-1.7946834564208984,0.4936882326579625,0.4921138783261154,0,0
0.1348448544740677,1.2920740842819214,-1.781530499458313,0.5072816041533407,0.5110405412869752,0,0
0.1348576694726944,1.2920551300048828,-1.768670678138733,0.49834756316669,0.5052907580679025,0,0
0.13486719131469727,1.292036533355713,-1.7561098337173462,0.5052256067075604,0.5093198483680039,0,0
0.13487353920936584,1.2920174598693848,-1.7438507080078125,0.49047070165557266,0.508147858060191,0,0
0.13487686216831207,1.2919981479644775,-1.7318834066390991,0.5002848245931719,0.4986261940127588,0,0
0.13487736880779266,1.2919787168502808,-1.720216155052185,0.4965968848708974,0.49593849311991045,0,0
0.13487538695335388,1.2919589281082153,-1.7088487148284912,0.5073802450592408,0.49649911153040766,0,0
0.13487127423286438,1.29193913936615,-1.6977810859680176,0.492299205901759,0.507243705931414,0,0
0.1348654329776764,1.2919197082519531,-1.6870073080062866,0.4836789784285346,0.49077551309177736,0,0
0.13485832512378693,1.291900634765625,-1.6765333414077759,0.49493606074155183,0.4956324636273118,0,0
0.134850412607193,1.2918823957443237,-1.6663532257080078,0.5001264830072382,0.49958991030700656,0,0
0.13484211266040802,1.2918649911880493,-1.6564725637435913,0.507536393180852,0.49579522962863287,0,0
0.13483382761478424,1.2918484210968018,-1.6468799114227295,0.5012491282807591,0.5033749579215028,0,0
0.1348259598016739,1.2918330430984497,-1.637580156326294,0.5201318861089382,0.5040696759885241,0,0
0.13481880724430084,1.2918188571929932,-1.6285680532455444,0.49747600484904186,0.5230449959831417,0,0
0.13481257855892181,1.2918057441711426,-1.6198433637619019,0.49646074871754053,0.48904287937840396,0,0
0.1348075121641159,1.291793704032898,-1.6114062070846558,0.5027905839851466,0.5021821345088612,0,0
0.13480372726917267,1.2917829751968384,-1.6032506227493286,0.504589754974975,0.5176994120153827,0,0
0.1348012089729309,1.2917732000350952,-1.595370888710022,0.5096609302725685,0.4782710789017507,0,0
0.13479997217655182,1.291764259338379,-1.587766408920288,0.4909644805899154,0.5106213902541461,0,0
0.13479995727539062,1.2917563915252686,-1.5804376602172852,0.49178455732740856,0.5045091305989815,0,0
0.13480105996131897,1.2917492389678955,-1.5733789205551147,0.5214557437094451,0.49750481221633663,0,0
0.1348031610250473,1.2917430400848389,-1.5665837526321411,0.48732225595156825,0.4995643117109068,0,0
0.1348060518503189,1.2917375564575195,-1.5600523948669434,0.4790002957282343,0.5073587045372032,0,0
0.13480962812900543,1.2917327880859375,-1.5537786483764648,0.5015565046592466,0.5070439679997917,0,0
0.13481399416923523,1.2917289733886719,-1.5477640628814697,0.5136193780052012,0.4839929331227897,0,0
0.13481716811656952,1.2917240858078003,-1.5420000553131104,0.49543630540319744,0.5046079402767978,0,0
0.13481482863426208,1.2917133569717407,-1.5364822149276733,0.4888372643309303,0.5022741630920463,0,0
0.13480032980442047,1.2916896343231201,-1.5311871767044067,0.49354595586968736,0.5103208446144998,0,0
0.13476449251174927,1.2916427850723267,-1.526116967201233,0.5184623661663423,0.5065900927984706,0,0
0.13469722867012024,1.2915592193603516,-1.5212699174880981,0.5161827387102164,0.5073803970439761,0,0
0.13458989560604095,1.2914224863052368,-1.5166136026382446,0.5118049923747555,0.4988602781896044,0,0
0.1344348043203354,1.2912181615829468,-1.5121135711669922,0.49205583669283753,0.48732906416337374,0,0
0.13422313332557678,1.290932297706604,-1.5077980756759644,0.4838312778683768,0.4907193109462361,0,0
0.13394470512866974,1.2905516624450684,-1.5037275552749634,0.5035346888932752,0.5047823944459335,0,0
0.133590430021286,1.2900621891021729,-1.4998891353607178,0.49412448985300195,0.4967424223243563,0,0
0.13315340876579285,1.2894521951675415,-1.4962366819381714,0.4828660860158403,0.506522578443603,0,0
0.13262803852558136,1.2887130975723267,-1.4927589893341064,0.5079726173559985,0.49748894410880173,0,0
0.1320088803768158,1.287840485572815,-1.4894602298736572,0.49096359396319805,0.5126083555322529,0,0
0.1312912404537201,1.2868318557739258,-1.4863359928131104,0.4987747376874628,0.5018412841119855,0,0
0.13047175109386444,1.2856876850128174,-1.4833744764328003,0.4866375563061819,0.48955993750052657,0,0
0.12954840064048767,1.2844105958938599,-1.4805573225021362,0.5104052005483771,0.48569651127603003,0,0
0.12852072715759277,1.2830047607421875,-1.4778800010681152,0.5178201870595007,0.5085101970734143,0,0
0.12738953530788422,1.2814767360687256,-1.4753315448760986,0.499096816081864,0.4865322370825057,0,0
0.1261565089225769,1.2798330783843994,-1.4728977680206299,0.5090526387684885,0.4871359533169118,0,0
0.12482384592294693,1.2780815362930298,-1.470569133758545,0.490714971615361,0.5007443495617442,0,0
0.12339450418949127,1.2762302160263062,-1.4683456420898438,0.49593058402515144,0.5019759993851327,0,0
0.12187270075082779,1.2742879390716553,-1.466244101524353,0.4925863602820147,0.4967271367836056,0,0
0.12026382237672806,1.2722643613815308,-1.4642837047576904,0.5278964354869418,0.5013877884718972,0,0
0.11857424676418304,1.2701698541641235,-1.4624583721160889,0.49688532167425353,0.5105379397585379,0,0
0.11681102961301804,1.2680141925811768,-1.460736632347107,0.4952665013201822,0.49556875761861013,0,0
0.11498210579156876,1.2658053636550903,-1.459096908569336,0.5067502906960745,0.5139063673417814,0,0
0.11309626698493958,1.2635499238967896,-1.4575436115264893,0.5169936904700254,0.4928072537320463,0,0
0.11116249114274979,1.261252522468567,-1.4560741186141968,0.4929258490075248,0.5203349928266353,0,0
0.10918915271759033,1.258915901184082,-1.4546656608581543,0.5031163150061054,0.5129721242821613,0,0
0.10718344897031784,1.2565417289733887,-1.4533052444458008,0.4890646467336073,0.4834263807833434,0,0
0.10515107214450836,1.254130482673645,-1.4519885778427124,0.4898684408274574,0.48190358961926905,0,0
0.10309623926877975,1.2516827583312988,-1.4507189989089966,0.5150907683504263,0.48668808037430195,0,0
0.101021908223629,1.249199390411377,-1.4495004415512085,0.497522924674902,0.5014177740657445,0,0
0.09893018007278442,1.2466813325881958,-1.448331594467163,0.5036627699926762,0.5136128769310158,0,0
0.09682279825210571,1.2441304922103882,-1.4472205638885498,0.5098320564829609,0.49965926698873897,0,0
0.09470131248235703,1.241548776626587,-1.4461621046066284,0.5013421505152915,0.493882751051266,0,0
0.09256723523139954,1.2389380931854248,-1.4451490640640259,0.5124733589593843,0.5085199484791656,0,0
0.0904218927025795,1.2363004684448242,-1.44418466091156,0.4976094593735505,0.4933791158574275,0,0
0.08826638013124466,1.2336374521255493,-1.4432570934295654,0.5187512470057863,0.4993970914629156,0,0
0.0861014723777771,1.2309508323669434,-1.4423693418502808,0.49311769611431705,0.49731895791600145,0,0
0.08392772823572159,1.22824227809906,-1.4415186643600464,0.5044343278741767,0.5023724097194601,0,0
0.08174563199281693,1.2255138158798218,-1.4407061338424683,0.49986356618313116,0.5055562184654573,0,0
0.07955576479434967,1.2227673530578613,-1.4399341344833374,0.5036241775158444,0.48904524334469934,0,0
0.07735885679721832,1.2200050354003906,-1.4392008781433105,0.4868041520344904,0.5145494078696312,0,0
0.07515586167573929,1.2172287702560425,-1.4385029077529907,0.5038138763929897,0.5090387748096861,0,0
0.07294780761003494,1.2144402265548706,-1.4378372430801392,0.5133867408597889,0.5092574011330727,0,0
0.07073571532964706,1.211640477180481,-1.4371973276138306,0.494527636095973,0.4822191965914892,0,0
0.06852049380540848,1.2088305950164795,-1.4365851879119873,0.49628111281731935,0.5016877819912463,0,0
0.0663028210401535,1.206011176109314,-1.4359965324401855,0.49307206642153995,0.506126701537924,0,0
0.06408315151929855,1.2031830549240112,-1.4354338645935059,0.49734964531741493,0.5031021421203985,0,0
0.061861876398324966,1.20034658908844,-1.434896469116211,0.4779958675907073,0.48939362907507133,0,0
0.05963927507400513,1.197502851486206,-1.4343822002410889,0.4826970883444953,0.5090333238838546,0,0
0.05741565674543381,1.1946521997451782,-1.4338963031768799,0.5011026129042175,0.5026317316524368,0,0
0.05519135296344757,1.1917954683303833,-1.4334278106689453,0.48687792363635346,0.4850276212611334,0,0
0.05296669900417328,1.188933253288269,-1.432982087135315,0.4979264419221346,0.49541891151696926,0,0
0.05074198916554451,1.1860657930374146,-1.4325557947158813,0.5009361830792921,0.5040647692046709,0,0
0.048517413437366486,1.1831938028335571,-1.4321508407592773,0.48263494581177274,0.5004822458788869,0,0
0.04629313573241234,1.1803170442581177,-1.4317641258239746,0.5002478281681065,0.4953491028023992,0,0
0.044069238007068634,1.177436113357544,-1.431394338607788,0.499340899502561,0.5191542638075699,0,0
0.04184576869010925,1.174551248550415,-1.4310420751571655,0.5008918763792493,0.5091211096307374,0,0
0.039622798562049866,1.1716628074645996,-1.4307022094726562,0.5100143200234472,0.5028957919875745,0,0
0.03740040585398674,1.1687710285186768,-1.4303781986236572,0.5025515519058337,0.5146998647635395,0,0
0.03517869859933853,1.1658762693405151,-1.4300718307495117,0.4773055652430809,0.49672562968364475,0,0
0.032957758754491806,1.1629788875579834,-1.4297751188278198,0.5020533383504788,0.5075180876681472,0,0
0.03073764592409134,1.160078763961792,-1.4294960498809814,0.5004304120449651,0.49043305016552613,0,0
0.028518395498394966,1.15717613697052,-1.429227590560913,0.4879063424565298,0.4977176051092241,0,0
0.02630000188946724,1.1542713642120361,-1.4289722442626953,0.4955445690612752,0.4894263966709833,0,0
0.024082481861114502,1.1513644456863403,-1.4287292957305908,0.4969930860707856,0.5211902501492955,0,0
0.021865831688046455,1.1484556198120117,-1.4284985065460205,0.5026692673925605,0.49196144483973003,0,0
0.019650066271424294,1.1455450057983398,-1.42827308177948,0.5105126960396268,0.4897294833735028,0,0
0.017435206100344658,1.1426323652267456,-1.4280591011047363,0.4981660045478707,0.4918676750783815,0,0
0.01522128377109766,1.1397184133529663,-1.4278569221496582,0.4920896824590434,0.5050753021596575,0,0
0.013008298352360725,1.1368027925491333,-1.4276654720306396,0.5021368537814334,0.49412533858231267,0,0
0.010796247981488705,1.1338859796524048,-1.427480697631836,0.514096231516422,0.5068013746941086,0,0
0.008585115894675255,1.1309677362442017,-1.4273011684417725,0.5047411822502984,0.5150024446954782,0,0
0.0063748834654688835,1.128048062324524,-1.4271339178085327,0.5042072363852261,0.5004807677422355,0,0
0.004165537189692259,1.1251271963119507,-1.4269720315933228,0.5002071047424853,0.5026623687439102,0,0
0.0019570626318454742,1.122205376625061,-1.4268170595169067,0.486821202313316,0.503843605953917,0,0
-0.0002505404409021139,1.119282603263855,-1.4266674518585205,0.5157459815568695,0.5095874279072262,0,0
-0.0024572894908487797,1.1163588762283325,-1.426530122756958,0.5016743003893698,0.4974162153382173,0,0
-0.004663190338760614,1.113434076309204,-1.4263980388641357,0.5143968831629052,0.4945478973070526,0,0
-0.0068682716228067875,1.1105083227157593,-1.4262713193893433,0.5004552687468051,0.5035905069714423,0,0
-0.009072557091712952,1.1075818538665771,-1.4261523485183716,0.4957544455676186,0.4888964162852741,0,0
-0.011276070959866047,1.1046544313430786,-1.4260379076004028,0.4891156183787454,0.49169619800458964,0,0
-0.013478833250701427,1.1017265319824219,-1.4259235858917236,0.48906480772040617,0.5138636051013772,0,0
-0.015680862590670586,1.0987977981567383,-1.425815224647522,0.5011249870456042,0.5122745042194911,0,0
-0.017882175743579865,1.0958682298660278,-1.425714135169983,0.5038313445791432,0.49312614692528806,0,0
-0.020082788541913033,1.0929381847381592,-1.4256181716918945,0.4975421183671274,0.49031897365276045,0,0
-0.022282728925347328,1.0900075435638428,-1.4255282878875732,0.4872087391631485,0.509805698732754,0,0
-0.024482013657689095,1.0870763063430786,-1.425438642501831,0.49156640943500685,0.5244034280246247,0,0
-0.02668067254126072,1.0841443538665771,-1.4253541231155396,0.4958953150704503,0.49572866524393405,0,0
-0.028878727927803993,1.081212043762207,-1.4252748489379883,0.4933147934864599,0.49770252101215895,0,0
-0.03107619471848011,1.0782792568206787,-1.4251956939697266,0.48145700336344893,0.5156566262861827,0,0
-0.03327309712767601,1.0753458738327026,-1.4251244068145752,0.5053019923152847,0.5125390747934903,0,0
-0.035469453781843185,1.0724120140075684,-1.4250532388687134,0.48934451784855065,0.5151174768948017,0,0
-0.037665270268917084,1.0694776773452759,-1.4249871969223022,0.4925382036616235,0.5033471317507799,0,0
-0.039860572665929794,1.0665429830551147,-1.4249212741851807,0.5043232799225036,0.5090639415041699,0,0
-0.042055387049913406,1.063607931137085,-1.4248613119125366,0.4996591657442542,0.49136473749490767,0,0
-0.04424973577260971,1.0606725215911865,-1.4248013496398926,0.49733474416096407,0.5100537849126848,0,0
-0.0464436300098896,1.0577365159988403,-1.4247486591339111,0.5083148987063374,0.49090125878175683,0,0
-0.048637084662914276,1.0548001527786255,-1.4246959686279297,0.5032895281461128,0.5009808349793142,0,0
-0.05083012580871582,1.051863431930542,-1.4246482849121094,0.5079246631257319,0.4956580136970014,0,0
-0.05302276089787483,1.0489263534545898,-1.4246007204055786,0.49601313051693713,0.48980588724455215,0,0
-0.05521499365568161,1.0459892749786377,-1.4245531558990479,0.4976838207118,0.49804355680639095,0,0
-0.05740685015916824,1.0430517196655273,-1.42451012134552,0.512045531643025,0.47699407236165664,0,0
-0.05959835648536682,1.040113925933838,-1.4244672060012817,0.5035534705007018,0.5275627982595645,0,0
-0.06178952381014824,1.0371760129928589,-1.4244240522384644,0.5070309568719742,0.4871193571289389,0,0
-0.0639803558588028,1.0342376232147217,-1.4243887662887573,0.4898210937197325,0.5153097767157474,0,0
-0.06617087870836258,1.0312988758087158,-1.4243535995483398,0.49652198542861026,0.5129960790565461,0,0
-0.06836110353469849,1.02836012840271,-1.4243183135986328,0.49772736005473467,0.49634387760095605,0,0
-0.07055103033781052,1.025420904159546,-1.4242883920669556,0.5060674049225109,0.48799272326735726,0,0
-0.07274067401885986,1.0224817991256714,-1.4242587089538574,0.4914191660171312,0.491389446991738,0,0
-0.07493004947900772,1.0195423364639282,-1.4242286682128906,0.5084917695901303,0.5027193905150547,0,0
-0.07711916416883469,1.0166025161743164,-1.4241986274719238,0.5050538446290087,0.5079617319468529,0,0
-0.07930802553892136,1.0136628150939941,-1.4241758584976196,0.4920276748976715,0.5175704355248828,0,0
-0.08149666339159012,1.0107227563858032,-1.4241529703140259,0.5038334789798687,0.48978277896517536,0,0
-0.08368507027626038,1.0077825784683228,-1.4241302013397217,0.49294351856295976,0.4963247696159768,0,0
-0.08587325364351273,1.0048421621322632,-1.4241071939468384,0.489826175755801,0.5008578046814685,0,0
-0.08806123584508896,1.001901626586914,-1.4240844249725342,0.5037485820055609,0.5116499005762853,0,0
-0.09024901688098907,0.9989609122276306,-1.4240667819976807,0.488283536352464,0.5032286623637573,0,0
-0.09243661165237427,0.9960201382637024,-1.4240490198135376,0.5057069922275214,0.5041373689272731,0,0
-0.09462403506040573,0.9930791854858398,-1.4240316152572632,0.49652090276523086,0.5190368636043654,0,0
-0.09681126475334167,0.9901381134986877,-1.4240139722824097,0.4937827776103875,0.5185091841106132,0,0
-0.09899833798408508,0.9871967434883118,-1.4239963293075562,0.5095744203509612,0.49183132765580106,0,0
-0.10118524730205536,0.9842554330825806,-1.4239786863327026,0.4894791785156639,0.5026344671092746,0,0
-0.1033720076084137,0.9813138842582703,-1.423966407775879,0.4820650488521832,0.4923638183316292,0,0
-0.1055586114525795,0.97837233543396,-1.4239541292190552,0.5090877914158568,0.5155932459086523,0,0
-0.10774508863687515,0.9754305481910706,-1.4239418506622314,0.5102542105701248,0.4859840560065358,0,0
-0.10993144661188126,0.9724887013435364,-1.4239294528961182,0.5135057393685142,0.4973491714177225,0,0
-0.11211762577295303,0.9695467352867126,-1.4239171743392944,0.5059373034456814,0.49765568871179006,0,0
-0.11430372297763824,0.9666048288345337,-1.4239048957824707,0.5048556646950192,0.4976088486636478,0,0
-0.1164897009730339,0.9636627435684204,-1.4238924980163574,0.47711346397714793,0.5210467180734347,0,0
-0.11867555975914001,0.9607204794883728,-1.4238801002502441,0.5073010874612621,0.5021759073760115,0,0
-0.12086132168769836,0.9577781558036804,-1.4238678216934204,0.5016265685713075,0.4889550075842828,0,0
-0.12304697930812836,0.954835832118988,-1.4238626956939697,0.5148014008900452,0.5038987314841509,0,0
-0.1252325475215912,0.9518933296203613,-1.42385733127594,0.4958334450119677,0.49159992169270705,0,0
-0.12741801142692566,0.9489508867263794,-1.4238520860671997,0.5027812538168925,0.5068993628714157,0,0
-0.12960338592529297,0.9460083842277527,-1.42384672164917,0.4978656694398675,0.5032738493741495,0,0
-0.1317887008190155,0.9430657029151917,-1.4238415956497192,0.5037124687571006,0.5008345247507027,0,0
-0.1339738965034485,0.9401229023933411,-1.4238362312316895,0.5020664910354183,0.4912484598600532,0,0
-0.1361590474843979,0.93718022108078,-1.4238309860229492,0.48931205895915847,0.5055021288751628,0,0
-0.13834412395954132,0.9342374801635742,-1.4238256216049194,0.5028024429376489,0.5003180094637806,0,0
-0.1405290961265564,0.9312946796417236,-1.4238202571868896,0.5012952043403794,0.4908244614504543,0,0
-0.14271403849124908,0.9283517599105835,-1.423815131187439,0.49697613502403726,0.5041614519418959,0,0
-0.1448988914489746,0.9254088401794434,-1.4238097667694092,0.49767672393467005,0.5016210102503523,0,0
-0.14708366990089417,0.9224658012390137,-1.423804521560669,0.5097327618909036,0.49454213315944046,0,0
-0.14926841855049133,0.9195228219032288,-1.4237992763519287,0.4926204595088858,0.5015959002676696,0,0
-0.15145310759544373,0.9165797233581543,-1.4237940311431885,0.49158996323673654,0.5014969394285508,0,0
-0.15363775193691254,0.9136365652084351,-1.4237886667251587,0.4986046984854752,0.49370604814127345,0,0
-0.15582235157489777,0.9106935262680054,-1.423783540725708,0.5107085379804439,0.4866125023784652,0,0
-0.1580069214105606,0.9077502489089966,-1.423783540725708,0.5182090782784274,0.5025431386124102,0,0
-0.16019144654273987,0.9048069715499878,-1.423783540725708,0.4996718750991554,0.48906089059129454,0,0
-0.16237592697143555,0.9018638730049133,-1.423783540725708,0.5095022803800842,0.5111631768216975,0,0
-0.16456037759780884,0.8989204168319702,-1.423783540725708,0.5060773940292815,0.500395314265808,0,0
-0.16674481332302094,0.8959771394729614,-1.423783540725708,0.4997043969297323,0.5019328733829529,0,0
-0.16892918944358826,0.8930338025093079,-1.423783540725708,0.5048842308524083,0.49066473933091137,0,0
-0.1711135059595108,0.8900903463363647,-1.423783540725708,0.49805446240634027,0.4949870525350912,0,0
-0.17329782247543335,0.887147068977356,-1.423783540725708,0.4978917760399611,0.5104990036296163,0,0
-0.17548206448554993,0.8842034935951233,-1.423783540725708,0.4875331899146516,0.4973335510292639,0,0
-0.1776663064956665,0.8812602758407593,-1.423783540725708,0.49271866334324677,0.5120424739493644,0,0
-0.1798504889011383,0.8783166408538818,-1.423783540725708,0.5068923645467169,0.5128661292496063,0,0
-0.1820346564054489,0.8753733038902283,-1.423783540725708,0.504217346640422,0.48102743235421075,0,0
-0.18421877920627594,0.872429609298706,-1.423783540725708,0.5179489044196415,0.48905197688542085,0,0
-0.18640285730361938,0.8694860935211182,-1.423783540725708,0.5071792060000163,0.5031132714497042,0,0
-0.18858687579631805,0.8665424585342407,-1.423783540725708,0.48463052914145677,0.5088696627214617,0,0
-0.19077086448669434,0.8635988235473633,-1.423783540725708,0.5050462795729238,0.5121713874452685,0,0
-0.19295482337474823,0.8606550693511963,-1.423783540725708,0.49789157944044093,0.48404968613697313,0,0
-0.19513875246047974,0.8577113151550293,-1.423783540725708,0.4964414591981923,0.4895231005822551,0,0
-0.19732265174388885,0.8547675609588623,-1.423783540725708,0.5096550680362245,0.5011229681098451,0,0
-0.1995064914226532,0.8518238663673401,-1.423783540725708,0.4956719281845447,0.4973645792385346,0,0
-0.20169031620025635,0.8488801121711731,-1.423783540725708,0.5051960536096496,0.5136189163566752,0,0
-0.2038741260766983,0.8459363579750061,-1.423783540725708,0.4972843943655819,0.48237458143519923,0,0
-0.20605790615081787,0.8429924845695496,-1.423783540725708,0.4973577128272703,0.5116436904027154,0,0
-0.20824162662029266,0.8400486707687378,-1.423783540725708,0.49384015977935863,0.5126582039848143,0,0
-0.21042531728744507,0.8371047377586365,-1.423783540725708,0.5114428975156449,0.519847080821682,0,0
-0.2126089483499527,0.8341607451438904,-1.423783540725708,0.5095349803171972,0.5179436186460182,0,0
-0.21479256451129913,0.8312168121337891,-1.423783540725708,0.4984335753609533,0.51150121224936,0,0
-0.21697615087032318,0.8282728791236877,-1.423783540725708,0.49194456155054206,0.5067779363176793,0,0
-0.21915967762470245,0.8253289461135864,-1.423783540725708,0.4811950975233254,0.5144035818611504,0,0
-0.22134317457675934,0.8223850131034851,-1.423783540725708,0.5122032727439615,0.5013032475258452,0,0
-0.22352665662765503,0.8194407820701599,-1.423783540725708,0.50915493103376,0.4902672070168443,0,0
-0.22571010887622833,0.8164968490600586,-1.423783540725708,0.49695136666814993,0.4910882901470579,0,0
-0.22789348661899567,0.8135526180267334,-1.423783540725708,0.5125100982557684,0.5076258688442221,0,0
-0.23007681965827942,0.8106086254119873,-1.423783540725708,0.500118120503431,0.5010770275861812,0,0
-0.23226015269756317,0.8076642155647278,-1.423783540725708,0.48142991721584616,0.5147476798706874,0,0
-0.23444344103336334,0.8047201633453369,-1.423783540725708,0.5203586026704401,0.5007590320464316,0,0
-0.23662668466567993,0.8017758727073669,-1.423783540725708,0.5020670116443757,0.49433030201051764,0,0
-0.23880992829799652,0.7988317012786865,-1.423783540725708,0.4989953666216259,0.49375653590794355,0,0
-0.24099312722682953,0.7958874702453613,-1.423783540725708,0.5075112039870558,0.5017669359409472,0,0
-0.24317629635334015,0.7929431200027466,-1.423783540725708,0.4819766849329959,0.49535392660112854,0,0
-0.24535943567752838,0.7899988889694214,-1.423783540725708,0.5124718521067658,0.48987441425020783,0,0
-0.24754250049591064,0.7870543599128723,-1.423783540725708,0.5093721243493698,0.4919625029020969,0,0
-0.2497255504131317,0.7841100692749023,-1.423783540725708,0.49942363081962704,0.48740624880876465,0,0
-0.2519085705280304,0.781165599822998,-1.423783540725708,0.4957745888544556,0.485383308336844,0,0
-0.2540915608406067,0.7782211303710938,-1.423783540725708,0.4883705824328014,0.4920352532101931,0,0
-0.2562744915485382,0.7752767205238342,-1.423783540725708,0.49433908314350544,0.5055472785859485,0,0
-0.2584574222564697,0.7723321318626404,-1.423783540725708,0.4799264512539207,0.48830599639763367,0,0
-0.26064032316207886,0.7693877816200256,-1.423783540725708,0.4953945248096539,0.5049391547368385,0,0
-0.2628231942653656,0.7664432525634766,-1.423783540725708,0.5106803173657259,0.5194661701263397,0,0
-0.26500603556632996,0.7634986042976379,-1.423783540725708,0.5035516377627688,0.4975204392034672,0,0
-0.26718881726264954,0.7605540752410889,-1.423783540725708,0.48684688593963943,0.5041357676086559,0,0
-0.2693715989589691,0.7576093077659607,-1.423783540725708,0.5081411485157911,0.5019165608276561,0,0
-0.2715543508529663,0.7546646595001221,-1.423783540725708,0.4926946447797297,0.5111089965368051,0,0
-0.2737370431423187,0.751720130443573,-1.423783540725708,0.5089276724589831,0.48624993859319904,0,0
-0.27591970562934875,0.7487752437591553,-1.423783540725708,0.49711069591214163,0.4943132947915093,0,0
-0.2781023681163788,0.7458307147026062,-1.423783540725708,0.5062461366888212,0.49467335127732825,0,0
-0.28028494119644165,0.7428860068321228,-1.423783540725708,0.5107789596076293,0.4884133598422683,0,0
-0.2824675440788269,0.7399411201477051,-1.423783540725708,0.49509286124686097,0.49410219483686574,0,0
-0.2846500873565674,0.7369964122772217,-1.423783540725708,0.512882006598293,0.48979201424515645,0,0
-0.2868326008319855,0.7340514659881592,-1.423783540725708,0.5040960933937052,0.5114222889153512,0,0
-0.28901511430740356,0.7311066389083862,-1.423783540725708,0.4995795052146626,0.49407499332616206,0,0
-0.2911975681781769,0.7281618714332581,-1.423783540725708,0.4936188090187421,0.4915937157016511,0,0
-0.2933799624443054,0.7252169251441956,-1.423783540725708,0.4887399293325422,0.49589114925731204,0,0
-0.29556235671043396,0.7222720980644226,-1.423783540725708,0.5012982162719273,0.5079654424447978,0,0
-0.2977447211742401,0.7193272113800049,-1.423783540725708,0.5132238370163712,0.48740381105656,0,0
-0.2999270558357239,0.7163821458816528,-1.423783540725708,0.49148631560883077,0.5023337600227658,0,0
-0.30210939049720764,0.7134371995925903,-1.423783540725708,0.47877367093206513,0.48518279005498455,0,0
-0.30429166555404663,0.7104922533035278,-1.423783540725708,0.5164059208455575,0.4975627947021643,0,0
-0.30647391080856323,0.7075471878051758,-1.423783540725708,0.5108176187689123,0.49344402995948755,0,0
-0.30865612626075745,0.7046023011207581,-1.423783540725708,0.5055689763954885,0.5063549982637996,0,0
-0.3108383119106293,0.7016571760177612,-1.423783540725708,0.49934680084083993,0.5103725269090161,0,0
-0.3130204677581787,0.6987121105194092,-1.423783540725708,0.4955715917486811,0.49365142405687723,0,0
-0.31520259380340576,0.6957669854164124,-1.423783540725708,0.4882776360122473,0.48898139492701526,0,0
-0.3173846900463104,0.6928219199180603,-1.423783540725708,0.5112867001269987,0.4959522404672179,0,0
-0.3195667266845703,0.6898767352104187,-1.423783540725708,0.503591775624998,0.49696866362089814,0,0
-0.3217487633228302,0.6869316101074219,-1.423783540725708,0.49627396362090037,0.48762528498128493,0,0
-0.3239307701587677,0.6839863657951355,-1.423783540725708,0.49642146915094715,0.48985962987500303,0,0
-0.3261127471923828,0.6810411214828491,-1.423783540725708,0.5138082202818233,0.4942137839798854,0,0
-0.32829469442367554,0.6780958771705627,-1.423783540725708,0.5001264093733904,0.4882101747387981,0,0
-0.3304766118526459,0.6751506924629211,-1.423783540725708,0.499322936215894,0.5068793412348424,0,0
-0.3326584994792938,0.6722054481506348,-1.423783540725708,0.4952427624614514,0.5066863265592335,0,0
-0.33484041690826416,0.6692602038383484,-1.423783540725708,0.4959121723296346,0.5143523750585645,0,0
-0.3370223343372345,0.666314959526062,-1.423783540725708,0.5156580225429823,0.49376526882468985,0,0
-0.3392043113708496,0.6633697152137756,-1.423783540725708,0.5078764930000607,0.4914381178107159,0,0
-0.3413863182067871,0.6604244709014893,-1.423783540725708,0.49076278110984106,0.5079609004994203,0,0
-0.343568354845047,0.6574792861938477,-1.423783540725708,0.4926554925310612,0.5101927386499583,0,0
-0.34575048089027405,0.654534101486206,-1.423783540725708,0.48889135907406583,0.49177761692343847,0,0
-0.3479326069355011,0.6515889167785645,-1.423783540725708,0.5026286231855612,0.4924074928060289,0,0
-0.3501147925853729,0.6486436128616333,-1.423783540725708,0.5064626420339519,0.4942216138627468,0,0
-0.35229694843292236,0.6456984281539917,-1.423783540725708,0.5032496444806845,0.4998050333618914,0,0
-0.3544791042804718,0.6427533030509949,-1.423783540725708,0.48414974512917003,0.4825874746885297,0,0
-0.356661319732666,0.6398082375526428,-1.423783540725708,0.49748878453632556,0.5023709028743383,0,0
-0.3588435649871826,0.6368631720542908,-1.423783540725708,0.49413978666328884,0.5078428126667897,0,0
-0.361025869846344,0.633918046951294,-1.423783540725708,0.5161929065074503,0.49071370357182087,0,0
-0.36320817470550537,0.6309729814529419,-1.423783540725708,0.48309499874090145,0.4848414202248179,0,0
-0.36539050936698914,0.6280279755592346,-1.423783540725708,0.5029190076287954,0.5153300668745031,0,0
-0.3675728738307953,0.6250830292701721,-1.423783540725708,0.4993574658210394,0.4827265782822583,0,0
-0.36975526809692383,0.6221380233764648,-1.423783540725708,0.5035925799264319,0.4857721184376457,0,0
-0.37193766236305237,0.6191930174827576,-1.423783540725708,0.49783154218187886,0.49575147323160573,0,0
-0.37412014603614807,0.6162480115890503,-1.423783540725708,0.5044833215067406,0.5042616594223215,0,0
-0.3763026297092438,0.6133030652999878,-1.423783540725708,0.503349697836034,0.5012770461076272,0,0
-0.37848514318466187,0.6103581190109253,-1.423783540725708,0.5058902515440125,0.4915513403508754,0,0
-0.38066768646240234,0.6074131727218628,-1.423783540725708,0.5096524908797609,0.5086950431978116,0,0
-0.3828502893447876,0.6044682264328003,-1.423783540725708,0.5180606047883338,0.5090358781002643,0,0
-0.3850328326225281,0.6015233397483826,-1.423783540725708,0.49578618574304484,0.4998409129449206,0,0
-0.3872154653072357,0.5985784530639648,-1.423783540725708,0.49797929976994587,0.4929825097301953,0,0
-0.3893981873989105,0.5956336259841919,-1.423783540725708,0.5041911591797911,0.492289966452299,0,0
-0.39158084988594055,0.5926887392997742,-1.423783540725708,0.5016174684695082,0.5049065847796522,0,0
-0.39376357197761536,0.589743971824646,-1.423783540725708,0.5004370755546722,0.49028679530995506,0,0
-0.39594635367393494,0.5867990851402283,-1.423783540725708,0.5030349055756734,0.497765873728748,0,0
-0.39812910556793213,0.5838542580604553,-1.423783540725708,0.49960392946884363,0.48327471472871764,0,0
-0.4003118574619293,0.5809094309806824,-1.423783540725708,0.48485687616501416,0.5007285719279545,0,0
-0.4024946987628937,0.5779646635055542,-1.423783540725708,0.5143632935437338,0.5002487504598998,0,0
-0.40467748045921326,0.575019896030426,-1.423783540725708,0.5061481284125259,0.5086417941844888,0,0
-0.4068603813648224,0.5720751285552979,-1.423783540725708,0.5213435489570681,0.5105864717951683,0,0
-0.4090432822704315,0.5691303610801697,-1.423783540725708,0.49913924028792755,0.5085673729128583,0,0
-0.41122615337371826,0.5661856532096863,-1.423783540725708,0.49475124269828435,0.49787860711703597,0,0
-0.4134090840816498,0.5632409453392029,-1.423783540725708,0.4961340146173117,0.49289472724817596,0,0
-0.41559210419654846,0.5602962374687195,-1.423783540725708,0.48855987920615485,0.49312767894612375,0,0
-0.41777512431144714,0.5573515892028809,-1.423783540725708,0.5027129165166527,0.4983018909913093,0,0
-0.41995811462402344,0.5544069409370422,-1.423783540725708,0.5099522073460214,0.49424293932027424,0,0
-0.4221411943435669,0.5514622926712036,-1.423783540725708,0.49422362259467534,0.5095390864889445,0,0
-0.42432430386543274,0.548517644405365,-1.423783540725708,0.5045809626386293,0.4987086908078046,0,0
-0.42650747299194336,0.5455729961395264,-1.423783540725708,0.5128671844157064,0.4982659447956614,0,0
-0.4286905825138092,0.5426283478736877,-1.423783540725708,0.49919735439575474,0.5151658970708031,0,0
-0.4308737516403198,0.5396836996078491,-1.423783540725708,0.4999940423449778,0.49720724552712187,0,0
-0.43305692076683044,0.5367391109466553,-1.423783540725708,0.5070298349723683,0.4919871989251076,0,0
-0.43524011969566345,0.5337945222854614,-1.423783540725708,0.507634085468525,0.4920075909186598,0,0
-0.4374234080314636,0.5308499336242676,-1.423783540725708,0.5008438617951095,0.5100749527915975,0,0
-0.4396066665649414,0.5279054045677185,-1.423783540725708,0.4974670479523586,0.5162158707988038,0,0
-0.4417899250984192,0.5249608755111694,-1.423783540725708,0.4964995695530286,0.49386491701978275,0,0
-0.44397324323654175,0.5220163464546204,-1.423783540725708,0.4980282218811268,0.5079535145233586,0,0
-0.4461566209793091,0.5190718173980713,-1.423783540725708,0.5016504694556736,0.4980048114370432,0,0
-0.44833996891975403,0.5161272883415222,-1.423783540725708,0.49773668460279497,0.5046165538253505,0,0
-0.45052334666252136,0.5131828188896179,-1.423783540725708,0.5124220460368432,0.5010325680978159,0,0
-0.45270678400993347,0.5102383494377136,-1.423783540725708,0.4910126888863652,0.4904797740305461,0,0
-0.4548901915550232,0.5072938799858093,-1.423783540725708,0.5072323908547469,0.5015597525910181,0,0
-0.4570736587047577,0.504349410533905,-1.423783540725708,0.5074398660422079,0.5052406757102147,0,0
-0.4592571556568146,0.5014050006866455,-1.423783540725708,0.4854062295790626,0.5079652008591934,0,0
-0.46144065260887146,0.498460590839386,-1.423783540725708,0.48698928797415514,0.5013288657587877,0,0
-0.4636242091655731,0.49551618099212646,-1.423783540725708,0.4946012907064644,0.4934144233493641,0,0
-0.4658077359199524,0.49257180094718933,-1.423783540725708,0.5001661968343191,0.5120520084470087,0,0
-0.46799132227897644,0.4896273910999298,-1.423783540725708,0.5129952305023783,0.49874004240289577,0,0
-0.47017499804496765,0.4866830110549927,-1.423783540725708,0.4986263901921361,0.4915377167501927,0,0
-0.4723586142063141,0.48373866081237793,-1.423783540725708,0.5148950950435928,0.5009037093314723,0,0
-0.4745422601699829,0.4807942807674408,-1.423783540725708,0.4975507505201916,0.4951807681832754,0,0
-0.4767259359359741,0.4778499901294708,-1.423783540725708,0.5099778436652864,0.49727939235438046,0,0
-0.4789096713066101,0.47490566968917847,-1.423783540725708,0.5049593392939972,0.4963831392927506,0,0
-0.4810933470726013,0.4719613194465637,-1.423783540725708,0.49237625154610953,0.4896387524880621,0,0
-0.4832771122455597,0.46901702880859375,-1.423783540725708,0.5102961712071942,0.5096958171943202,0,0
-0.48546090722084045,0.46607276797294617,-1.423783540725708,0.5203540460796862,0.4979286681588207,0,0
-0.48764467239379883,0.4631284773349762,-1.423783540725708,0.49613537768393895,0.4996110948427822,0,0
-0.4898284673690796,0.4601842164993286,-1.423783540725708,0.4944992538853079,0.49160045959046184,0,0
-0.4920123219490051,0.4572399854660034,-1.423783540725708,0.5073649369163861,0.5207644577755177,0,0
-0.49419617652893066,0.4542957544326782,-1.423783540725708,0.507648978501494,0.483322440584168,0,0
-0.4963800609111786,0.4513515532016754,-1.423783540725708,0.49222290792789064,0.5157517071613992,0,0
-0.4985640048980713,0.4484073221683502,-1.423783540725708,0.5105480175559901,0.5067482464970164,0,0
-0.5007479190826416,0.4454631507396698,-1.423783540725708,0.4939333001287199,0.5206829467745782,0,0
-0.5029318928718567,0.442518949508667,-1.423783540725708,0.48936010936492685,0.5062063391735846,0,0
-0.5051158666610718,0.4395747482776642,-1.423783540725708,0.49686806674296596,0.5053374134895707,0,0
-0.5072998404502869,0.43663057684898376,-1.423783540725708,0.5041472835207625,0.4989935083323252,0,0
-0.5094839334487915,0.43368643522262573,-1.423783540725708,0.49882713075403423,0.517878677466182,0,0
-0.5116679668426514,0.4307422935962677,-1.423783540725708,0.49684516064293716,0.5005823419578567,0,0
-0.513852059841156,0.42779821157455444,-1.423783540725708,0.4985148251954265,0.4902408575778499,0,0
-0.5160362124443054,0.4248540997505188,-1.423783540725708,0.5045317052049005,0.5097409996918717,0,0
-0.5182203054428101,0.42190998792648315,-1.423783540725708,0.5023051255882957,0.5005881275646472,0,0
-0.5204044580459595,0.4189658761024475,-1.423783540725708,0.48675764102935903,0.5011794898228756,0,0
-0.5225886106491089,0.41602182388305664,-1.423783540725708,0.5065050111223569,0.4983666847609249,0,0
-0.5247728228569031,0.4130777418613434,-1.423783540725708,0.5024366673341688,0.48185061298382037,0,0
-0.5269570350646973,0.4101337492465973,-1.423783540725708,0.4773730395726504,0.5069900383913464,0,0
-0.5291412472724915,0.4071896970272064,-1.423783540725708,0.5019968144439064,0.5183406301854995,0,0
-0.5313254594802856,0.40424567461013794,-1.423783540725708,0.49706035863323855,0.5008167174800042,0,0
-0.5335096716880798,0.40130165219306946,-1.423783540725708,0.49738222279058125,0.4877399602404815,0,0
-0.5356939435005188,0.398357629776001,-1.423783540725708,0.4923723781037733,0.48697854117184325,0,0
-0.537878155708313,0.3954136371612549,-1.423783540725708,0.4985956620384154,0.5039343929264697,0,0
-0.5400624871253967,0.3924696743488312,-1.423783540725708,0.4927335194280933,0.5085530150307067,0,0
-0.5422468185424805,0.38952571153640747,-1.423783540725708,0.4946447216696601,0.49945494057245005,0,0
-0.5444310903549194,0.38658177852630615,-1.423783540725708,0.5104389733081117,0.4942159562556738,0,0
-0.5466155409812927,0.38363784551620483,-1.423783540725708,0.49361794420352284,0.522296816684038,0,0
-0.5487998723983765,0.3806939423084259,-1.423783540725708,0.5133174205141015,0.4918694521938189,0,0
-0.550984263420105,0.3777500092983246,-1.423783540725708,0.4794725524136633,0.4925811624569506,0,0
-0.553168773651123,0.3748060464859009,-1.423783540725708,0.5062340600787067,0.49201185457466684,0,0
-0.5553532242774963,0.37186211347579956,-1.423783540725708,0.5022335924597638,0.5042400485557899,0,0
-0.5575376749038696,0.36891818046569824,-1.423783540725708,0.4950601755242245,0.49620698809459013,0,0
-0.5597221255302429,0.3659742772579193,-1.423783540725708,0.4973053687946091,0.5141331940445635,0,0
-0.5619066953659058,0.3630303740501404,-1.423783540725708,0.5000496072229982,0.4885295965061808,0,0
-0.5640913248062134,0.36008650064468384,-1.423783540725708,0.4957974534031772,0.4907618468980058,0,0
-0.5662758946418762,0.35714271664619446,-1.423783540725708,0.48826240232839696,0.4937763062237718,0,0
-0.5684605240821838,0.3541988730430603,-1.423783540725708,0.4969159057099704,0.48764099193201343,0,0
-0.5706450939178467,0.35125505924224854,-1.423783540725708,0.4986150171886264,0.507369293897855,0,0
-0.5728297233581543,0.34831124544143677,-1.423783540725708,0.488034375871965,0.47155315389305136,0,0
-0.5750142931938171,0.345367431640625,-1.423783540725708,0.5094518640370514,0.49479071398286106,0,0
-0.5771989822387695,0.34242361783981323,-1.423783540725708,0.5014899179107385,0.503252159679166,0,0
-0.5793836712837219,0.33947983384132385,-1.423783540725708,0.4986224227292137,0.512919317077375,0,0
-0.5815683603286743,0.3365360200405121,-1.423783540725708,0.5091966173801232,0.504620432182329,0,0
-0.5837529897689819,0.3335922360420227,-1.423783540725708,0.4936721255260375,0.5179604233463292,0,0
-0.5859377384185791,0.3306484520435333,-1.423783540725708,0.5052627893398168,0.5105236248631245,0,0
-0.5881224870681763,0.32770469784736633,-1.423783540725708,0.5114326258789698,0.5092949623355882,0,0
-0.5903072357177734,0.32476091384887695,-1.423783540725708,0.4942970869280717,0.5136011136964461,0,0
-0.5924919843673706,0.32181718945503235,-1.423783540725708,0.5143891823434464,0.48999928218179317,0,0
-0.5946768522262573,0.31887346506118774,-1.423783540725708,0.5085321546611606,0.5103677279020933,0,0
-0.5968616604804993,0.3159297704696655,-1.423783540725708,0.49458928967183075,0.49928581365573665,0,0
-0.599046528339386,0.3129860460758209,-1.423783540725708,0.509327399842114,0.49933808045949685,0,0
-0.6012313961982727,0.31004229187965393,-1.423783540725708,0.5018157591224462,0.49098609568627044,0,0
-0.6034162640571594,0.3070985972881317,-1.423783540725708,0.5101322564421903,0.519391623564016,0,0
-0.6056011319160461,0.3041549324989319,-1.423783540725708,0.5086574447071446,0.5001402541583723,0,0
-0.6077861189842224,0.30121126770973206,-1.423783540725708,0.5080103250122526,0.4978667881617272,0,0
-0.6099710464477539,0.2982676327228546,-1.423783540725708,0.5077907992162732,0.511094726413124,0,0
-0.6121560335159302,0.29532402753829956,-1.423783540725708,0.5025163919085128,0.5054644815565217,0,0
-0.6143410205841064,0.2923803925514221,-1.423783540725708,0.5161172932636121,0.5012743477315449,0,0
-0.6165259480476379,0.2894367575645447,-1.423783540725708,0.4953485485978597,0.49246610375048916,0,0
-0.618710994720459,0.28649312257766724,-1.423783540725708,0.5121929415858387,0.4996583915068266,0,0
-0.62089604139328,0.2835494875907898,-1.423783540725708,0.5009502336528875,0.5037867923128284,0,0
-0.6230810284614563,0.28060585260391235,-1.423783540725708,0.48478094105091374,0.5001087936342934,0,0
-0.6252661347389221,0.2776622474193573,-1.423783540725708,0.4978870039389745,0.4979866996807941,0,0
-0.6274512410163879,0.27471867203712463,-1.423783540725708,0.5143006525693951,0.4767344819700726,0,0
-0.6296363472938538,0.27177512645721436,-1.423783540725708,0.5114738564789524,0.5051391373460691,0,0
-0.6318213939666748,0.26883161067962646,-1.423783540725708,0.5065499081510578,0.4879200197021517,0,0
-0.6340066194534302,0.2658880650997162,-1.423783540725708,0.5008094240461736,0.49954137839241775,0,0
-0.6361918449401855,0.26294445991516113,-1.423783540725708,0.4943566737745436,0.5005491311813006,0,0
-0.6383770108222961,0.26000097393989563,-1.423783540725708,0.48849698823088716,0.4916570209412799,0,0
-0.6405621767044067,0.25705745816230774,-1.423783540725708,0.5077096528052277,0.5018851457738958,0,0
-0.6427474021911621,0.25411394238471985,-1.423783540725708,0.5063989708717417,0.4868519388214073,0,0
-0.6449326276779175,0.25117048621177673,-1.423783540725708,0.49600459431310684,0.4949757870265365,0,0
-0.6471179127693176,0.24822698533535004,-1.423783540725708,0.49779626643617697,0.5105737106739339,0,0
-0.6493031978607178,0.24528348445892334,-1.423783540725708,0.4981247874388522,0.501747590700829,0,0
-0.6514884829521179,0.24233996868133545,-1.423783540725708,0.4965580247762142,0.504043496261995,0,0
-0.6536737680435181,0.23939654231071472,-1.423783540725708,0.49408471815827104,0.4885021316506321,0,0
-0.6558590531349182,0.236453115940094,-1.423783540725708,0.4929948337038565,0.5126172298810205,0,0
-0.6580443978309631,0.23350965976715088,-1.423783540725708,0.4894452065193381,0.5046554236094739,0,0
-0.6602297425270081,0.23056623339653015,-1.423783540725708,0.4915808239737402,0.5056341139718511,0,0
-0.662415087223053,0.22762280702590942,-1.423783540725708,0.48327433949822285,0.4980588587220309,0,0
-0.6646004915237427,0.22467942535877228,-1.423783540725708,0.49883438720164774,0.47865609024432526,0,0
-0.6667859554290771,0.22173599898815155,-1.423783540725708,0.49412315990129535,0.4987610593797188,0,0
-0.6689713597297668,0.2187926024198532,-1.423783540725708,0.49665609386067816,0.49809725583417935,0,0
-0.6711568236351013,0.21584922075271606,-1.423783540725708,0.48582483314135483,0.48724068210274607,0,0
-0.6733422875404358,0.2129058539867401,-1.423783540725708,0.5002665439438708,0.5044191071421377,0,0
-0.6755277514457703,0.20996248722076416,-1.423783540725708,0.49189977541454644,0.4886104170409053,0,0
-0.6777132153511047,0.2070191204547882,-1.423783540725708,0.49825348432812583,0.49289756212302765,0,0
-0.679898738861084,0.20407575368881226,-1.423783540725708,0.5019087002955175,0.48599384143388125,0,0
-0.682084321975708,0.20113243162631989,-1.423783540725708,0.5119100085299035,0.49900168977043596,0,0
-0.684269905090332,0.19818907976150513,-1.423783540725708,0.5035647027551052,0.507408596693661,0,0
-0.6864554286003113,0.19524574279785156,-1.423783540725708,0.49898995943460034,0.5031772556088058,0,0
-0.6886410117149353,0.19230245053768158,-1.423783540725708,0.5019494368961557,0.4980084399097894,0,0
-0.6908266544342041,0.18935911357402802,-1.423783540725708,0.5088717117504603,0.4907454855114672,0,0
-0.6930122375488281,0.18641580641269684,-1.423783540725708,0.49962451022292437,0.5032733604957589,0,0
-0.6951978206634521,0.18347251415252686,-1.423783540725708,0.482584814021824,0.5136614258611342,0,0
-0.697383463382721,0.18052923679351807,-1.423783540725708,0.5089854301465637,0.49617410133981404,0,0
-0.6995691061019897,0.17758595943450928,-1.423783540725708,0.5141039576766403,0.503792010643957,0,0
-0.7017547488212585,0.1746426820755005,-1.423783540725708,0.5143341313987331,0.49435978987022655,0,0
-0.7039403915405273,0.1716994345188141,-1.423783540725708,0.5134922880959694,0.4825883258196357,0,0
-0.7061260342597961,0.16875620186328888,-1.423783540725708,0.5014697552391684,0.48610370770353506,0,0
-0.7083116769790649,0.16581295430660248,-1.423783540725708,0.49240291468802233,0.49932773206282993,0,0
-0.7104973793029785,0.16286973655223846,-1.423783540725708,0.48113943248789687,0.504558624397861,0,0
-0.7126830220222473,0.15992648899555206,-1.423783540725708,0.5023188847191294,0.4946225299287799,0,0
-0.7148687839508057,0.15698327124118805,-1.423783540725708,0.48204939206687825,0.5049604035472216,0,0
-0.717054545879364,0.15404003858566284,-1.423783540725708,0.5050584480963743,0.5148392162994632,0,0
-0.7192403078079224,0.15109683573246002,-1.423783540725708,0.4952118696627007,0.4868999778622943,0,0
-0.7214260697364807,0.148153617978096,-1.423783540725708,0.49908086874908125,0.509011873170422,0,0
-0.7236118912696838,0.14521044492721558,-1.423783540725708,0.4907299385767402,0.4945562676627829,0,0
-0.725797712802887,0.14226727187633514,-1.423783540725708,0.49793854824565076,0.4991164718093803,0,0
-0.7279835939407349,0.1393240988254547,-1.423783540725708,0.501081967985913,0.5067816710466496,0,0
-0.730169415473938,0.13638095557689667,-1.423783540725708,0.5008194267991676,0.5128094158876992,0,0
-0.7323552370071411,0.13343781232833862,-1.423783540725708,0.5302310022162074,0.4951627861124533,0,0
-0.734541118144989,0.13049468398094177,-1.423783540725708,0.5172679754271096,0.48948616378646653,0,0
-0.7367269992828369,0.12755154073238373,-1.423783540725708,0.467849052870712,0.5027910922602954,0,0
-0.7389128804206848,0.12460841238498688,-1.423783540725708,0.49520992196938296,0.4936922178119152,0,0
-0.7410988211631775,0.12166528403759003,-1.423783540725708,0.48457812793375865,0.5106961813948244,0,0
-0.7432847023010254,0.11872216314077377,-1.423783540725708,0.5081871656627825,0.49388155738890693,0,0
-0.7454706430435181,0.11577905714511871,-1.423783540725708,0.5045716161481426,0.5013758426324332,0,0
-0.7476566433906555,0.11283595860004425,-1.423783540725708,0.49039555949985747,0.5000856108159383,0,0
-0.749842643737793,0.10989286750555038,-1.423783540725708,0.4993379773725831,0.512012667430797,0,0
-0.7520286440849304,0.10694978386163712,-1.423783540725708,0.4909704840199765,0.5014064721931821,0,0
-0.7542146444320679,0.10400670766830444,-1.423783540725708,0.49711975046175616,0.5040150243250889,0,0
-0.7564006447792053,0.10106363147497177,-1.423783540725708,0.507833967197309,0.48873016490292737,0,0
-0.7585867643356323,0.0981205627322197,-1.423783540725708,0.5047460600596664,0.518490974716631,0,0
-0.7607728838920593,0.09517750889062881,-1.423783540725708,0.49735951412709034,0.5194018702147483,0,0
-0.7629589438438416,0.09223445504903793,-1.423783540725708,0.5036952265613263,0.5056113886287643,0,0
-0.765144944190979,0.08929140865802765,-1.423783540725708,0.4863349570520766,0.5021025887794972,0,0
-0.7673310041427612,0.08634838461875916,-1.423783540725708,0.49308554717252834,0.4797573336179409,0,0
-0.7695171236991882,0.08340535312891006,-1.423783540725708,0.47621017519802156,0.5127164805610845,0,0
-0.7717031836509705,0.08046233654022217,-1.423783540725708,0.5016383871467468,0.49328873995217887,0,0
-0.7738892436027527,0.07751932740211487,-1.423783540725708,0.4929932250502312,0.5022759892232823,0,0
-0.7760754227638245,0.07457632571458817,-1.423783540725708,0.5076660668499079,0.5003695783193615,0,0
-0.7782616019248962,0.07163333147764206,-1.423783540725708,0.48869286489645114,0.49443448808781354,0,0
-0.780447781085968,0.06869034469127655,-1.423783540725708,0.49874608940078485,0.4951473336408834,0,0
-0.7826340198516846,0.06574735790491104,-1.423783540725708,0.4997254145021397,0.5053463409401115,0,0
-0.7848201990127563,0.06280438601970673,-1.423783540725708,0.506499338133753,0.4982527662544887,0,0
-0.7870064377784729,0.05986142158508301,-1.423783540725708,0.4794938658405445,0.4938412272384625,0,0
-0.7891926169395447,0.056918464601039886,-1.423783540725708,0.5105717519321114,0.5038779066137745,0,0
-0.7913788557052612,0.053975507616996765,-1.423783540725708,0.5041049787256343,0.5162867204192185,0,0
-0.793565034866333,0.05103256180882454,-1.423783540725708,0.5018574206816473,0.4912428932511701,0,0
-0.7957512736320496,0.04808962717652321,-1.423783540725708,0.4953157952377741,0.4986293964898165,0,0
-0.7979375720024109,0.04514669254422188,-1.423783540725708,0.5057184140115362,0.49768479580067926,0,0
-0.8001238703727722,0.04220376908779144,-1.423783540725708,0.4974344592700288,0.49209275933740526,0,0
-0.8023102283477783,0.039260849356651306,-1.423783540725708,0.4914076202760755,0.49125982760136905,0,0
-0.8044964671134949,0.03631794452667236,-1.423783540725708,0.504854909405415,0.5092865628463626,0,0
-0.806682825088501,0.03337503969669342,-1.423783540725708,0.4986963165779128,0.510643283995964,0,0
-0.8088693022727966,0.030432140454649925,-1.423783540725708,0.493869580360289,0.528435431159839,0,0
-0.8110555410385132,0.027489250525832176,-1.423783540725708,0.493152222344895,0.4985386821512794,0,0
-0.8132418990135193,0.024546369910240173,-1.423783540725708,0.5033129676308212,0.49898143293358105,0,0
-0.8154283165931702,0.02160349301993847,-1.423783540725708,0.508699725942632,0.4931672300732109,0,0
-0.8176148533821106,0.018660621717572212,-1.423783540725708,0.5164519788770554,0.49467423859200654,0,0
-0.8198013305664062,0.015717756003141403,-1.423783540725708,0.4962567097805737,0.4916449212250013,0,0
-0.8219876289367676,0.012774898670613766,-1.423783540725708,0.48466797295023,0.48749691340685924,0,0
-0.8241741061210632,0.009832050651311874,-1.423783540725708,0.5174135736078025,0.5038922076977694,0,0
-0.8263604044914246,0.006889206822961569,-1.423783540725708,0.4976842310495125,0.48605898398304187,0,0
-0.8285468816757202,0.003946371376514435,-1.423783540725708,0.48940172020547495,0.47433231439221435,0,0
-0.8307334184646606,0.0010035415180027485,-1.423783540725708,0.512301571403191,0.5123951578384848,0,0
-0.8329199552536011,-0.0019392813555896282,-1.423783540725708,0.4958301188453357,0.5039770048944879,0,0
-0.8351064920425415,-0.004882096778601408,-1.423783540725708,0.5086528766791403,0.5153573874334464,0,0
-0.8372928500175476,-0.007824907079339027,-1.423783540725708,0.4980250331384775,0.49574531916128145,0,0
-0.839479386806488,-0.010767710395157337,-1.423783540725708,0.5017666871423414,0.50500721834337,0,0
-0.8416658043861389,-0.013710509985685349,-1.423783540725708,0.4893402584558741,0.4984825916505946,0,0
-0.8438522815704346,-0.01665329933166504,-1.423783540725708,0.5054712839260299,0.5074122737677591,0,0
-0.846038818359375,-0.019596083089709282,-1.423783540725708,0.5081670561846571,0.5010321461890536,0,0
-0.8482253551483154,-0.022538861259818077,-1.423783540725708,0.4849644852917147,0.4915311099466039,0,0
-0.8504120111465454,-0.025481630116701126,-1.423783540725708,0.509865644042565,0.49698583573896166,0,0
-0.8525984883308411,-0.028424393385648727,-1.423783540725708,0.5071934003844074,0.49462369976593457,0,0
-0.8547850251197815,-0.03136715665459633,-1.423783540725708,0.49409571311605605,0.5037092588756876,0,0
-0.8569715023040771,-0.034309908747673035,-1.423783540725708,0.49865153438067894,0.516165762885607,0,0
-0.8591581583023071,-0.037252649664878845,-1.423783540725708,0.502172818211387,0.5026132655222533,0,0
-0.8613448143005371,-0.040195390582084656,-1.423783540725708,0.49263914856333385,0.4839248369819411,0,0
-0.8635315299034119,-0.04313812404870987,-1.423783540725708,0.5099918212414557,0.485646990538815,0,0
-0.8657181262969971,-0.04608084633946419,-1.423783540725708,0.5007907483450554,0.49961173066680614,0,0
-0.867904782295227,-0.0490235760807991,-1.423783540725708,0.4954631790163676,0.5043999776588507,0,0
-0.870091438293457,-0.051966287195682526,-1.423783540725708,0.5094189369519996,0.4937499444724691,0,0
-0.8722782135009766,-0.05490899085998535,-1.423783540725708,0.5051906304338916,0.5027659518685629,0,0
-0.8744649887084961,-0.057851701974868774,-1.423783540725708,0.49457464189748795,0.5018787444202177,0,0
-0.8766517043113708,-0.060794398188591,-1.423783540725708,0.49230952295848646,0.5038637679256592,0,0
-0.8788383603096008,-0.06373708695173264,-1.423783540725708,0.5158086201040539,0.4925000315829763,0,0
-0.8810250163078308,-0.06667977571487427,-1.423783540725708,0.49731872566825064,0.4880237431374444,0,0
-0.8832117915153503,-0.0696224570274353,-1.423783540725708,0.5004406952017934,0.49651506135194334,0,0
-0.8853986263275146,-0.07256513088941574,-1.423783540725708,0.48936772770740283,0.49413085378403315,0,0
-0.887585461139679,-0.07550780475139618,-1.423783540725708,0.4976045360472178,0.5042582866021545,0,0
-0.8897721171379089,-0.07845045626163483,-1.423783540725708,0.5051031003407987,0.4940516614332623,0,0
-0.8919588327407837,-0.08139310777187347,-1.423783540725708,0.4975760028290896,0.48421413382376627,0,0
-0.894145667552948,-0.08433575183153152,-1.423783540725708,0.49418614560984153,0.4901818611303038,0,0
-0.8963325023651123,-0.08727839589118958,-1.423783540725708,0.5022353065128716,0.4855053662303451,0,0
-0.8985194563865662,-0.09022104740142822,-1.423783540725708,0.49884677870348176,0.49709802919730384,0,0
-0.9007062911987305,-0.09316366165876389,-1.423783540725708,0.48990963018068584,0.515012471184882,0,0
-0.9028931260108948,-0.09610629826784134,-1.423783540725708,0.4779335275477588,0.5011136648479032,0,0
-0.9050800204277039,-0.0990489050745964,-1.423783540725708,0.5019620800317689,0.509515045153312,0,0
-0.9072669744491577,-0.10199151933193207,-1.423783540725708,0.5004608736545728,0.4991148791493857,0,0
-0.9094540476799011,-0.10493412613868713,-1.423783540725708,0.5085836634410896,0.5062885774673366,0,0
-0.9116408824920654,-0.1078767254948616,-1.423783540725708,0.5075760053336371,0.5108861941975992,0,0
-0.913827657699585,-0.11081932485103607,-1.423783540725708,0.49573597844275813,0.4973653596716183,0,0
-0.9160146117210388,-0.11376190930604935,-1.423783540725708,0.4942439587700232,0.5074584593885252,0,0
-0.9182015657424927,-0.11670450121164322,-1.423783540725708,0.48849073172018187,0.49166986906957805,0,0
-0.9203885197639465,-0.1196470707654953,-1.423783540725708,0.49999221193619814,0.499921989591577,0,0
-0.9225755333900452,-0.12258967012166977,-1.423783540725708,0.5165547039386483,0.4968075535443789,0,0
-0.924762487411499,-0.12553223967552185,-1.423783540725708,0.4837243135373635,0.4870642635205403,0,0
-0.9269495010375977,-0.12847481667995453,-1.423783540725708,0.5113298115402757,0.4984667657291718,0,0
-0.9291365146636963,-0.13141734898090363,-1.423783540725708,0.5015886595255167,0.5070374645849465,0,0
-0.9313234090805054,-0.1343599110841751,-1.423783540725708,0.49792883471397775,0.5154096442360895,0,0
-0.9335103631019592,-0.137302428483963,-1.423783540725708,0.5017379552029801,0.5084676541074863,0,0
-0.9356974959373474,-0.1402449756860733,-1.423783540725708,0.49933804637497786,0.5043980014538966,0,0
-0.9378845691680908,-0.1431874930858612,-1.423783540725708,0.5139375031486871,0.49547475505080685,0,0
-0.9400715231895447,-0.1461300253868103,-1.423783540725708,0.504895662848174,0.5036373246736122,0,0
-0.9422585964202881,-0.1490725576877594,-1.423783540725708,0.49565448750830104,0.5002940804011621,0,0
-0.9444456696510315,-0.1520150750875473,-1.423783540725708,0.5004647791551751,0.49012489387058594,0,0
-0.9466328024864197,-0.1549575924873352,-1.423783540725708,0.502432889259331,0.5061446679048341,0,0
-0.9488198161125183,-0.15790008008480072,-1.423783540725708,0.5082612326537508,0.4936533877790673,0,0
-0.9510069489479065,-0.16084259748458862,-1.423783540725708,0.4840028010503545,0.5126193941741595,0,0
-0.9531940221786499,-0.16378508508205414,-1.423783540725708,0.5041041214551552,0.5111398509491654,0,0
-0.9553811550140381,-0.16672757267951965,-1.423783540725708,0.48739747979552317,0.5007035764638857,0,0
-0.9575684666633606,-0.16967006027698517,-1.423783540725708,0.4706286223935202,0.5187273140989097,0,0
-0.9597556591033936,-0.17261254787445068,-1.423783540725708,0.49079169216904545,0.5009318378351014,0,0
-0.961942732334137,-0.175555020570755,-1.423783540725708,0.5130877076196165,0.49318750376348797,0,0
-0.9641299247741699,-0.17849747836589813,-1.423783540725708,0.515509348929273,0.5007650743746873,0,0
-0.9663171172142029,-0.18143993616104126,-1.423783540725708,0.489179200317207,0.5061762514995033,0,0
-0.9685043096542358,-0.18438240885734558,-1.423783540725708,0.5080917758670537,0.4937575536763208,0,0
-0.9706913828849792,-0.1873248815536499,-1.423783540725708,0.502485918124012,0.5019959807047459,0,0
-0.972878634929657,-0.19026733934879303,-1.423783540725708,0.4895435071494854,0.49565023653680446,0,0
-0.9750657081604004,-0.19320979714393616,-1.423783540725708,0.4894545944357819,0.5039415117365421,0,0
-0.9772527813911438,-0.1961522251367569,-1.423783540725708,0.4981018030197643,0.5041005024319687,0,0
-0.9794397950172424,-0.19909468293190002,-1.423783540725708,0.4943931047698748,0.4916255031901929,0,0
-0.9816269874572754,-0.20203715562820435,-1.423783540725708,0.5038720407564721,0.4957938747804635,0,0
-0.9838141798973083,-0.20497962832450867,-1.423783540725708,0.5098317354640733,0.49642095641155193,0,0
-0.986001193523407,-0.2079220563173294,-1.423783540725708,0.5009232083947837,0.4949298813370046,0,0
-0.9881882667541504,-0.21086451411247253,-1.423783540725708,0.48471782602153357,0.49167384626703287,0,0
-0.9903753995895386,-0.21380695700645447,-1.423783540725708,0.5034658702059207,0.4926242278098616,0,0
-0.9925625324249268,-0.21674944460391998,-1.423783540725708,0.490306060628282,0.5038642006169531,0,0
-0.9947496056556702,-0.2196919322013855,-1.423783540725708,0.5127141074370738,0.48623038511703065,0,0
-0.9969365000724792,-0.22263438999652863,-1.423783540725708,0.4948544659256348,0.5079726756953021,0,0
-0.9991235733032227,-0.22557686269283295,-1.423783540725708,0.5102346527002097,0.5113764834508993,0,0
-1.0013105869293213,-0.22851930558681488,-1.423783540725708,0.48897554370250185,0.5009649774893971,0,0
-1.0034974813461304,-0.2314617931842804,-1.423783540725708,0.4919051726170333,0.5032688005538646,0,0
-1.0056843757629395,-0.2344042807817459,-1.423783540725708,0.4849181770433187,0.49590427618613986,0,0
-1.007871389389038,-0.23734675347805023,-1.423783540725708,0.5037337626601188,0.5034864275217603,0,0
-1.0100584030151367,-0.24028921127319336,-1.423783540725708,0.5122184779529094,0.5059762667171716,0,0
-1.0122451782226562,-0.2432316690683365,-1.423783540725708,0.4963782598902532,0.5001576131217248,0,0
-1.0144319534301758,-0.2461741417646408,-1.423783540725708,0.49977794817111376,0.4869795775890771,0,0
-1.0166187286376953,-0.24911662936210632,-1.423783540725708,0.5003445161573932,0.48908622648679123,0,0
-1.0188056230545044,-0.25205910205841064,-1.423783540725708,0.49680298150469865,0.5058024985531977,0,0
-1.020992636680603,-0.2550015449523926,-1.423783540725708,0.5030673913798039,0.5088942314606576,0,0
-1.023179531097412,-0.2579440176486969,-1.423783540725708,0.4981944182587987,0.4854943974392217,0,0
-1.0253663063049316,-0.2608865201473236,-1.423783540725708,0.5030085619136558,0.4925713940168003,0,0
-1.0275532007217407,-0.2638290226459503,-1.423783540725708,0.5154847137706449,0.5020870804056559,0,0
-1.0297402143478394,-0.266771525144577,-1.423783540725708,0.4911229192089199,0.5065470128801919,0,0
-1.031927227973938,-0.26971399784088135,-1.423783540725708,0.495305500055012,0.5007834491704991,0,0
-1.034113883972168,-0.27265647053718567,-1.423783540725708,0.4877940167376979,0.5050250570040494,0,0
-1.036300539970398,-0.2755989730358124,-1.423783540725708,0.48987416174778653,0.5103444908453876,0,0
-1.0384873151779175,-0.2785414755344391,-1.423783540725708,0.5026285504078221,0.4845445710002643,0,0
-1.0406742095947266,-0.2814839482307434,-1.423783540725708,0.49830458967093444,0.513239743415451,0,0
-1.0428611040115356,-0.2844264507293701,-1.423783540725708,0.5104785910683283,0.48948816520711314,0,0
-1.0450478792190552,-0.28736892342567444,-1.423783540725708,0.502223550427009,0.4945955799976029,0,0
-1.0472346544265747,-0.29031145572662354,-1.423783540725708,0.4837319907348866,0.5115417822518653,0,0
-1.0494214296340942,-0.29325395822525024,-1.423783540725708,0.49067778139580304,0.4963101176396,0,0
-1.0516082048416138,-0.29619643092155457,-1.423783540725708,0.5007349228876861,0.4948941108390688,0,0
-1.0537949800491333,-0.2991389334201813,-1.423783540725708,0.4945383358290243,0.4966585276456414,0,0
-1.0559816360473633,-0.302081435918808,-1.423783540725708,0.5063706744307948,0.4880268801521048,0,0
-1.0581682920455933,-0.3050239682197571,-1.423783540725708,0.48238195865704697,0.5001369738393454,0,0
-1.0603549480438232,-0.3079665005207062,-1.423783540725708,0.48293393635857645,0.5302525208812264,0,0
-1.0625416040420532,-0.3109089732170105,-1.423783540725708,0.5023379262964459,0.497087367762866,0,0
-1.0647282600402832,-0.3138514757156372,-1.423783540725708,0.49989362202389254,0.49564990108203644,0,0
-1.0669149160385132,-0.3167939782142639,-1.423783540725708,0.5083811717419111,0.4831512318647452,0,0
-1.0691015720367432,-0.3197364807128906,-1.423783540725708,0.5023734691752395,0.5197510343745684,0,0
-1.0712881088256836,-0.32267898321151733,-1.423783540725708,0.5142277745601164,0.49407481765582467,0,0
-1.0734747648239136,-0.32562145590782166,-1.423783540725708,0.5072930155728385,0.4860950671149081,0,0
-1.0756614208221436,-0.328563928604126,-1.423783540725708,0.49416549813978716,0.5104084801826684,0,0
-1.0778480768203735,-0.3315064609050751,-1.423783540725708,0.5008289628984969,0.5348492190414942,0,0
-1.0800347328186035,-0.3344489634037018,-1.423783540725708,0.508200494778901,0.497327407468154,0,0
-1.082221269607544,-0.3373914659023285,-1.423783540725708,0.4861018041128609,0.4969958376349847,0,0
-1.0844076871871948,-0.3403339982032776,-1.423783540725708,0.5038700027522506,0.4993742219750222,0,0
-1.0865942239761353,-0.3432765305042267,-1.423783540725708,0.4992832135189011,0.514274067623414,0,0
-1.0887807607650757,-0.34621909260749817,-1.423783540725708,0.5019404960722577,0.48889206163067594,0,0
-1.0909672975540161,-0.34916162490844727,-1.423783540725708,0.5007300989700917,0.4921120347884048,0,0
-1.0931538343429565,-0.35210415720939636,-1.423783540725708,0.4847297547166489,0.494606874263762,0,0
-1.095340371131897,-0.35504668951034546,-1.423783540725708,0.4932318455374078,0.48251937843642956,0,0
-1.0975269079208374,-0.35798922181129456,-1.423783540725708,0.495037151258204,0.4914752006366794,0,0
-1.0997133255004883,-0.36093172430992126,-1.423783540725708,0.5006393510710031,0.5029133885388554,0,0
-1.1018999814987183,-0.36387431621551514,-1.423783540725708,0.49229422576559206,0.4889703803542593,0,0
-1.1040863990783691,-0.36681684851646423,-1.423783540725708,0.4857226218142005,0.5131709369838376,0,0
-1.10627281665802,-0.36975932121276855,-1.423783540725708,0.49081909717193867,0.49624927995380547,0,0
-1.108459234237671,-0.37270188331604004,-1.423783540725708,0.5069408272604516,0.49452289588161635,0,0
-1.1106456518173218,-0.37564438581466675,-1.423783540725708,0.5085956174588445,0.5119150763763474,0,0
-1.1128320693969727,-0.37858691811561584,-1.423783540725708,0.49457903166505524,0.5057103867499011,0,0
-1.115018367767334,-0.3815295100212097,-1.423783540725708,0.49521943215193154,0.4852544518308311,0,0
-1.1172047853469849,-0.3844720125198364,-1.423783540725708,0.4994324457173987,0.49758931741675944,0,0
-1.1193910837173462,-0.38741448521614075,-1.423783540725708,0.5104144333863383,0.5042199860371389,0,0
-1.121577501296997,-0.39035704731941223,-1.423783540725708,0.5056087892240095,0.4983431449995915,0,0
-1.123763918876648,-0.39329957962036133,-1.423783540725708,0.5059821781385978,0.5002420808971367,0,0
-1.1259504556655884,-0.3962421119213104,-1.423783540725708,0.5100225296591532,0.49242112669081517,0,0
-1.1281368732452393,-0.3991846442222595,-1.423783540725708,0.491681266394471,0.5128229802628012,0,0
-1.1303231716156006,-0.402127206325531,-1.423783540725708,0.48982545835963465,0.5004239693483363,0,0
-1.132509469985962,-0.4050697386264801,-1.423783540725708,0.4934793798794832,0.4921250487766924,0,0
-1.1346956491470337,-0.4080122709274292,-1.423783540725708,0.49729907055423234,0.5175337025470452,0,0
-1.136881947517395,-0.41095486283302307,-1.423783540725708,0.5060043903904856,0.4754832632441938,0,0
-1.139068365097046,-0.41389739513397217,-1.423783540725708,0.49676188436943547,0.4919250311959516,0,0
-1.1412546634674072,-0.41683998703956604,-1.423783540725708,0.498137030023661,0.5205091700895194,0,0
-1.1434409618377686,-0.4197826087474823,-1.423783540725708,0.5205840719050261,0.5110822156589996,0,0
-1.1456272602081299,-0.422725111246109,-1.423783540725708,0.5040031109007262,0.5027906478928774,0,0
-1.1478134393692017,-0.4256676733493805,-1.423783540725708,0.4951686790676143,0.5057858547167823,0,0
-1.149999737739563,-0.428610235452652,-1.423783540725708,0.4968301643979175,0.5011450757684139,0,0
-1.1521860361099243,-0.43155279755592346,-1.423783540725708,0.5056331555365045,0.4897594514269749,0,0
-1.1543723344802856,-0.43449535965919495,-1.423783540725708,0.4912368043004668,0.4884017796375794,0,0
-1.156558632850647,-0.43743792176246643,-1.423783540725708,0.4954685004212431,0.49451660609153214,0,0
-1.1587448120117188,-0.4403804838657379,-1.423783540725708,0.5034402186268186,0.5078885126474736,0,0
-1.16093111038208,-0.4433230757713318,-1.423783540725708,0.4939553834305881,0.48599528634215994,0,0
-1.1631172895431519,-0.44626563787460327,-1.423783540725708,0.49485029478161024,0.5022614989493381,0,0
-1.1653034687042236,-0.44920817017555237,-1.423783540725708,0.5086557460287662,0.505111281130373,0,0
-1.1674895286560059,-0.45215073227882385,-1.423783540725708,0.5031441038650468,0.4882852607719624,0,0
-1.169675588607788,-0.45509329438209534,-1.423783540725708,0.4912604795701354,0.4927491771594838,0,0
-1.1718617677688599,-0.4580358564853668,-1.423783540725708,0.5033072857061645,0.49468981607063406,0,0
-1.174047827720642,-0.4609784185886383,-1.423783540725708,0.5048307008357757,0.5051346409005839,0,0
-1.1762338876724243,-0.4639209806919098,-1.423783540725708,0.4883933906908434,0.49456609167247284,0,0
-1.178420066833496,-0.46686357259750366,-1.423783540725708,0.5123027411078255,0.5028685529915315,0,0
-1.1806062459945679,-0.46980613470077515,-1.423783540725708,0.5050715751110025,0.5109139418795261,0,0
-1.1827924251556396,-0.47274863719940186,-1.423783540725708,0.4986637992222659,0.5021127638017877,0,0
-1.1849786043167114,-0.47569119930267334,-1.423783540725708,0.500327910731579,0.5014514462181631,0,0
-1.1871646642684937,-0.4786338210105896,-1.423783540725708,0.49159446060261336,0.5068734687606231,0,0
-1.1893507242202759,-0.48157644271850586,-1.423783540725708,0.5119213210764589,0.4928475771185851,0,0
-1.191536784172058,-0.48451897501945496,-1.423783540725708,0.5087516080587816,0.5010653329359931,0,0
-1.1937227249145508,-0.48746153712272644,-1.423783540725708,0.5109869835056668,0.4960829866397039,0,0
-1.195908784866333,-0.4904041588306427,-1.423783540725708,0.5002542152649613,0.5094789381818846,0,0
-1.1980948448181152,-0.4933467209339142,-1.423783540725708,0.5068615858174423,0.49430266734921563,0,0
-1.2002809047698975,-0.4962892234325409,-1.423783540725708,0.4955841665739127,0.5120523922740536,0,0
-1.2024669647216797,-0.4992317855358124,-1.423783540725708,0.5114644169472335,0.4893699042780498,0,0
-1.204653024673462,-0.5021743774414062,-1.423783540725708,0.5089623160891377,0.511292205194974,0,0
-1.2068390846252441,-0.5051169395446777,-1.423783540725708,0.4886688549207603,0.49233343445439604,0,0
-1.2090251445770264,-0.5080594420433044,-1.423783540725708,0.492091431800036,0.5005605396906478,0,0
-1.2112112045288086,-0.5110020041465759,-1.423783540725708,0.48933144584921123,0.5106448766712605,0,0
-1.2133973836898804,-0.5139446258544922,-1.423783540725708,0.4932860832620994,0.48528207789858585,0,0
-1.2155834436416626,-0.5168871283531189,-1.423783540725708,0.4963413594788654,0.5038023455334855,0,0
-1.2177693843841553,-0.5198297500610352,-1.423783540725708,0.49855952618815025,0.49143447801806583,0,0
-1.219955325126648,-0.5227723717689514,-1.423783540725708,0.5085107969047375,0.49951529753622315,0,0
-1.2221412658691406,-0.5257149338722229,-1.423783540725708,0.5048211362755436,0.4985718950551228,0,0
-1.2243272066116333,-0.5286574959754944,-1.423783540725708,0.5036163720723871,0.4996302462493906,0,0
-1.226513147354126,-0.5315999984741211,-1.423783540725708,0.4992093548353171,0.4989396980747546,0,0
-1.228698968887329,-0.5345425605773926,-1.423783540725708,0.5011434962088336,0.49859791085553495,0,0
-1.2308849096298218,-0.5374851822853088,-1.423783540725708,0.5104877265851852,0.5092260081085126,0,0
-1.2330708503723145,-0.5404276847839355,-1.423783540725708,0.48654213288870823,0.48825306573281585,0,0
-1.2352567911148071,-0.5433703064918518,-1.423783540725708,0.4995356019290429,0.4836326912922919,0,0
-1.2374427318572998,-0.5463129281997681,-1.423783540725708,0.5117802381986479,0.4778956744592794,0,0
-1.2396286725997925,-0.5492554903030396,-1.423783540725708,0.49666199058225524,0.4914648012746695,0,0
-1.2418146133422852,-0.5521981120109558,-1.423783540725708,0.49805305757256,0.5023504321451138,0,0
-1.2440006732940674,-0.5551407337188721,-1.423783540725708,0.4866529332900133,0.502998645355094,0,0
-1.24618661403656,-0.5580833554267883,-1.423783540725708,0.5050934769999308,0.5039234425967855,0,0
-1.2483724355697632,-0.5610259771347046,-1.423783540725708,0.5017773889295427,0.5001484989787952,0,0
-1.2505581378936768,-0.5639685988426208,-1.423783540725708,0.49172835012493415,0.5075698855154137,0,0
-1.2527439594268799,-0.5669112205505371,-1.423783540725708,0.5045029951037048,0.500716548605803,0,0
-1.2549296617507935,-0.5698537826538086,-1.423783540725708,0.49686823289371995,0.4919457698537508,0,0
-1.2571154832839966,-0.5727963447570801,-1.423783540725708,0.5089767120994927,0.4964798801383416,0,0
-1.2593013048171997,-0.5757389068603516,-1.423783540725708,0.5036216224782252,0.48548244147139524,0,0
-1.2614871263504028,-0.5786815881729126,-1.423783540725708,0.785345313195773,0.7852182916158906,0,0
-1.263672947883606,-0.5816242098808289,-1.423783540725708,0.7830535305987233,0.7795235566650787,0,0
-1.265858769416809,-0.5845668315887451,-1.423783540725708,0.7727544536232029,0.7739365432035858,0,0
-1.2680444717407227,-0.5875095129013062,-1.423783540725708,0.7769632269936729,0.7730157364687384,0,0
-1.2702302932739258,-0.5904521942138672,-1.423783540725708,0.7932966827190837,0.7921604627195538,0,0
-1.272416114807129,-0.5933948159217834,-1.423783540725708,0.7749329710075898,0.7805652746472139,0,0
-1.274601936340332,-0.5963374972343445,-1.423783540725708,0.7751791469600066,0.7657200677195878,0,0
-1.2767877578735352,-0.5992801785469055,-1.423783540725708,0.7739776773287699,0.7835999524393157,0,0
-1.2789735794067383,-0.602222740650177,-1.423783540725708,0.7627301278343962,0.7761057086455676,0,0
-1.2811594009399414,-0.6051653623580933,-1.423783540725708,0.7751279472784278,0.7760233379361683,0,0
-1.283345103263855,-0.6081079840660095,-1.423783540725708,0.7379179112179244,0.7375854194763206,0,0
-1.2855308055877686,-0.611050546169281,-1.423783540725708,0.7542044293926725,0.7347079730048969,0,0
-1.2877165079116821,-0.6139931678771973,-1.423783540725708,0.743503201402983,0.7450663777246043,0,0
-1.2899022102355957,-0.6169358491897583,-1.423783540725708,0.7478684555023478,0.7331340934629009,0,0
-1.2920879125595093,-0.6198785305023193,-1.423783540725708,0.7473918552910221,0.7300194935409521,0,0
-1.2942736148834229,-0.6228210926055908,-1.423783540725708,0.7329890368864123,0.7622034177759061,0,0
-1.296459436416626,-0.6257637143135071,-1.423783540725708,0.7419772820080338,0.7389981701517384,0,0
-1.2986451387405396,-0.6287063956260681,-1.423783540725708,0.7266472927614445,0.7259554259869061,0,0
-1.3008308410644531,-0.6316490173339844,-1.423783540725708,0.7508517679536116,0.7350362196272727,0,0
-1.3030165433883667,-0.6345915794372559,-1.423783540725708,0.7511636287235224,0.7518848464651574,0,0
-1.3052022457122803,-0.6375342011451721,-1.423783540725708,0.725175094465374,0.7146195659814698,0,0
-1.3073879480361938,-0.6404768228530884,-1.423783540725708,0.7085903050855292,0.6934471228443401,0,0
-1.3095736503601074,-0.6434194445610046,-1.423783540725708,0.7215297752829517,0.7032011014291732,0,0
-1.3117592334747314,-0.6463620066642761,-1.423783540725708,0.6931630331498312,0.6896634233964094,0,0
-1.3139448165893555,-0.6493046879768372,-1.423783540725708,0.7095855668598757,0.6997516942085319,0,0
-1.3161303997039795,-0.6522472500801086,-1.423783540725708,0.6977803949101007,0.6942451730374647,0,0
-1.3183159828186035,-0.6551898121833801,-1.423783540725708,0.7137111410768741,0.7131614474731224,0,0
-1.3205015659332275,-0.6581324338912964,-1.423783540725708,0.712007652572179,0.7019919981472134,0,0
-1.3226872682571411,-0.6610750555992126,-1.423783540725708,0.6977613625523591,0.6992961504832438,0,0
-1.3248728513717651,-0.6640176773071289,-1.423783540725708,0.6996716813454518,0.69994662204932,0,0
-1.3270585536956787,-0.6669602990150452,-1.423783540725708,0.6710815112004559,0.672277514682755,0,0
-1.3292441368103027,-0.6699029803276062,-1.423783540725708,0.6679321275358494,0.6650132768552302,0,0
-1.3314298391342163,-0.6728456616401672,-1.423783540725708,0.654269776920985,0.6828286621071852,0,0
-1.3336154222488403,-0.6757882833480835,-1.423783540725708,0.6629156058570304,0.6683109863190239,0,0
-1.335801124572754,-0.6787309646606445,-1.423783540725708,0.6769807492371498,0.659309919880574,0,0
-1.3379865884780884,-0.6816736459732056,-1.423783540725708,0.6732552874587502,0.6530006726626103,0,0
-1.3401720523834229,-0.6846162676811218,-1.423783540725708,0.6684997999718104,0.6616372379504716,0,0
-1.3423575162887573,-0.6875589489936829,-1.423783540725708,0.6713848785024652,0.6812516116473367,0,0
-1.3445429801940918,-0.6905015707015991,-1.423783540725708,0.678800585910371,0.6816689694527519,0,0
-1.3467284440994263,-0.6934441924095154,-1.423783540725708,0.6698160897145821,0.6558186126524436,0,0
-1.3489141464233398,-0.6963868737220764,-1.423783540725708,0.6499295578452353,0.613820478040354,0,0
-1.3510996103286743,-0.6993295550346375,-1.423783540725708,0.6379987512351382,0.6395539052645683,0,0
-1.3532850742340088,-0.7022721171379089,-1.423783540725708,0.6471539237939814,0.6293807549523919,0,0
-1.3554705381393433,-0.7052147388458252,-1.423783540725708,0.6230576653998041,0.6299503694900178,0,0
-1.3576558828353882,-0.7081573009490967,-1.423783540725708,0.6222800640873589,0.6199120998583062,0,0
-1.3598413467407227,-0.7110999822616577,-1.423783540725708,0.6263273314798453,0.6137310679530862,0,0
-1.3620269298553467,-0.714042603969574,-1.423783540725708,0.6394130213869539,0.6425256369725059,0,0
-1.3642123937606812,-0.7169851660728455,-1.423783540725708,0.6112133821787489,0.6230505755722461,0,0
-1.3663978576660156,-0.7199279069900513,-1.423783540725708,0.628289111630141,0.6390223326769954,0,0
-1.3685834407806396,-0.7228706479072571,-1.423783540725708,0.6309592217868581,0.6207002430857691,0,0
-1.3707689046859741,-0.7258132100105286,-1.423783540725708,0.5797180755688863,0.5897261745140963,0,0
-1.3729543685913086,-0.7287558913230896,-1.423783540725708,0.5957908371486023,0.5782270524742339,0,0
-1.3751399517059326,-0.7316986322402954,-1.423783540725708,0.6050868918942774,0.5987927280542602,0,0
-1.3773255348205566,-0.7346411347389221,-1.423783540725708,0.5872960550495938,0.5941136595653058,0,0
-1.3795108795166016,-0.7375837564468384,-1.423783540725708,0.5867920221046364,0.5918885039396575,0,0
-1.3816964626312256,-0.7405263781547546,-1.423783540725708,0.5861125234251242,0.5783153615350649,0,0
-1.3838820457458496,-0.7434687614440918,-1.423783540725708,0.5952622515986631,0.6068676160013141,0,0
-1.3860673904418945,-0.7464114427566528,-1.423783540725708,0.6003522964982215,0.6035614372355776,0,0
-1.3882529735565186,-0.7493541836738586,-1.423783540725708,0.5957593116902341,0.5862662423935213,0,0
-1.3904385566711426,-0.7522966861724854,-1.423783540725708,0.5907337387473903,0.6080812821024341,0,0
-1.3926239013671875,-0.7552392482757568,-1.423783540725708,0.5655179331524958,0.5732522099181132,0,0
-1.3948094844818115,-0.7581819891929626,-1.423783540725708,0.5567747792445481,0.561622612695783,0,0
-1.3969950675964355,-0.7611245512962341,-1.423783540725708,0.5516875133114182,0.5589865817925374,0,0
-1.399180293083191,-0.7640672326087952,-1.423783540725708,0.5587147561640394,0.5563690462604182,0,0
-1.4013656377792358,-0.767009973526001,-1.423783540725708,0.5703259885714184,0.5691012380611539,0,0
-1.4035511016845703,-0.7699525952339172,-1.423783540725708,0.5551403428768725,0.5543883586922035,0,0
-1.4057363271713257,-0.7728952169418335,-1.423783540725708,0.5549961031061317,0.5573030498475218,0,0
-1.407921552658081,-0.7758379578590393,-1.423783540725708,0.5752213257012007,0.5465878043412974,0,0
-1.4101067781448364,-0.7787805795669556,-1.423783540725708,0.5530468233006013,0.570079429574716,0,0
-1.4122920036315918,-0.7817232012748718,-1.423783540725708,0.5674241574941233,0.5651270475587706,0,0
-1.4144774675369263,-0.7846660614013672,-1.423783540725708,0.5132366685882779,0.5276091803796966,0,0
-1.4166628122329712,-0.7876086831092834,-1.423783540725708,0.5031887278457337,0.5129170744656844,0,0
-1.4188480377197266,-0.7905513048171997,-1.423783540725708,0.5155139108583823,0.5158465660247875,0,0
-1.421033263206482,-0.7934940457344055,-1.423783540725708,0.49549295023182094,0.5212999590724902,0,0
-1.4232184886932373,-0.7964366674423218,-1.423783540725708,0.5177337466842475,0.5345189500611484,0,0
-1.4254037141799927,-0.799379289150238,-1.423783540725708,0.538259976778917,0.5186217042342963,0,0
-1.427588939666748,-0.8023220300674438,-1.423783540725708,0.5339073645750738,0.5273084160964675,0,0
-1.4297741651535034,-0.8052646517753601,-1.423783540725708,0.5208831774437384,0.5186329854927818,0,0
-1.4319595098495483,-0.8082072734832764,-1.423783540725708,0.5203236752301814,0.5110277301886945,0,0
-1.4341447353363037,-0.8111500144004822,-1.423783540725708,0.5086221718957383,0.5306780589756344,0,0
-1.4363300800323486,-0.8140926957130432,-1.423783540725708,0.4807080514175692,0.4868273592218626,0,0
-1.438515543937683,-0.8170351982116699,-1.423783540725708,0.49650336301597225,0.4858057984949328,0,0
-1.4407007694244385,-0.8199780583381653,-1.423783540725708,0.4947096198970812,0.482625838442439,0,0
-1.4428859949111938,-0.8229206800460815,-1.423783540725708,0.4921302591551836,0.48316883132663646,0,0
-1.4450711011886597,-0.8258631825447083,-1.423783540725708,0.4876920724151667,0.48347773073323475,0,0
-1.4472564458847046,-0.8288059830665588,-1.423783540725708,0.5077993786092019,0.4749345822535385,0,0
-1.4494415521621704,-0.8317486047744751,-1.423783540725708,0.4946588577063455,0.47676864128888835,0,0
-1.4516268968582153,-0.8346912264823914,-1.423783540725708,0.4765965468245156,0.4859310962105399,0,0
-1.4538122415542603,-0.8376340866088867,-1.423783540725708,0.48935634810185147,0.4698519996326146,0,0
-1.4559974670410156,-0.840576708316803,-1.423783540725708,0.4781798642286362,0.48895566985286976,0,0
-1.4581830501556396,-0.8435195088386536,-1.4239760637283325,0.4543844348844737,0.44688393150973266,0,0
-1.4603676795959473,-0.8464604616165161,-1.4244722127914429,0.45226217867542107,0.4348685775131537,0,0
-1.4625434875488281,-0.8493894338607788,-1.4249606132507324,0.44132329838358725,0.42841837124810656,0,0
-1.4647140502929688,-0.8523056507110596,-1.4256019592285156,0.44440756300588546,0.44966632509032456,0,0
-1.4668768644332886,-0.8551987409591675,-1.426311731338501,0.44775628285245483,0.44829237705999464,0,0
-1.4690321683883667,-0.8580530881881714,-1.427079200744629,0.45295990431971483,0.4644014248414316,0,0
-1.4711800813674927,-0.8608494997024536,-1.4278727769851685,0.43899607158680615,0.4433127289572821,0,0
-1.4733242988586426,-0.8635664582252502,-1.4284056425094604,0.43631293331838256,0.45162519591633793,0,0
-1.475468635559082,-0.8661830425262451,-1.4284831285476685,0.44660371928479686,0.47124458224536714,0,0
-1.477613925933838,-0.8686788082122803,-1.428280234336853,0.4472147834462967,0.4432575629175267,0,0
-1.4797594547271729,-0.8710346221923828,-1.4279171228408813,0.4201873537240184,0.424319822365868,0,0
-1.4819053411483765,-0.8732337355613708,-1.4273244142532349,0.39512227433502584,0.41542459449093727,0,0
-1.48405122756958,-0.8752643465995789,-1.4266300201416016,0.4071102457659542,0.43295211019623203,0,0
-1.4861983060836792,-0.8771172165870667,-1.4258579015731812,0.4160682984930157,0.4047005517482176,0,0
-1.4883489608764648,-0.8787848353385925,-1.4250017404556274,0.41716211368875306,0.42488084627485545,0,0
-1.490506887435913,-0.8802619576454163,-1.4239791631698608,0.39255916248454403,0.40884826658656903,0,0
-1.4926728010177612,-0.8815475106239319,-1.4228712320327759,0.41730571995338994,0.4248830085929919,0,0
-1.4948478937149048,-0.882642924785614,-1.42153799533844,0.3948310556622226,0.41332292306573126,0,0
-1.49703049659729,-0.8835535645484924,-1.4201033115386963,0.43051874815506447,0.40363179524715037,0,0
-1.4992198944091797,-0.8842864036560059,-1.4186463356018066,0.40677675532638957,0.41819553554216127,0,0
-1.5014145374298096,-0.8848493099212646,-1.4172067642211914,0.3895946480456735,0.3859578554259089,0,0
-1.503611445426941,-0.8852518200874329,-1.415650725364685,0.3925573432113593,0.4029548919039662,0,0
-1.5058051347732544,-0.8855059742927551,-1.4139763116836548,0.38772538611272045,0.37001181281791123,0,0
-1.5079880952835083,-0.8856266736984253,-1.4122776985168457,0.3896241182914079,0.36819542951283546,0,0
-1.5101505517959595,-0.8856285214424133,-1.4106578826904297,0.3815341813533419,0.3975820631602345,0,0
-1.5122803449630737,-0.8855258822441101,-1.4091360569000244,0.3817922245532264,0.38537905006779427,0,0
-1.5143617391586304,-0.8853315114974976,-1.4077122211456299,0.3882178703689628,0.36994745710734034,0,0
-1.5163795948028564,-0.8850560188293457,-1.406343936920166,0.38724202124079465,0.3759338247284718,0,0
-1.5183186531066895,-0.8847073912620544,-1.404787302017212,0.3722883552444339,0.40415378726823264,0,0
-1.5201671123504639,-0.8842934370040894,-1.4032666683197021,0.3878949298655379,0.38981908493944273,0,0
-1.5219154357910156,-0.883821427822113,-1.401758074760437,0.3733988746009602,0.3759088811880557,0,0
-1.5235565900802612,-0.8832992911338806,-1.4002532958984375,0.38191922214844143,0.38255170276278394,0,0
-1.5250873565673828,-0.8827361464500427,-1.3988169431686401,0.38023388129208774,0.3763361118264139,0,0
-1.5265055894851685,-0.8821402192115784,-1.3974536657333374,0.37884206269514753,0.3568019383424633,0,0
-1.5278109312057495,-0.8815187215805054,-1.396131157875061,0.38320150787975393,0.3745154880469869,0,0
-1.529004693031311,-0.8808776140213013,-1.394828200340271,0.3694313027797766,0.3765853250213198,0,0
-1.5300891399383545,-0.8802205920219421,-1.3935602903366089,0.38522933330619186,0.38589699382995735,0,0
-1.5310677289962769,-0.8795506954193115,-1.3923410177230835,0.36627113497106845,0.37429308730737815,0,0
-1.5319448709487915,-0.8788697719573975,-1.391172170639038,0.38162173010109823,0.36782936541732425,0,0
-1.5327247381210327,-0.8781793713569641,-1.3900442123413086,0.3795244825145461,0.3859183968656454,1,1
-1.5334120988845825,-0.8774799108505249,-1.3889518976211548,0.38136164183254095,0.3870107672975813,0,0
-1.5340101718902588,-0.8767715692520142,-1.3878980875015259,0.370031759363407,0.38746892936592525,0,0
-1.5345242023468018,-0.876054584980011,-1.3868861198425293,0.3666316591236309,0.37515733175753435,0,0
-1.5349576473236084,-0.8753291368484497,-1.385912299156189,0.3750680622532367,0.3776282098495892,0,0
-1.5353150367736816,-0.8745959997177124,-1.3849848508834839,0.37844348243210446,0.37302713187834213,0,0
-1.5356000661849976,-0.8738561868667603,-1.384105920791626,0.3715672671714506,0.38539219241423583,0,0
-1.5358176231384277,-0.873111367225647,-1.3832788467407227,0.3785479803655768,0.39482839883682924,0,0
-1.5359723567962646,-0.8723629713058472,-1.3824979066848755,0.38004388360954944,0.36435388144922876,0,0
-1.5360695123672485,-0.8716119527816772,-1.3817588090896606,0.3690098751518261,0.3836959214028266,0,0
-1.5361136198043823,-0.8708584308624268,-1.3810536861419678,0.37066670524943496,0.3525522708460588,0,0
-1.5361095666885376,-0.8701024055480957,-1.380380630493164,0.3789454268520392,0.3763678166203482,0,0
-1.5360616445541382,-0.8693433403968811,-1.3797320127487183,0.39650426110950093,0.3784507766938329,0,0
-1.5359729528427124,-0.8685805201530457,-1.3791009187698364,0.3877449822784579,0.38755113368101396,0,0
-1.5358468294143677,-0.8678144812583923,-1.3784875869750977,0.390678594256248,0.37937487443272705,0,0
-1.5356857776641846,-0.8670453429222107,-1.3778953552246094,0.390628418360054,0.3506504350033432,0,0
-1.5354926586151123,-0.8662737011909485,-1.3773332834243774,0.3530856910486131,0.3558140882171057,0,0
-1.5352696180343628,-0.8655003905296326,-1.3768041133880615,0.38263143758891965,0.38910438020692784,0,0
-1.535019040107727,-0.8647257685661316,-1.376306414604187,0.37793915569764513,0.36773397039824285,0,0
-1.5347445011138916,-0.8639503717422485,-1.3758339881896973,0.38017782605901757,0.36734281247750994,0,0
-1.5344476699829102,-0.8631739616394043,-1.375383973121643,0.38279012173219956,0.3764379382671455,0,0
-1.5341311693191528,-0.8623965978622437,-1.3749477863311768,0.38504733697429255,0.37060906752220113,0,0
-1.5337966680526733,-0.8616183996200562,-1.3745251893997192,0.3704902609187023,0.3742961321529966,0,0
-1.533445119857788,-0.8608394265174866,-1.3741190433502197,0.3872882679607952,0.3918001659180148,0,0
-1.5330781936645508,-0.8600600361824036,-1.3737306594848633,0.37548166927803717,0.3772048941209747,0,0
-1.5326974391937256,-0.859280526638031,-1.3733621835708618,0.3629808871038779,0.38197375284417956,0,0
-1.5323035717010498,-0.8585010766983032,-1.3730132579803467,0.3754706248469338,0.3872791750391423,0,0
-1.5318979024887085,-0.8577219843864441,-1.3726801872253418,0.3779807106830973,0.3670887314539642,0,0
-1.531482219696045,-0.8569431304931641,-1.3725595474243164,0.4024419829324505,0.37821709725108515,0,0
-1.5310574769973755,-0.8561654090881348,-1.372559666633606,0.3775670390896604,0.38931910728209745,0,0
-1.5306249856948853,-0.8553897738456726,-1.372625470161438,0.39093477901316687,0.3596734509646822,0,0
-1.530185341835022,-0.8546171188354492,-1.3725336790084839,0.3964095247284222,0.41289096830172783,0,0
-1.529740571975708,-0.8538487553596497,-1.3723552227020264,0.39945394590630445,0.3751916716737172,0,0
-1.5292915105819702,-0.8530859351158142,-1.3721277713775635,0.37827005723468776,0.3902268925666575,0,0
-1.5288400650024414,-0.8523299098014832,-1.371875524520874,0.38729191304077076,0.3904585710297961,0,0
-1.5283873081207275,-0.8515812754631042,-1.3716113567352295,0.39665984329009263,0.3840685268625218,0,0
-1.5279345512390137,-0.8508400321006775,-1.3711512088775635,0.3994313602014659,0.4013484763907046,0,0
-1.5274834632873535,-0.8501061797142029,-1.3705862760543823,0.3947681222562088,0.37187888591277873,0,0
-1.527034878730774,-0.8493798971176147,-1.3699766397476196,0.3978354916764187,0.3989893351535119,0,0
-1.5265896320343018,-0.8486613035202026,-1.3695473670959473,0.4000819026276012,0.3930836789236933,0,0
-1.5261476039886475,-0.8479501605033875,-1.3694204092025757,0.40934654181147595,0.3830090055987776,1,1
-1.5257102251052856,-0.8472477197647095,-1.3696602582931519,0.41915502677754934,0.39881992701377744,0,0
-1.5252779722213745,-0.8465558886528015,-1.3701057434082031,0.4066840097520372,0.4000731360259535,0,0
-1.5248544216156006,-0.8458753228187561,-1.370466947555542,0.39721740277040285,0.40254356814413433,0,0
-1.524444341659546,-0.8452069163322449,-1.370771884918213,0.40844239211876004,0.4139732915850237,0,0
-1.5240557193756104,-0.8445494174957275,-1.371018409729004,0.39857461382369075,0.3931817536064868,0,0
-1.5236972570419312,-0.8439003229141235,-1.3713979721069336,0.4051120579921708,0.38691134078411105,0,0
-1.5233755111694336,-0.8432563543319702,-1.371877670288086,0.3863531059396276,0.38653515940847455,0,0
-1.5230951309204102,-0.8426138758659363,-1.3725993633270264,0.4056724977690022,0.3902668241739541,0,0
-1.5228585004806519,-0.841969907283783,-1.373249888420105,0.3993353530877852,0.40189347220991767,0,0
-1.522665023803711,-0.8413229584693909,-1.3738460540771484,0.4139979102134267,0.40138465678346813,0,0
-1.522515058517456,-0.8406710624694824,-1.3744020462036133,0.42490846386750536,0.41024340666591436,0,0
-1.522411584854126,-0.8400115370750427,-1.3749295473098755,0.3924754382458652,0.3941001237721494,0,0
-1.5223571062088013,-0.8393422365188599,-1.3754340410232544,0.4104942919130138,0.4108437405751522,0,0
-1.5223556756973267,-0.8386598825454712,-1.3759000301361084,0.42230150356916507,0.428449702403798,0,0
-1.5224136114120483,-0.8379602432250977,-1.3765016794204712,0.4202861887787272,0.397377214640792,0,0
-1.5225363969802856,-0.8372395038604736,-1.3772048950195312,0.4041417971427186,0.406201759220374,0,0
-1.5227288007736206,-0.8364932537078857,-1.3781406879425049,0.4122906362899356,0.39543073241574545,0,0
-1.5229942798614502,-0.8357181549072266,-1.3793737888336182,0.4134064956579203,0.39643692334729286,0,0
-1.5233323574066162,-0.8349124789237976,-1.3807570934295654,0.39238082317931317,0.3897359830312635,0,0
-1.5237396955490112,-0.8340758681297302,-1.3821978569030762,0.42258084320388234,0.4116810052281042,0,0
-1.5242114067077637,-0.8332087993621826,-1.383647084236145,0.4077651486573734,0.4053631413887294,0,0
-1.5247454643249512,-0.8323109149932861,-1.3850853443145752,0.43772647660035635,0.41299811893097843,0,0
-1.5253404378890991,-0.8313812613487244,-1.386483073234558,0.41868465716011305,0.4045232391396132,0,0
-1.5259974002838135,-0.8304182291030884,-1.3878366947174072,0.41700064795991765,0.41130140221872746,0,0
-1.5267192125320435,-0.8294198513031006,-1.3891433477401733,0.4208282048790682,0.40805227602556077,0,0
-1.527510643005371,-0.82838374376297,-1.390383005142212,0.4182430046738329,0.40974323259788303,0,0
-1.528377890586853,-0.8273064494132996,-1.3915531635284424,0.4030576619506569,0.4021873046215685,0,0
-1.52932608127594,-0.8261844515800476,-1.3926728963851929,0.410879287336707,0.42422574407750535,0,0
-1.5303603410720825,-0.8250150680541992,-1.393950343132019,0.40061637988408694,0.3993931799384751,0,0
-1.5314831733703613,-0.8237980604171753,-1.395271897315979,0.4102162951860432,0.4063302645352618,0,0
-1.5326945781707764,-0.8225350975990295,-1.3966069221496582,0.42643550702671107,0.41838483012030264,0,0
-1.5339934825897217,-0.8212276697158813,-1.3979220390319824,0.4136699696572068,0.41113076757820577,0,0
-1.5353792905807495,-0.8198782205581665,-1.399204134941101,0.4201680990769108,0.4094469494430131,0,0
-1.5368492603302002,-0.8184887170791626,-1.400434136390686,0.4171893145173975,0.41247755755800397,0,0
-1.538401484489441,-0.8170611262321472,-1.4016128778457642,0.42277371937203617,0.4189254531284984,0,0
-1.5400334596633911,-0.8155977129936218,-1.402741551399231,0.41912837495321426,0.42273951021812994,0,0
-1.5417429208755493,-0.814099907875061,-1.4038286209106445,0.41997400080595143,0.42342388719422774,0,0
-1.5435278415679932,-0.8125685453414917,-1.4048774242401123,0.4125662147915877,0.4060130126134385,0,0
-1.5453870296478271,-0.8110041618347168,-1.4060664176940918,0.4185852688055818,0.3966352784512249,0,0
-1.5473154783248901,-0.8094080090522766,-1.4073158502578735,0.40457916620132695,0.4063648459670133,1,1
-1.5493074655532837,-0.8077825307846069,-1.4083831310272217,0.4136694750245242,0.5042044396895369,0,0
-1.5513551235198975,-0.8061324954032898,-1.4093081951141357,0.4218360035875059,0.499565068619381,0,0
-1.553450345993042,-0.8044647574424744,-1.4101179838180542,0.4351328922231756,0.4982861327360542,0,0
-1.5555840730667114,-0.8027858138084412,-1.4108518362045288,0.4161513412665324,0.4972638220946252,0,0
-1.5577501058578491,-0.8010998964309692,-1.4115397930145264,0.4244980455525363,0.494627014367954,0,0
-1.5599420070648193,-0.7994093894958496,-1.4121801853179932,0.40976994291793745,0.49339979354469404,0,0
-1.5621551275253296,-0.7977148294448853,-1.4127671718597412,0.4241862236711596,0.5033015597916343,0,0
-1.5643864870071411,-0.7960153222084045,-1.4133200645446777,0.4097775634378156,0.4947011766909472,0,0
-1.5666344165802002,-0.7943096160888672,-1.413851022720337,0.40972630213281613,0.4972329841036363,0,0
-1.5688999891281128,-0.7925958633422852,-1.4143544435501099,0.4237772875649393,0.5079422268908615,0,0
-1.5711840391159058,-0.7908709049224854,-1.4148300886154175,0.42487957654342956,0.4948215518698925,0,0
-1.5734883546829224,-0.7891327142715454,-1.4152873754501343,0.4261083082145214,0.5035503636325047,0,0
-1.5758146047592163,-0.7873790860176086,-1.4157311916351318,0.43255234425268196,0.4813706709421172,0,0
-1.578165888786316,-0.7856081128120422,-1.4161455631256104,0.41753779392255186,0.5024856325917891,0,0
-1.5805450677871704,-0.7838187217712402,-1.41652250289917,0.415518424918772,0.5080610823202468,0,0
-1.5829542875289917,-0.7820097804069519,-1.4168734550476074,0.4070721966633854,0.5176187702686547,0,0
-1.5853949785232544,-0.7801806330680847,-1.4172194004058838,0.42925468112942206,0.5110906184261835,0,0
-1.587868094444275,-0.7783306241035461,-1.4175505638122559,0.4285588749230529,0.5066641670799494,0,0
-1.5903737545013428,-0.7764595746994019,-1.417871117591858,0.43268326032440274,0.4889735342383476,0,0
-1.5929110050201416,-0.7745676636695862,-1.4181745052337646,0.4175286531385752,0.5004728347669324,0,0
-1.5954793691635132,-0.7726554274559021,-1.4184648990631104,0.42672059042837557,0.49782172295962573,0,0
-1.5980781316757202,-0.7707235217094421,-1.4187376499176025,0.43315412876948195,0.4886077433118701,0,0
-1.6007046699523926,-0.7687727212905884,-1.4189910888671875,0.4175802450879022,0.4902368461474873,0,0
-1.6033577919006348,-0.7668040990829468,-1.419229507446289,0.41527063388310204,0.47474785960550286,0,0
-1.606035828590393,-0.7648186087608337,-1.4194676876068115,0.42705560243409385,0.4972220155519198,0,0
-1.6087371110916138,-0.7628178000450134,-1.41970694065094,0.42302435319406834,0.5043460043846402,0,0
-1.61146080493927,-0.7608024477958679,-1.4199453592300415,0.43162126875134227,0.4819574971285625,0,0
-1.6142057180404663,-0.7587738037109375,-1.42017662525177,0.4053887580037121,0.498815282049686,0,0
-1.6169698238372803,-0.7567328810691833,-1.420390248298645,0.42512908762687734,0.4907616371633689,0,0
-1.6197518110275269,-0.7546805143356323,-1.4205811023712158,0.41247987373934236,0.49126811534306236,0,0
-1.6225498914718628,-0.7526179552078247,-1.420747995376587,0.42534133613148123,0.5003433082892867,0,0
-1.6253619194030762,-0.7505460977554321,-1.420905351638794,0.41461807009170903,0.5179351311452864,0,0
-1.628186821937561,-0.7484655380249023,-1.421068549156189,0.40952681598263513,0.5000702971809081,0,0
-1.631023645401001,-0.7463774085044861,-1.4212355613708496,0.4266761524895223,0.48561403626804106,0,0
-1.6338714361190796,-0.7442819476127625,-1.421403408050537,0.40419602825128315,0.5029128649696079,0,0
-1.6367294788360596,-0.7421797513961792,-1.4215669631958008,0.40819800779747817,0.4946791757210367,0,0
-1.6395970582962036,-0.7400712370872498,-1.4217182397842407,0.4122065355874673,0.49260299664797885,0,0
-1.6424726247787476,-0.7379570007324219,-1.4218569993972778,0.43451240306865824,0.5181240798019001,0,0
-1.6453558206558228,-0.7358375787734985,-1.4219810962677002,0.4279395599664184,0.5092272879992086,0,0
-1.6482454538345337,-0.7337133288383484,-1.4220999479293823,0.4042704015689863,0.4877353856797375,0,0
-1.6511411666870117,-0.7315845489501953,-1.42221999168396,0.4252248907729103,0.508460569224105,0,0
-1.6540418863296509,-0.7294519543647766,-1.4223366975784302,0.42852732637590607,0.4816604950787868,0,0
-1.6569478511810303,-0.7273155450820923,-1.4224534034729004,0.43109942049867556,0.4992416524782875,0,0
-1.659858226776123,-0.7251753807067871,-1.4225603342056274,0.426301122775583,0.49952021397753066,0,0
-1.66277277469635,-0.7230320572853088,-1.4226646423339844,0.40524318917992536,0.5015571697679513,0,0
-1.6656910181045532,-0.7208855748176575,-1.4227617979049683,0.40409564009477406,0.4776333857092764,0,0
-1.6686122417449951,-0.7187361121177673,-1.422853946685791,0.4169195674946073,0.4968407236348257,0,0
-1.6715366840362549,-0.7165842652320862,-1.4229382276535034,0.40518493489734997,0.5006744752960045,0,0
-1.6744635105133057,-0.7144299745559692,-1.4230207204818726,0.41938474484909677,0.5046764833180138,0,0
-1.6773927211761475,-0.7122735977172852,-1.4231032133102417,0.4237577962804482,0.49695005296174255,0,0
-1.6803237199783325,-0.7101152539253235,-1.423181414604187,0.49399922344845376,0.5172131367458773,0,0
-1.6832568645477295,-0.7079548239707947,-1.423258662223816,0.5123625276787602,0.5042573362439564,0,0
-1.6861916780471802,-0.7057924866676331,-1.4233314990997314,0.5215939922092394,0.5013091082196945,0,0
-1.6891283988952637,-0.7036284804344177,-1.4233964681625366,0.4980619498369452,0.5045363960978184,0,0
-1.6920658349990845,-0.7014629244804382,-1.4234577417373657,0.5152793037597111,0.48529941545475247,0,0
-1.6950045824050903,-0.6992959976196289,-1.4235193729400635,0.48320020492670124,0.5147721435053785,0,0
-1.6979442834854126,-0.6971278786659241,-1.4235738515853882,0.4960233211575424,0.5019506312379423,0,0
-1.7008848190307617,-0.6949584484100342,-1.4236265420913696,0.5070430768331452,0.5195165133535723,0,0
-1.7038261890411377,-0.6927878856658936,-1.4236801862716675,0.5082101593297826,0.5000005497404197,0,0
-1.706768274307251,-0.690616250038147,-1.423732876777649,0.5123268546645137,0.5186366882828837,0,0
-1.709710955619812,-0.688443660736084,-1.4237785339355469,0.4986640956737502,0.49663747712531786,0,0
-1.7126537561416626,-0.686269998550415,-1.4238243103027344,0.49873084410760404,0.48744246254427354,0,0
-1.715597152709961,-0.684095561504364,-1.4238699674606323,0.5230001564016841,0.5027951083079031,0,0
-1.718541145324707,-0.6819202899932861,-1.4239131212234497,0.48339954472091695,0.5193257168999594,0,0
-1.7214850187301636,-0.6797443628311157,-1.4239498376846313,0.48102968385864026,0.524106417235941,0,0
-1.7244291305541992,-0.677567720413208,-1.4239895343780518,0.4959073017367461,0.504857638056184,0,0
-1.727373480796814,-0.6753904223442078,-1.4240247011184692,0.5113875312897357,0.5125053614152104,0,0
-1.7303180694580078,-0.6732125878334045,-1.4240580797195435,0.4947751709905367,0.4950870548002529,0,0
-1.7332626581192017,-0.6710341572761536,-1.4240906238555908,0.4928247505476196,0.4834497918204938,0,0
-1.7362074851989746,-0.6688551306724548,-1.4241231679916382,0.5061366560926375,0.48607062137744556,0,0
-1.7391525506973267,-0.6666757464408875,-1.4241513013839722,0.4771614914303659,0.500436500377462,0,0
-1.7420974969863892,-0.6644957661628723,-1.4241795539855957,0.5000124082055323,0.5250766364597602,0,0
-1.745042324066162,-0.662315309047699,-1.4242076873779297,0.5155128073948371,0.49975623914646405,0,0
-1.747986912727356,-0.6601344347000122,-1.4242304563522339,0.4930718638727675,0.4700474512690489,0,0
-1.7509316205978394,-0.6579532623291016,-1.4242533445358276,0.48375103346184667,0.4943379392288391,0,0
-1.753875970840454,-0.6557717323303223,-1.4242762327194214,0.5070548058173825,0.5007722436875803,0,0
-1.7568204402923584,-0.6535898447036743,-1.4242990016937256,0.4948909100467295,0.5030502095518996,0,0
-1.7597650289535522,-0.6514076590538025,-1.4243218898773193,0.4917703909291184,0.516765111978063,0,0
-1.7627094984054565,-0.6492251753807068,-1.4243395328521729,0.5041416613873607,0.48943973234929833,0,0
-1.7656537294387817,-0.647042453289032,-1.4243571758270264,0.5002427129522624,0.49957988570982564,0,0
-1.7685980796813965,-0.6448594927787781,-1.4243748188018799,0.5056548668608097,0.5053022833309554,0,0
-1.7715421915054321,-0.6426762938499451,-1.4243922233581543,0.5125486937049128,0.5016814445580833,0,0
-1.7744864225387573,-0.640492856502533,-1.4244098663330078,0.5089654179041767,0.5059502561057042,0,0
-1.7774304151535034,-0.638309121131897,-1.4244275093078613,0.49264682024184026,0.5017501196041612,0,0
-1.7803744077682495,-0.6361252665519714,-1.424439787864685,0.49834053542553236,0.5037925620503347,0,0
-1.783318042755127,-0.6339412331581116,-1.4244520664215088,0.5075536813401544,0.501508068856499,0,0
-1.7862619161605835,-0.6317570209503174,-1.424464464187622,0.502831388647581,0.5147635360129955,0,0
-1.7892056703567505,-0.6295726299285889,-1.4244768619537354,0.5005829506805125,0.5007441598935556,0,0
-1.792149305343628,-0.6273881196975708,-1.4244890213012695,0.47958470821564336,0.5095175466562822,0,0
-1.7950928211212158,-0.6252034902572632,-1.4245012998580933,0.50256281690568,0.5098489568549749,0,0
-1.7980363368988037,-0.6230186223983765,-1.424513816833496,0.49749373777223216,0.5176693467763314,0,0
-1.8009798526763916,-0.6208335757255554,-1.4245260953903198,0.5097926432341435,0.5093090782104258,0,0
-1.8039233684539795,-0.6186484098434448,-1.4245383739471436,0.4990667126328688,0.4892554544361477,0,0
-1.80686616897583,-0.6164632439613342,-1.4245437383651733,0.4935323220083786,0.5068867506052561,0,0
-1.8098092079162598,-0.6142779588699341,-1.424548864364624,0.5145894709335908,0.4960385907379068,0,0
-1.8127524852752686,-0.6120926141738892,-1.4245543479919434,0.5003807103174297,0.5021397311061482,0,0
-1.8156955242156982,-0.6099070310592651,-1.424559473991394,0.5098951911838882,0.4934359877950483,0,0
-1.818638563156128,-0.6077214479446411,-1.4245648384094238,0.5235867554848415,0.5002905596099091,0,0
-1.8215811252593994,-0.6055358052253723,-1.4245699644088745,0.48409859821426043,0.4875869841926546,0,0
-1.82452392578125,-0.603350043296814,-1.4245753288269043,0.513519978890393,0.49368436486831935,0,0
-1.8274667263031006,-0.6011641621589661,-1.424580454826355,0.47926060477141347,0.49413225648880155,0,0
-1.8304091691970825,-0.5989776849746704,-1.4245851039886475,0.5084535670726632,0.5186888541778791,0,0
-1.8333512544631958,-0.5967943072319031,-1.4245866537094116,0.49239652978327864,0.5040309571731396,0,0
-1.8362916707992554,-0.5946233868598938,-1.4245816469192505,0.5066182513920907,0.48287476455672024,0,0
-1.8392300605773926,-0.5924801230430603,-1.4245717525482178,0.5047869021411534,0.5007755222329761,0,0
-1.8421671390533447,-0.5903850793838501,-1.4245518445968628,0.49383927355776647,0.5049733431514133,0,0
-1.8451040983200073,-0.5883622169494629,-1.4245240688323975,0.48802253548203267,0.49430388324086566,0,0
-1.8480393886566162,-0.5864359140396118,-1.424494743347168,0.49489884420095304,0.5165298631296833,0,0
-1.8509676456451416,-0.5846310257911682,-1.4244714975357056,0.48665468162572256,0.4963084115361003,0,0
-1.853879690170288,-0.5829721689224243,-1.4244582653045654,0.5125313836250481,0.5045922196288349,0,0
-1.8567663431167603,-0.5814814567565918,-1.424453854560852,0.48958881959240574,0.5144166216542331,0,0
-1.8596217632293701,-0.580177366733551,-1.424452781677246,0.49520612273635667,0.5014015644977218,0,0
-1.8624433279037476,-0.5790748000144958,-1.424452781677246,0.49532020261918247,0.5136102802835069,0,0
-1.8652328252792358,-0.5781863331794739,-1.4244524240493774,0.49805153522402934,0.5046186862790427,0,0
-1.8679919242858887,-0.5775203108787537,-1.4244529008865356,0.49862050344954173,0.49669020235565126,0,0
-1.870723009109497,-0.5770804286003113,-1.424456238746643,0.49253443654860724,0.5108722061610879,0,0
-1.8734264373779297,-0.5768671035766602,-1.4244643449783325,0.5048471807968633,0.4859675066862493,0,0
-1.876103401184082,-0.5768776535987854,-1.4244754314422607,0.51099729792917,0.49749315543505923,0,0
-1.8787541389465332,-0.577106773853302,-1.4244871139526367,0.5009865592089628,0.5000743652101625,0,0
-1.8813798427581787,-0.5775468945503235,-1.424500584602356,0.5182720113981643,0.5106031237488908,0,0
-1.8839799165725708,-0.5781883001327515,-1.4245131015777588,0.49602307121964156,0.4933886043906691,0,0
-1.886553406715393,-0.5790203809738159,-1.4245243072509766,0.4999080313034247,0.5210726030268561,0,0
-1.8890990018844604,-0.5800321698188782,-1.4245343208312988,0.5118111032597699,0.4884527243380653,0,0
-1.891616940498352,-0.5812123417854309,-1.4245456457138062,0.48386766797677533,0.5052002618815118,0,0
-1.894107699394226,-0.5825490355491638,-1.424556016921997,0.5128123638736412,0.4959843572997229,0,0
-1.8965729475021362,-0.5840297341346741,-1.4245659112930298,0.5040900719797784,0.49343895565587015,0,0
-1.8990150690078735,-0.5856419205665588,-1.4245747327804565,0.49401298740691585,0.5208285927399935,0,0
-1.901435136795044,-0.587373673915863,-1.4245798587799072,0.5038331777471268,0.5161652050608516,0,0
-1.903834342956543,-0.5892141461372375,-1.424585223197937,0.505081929613984,0.5169229602771722,0,0
-1.9062130451202393,-0.5911540389060974,-1.4245892763137817,0.4932287254979137,0.48940005408728515,0,0
-1.9085707664489746,-0.5931845307350159,-1.4245926141738892,0.5043797424044669,0.5108869759230062,0,0
-1.9109090566635132,-0.5952979326248169,-1.4245952367782593,0.49738110167678523,0.49528144062769697,0,0
-1.9132291078567505,-0.5974866151809692,-1.4246002435684204,0.5007922527496735,0.48899263592470665,0,0
-1.9155335426330566,-0.5997434854507446,-1.4246034622192383,0.4916059530234497,0.49945994144199396,0,0
-1.9178247451782227,-0.6020622253417969,-1.4246076345443726,0.49092665264420027,0.5108337172012437,0,0
-1.920104742050171,-0.6044369339942932,-1.4246108531951904,0.5142034695701437,0.4877674742992717,0,0
-1.922373652458191,-0.6068626642227173,-1.4246143102645874,0.49062534842039357,0.5055410962789265,0,0
-1.9246320724487305,-0.6093347668647766,-1.4246172904968262,0.5042049095792878,0.5025364209164891,0,0
-1.9268802404403687,-0.6118490099906921,-1.424619436264038,0.49849007064162326,0.48410145268122157,0,0
-1.9291189908981323,-0.6144017577171326,-1.4246214628219604,0.49070686853710804,0.5057466618371608,0,0
-1.9313489198684692,-0.6169896125793457,-1.4246214628219604,0.4941769240877385,0.523882822594271,0,0
-1.9335720539093018,-0.6196094155311584,-1.4246220588684082,0.48488003558773035,0.49659782501019684,0,0
-1.9357895851135254,-0.6222584247589111,-1.4246251583099365,0.49400856289622824,0.48204955195327104,0,0
-1.9380024671554565,-0.6249340772628784,-1.4246275424957275,0.5086612824234157,0.4977676192256758,0,0
-1.9402107000350952,-0.6276342272758484,-1.4246305227279663,0.49022326500808466,0.47122801243011697,0,0
-1.9424151182174683,-0.6303566694259644,-1.424633264541626,0.4848228267261746,0.5133532216959297,0,0
-1.9446157217025757,-0.6330994367599487,-1.4246342182159424,0.4751128482511475,0.5048046112553821,0,0
-1.946812629699707,-0.6358606815338135,-1.4246360063552856,0.49654720059115515,0.5233036605841572,0,0
-1.9490065574645996,-0.6386387348175049,-1.4246366024017334,0.5065189618176587,0.48812808076790704,0,0
-1.9511981010437012,-0.6414323449134827,-1.4246373176574707,0.49944265090171946,0.4892776176599186,0,0
-1.9533884525299072,-0.6442398428916931,-1.424638271331787,0.48367475574743957,0.5024923133904682,0,0
-1.9555774927139282,-0.6470600962638855,-1.424639344215393,0.5079208009477875,0.4999211564419054,0,0
-1.9577653408050537,-0.6498919129371643,-1.4246394634246826,0.5030681054278197,0.4892656727879048,0,0
-1.9599523544311523,-0.6527345180511475,-1.4246398210525513,0.5106714047637368,0.5112637862802173,0,0
-1.9621381759643555,-0.6555865406990051,-1.424641728401184,0.5053564452958225,0.5047195785495606,0,0
-1.9643232822418213,-0.658447265625,-1.4246445894241333,0.5149628383626526,0.4849506249720822,0,0
-1.9665073156356812,-0.66131591796875,-1.4246472120285034,0.5026075595148358,0.48795108082056105,0,0
-1.9686908721923828,-0.6641917824745178,-1.4246466159820557,0.4945970476945667,0.5138378696059233,0,0
-1.9708744287490845,-0.6670740842819214,-1.4246456623077393,0.5021896072303716,0.490523199546031,0,0
-1.9730578660964966,-0.6699622869491577,-1.424644947052002,0.48430176518910484,0.4941643050060806,0,0
-1.9752410650253296,-0.672855794429779,-1.4246442317962646,0.501597040232076,0.5010103404512778,0,0
-1.9774242639541626,-0.6757541298866272,-1.4246435165405273,0.5199983703181238,0.5090762518346773,0,0
-1.9796072244644165,-0.678656816482544,-1.4246435165405273,0.48744275895039046,0.5072553707482096,0,0
-1.9817899465560913,-0.6815635561943054,-1.424643635749817,0.49685688900291813,0.4994057860361051,0,0
-1.9839730262756348,-0.6844738721847534,-1.42464280128479,0.5264898947918043,0.5048776574766475,0,0
-1.9861557483673096,-0.6873873472213745,-1.4246420860290527,0.4955697893937094,0.4959991888653585,0,0
-1.9883390665054321,-0.6903037428855896,-1.4246420860290527,0.5004386723232455,0.5012653058027755,0,0
-1.9905222654342651,-0.6932227611541748,-1.4246412515640259,0.5096699362426405,0.4930366591344881,0,0
-1.9927055835723877,-0.6961441040039062,-1.424641489982605,0.4988000995306794,0.50823040428256,0,0
-1.9948890209197998,-0.6990675926208496,-1.424641489982605,0.5010027870403067,0.48621758257953807,0,0
-1.9970728158950806,-0.7019929885864258,-1.4246406555175781,0.5091586222564723,0.4853071692503183,0,0
-1.9992564916610718,-0.7049200534820557,-1.4246397018432617,0.4729543649427179,0.49768951184735216,0,0
-2.0014402866363525,-0.7078487873077393,-1.4246399402618408,0.5042767392424005,0.499209459755047,0,0
-2.003624677658081,-0.7107789516448975,-1.4246399402618408,0.5022960220891901,0.48865213674186925,0,0
-2.0058085918426514,-0.7137103080749512,-1.4246399402618408,0.5079081258643586,0.49613957668006603,0,0
-2.007992744445801,-0.7166429162025452,-1.4246399402618408,0.5041237831132545,0.5020299348953222,0,0
-2.0101771354675293,-0.7195765972137451,-1.4246399402618408,0.4954190822311997,0.49182457371990773,0,0
-2.012361526489258,-0.7225111126899719,-1.4246399402618408,0.5025552389199588,0.47875964885698713,0,0
-2.0145461559295654,-0.7254466414451599,-1.4246399402618408,0.5145329067586285,0.5075863087375143,0,0
-2.016731023788452,-0.7283827066421509,-1.4246400594711304,0.49917212721316667,0.5008927600661941,0,0
-2.018915891647339,-0.7313196659088135,-1.4246400594711304,0.5088831778503791,0.49845774039497626,0,0
-2.0211007595062256,-0.7342572808265686,-1.4246400594711304,0.5109578630091467,0.48374242230188264,0,0
-2.0232856273651123,-0.7371954321861267,-1.4246400594711304,0.4894320930310943,0.49024201973044235,0,0
-2.025470495223999,-0.7401339411735535,-1.4246400594711304,0.5040718117521679,0.5130894255276763,0,0
-2.027655839920044,-0.743073046207428,-1.4246400594711304,0.48222809233038,0.5040918846402288,0,0
-2.029841184616089,-0.7460125684738159,-1.4246400594711304,0.49777037511209354,0.525217279870731,0,0
-2.032026767730713,-0.7489523887634277,-1.4246400594711304,0.4985672856948364,0.5107869986634104,0,0
-2.034212350845337,-0.7518926858901978,-1.4246400594711304,0.48619813889324687,0.48380541425449425,0,0
-2.036397933959961,-0.7548331618309021,-1.4246400594711304,0.5029686475562196,0.49524291724850333,0,0
-2.038583755493164,-0.7577739357948303,-1.4246400594711304,0.5056171817164031,0.4969204803602202,0,0
-2.040769577026367,-0.7607150673866272,-1.4246400594711304,0.5022553615922523,0.5069433834474819,0,0
-2.0429556369781494,-0.763656497001648,-1.4246400594711304,0.5015896659826633,0.5015923432022131,0,0
-2.0451416969299316,-0.7665981650352478,-1.4246400594711304,0.5035279783735495,0.49783179951264095,0,0
-2.047327756881714,-0.769540011882782,-1.4246400594711304,0.5013675598429431,0.4950849956296927,0,0
-2.049513816833496,-0.7724820375442505,-1.4246400594711304,0.4935450597542609,0.4996527745514581,0,0
-2.051699638366699,-0.7754241228103638,-1.4246402978897095,0.49658670704010255,0.4921068148494078,0,0
-2.0538861751556396,-0.7783664464950562,-1.4246402978897095,0.4893189417503494,0.50167284036794,0,0
-2.056072473526001,-0.7813088297843933,-1.4246402978897095,0.5081850310786379,0.5025524695914032,0,0
-2.0582587718963623,-0.7842512130737305,-1.4246402978897095,0.5047045241657125,0.5108455461455114,0,0
-2.0604450702667236,-0.7871937155723572,-1.4246402978897095,0.4898888814205989,0.5064774674912597,0,0
-2.062631845474243,-0.7901362180709839,-1.4246402978897095,0.49974213844442006,0.503984758737633,0,0
-2.0648183822631836,-0.7930789589881897,-1.4246402978897095,0.5102167194161404,0.5064760469192159,0,0
-2.067004919052124,-0.7960216403007507,-1.4246402978897095,0.4936408512283053,0.4930183774230531,0,0
-2.0691914558410645,-0.7989643216133118,-1.4246402978897095,0.5065948261111154,0.5065916400735226,0,0
-2.071378231048584,-0.8019071221351624,-1.4246402978897095,0.510602949415985,0.48408044439557546,0,0
-2.0735650062561035,-0.8048499226570129,-1.4246402978897095,0.5007811314893977,0.49405543823742226,0,0
-2.075751543045044,-0.8077927827835083,-1.4246402978897095,0.5058133509261283,0.4909216699739646,0,0
-2.0779383182525635,-0.810735821723938,-1.4246402978897095,0.5158938143204609,0.49181790701349304,0,0
-2.080125093460083,-0.8136788010597229,-1.4246402978897095,0.5062102486001735,0.4958754426376834,0,0
-2.0823121070861816,-0.8166218996047974,-1.4246402978897095,0.5021435169552633,0.5012085282128053,0,0
-2.0844991207122803,-0.8195651769638062,-1.4246402978897095,0.4881440988877995,0.504997247437938,0,0
-2.086686134338379,-0.8225083351135254,-1.4246402978897095,0.47102210585521026,0.495662073847093,0,0
-2.0888731479644775,-0.8254516124725342,-1.4246402978897095,0.5014382574393657,0.5061191722972749,0,0
-2.0910604000091553,-0.828394889831543,-1.4246402978897095,0.4985755573344022,0.5073441936583,0,0
-2.093247413635254,-0.8313382267951965,-1.4246402978897095,0.4733593848899993,0.5030534965831248,0,0
-2.0954346656799316,-0.8342816829681396,-1.4246402978897095,0.49903822142598986,0.49208328493534165,0,0
-2.0976221561431885,-0.8372251987457275,-1.4246402978897095,0.5103709684552395,0.5048902887650526,0,0
-2.0998096466064453,-0.8401688933372498,-1.4246402978897095,0.5125691540041991,0.4919347868667144,0,0
-2.101996898651123,-0.8431125283241272,-1.4246402978897095,0.5168437423650084,0.4979629742451542,0,0
-2.104184150695801,-0.8460562229156494,-1.4246402978897095,0.5200003115678524,0.49350177981783816,0,0
-2.1063714027404785,-0.8489999771118164,-1.4246402978897095,0.5018663232085492,0.49996451926975616,0,0
-2.1085588932037354,-0.8519437313079834,-1.4246402978897095,0.49155669387295053,0.49718939341054863,0,0
-2.110746383666992,-0.8548874855041504,-1.4246402978897095,0.5159638642978026,0.4722295223946329,0,0
-2.112933874130249,-0.8578313589096069,-1.4246402978897095,0.4933658400125197,0.505217208169632,0,0
-2.115121364593506,-0.8607751131057739,-1.4246402978897095,0.49854619183714943,0.5057658165472353,0,0
-2.1173088550567627,-0.8637189865112305,-1.4246402978897095,0.4888434488186096,0.49611419500595405,0,0
-2.1194961071014404,-0.8666627407073975,-1.4246402978897095,0.49625638179772635,0.4883992279421729,0,0
-2.1216835975646973,-0.8696064949035645,-1.4246402978897095,0.5057695421389664,0.48515437666415323,0,0
-2.123871088027954,-0.872550368309021,-1.4246402978897095,0.4843772989256148,0.5136850523599877,0,0
-2.126058578491211,-0.8754940629005432,-1.4246402978897095,0.5131236601335017,0.5060751021593282,0,0
-2.1282460689544678,-0.8784377574920654,-1.4246402978897095,0.4716868279275669,0.48385798386323026,0,0
-2.1304333209991455,-0.8813814520835876,-1.4246402978897095,0.4875687412861272,0.49673061162966686,0,0
-2.1326208114624023,-0.8843252062797546,-1.4246402978897095,0.4967832638862956,0.5027873189325968,0,0
-2.1348085403442383,-0.8872689008712769,-1.4246402978897095,0.5054486124503271,0.4898209943356447,0,0
-2.136996030807495,-0.8902125358581543,-1.4246402978897095,0.5044678253455399,0.49338483440776615,0,0
-2.139183759689331,-0.8931561708450317,-1.4246402978897095,0.5072285482703852,0.507157030424778,0,0
-2.141371250152588,-0.8960998058319092,-1.4246402978897095,0.5068594321376999,0.47416904859526293,0,0
-2.1435587406158447,-0.8990435600280762,-1.4246402978897095,0.5188410085621227,0.49759283362744605,0,0
-2.1457464694976807,-0.9019873142242432,-1.4246402978897095,0.4936304460057025,0.5034188794030056,0,0
-2.1479344367980957,-0.9049310088157654,-1.4246402978897095,0.49694637840907147,0.4932666140858248,0,0
-2.1501219272613525,-0.9078747630119324,-1.4246402978897095,0.5081833980620565,0.4877065589028861,0,0
-2.1523098945617676,-0.9108185172080994,-1.4246402978897095,0.5040262935497575,0.5024544599574158,0,0
-2.1544973850250244,-0.913762092590332,-1.4246402978897095,0.49552063792653434,0.500534849856544,0,0
-2.1566853523254395,-0.9167057275772095,-1.4246402978897095,0.52001484928909,0.49819483645914503,0,0
-2.1588730812072754,-0.9196494221687317,-1.4246402978897095,0.5072298653219828,0.5039456875069357,0,0
-2.1610605716705322,-0.9225931167602539,-1.4246402978897095,0.512200661075246,0.5095135829650446,0,0
-2.163248300552368,-0.9255367517471313,-1.4246402978897095,0.5036028506425438,0.5085616778241373,0,0
-2.165436029434204,-0.9284804463386536,-1.4246402978897095,0.5143666028032191,0.4985620799347802,0,0
-2.16762375831604,-0.9314241409301758,-1.4246402978897095,0.491470600418621,0.49524509124908783,0,0
-2.169811487197876,-0.9343677759170532,-1.4246402978897095,0.49046119311724445,0.4914582542969219,0,0
-2.171999216079712,-0.9373113512992859,-1.4246402978897095,0.48521957039831076,0.511380305895865,0,0
-2.174186944961548,-0.940254807472229,-1.4246402978897095,0.4951143745619459,0.5014706425596025,0,0
-2.176374912261963,-0.9431984424591064,-1.4246402978897095,0.5039155464364226,0.5058363725328678,0,0
-2.178562879562378,-0.9461419582366943,-1.4246402978897095,0.49208171776502324,0.5012329761110633,0,0
-2.180750846862793,-0.9490854740142822,-1.4246402978897095,0.5015782489410633,0.5078790833978954,0,0
-2.182939052581787,-0.9520289301872253,-1.4246402978897095,0.49330005288570805,0.5052678475692371,0,0
-2.185127019882202,-0.954972505569458,-1.4246402978897095,0.49737738847426627,0.5129715745549959,0,0
-2.187314987182617,-0.9579160809516907,-1.4246402978897095,0.49280254977223303,0.5012629042720944,0,0
-2.1895029544830322,-0.9608595967292786,-1.4246402978897095,0.5103486037951936,0.492334744645497,0,0
-2.1916909217834473,-0.9638031125068665,-1.4246402978897095,0.4862956196896202,0.4893861131721641,0,0
-2.1938791275024414,-0.9667467474937439,-1.4246402978897095,0.49126707647802753,0.5012184693903674,0,0
-2.1960670948028564,-0.9696903228759766,-1.4246402978897095,0.49785125344869774,0.4927530712678782,0,0
-2.1982550621032715,-0.9726338386535645,-1.4246402978897095,0.4966528420132493,0.5001753551217925,0,0
-2.2004430294036865,-0.9755772352218628,-1.4246402978897095,0.49650268989155727,0.5045172015271189,0,0
-2.2026309967041016,-0.9785206913948059,-1.4246402978897095,0.5200835991412573,0.5030646146806816,0,0
-2.2048189640045166,-0.981464147567749,-1.4246402978897095,0.4956192851080841,0.4868069566398816,0,0
-2.2070069313049316,-0.9844076037406921,-1.4246402978897095,0.4954677257691241,0.49845951765684776,0,0
-2.2091948986053467,-0.9873510003089905,-1.4246402978897095,0.5207856062160371,0.4906643806147356,0,0
-2.2113828659057617,-0.9902944564819336,-1.4246402978897095,0.5124516697000806,0.5174747504711648,0,0
-2.2135705947875977,-0.9932378530502319,-1.4246402978897095,0.5010152224693416,0.49861518222167944,0,0
-2.2157585620880127,-0.9961813688278198,-1.4246402978897095,0.5046978979500762,0.4932154462415373,0,0
-2.217947006225586,-0.9991248250007629,-1.4246402978897095,0.4716381702201925,0.4907759709648438,0,0
-2.22013521194458,-1.002068281173706,-1.4246402978897095,0.4960995396946957,0.4988058257062599,0,0
-2.222323417663574,-1.0050115585327148,-1.4246402978897095,0.47627179910207273,0.4901072632640922,0,0
-2.2245116233825684,-1.0079549551010132,-1.4246402978897095,0.49815902976283427,0.5031509521664258,0,0
-2.2266998291015625,-1.0108983516693115,-1.4246402978897095,0.5044305078608509,0.5113893511118783,0,0
-2.2288880348205566,-1.0138417482376099,-1.4246402978897095,0.4880668308947918,0.5103312337257779,0,0
-2.2310760021209717,-1.0167851448059082,-1.4246402978897095,0.48405444145576304,0.5108511799335281,0,0
-2.233264207839966,-1.0197285413742065,-1.4246402978897095,0.5009956468129223,0.5143059127483395,0,0
-2.23545241355896,-1.0226719379425049,-1.4246402978897095,0.4972701914342531,0.5225739605851699,0,0
-2.237640619277954,-1.0256153345108032,-1.4246402978897095,0.4868628932322812,0.4949719332405664,0,0
-2.2398288249969482,-1.0285588502883911,-1.4246402978897095,0.5030980164452147,0.494783712702143,0,0
-2.242016553878784,-1.0315021276474,-1.4246402978897095,0.503823084155799,0.48127361916446393,0,0
-2.2442047595977783,-1.0344454050064087,-1.4246402978897095,0.49678715804149526,0.5068009434413158,0,0
-2.2463929653167725,-1.0373886823654175,-1.4246402978897095,0.5072771238845912,0.4861202093596627,0,0
-2.2485811710357666,-1.0403318405151367,-1.4246402978897095,0.5020126655438969,0.4771101441070721,0,0
-2.2507693767547607,-1.0432751178741455,-1.4246402978897095,0.5124820712311474,0.5064718358137997,0,0
-2.252957582473755,-1.0462183952331543,-1.4246402978897095,0.501786169916007,0.5040103114212451,0,0
-2.255146026611328,-1.049161672592163,-1.4246402978897095,0.49806913510966067,0.510345574431386,0,0
-2.257333993911743,-1.0521048307418823,-1.4246402978897095,0.48952082505506855,0.48652032107224635,0,0
-2.2595221996307373,-1.0550481081008911,-1.4246402978897095,0.5050313901739766,0.49497815132042927,0,0
-2.2617104053497314,-1.0579915046691895,-1.4246402978897095,0.5249386439921245,0.4966030863355661,0,0
-2.2638986110687256,-1.0609347820281982,-1.4246402978897095,0.48919650018342237,0.5180092030694717,0,0
-2.266087055206299,-1.0638781785964966,-1.4246402978897095,0.501816344707965,0.4975223547271947,0,0
-2.268275499343872,-1.0668214559555054,-1.4246402978897095,0.5024651292478993,0.496972515110242,0,0
-2.2704639434814453,-1.0697647333145142,-1.4246402978897095,0.4992681900392923,0.4971005851730979,0,0
-2.2726523876190186,-1.0727078914642334,-1.4246402978897095,0.4945656552440741,0.4952477167340203,0,0
-2.2748405933380127,-1.0756511688232422,-1.4246402978897095,0.49750709121583586,0.4955002934529558,0,0
-2.277029037475586,-1.078594446182251,-1.4246402978897095,0.5038002810080175,0.5033393299077795,0,0
-2.279217481613159,-1.0815376043319702,-1.4246402978897095,0.5106112219399047,0.5009858596560374,0,0
-2.2814059257507324,-1.0844807624816895,-1.4246402978897095,0.49867197696915866,0.4839425878880086,0,0
-2.2835943698883057,-1.0874238014221191,-1.4246402978897095,0.4980701773085545,0.5084623515540186,0,0
-2.285783052444458,-1.0903669595718384,-1.4246402978897095,0.502380880395887,0.48815218782441105,0,0
-2.2879714965820312,-1.0933101177215576,-1.4246402978897095,0.5041105413803932,0.5062467901460581,0,0
-2.2901599407196045,-1.0962532758712769,-1.4246402978897095,0.5007460537172767,0.5057251552623361,0,0
-2.2923483848571777,-1.099196434020996,-1.4246402978897095,0.5022375880974373,0.5079234038954188,0,0
-2.294536590576172,-1.1021394729614258,-1.4246402978897095,0.49791890001443745,0.5262712453079823,0,0
-2.296725034713745,-1.1050825119018555,-1.4246402978897095,0.48598152312635295,0.5060914786983133,0,0
-2.2989134788513184,-1.1080257892608643,-1.4246402978897095,0.487262660673975,0.49518027202104153,0,0
-2.3011021614074707,-1.1109689474105835,-1.4246402978897095,0.4792867688816837,0.5076613566941317,0,0
-2.303290605545044,-1.1139121055603027,-1.4246402978897095,0.494503389521713,0.5023483981461329,0,0
-2.305479049682617,-1.116855263710022,-1.4246402978897095,0.48273244099664653,0.5013313685873108,0,0
-2.3076674938201904,-1.1197984218597412,-1.4246402978897095,0.4871797281592947,0.5109510037444236,0,0
-2.3098559379577637,-1.1227415800094604,-1.4246402978897095,0.5012523941001058,0.49792404906358,0,0
-2.312044382095337,-1.1256847381591797,-1.4246402978897095,0.5172013323627184,0.49676720518317574,0,0
-2.3142330646514893,-1.128627896308899,-1.4246402978897095,0.5031543138662258,0.4777368671303174,0,0
-2.3164217472076416,-1.1315709352493286,-1.4246402978897095,0.49225509528183004,0.5061369460376339,0,0
-2.318610429763794,-1.1345138549804688,-1.4246402978897095,0.5093740214876852,0.4831706552492813,0,0
-2.3207991123199463,-1.1374568939208984,-1.4246402978897095,0.5033920710091456,0.4869037556938834,0,0
-2.3229875564575195,-1.1403998136520386,-1.4246402978897095,0.49385931692459134,0.48121209603923804,0,0
-2.325176239013672,-1.1433428525924683,-1.4246402978897095,0.486129152489471,0.498640032089124,0,0
-2.327364921569824,-1.146285891532898,-1.4246402978897095,0.5088526177716637,0.4872813410267931,0,0
-2.3295536041259766,-1.1492289304733276,-1.4246402978897095,0.5042677108946294,0.508181505693414,0,0
-2.33174204826355,-1.1521719694137573,-1.4246402978897095,0.5132823825852448,0.5014924667565362,0,0
-2.333930730819702,-1.155115008354187,-1.4246402978897095,0.4934294272022606,0.4958387325687455,0,0
-2.3361191749572754,-1.1580580472946167,-1.4246402978897095,0.5048266553555476,0.48669997176364405,0,0
-2.3383078575134277,-1.1610010862350464,-1.4246402978897095,0.48106376916699317,0.5137030939253608,0,0
-2.34049654006958,-1.163944125175476,-1.4246402978897095,0.49892084257308206,0.5067932550235215,0,0
-2.3426852226257324,-1.1668872833251953,-1.4246402978897095,0.5050776015837485,0.5025836278983268,0,0
-2.3448736667633057,-1.169830322265625,-1.4246402978897095,0.5069395144993106,0.5167583698343698,0,0
-2.347062349319458,-1.1727733612060547,-1.4246402978897095,0.4957992633589454,0.5034623724714091,0,0
-2.3492510318756104,-1.1757164001464844,-1.4246402978897095,0.4840848482208391,0.5020607381340663,0,0
-2.3514394760131836,-1.178659439086914,-1.4246402978897095,0.4955313934323257,0.5076146270991606,0,0
-2.353628158569336,-1.1816024780273438,-1.4246402978897095,0.5021609035781006,0.5069390872511828,0,0
-2.3558168411254883,-1.1845455169677734,-1.4246402978897095,0.5128458148798712,0.5207034681723895,0,0
-2.3580055236816406,-1.1874885559082031,-1.4246402978897095,0.4888400416080968,0.5109073029401676,0,0
-2.360193967819214,-1.1904314756393433,-1.4246402978897095,0.49673267241401853,0.5123920353396897,0,0
-2.3623828887939453,-1.1933743953704834,-1.4246402978897095,0.499507844971952,0.5029183824787089,0,0
-2.3645715713500977,-1.1963173151016235,-1.4246402978897095,0.48341838234966356,0.514903359317896,0,0
-2.366760492324829,-1.1992602348327637,-1.4246402978897095,0.49867300469236564,0.5072071984005703,0,0
-2.3689494132995605,-1.2022031545639038,-1.4246402978897095,0.4958124698814705,0.4991251169588322,0,0
-2.371138334274292,-1.2051459550857544,-1.4246402978897095,0.5048319158925225,0.5042536215736519,0,0
-2.3733272552490234,-1.2080888748168945,-1.4246402978897095,0.4831089455904334,0.4863527347886898,0,0
-2.375516176223755,-1.2110316753387451,-1.4246402978897095,0.5230632226911198,0.5025364340084977,0,0
-2.3777048587799072,-1.2139745950698853,-1.4246402978897095,0.4974524135346972,0.5228400906493493,0,0
-2.3798937797546387,-1.2169175148010254,-1.4246402978897095,0.5011308597673606,0.5028364360844714,0,0
-2.382082462310791,-1.2198604345321655,-1.4246402978897095,0.4870609986360247,0.4885712110291697,0,0
-2.3842716217041016,-1.2228033542633057,-1.4246402978897095,0.49788221591354526,0.4993565186550893,0,0
-2.386460542678833,-1.2257462739944458,-1.4246402978897095,0.5104450529244576,0.5049593610321239,0,0
-2.3886494636535645,-1.228689193725586,-1.4246402978897095,0.4920777880384531,0.4982070139024772,0,0
-2.390838384628296,-1.231632113456726,-1.4246402978897095,0.50393699335493,0.495700635818171,0,0
-2.3930273056030273,-1.2345750331878662,-1.4246402978897095,0.5024010026057865,0.501012400183596,0,0
-2.395216226577759,-1.2375179529190063,-1.4246402978897095,0.502748684022671,0.48855013837341404,0,0
-2.3974051475524902,-1.2404608726501465,-1.4246402978897095,0.5004570121002642,0.5019975670843475,0,0
-2.3995940685272217,-1.2434037923812866,-1.4246402978897095,0.49838776273332397,0.5033058222606805,0,0
-2.401782989501953,-1.2463467121124268,-1.4246402978897095,0.4994203732147814,0.503642031949839,0,0
-2.4039719104766846,-1.2492895126342773,-1.4246402978897095,0.5086987574488924,0.5076034215398211,0,0
-2.406160831451416,-1.252232313156128,-1.4246402978897095,0.4939460394789213,0.4942321156017073,0,0
-2.4083497524261475,-1.2551751136779785,-1.4246402978897095,0.5211290393081497,0.49538948370835784,0,0
-2.410538673400879,-1.2581177949905396,-1.4246402978897095,0.48965456020244896,0.49174237217247335,0,0
-2.4127275943756104,-1.2610605955123901,-1.4246402978897095,0.4965239300398171,0.4978585691057656,0,0
-2.414916515350342,-1.2640033960342407,-1.4246402978897095,0.4809558637333679,0.49716221717975356,0,0
-2.4171054363250732,-1.2669461965560913,-1.4246402978897095,0.5169672182387075,0.49687086784285905,0,0
-2.4192943572998047,-1.269888997077942,-1.4246402978897095,0.48792476851704764,0.48171181331125434,0,0
-2.421483278274536,-1.272831916809082,-1.4246402978897095,0.4894859445101694,0.498596908216437,0,0
-2.4236719608306885,-1.2757747173309326,-1.4246402978897095,0.5233095814899223,0.5035152846328934,0,0
-2.42586088180542,-1.2787175178527832,-1.4246402978897095,0.5114567910387366,0.5017260596044871,0,0
-2.4280495643615723,-1.2816604375839233,-1.4246402978897095,0.494072505267267,0.49875032772227273,0,0
-2.430238962173462,-1.284603238105774,-1.4246402978897095,0.48311197732337663,0.4980596758132047,0,0
-2.4324281215667725,-1.2875460386276245,-1.4246402978897095,0.49245141378659213,0.4864345128508166,0,0
-2.434617519378662,-1.2904887199401855,-1.4246402978897095,0.5174535311248762,0.510080552417328,0,0
-2.4368066787719727,-1.2934315204620361,-1.4246402978897095,0.5088338536271829,0.49876737983173514,0,0
-2.438995838165283,-1.2963743209838867,-1.4246402978897095,0.5041835663294444,0.4999385411080202,0,0
-2.4411849975585938,-1.2993171215057373,-1.4246402978897095,0.5040874570997094,0.4894632698053035,0,0
-2.4433741569519043,-1.3022598028182983,-1.4246402978897095,0.4998297846022436,0.48543772462990803,0,0
-2.445563316345215,-1.305202603340149,-1.4246402978897095,0.48927220483297035,0.4948854092472564,0,0
-2.4477524757385254,-1.3081454038619995,-1.4246402978897095,0.5006094655325187,0.47868930568135926,0,0
-2.449941873550415,-1.31108820438385,-1.4246402978897095,0.4892394336086087,0.4974894098133753,0,0
-2.4521310329437256,-1.3140308856964111,-1.4246402978897095,0.4858719696205492,0.5119780911671339,0,0
-2.454320192337036,-1.3169735670089722,-1.4246402978897095,0.491716474909707,0.48301913565984417,0,0
-2.4565093517303467,-1.3199162483215332,-1.4246402978897095,0.4935515815425292,0.49763395722897574,0,0
-2.4586985111236572,-1.3228590488433838,-1.4246402978897095,0.5132282901653628,0.5016623123800736,0,0
-2.4608876705169678,-1.3258017301559448,-1.4246402978897095,0.4962066976996825,0.4899533363621508,0,0
-2.4630768299102783,-1.3287444114685059,-1.4246402978897095,0.49615765743401863,0.5062712473004116,0,0
-2.465265989303589,-1.331687092781067,-1.4246402978897095,0.49238291552310165,0.4918526059078678,0,0
-2.4674551486968994,-1.334629774093628,-1.4246402978897095,0.49394786037206784,0.4977852328344637,0,0
-2.46964430809021,-1.337572455406189,-1.4246402978897095,0.500312524635023,0.5212581389280664,0,0
-2.4718334674835205,-1.3405152559280396,-1.4246402978897095,0.49828268689774796,0.5010184557552071,0,0
-2.47402286529541,-1.3434579372406006,-1.4246402978897095,0.4803686070610535,0.5055929868275256,0,0
-2.4762120246887207,-1.3464006185531616,-1.4246402978897095,0.501654219299861,0.49087492315659637,0,0
-2.4784011840820312,-1.3493432998657227,-1.4246402978897095,0.49615957076125555,0.4985480099302282,0,0
-2.480590343475342,-1.3522858619689941,-1.4246402978897095,0.4893662671573434,0.48978261095782594,0,0
-2.4827795028686523,-1.3552285432815552,-1.4246402978897095,0.5065956634910872,0.4976198306954231,0,0
-2.484968662261963,-1.3581712245941162,-1.4246402978897095,0.4944953053094968,0.4869159112779392,0,0
-2.4871578216552734,-1.3611139059066772,-1.4246402978897095,0.50675570851688,0.5261870508772865,0,0
-2.489346981048584,-1.3640565872192383,-1.4246402978897095,0.49829127729262157,0.4920076780623213,0,0
-2.4915361404418945,-1.3669992685317993,-1.4246402978897095,0.49452812868194923,0.494229980820704,0,0
-2.493725538253784,-1.3699419498443604,-1.4246402978897095,0.5002670699373418,0.5285845012427957,0,0
-2.4959146976470947,-1.3728845119476318,-1.4246402978897095,0.4989244045502811,0.49473734412982223,0,0
-2.4981040954589844,-1.3758271932601929,-1.4246402978897095,0.4879433195171471,0.49576749129903197,0,0
-2.500293493270874,-1.378769874572754,-1.4246402978897095,0.5175510654900437,0.5097285270543567,0,0
-2.5024828910827637,-1.381712555885315,-1.4246402978897095,0.5101529279796801,0.49548254011623466,0,0
-2.5046725273132324,-1.3846551179885864,-1.4246402978897095,0.49403865007223274,0.5039748248426024,0,0
-2.506861925125122,-1.3875977993011475,-1.4246402978897095,0.496870650560742,0.5036038649303475,0,0
-2.5090513229370117,-1.390540361404419,-1.4246402978897095,0.505910263426164,0.49342072714748714,0,0
-2.5112407207489014,-1.3934828042984009,-1.4246402978897095,0.5068032031400577,0.5088863547392329,0,0
-2.513430118560791,-1.3964253664016724,-1.4246402978897095,0.48830027581814067,0.5000095877066587,0,0
-2.5156195163726807,-1.3993680477142334,-1.4246402978897095,0.5070892088414829,0.4983222814501582,0,0
-2.517808675765991,-1.4023106098175049,-1.4246402978897095,0.4895831757546615,0.5010675915424584,0,0
-2.51999831199646,-1.405253291130066,-1.4246402978897095,0.5011987079155243,0.5093123179139214,0,0
-2.5221874713897705,-1.4081957340240479,-1.4246402978897095,0.5134819639869619,0.5172505565079544,0,0
-2.52437686920166,-1.4111384153366089,-1.4246402978897095,0.49727143921178196,0.5061765057709201,0,0
-2.52656626701355,-1.41408109664917,-1.4246402978897095,0.5074514956586285,0.5101693181825061,0,0
-2.5287551879882812,-1.4170235395431519,-1.4246402978897095,0.48862640570216365,0.5000848950290332,0,0
-2.530944585800171,-1.4199659824371338,-1.4246402978897095,0.4791947035623694,0.49399322386126,0,0
-2.5331339836120605,-1.4229084253311157,-1.4246402978897095,0.49760240851058773,0.5066667495713499,0,0
-2.53532338142395,-1.4258508682250977,-1.4246402978897095,0.5023909881917037,0.5062183731026118,0,0
-2.5375125408172607,-1.4287933111190796,-1.4246402978897095,0.48897466020322966,0.4859642428128676,0,0
-2.5397019386291504,-1.4317357540130615,-1.4246402978897095,0.4987359494951275,0.5127612100818946,0,0
-2.54189133644104,-1.4346784353256226,-1.4246402978897095,0.5113409317535189,0.5112158060739633,0,0
-2.5440807342529297,-1.4376211166381836,-1.4246402978897095,0.5106325233918229,0.5068477098562078,0,0
-2.5462701320648193,-1.4405635595321655,-1.4246402978897095,0.4962060346870161,0.4947308897412756,0,0
-2.54845929145813,-1.4435060024261475,-1.4246402978897095,0.48034135430976765,0.49905605795416597,0,0
-2.5506486892700195,-1.4464484453201294,-1.4246402978897095,0.5049489944823079,0.5155127011147446,0,0
-2.552838087081909,-1.4493910074234009,-1.4246402978897095,0.5037564255670963,0.49429670048784247,0,0
-2.5550272464752197,-1.452333688735962,-1.4246402978897095,0.48587524642656643,0.4979536452709932,0,0
-2.5572168827056885,-1.455276370048523,-1.4246402978897095,0.500063315813702,0.49755854819983464,0,0
-2.559406042098999,-1.458219051361084,-1.4246402978897095,0.49362581784751197,0.5011808673087743,0,0
-2.5615954399108887,-1.4611616134643555,-1.4246402978897095,0.49350964800522207,0.4963747126646878,0,0
-2.5637848377227783,-1.4641039371490479,-1.4246402978897095,0.493102564358456,0.48967831205043577,0,0
-2.565974235534668,-1.4670462608337402,-1.4246402978897095,0.5043661287190518,0.5057451076673048,0,0
-2.5681636333465576,-1.4699887037277222,-1.4246402978897095,0.4835737630446335,0.5068820890734186,0,0
-2.570352792739868,-1.472931146621704,-1.4246402978897095,0.49710115690029927,0.49572075212694056,0,0
-2.572542428970337,-1.4758738279342651,-1.4246402978897095,0.519685021153578,0.5021730788588846,0,0
-2.5747315883636475,-1.4788161516189575,-1.4246402978897095,0.5243186714563144,0.49808327256247364,0,0
-2.576921224594116,-1.4817585945129395,-1.4246402978897095,0.5002727929281904,0.5065470112066514,0,0
-2.579110860824585,-1.484701156616211,-1.4246402978897095,0.5055841628534198,0.4974808769733293,0,0
-2.5813004970550537,-1.4876434803009033,-1.4246402978897095,0.4856446987104137,0.5091366788437817,0,0
-2.5834901332855225,-1.4905861616134644,-1.4246402978897095,0.4768075102826011,0.5038963253866917,0,0
-2.585679769515991,-1.4935284852981567,-1.4246402978897095,0.4933892256512245,0.5153301779224835,0,0
-2.58786940574646,-1.4964710474014282,-1.4246402978897095,0.49758070801760607,0.4983694929428411,0,0
-2.590059280395508,-1.4994133710861206,-1.4246402978897095,0.4935902401586778,0.5042884783517,0,0
-2.5922489166259766,-1.502355933189392,-1.4246402978897095,0.4957129921945281,0.4685888199643679,0,0
-2.5944385528564453,-1.5052982568740845,-1.4246402978897095,0.488364468236335,0.5060281552727887,0,0
-2.596628427505493,-1.5082405805587769,-1.4246402978897095,0.49605044307245283,0.48071036494115693,0,0
-2.598818063735962,-1.5111831426620483,-1.4246402978897095,0.48362975487396814,0.4992627307069334,0,0
-2.6010079383850098,-1.5141254663467407,-1.4246402978897095,0.4861156506371047,0.5063210575742898,0,0
-2.6031975746154785,-1.5170680284500122,-1.4246402978897095,0.5012347476166708,0.49278372523480896,0,0
-2.6053872108459473,-1.5200105905532837,-1.4246402978897095,0.49982405534223767,0.4856648612690373,0,0
-2.607577085494995,-1.5229531526565552,-1.4246402978897095,0.5094745418322336,0.5034252143279738,0,0
-2.609766721725464,-1.5258954763412476,-1.4246402978897095,0.5041166752238084,0.4961380717257812,0,0
-2.6119563579559326,-1.528838038444519,-1.4246402978897095,0.49047371043891785,0.4855859562417658,0,0
-2.6141462326049805,-1.531780481338501,-1.4246402978897095,0.5112672671308242,0.5032047380075807,0,0
-2.616335868835449,-1.534722924232483,-1.4246402978897095,0.49388377422757207,0.5211424984562956,0,0
-2.618525505065918,-1.537665605545044,-1.4246402978897095,0.5053974010658371,0.47166203544287094,0,0
-2.6207151412963867,-1.5406079292297363,-1.4246402978897095,0.5004398244577805,0.49722173367472106,0,0
-2.6229047775268555,-1.5435502529144287,-1.4246402978897095,0.4904238516687948,0.49403077484891506,0,0
-2.625094413757324,-1.5464924573898315,-1.4246402978897095,0.4853400768184432,0.49938604882601856,0,0
-2.627284049987793,-1.5494349002838135,-1.4246402978897095,0.5010721861488572,0.5014982731764444,0,0
-2.629473924636841,-1.5523771047592163,-1.4246402978897095,0.513773814732375,0.5150626125863655,0,0
-2.6316637992858887,-1.5553196668624878,-1.4246402978897095,0.49017746220124925,0.47835377443502997,0,0
-2.6338531970977783,-1.5582622289657593,-1.4246402978897095,0.5052827143794187,0.5046264557750886,0,0
-2.636042833328247,-1.561204433441162,-1.4246402978897095,0.5052246335610122,0.49287313692999135,0,0
-2.638232469558716,-1.5641467571258545,-1.4246402978897095,0.48621097292451393,0.4932401032264219,0,0
-2.6404221057891846,-1.5670889616012573,-1.4246402978897095,0.5109480912925896,0.515496311857966,0,0
-2.6426117420196533,-1.5700311660766602,-1.4246402978897095,0.484095963770683,0.5143078842217533,0,0
-2.644801378250122,-1.5729734897613525,-1.4246402978897095,0.49755156747459944,0.5028493706229896,0,0
-2.6469907760620117,-1.5759159326553345,-1.4246402978897095,0.5005731786116984,0.49669004465676464,0,0
-2.6491801738739014,-1.5788583755493164,-1.4246402978897095,0.493676836266254,0.5204076548061225,0,0
-2.651369333267212,-1.5818006992340088,-1.4246402978897095,0.49378103595734146,0.49748255574604877,0,0
-2.6535589694976807,-1.5847431421279907,-1.4246402978897095,0.4935411562782923,0.5092742305052672,0,0
-2.6557486057281494,-1.5876855850219727,-1.4246402978897095,0.5118296393105742,0.5199109714754623,0,0
-2.657938241958618,-1.590627908706665,-1.4246402978897095,0.5110651335324597,0.47351177217650714,0,0
-2.660127878189087,-1.5935702323913574,-1.4246402978897095,0.4961630591961132,0.49813652809305264,0,0
-2.6623175144195557,-1.5965126752853394,-1.4246402978897095,0.4934021089547732,0.4908289724893976,0,0
-2.6645071506500244,-1.5994551181793213,-1.4246402978897095,0.48196972250725967,0.4837825138560445,0,0
-2.6666970252990723,-1.6023974418640137,-1.4246402978897095,0.49739088836814693,0.4922943913584831,0,0
-2.668886661529541,-1.6053398847579956,-1.4246402978897095,0.4968872907083291,0.4948140044150861,0,0
-2.671076774597168,-1.6082823276519775,-1.4246402978897095,0.48890632524231975,0.5054491646433229,0,0
-2.673266649246216,-1.6112245321273804,-1.4246402978897095,0.5049577936705884,0.5098434189591281,0,0
-2.6754565238952637,-1.6141667366027832,-1.4246402978897095,0.5006096599580249,0.4964662695835096,0,0
-2.6776466369628906,-1.617108941078186,-1.4246402978897095,0.5196764995291245,0.4975543217477893,0,0
-2.6798367500305176,-1.620051383972168,-1.4246402978897095,0.48733170919572605,0.5087777159691813,0,0
-2.6820266246795654,-1.6229937076568604,-1.4246402978897095,0.5066795430571844,0.49634561806983457,0,0
-2.6842164993286133,-1.6259363889694214,-1.4246402978897095,0.49020800893109706,0.5131027584669278,0,0
-2.686406373977661,-1.6288787126541138,-1.4246402978897095,0.4877681376487661,0.5006325427115276,0,0
-2.688596248626709,-1.6318210363388062,-1.4246402978897095,0.4815068878750772,0.5021479544619236,0,0
-2.690786123275757,-1.6347633600234985,-1.4246402978897095,0.500485658914856,0.5194948143215982,0,0
-2.692976236343384,-1.6377058029174805,-1.4246402978897095,0.5017307656742004,0.498899416125082,0,0
-2.6951661109924316,-1.6406482458114624,-1.4246402978897095,0.4924621212860353,0.513113757997261,0,0
-2.6973559856414795,-1.6435905694961548,-1.4246402978897095,0.4958517354917945,0.4972949752638539,0,0
-2.6995458602905273,-1.6465330123901367,-1.4246402978897095,0.49986981089835336,0.5032147755739742,0,0
-2.701735734939575,-1.649475336074829,-1.4246402978897095,0.484268518683661,0.5063017880337098,0,0
-2.703925609588623,-1.652417540550232,-1.4246402978897095,0.49190473183358185,0.4913695408629941,0,0
-2.706115484237671,-1.6553599834442139,-1.4246402978897095,0.5155728451100461,0.48670547585194207,0,0
-2.7083053588867188,-1.6583021879196167,-1.4246402978897095,0.507118378283931,0.5066464161851147,0,0
-2.7104952335357666,-1.661244511604309,-1.4246402978897095,0.4850006159481433,0.5282866323310814,0,0
-2.7126851081848145,-1.664186716079712,-1.4246402978897095,0.5024593604114284,0.507510380954336,0,0
-2.7148749828338623,-1.6671289205551147,-1.4246402978897095,0.4832381540183813,0.5120759567497286,0,0
-2.71706485748291,-1.670071005821228,-1.4246402978897095,0.48778891500972343,0.5098256569105389,0,0
-2.719254732131958,-1.6730129718780518,-1.4246402978897095,0.4972133603196165,0.5035563176332679,0,0
-2.7214443683624268,-1.675955057144165,-1.4246402978897095,0.49356523257202806,0.4989407430539599,0,0
-2.7236344814300537,-1.6788973808288574,-1.4246402978897095,0.5166925825102962,0.5134005492137917,0,0
-2.7258243560791016,-1.6818394660949707,-1.4246402978897095,0.47968551562976713,0.5097537378763639,0,0
-2.7280142307281494,-1.684781789779663,-1.4246402978897095,0.5001318083838676,0.503521042908491,0,0
-2.7302043437957764,-1.687723994255066,-1.4246402978897095,0.48966586049642624,0.5024516177649773,0,0
-2.732394218444824,-1.6906661987304688,-1.4246402978897095,0.5135981588777829,0.5160502029128464,0,0
-2.734583854675293,-1.6936085224151611,-1.4246402978897095,0.5052621785427387,0.4927350845048279,0,0
-2.73677396774292,-1.696550726890564,-1.4246402978897095,0.5059333262572913,0.4999423595171899,0,0
-2.7389636039733887,-1.6994929313659668,-1.4246402978897095,0.4988361693924258,0.4855000908240996,0,0
-2.7411534786224365,-1.7024352550506592,-1.4246402978897095,0.49078287540249355,0.4997358285834817,0,0
-2.7433433532714844,-1.7053775787353516,-1.4246402978897095,0.498091491169064,0.5113094264924944,0,0
-2.745532989501953,-1.708319902420044,-1.4246402978897095,0.5084620943220707,0.5010985637126738,0,0
-2.74772310256958,-1.7112619876861572,-1.4246402978897095,0.5015373206417235,0.4935822606949942,0,0
-2.749913215637207,-1.7142043113708496,-1.4246402978897095,0.4946572789381124,0.4952374342525986,0,0
-2.752102851867676,-1.717146396636963,-1.4246402978897095,0.5028366524441196,0.5026174758799734,0,0
-2.7542924880981445,-1.7200884819030762,-1.4246402978897095,0.48961660415550184,0.49324008135818204,0,0
-2.7564826011657715,-1.7230308055877686,-1.4246402978897095,0.49431727895515665,0.48272735871248873,0,0
-2.7586724758148193,-1.7259730100631714,-1.4246402978897095,0.496106451263328,0.5030214600747839,0,0
-2.7608625888824463,-1.7289154529571533,-1.4246402978897095,0.5093995266856727,0.5187828084526129,0,0
-2.7630527019500732,-1.7318576574325562,-1.4246402978897095,0.5034419731664385,0.4832920756683708,0,0
-2.765242338180542,-1.734799861907959,-1.4246402978897095,0.5010460008331032,0.49463325003054665,0,0
-2.76743221282959,-1.7377419471740723,-1.4246402978897095,0.5104798240930446,0.5063801758998551,0,0
-2.769622325897217,-1.7406840324401855,-1.4246402978897095,0.5033503931818596,0.48519190705577464,0,0
-2.7718122005462646,-1.7436262369155884,-1.4246402978897095,0.48806863052293203,0.5112650045295023,0,0
-2.7740018367767334,-1.7465683221817017,-1.4246402978897095,0.5039214484095321,0.5043813427159416,0,0
-2.7761919498443604,-1.7495105266571045,-1.4246402978897095,0.4984743289546466,0.4993453702273265,0,0
-2.778381824493408,-1.7524529695510864,-1.4246402978897095,0.49490954837582457,0.4999430280477025,0,0
-2.780571937561035,-1.7553950548171997,-1.4246402978897095,0.4910402632669777,0.4968491503961502,0,0
-2.782762289047241,-1.758337140083313,-1.4246402978897095,0.5021439874021112,0.49149159688395194,0,0
-2.784952402114868,-1.7612793445587158,-1.4246402978897095,0.5107456123316478,0.5004301687991792,0,0
-2.787142276763916,-1.7642213106155396,-1.4246402978897095,0.49843534665463507,0.49189546494905234,0,0
-2.789332389831543,-1.767163634300232,-1.4246402978897095,0.4983734006254351,0.493158511025582,0,0
-2.79152250289917,-1.7701057195663452,-1.4246402978897095,0.5130964328079402,0.5047041520282778,0,0
-2.793712615966797,-1.7730478048324585,-1.4246402978897095,0.47703853770650734,0.49886913074407974,0,0
-2.7959024906158447,-1.7759900093078613,-1.4246402978897095,0.4919957482921454,0.49920375527758737,0,0
-2.7980923652648926,-1.778931975364685,-1.4246402978897095,0.5234826779989932,0.49338586875921203,0,0
