state_xs,state_ys,state_yaws,state_lasers1,state_lasers2,laser_values1,laser_values2
-3.4604045140440576e-07,6.24940366122928e-09,0.7853980660438538,0.4901512301268961,0.49411787080205555,0,0
1.453851268706785e-06,1.8654152000863178e-08,0.785400390625,0.4942077730839399,0.5087132925973076,0,0
1.1944424841203727e-05,-3.8966817328400793e-07,0.7854067087173462,0.504921793486811,0.4917915303025433,0,0
4.186663863947615e-05,-2.67879340754007e-06,0.7854195237159729,0.5087945796423691,0.5130422980867585,0,0
0.00010536902846070006,-8.531603270967025e-06,0.7854453921318054,0.5151293952757441,0.5107071978032739,0,0
0.00021895584359299392,-1.8226450265501626e-05,0.7854890823364258,0.5088670321210021,0.4959502076399124,0,0
0.00040076172444969416,-2.980818499054294e-05,0.7855477929115295,0.5052537253521504,0.4916511130387905,0,0
0.0006693738978356123,-3.975774234277196e-05,0.7856144905090332,0.48983862976160686,0.5042022739200978,0,0
0.0010423519415780902,-4.472669024835341e-05,0.785680890083313,0.49086216229438917,0.5300481477509907,0,0
0.001535314484499395,-4.309208452468738e-05,0.7857387065887451,0.5074041489685238,0.494438173701102,0,0
0.0021618478931486607,-3.5724922781810164e-05,0.7857840061187744,0.5089695329583662,0.5142082098570123,0,0
0.0029332893900573254,-2.549265445850324e-05,0.7858191728591919,0.49599441537840117,0.5013593760491044,0,0
0.0038579232059419155,-1.5477644410566427e-05,0.785845935344696,0.4913381600763029,0.5023395412152337,0,0
0.004940765909850597,-7.5445277616381645e-06,0.785866916179657,0.4981706558015785,0.5135120511629642,0,0
0.006184303667396307,-2.206137196480995e-06,0.7858795523643494,0.5014210041368649,0.5085606719626443,0,0
0.007589033339172602,8.666341386742715e-07,0.7858805656433105,0.5032407334149823,0.48672665616301203,0,0
0.009153245016932487,2.2636268113274127e-06,0.7858738899230957,0.5042405755512105,0.48915752018409847,0,0
0.010873207822442055,2.7206756385567132e-06,0.785862147808075,0.5006011889627242,0.49978032687895646,0,0
0.012743517756462097,3.4644392599147977e-06,0.7858472466468811,0.5158778136281229,0.5103093216259319,0,0
0.014757557772099972,6.227914127521217e-06,0.785830020904541,0.49057604517731773,0.5109660667359458,0,0
0.01690800115466118,1.2597995919350069e-05,0.7858081459999084,0.5061855097007988,0.4946467041148269,0,0
0.019187074154615402,2.311467869731132e-05,0.7857785820960999,0.4840997616730737,0.5057292458852047,0,0
0.021586384624242783,3.6692443245556206e-05,0.7857446670532227,0.497732822715672,0.5008017916534581,0,0
0.024097194895148277,5.094178777653724e-05,0.7857133746147156,0.48191254068758427,0.48713154873618636,0,0
0.02671114355325699,6.348731403704733e-05,0.785690188407898,0.5018228439728483,0.4995527154549321,0,0
0.02942037768661976,7.308065687539056e-05,0.7856748700141907,0.5137990121252969,0.48026538205569125,0,0
0.03221718221902847,8.011410682229325e-05,0.7856655716896057,0.4956558889376914,0.5007320456230676,0,0
0.03509388118982315,8.635576523374766e-05,0.785659909248352,0.4632454608164778,0.5104469368925982,0,0
0.03804340213537216,9.371110354550183e-05,0.7856544256210327,0.5167033831831858,0.5003146949565535,0,0
0.041059453040361404,0.00010316132829757407,0.7856473326683044,0.4927018954255378,0.4978328656443835,0,0
0.04413599520921707,0.00011431745951995254,0.7856400609016418,0.5016084754225945,0.4712869744061788,0,0
0.04726725444197655,0.0001257129479199648,0.7856338024139404,0.48085183952504823,0.5202830953246951,0,0
0.05044811591506004,0.00013580553059000522,0.7856308221817017,0.4909289492632744,0.49477347492301077,0,0
0.05367419496178627,0.0001437654864275828,0.7856306433677673,0.49635647915648606,0.4953292266573031,0,0
0.05694139003753662,0.0001497456105425954,0.7856342196464539,0.501473868970641,0.49983706960419844,0,0
0.06024575233459473,0.0001547066931379959,0.785637378692627,0.4988758333100471,0.5082611181789389,0,0
0.06358381360769272,0.00015972692926879972,0.7856409549713135,0.49723008493650905,0.4903807296237339,0,0
0.06695260107517242,0.00016540600336156785,0.7856435775756836,0.5029110723915211,0.5150254188552654,0,0
0.07034934312105179,0.00017168540216516703,0.7856464982032776,0.5083458054926536,0.48299027761569874,0,0
0.07377137988805771,0.00017794567975215614,0.7856497764587402,0.5126977510932672,0.47440023330258746,0,0
0.07721635699272156,0.00018351388280279934,0.7856529951095581,0.49791975194250876,0.49574680393226117,0,0
0.08068227022886276,0.00018801998521666974,0.7856578230857849,0.4966916566462979,0.5073441831704124,0,0
0.0841672420501709,0.0001915509346872568,0.7856646776199341,0.5081067012330982,0.49996247623950585,0,0
0.0876694768667221,0.00019456485460978001,0.785670280456543,0.4910387927690578,0.5093016686371173,0,0
0.09118738025426865,0.00019756918482016772,0.785674512386322,0.5007321398367958,0.49226844571869816,0,0
0.09471960365772247,0.00020084722200408578,0.7856786847114563,0.49535332326587367,0.5000892579179081,0,0
0.09826484322547913,0.00020437731291167438,0.7856830954551697,0.5039118885833265,0.5122687910412799,0,0
0.10182186216115952,0.00020787803805433214,0.7856873273849487,0.5048318825794096,0.5079466586498955,0,0
0.10538957267999649,0.00021103127801325172,0.7856919169425964,0.5136706104465569,0.493095798939658,0,0
0.10896700620651245,0.00021366764849517494,0.785697340965271,0.5040496540038715,0.4921241382869884,0,0
0.11255321651697159,0.0002158356219297275,0.7857025861740112,0.49842761716952044,0.49693890244620625,0,0
0.11614740639925003,0.00021775657660327852,0.7857081294059753,0.4931442220541351,0.49688232758582,0,0
0.11974877119064331,0.00021967728389427066,0.7857128381729126,0.4994380939801995,0.502043043795909,0,0
0.1233566552400589,0.00022174148762132972,0.7857175469398499,0.4935103702815226,0.4975339022617156,0,0
0.12697045505046844,0.0002239359891973436,0.7857232093811035,0.5044839997094089,0.4989816963371299,0,0
0.1305895745754242,0.00022612109023611993,0.7857280373573303,0.5018819489538171,0.4928324971851317,0,0
0.13421346247196198,0.00022815115517005324,0.7857329249382019,0.5027227794275583,0.5131265993130456,0,0
0.13784168660640717,0.0002299437765032053,0.7857377529144287,0.4816320763820984,0.49801439939200615,0,0
0.14147384464740753,0.00023152161156758666,0.7857427597045898,0.49619055396266754,0.521672583625658,0,0
0.14510950446128845,0.0002329916605958715,0.7857478260993958,0.4978056569611107,0.4837572834428539,0,0
0.14874833822250366,0.00023446451814379543,0.7857517004013062,0.49769380495577487,0.511738766062602,0,0
0.1523900330066681,0.00023600610438734293,0.78575599193573,0.49297358815139547,0.48634717868123584,0,0
0.15603429079055786,0.00023761032207403332,0.7857608795166016,0.5008301450715237,0.49769162127373195,0,0
0.15968090295791626,0.00023921696993056685,0.7857651114463806,0.5072168019810019,0.49961545375331196,0,0
0.1633295863866806,0.00024075954570434988,0.7857691645622253,0.4892750692325548,0.5178379011404538,0,0
0.16698019206523895,0.00024220529303420335,0.7857734560966492,0.4989804335813999,0.48530973077892,0,0
0.1706325113773346,0.00024356697394978255,0.7857785820960999,0.49250001152036493,0.505769918038393,0,0
0.17428633570671082,0.00024489330826327205,0.7857828140258789,0.49460411647363833,0.4996295892387776,0,0
0.17794150114059448,0.00024623755598440766,0.7857869267463684,0.5006848850374516,0.5040571176837095,0,0
0.18159788846969604,0.0002476245572324842,0.7857911586761475,0.5021732992297973,0.48338003495434245,0,0
0.18525537848472595,0.0002490530605427921,0.7857955098152161,0.5219191464410965,0.5087951763650005,0,0
0.18891380727291107,0.00025049273972399533,0.7857987284660339,0.48727443570843526,0.50353542789262,0,0
0.1925731748342514,0.0002519176050554961,0.7858021259307861,0.49141261471680164,0.5022376386582276,0,0
0.196233332157135,0.0002533116494305432,0.7858055830001831,0.49140582703195856,0.5042051028244642,0,0
0.19989416003227234,0.00025467711384408176,0.7858088612556458,0.48991329901386116,0.5076351970607776,0,0
0.20355567336082458,0.0002560339926276356,0.7858123183250427,0.5099322215167874,0.5184733981050307,0,0
0.2072177529335022,0.00025740268756635487,0.7858139872550964,0.514374997400106,0.5027639289950167,0,0
0.2108803540468216,0.000258792337263003,0.7858173847198486,0.4977222285082314,0.4961074981766,0,0
0.214543417096138,0.0002601997402962297,0.7858206629753113,0.5111412625687733,0.4807696054613488,0,0
0.21820694208145142,0.00026161360437981784,0.785824179649353,0.5090356633547861,0.5053009383819338,0,0
0.22187083959579468,0.00026302013429813087,0.7858276963233948,0.49183463710049213,0.49683192498912626,0,0
0.2255350649356842,0.0002644164196681231,0.7858293056488037,0.495513442791826,0.49373361223591333,0,0
0.2291996031999588,0.0002658009761944413,0.7858309745788574,0.5002010740064313,0.4933773932040184,0,0
0.23286445438861847,0.000267182505922392,0.7858327627182007,0.4946703927950597,0.4987411366187068,0,0
0.23652960360050201,0.00026856831391341984,0.7858344316482544,0.4990818371350963,0.5083883287219149,0,0
0.24019496142864227,0.00026996037922799587,0.7858361005783081,0.496216741968341,0.5066949210123001,0,0
0.24386057257652283,0.00027136041899211705,0.785837709903717,0.5002300474044487,0.5007686122320233,0,0
0.2475263625383377,0.0002727591199800372,0.7858395576477051,0.4947150291449885,0.5161692577351088,0,0
0.2511923015117645,0.0002741542411968112,0.785841166973114,0.4919947931889682,0.503538484905955,0,0
0.25485846400260925,0.0002755419409368187,0.7858428359031677,0.5140132451051386,0.5154977146583033,0,0
0.25852465629577637,0.000276928796665743,0.7858446836471558,0.5001242487764317,0.5021958943203554,0,0
0.2621910274028778,0.00027831995976157486,0.7858462929725647,0.5199593324926597,0.506314123056703,0,0
0.2658574879169464,0.00027972334646619856,0.7858479619026184,0.4825537159363524,0.5056861342485118,0,0
0.2695240080356598,0.00028114134329371154,0.7858479619026184,0.5007403867393608,0.49232053139026744,0,0
0.27319061756134033,0.0002825738920364529,0.7858479619026184,0.5090125483958116,0.49674005730556253,0,0
0.27685728669166565,0.0002840224769897759,0.7858479619026184,0.48252059801427133,0.5054979888323122,0,0
0.28052401542663574,0.0002854848571587354,0.7858479619026184,0.5016875758345802,0.5128753507368348,0,0
0.2841908037662506,0.0002869628951884806,0.7858479619026184,0.4839013327463711,0.5071168240542453,0,0
0.28785765171051025,0.0002884550776798278,0.7858479619026184,0.5048005496359271,0.5218278052880925,0,0
0.29152458906173706,0.0002899611135944724,0.7858479619026184,0.48798625898176673,0.49989319453800746,0,0
0.29519158601760864,0.00029148359317332506,0.7858479619026184,0.4981591998650051,0.48913365671193976,0,0
0.298858642578125,0.0002930190530605614,0.7858479619026184,0.5058389701700926,0.5003990705026514,0,0
0.3025257885456085,0.0002945702290162444,0.7858479619026184,0.5015939119516309,0.5147387138827294,0,0
0.30619296431541443,0.00029613435617648065,0.7858479619026184,0.4988164032239715,0.5040006219609017,0,0
0.3098601996898651,0.0002977140247821808,0.7858479619026184,0.4957462954245419,0.49993547907731795,0,0
0.31352749466896057,0.0002993072266690433,0.7858479619026184,0.4855172784989174,0.4982219280730029,0,0
0.3171948194503784,0.0003009151841979474,0.7858479619026184,0.4944370938042171,0.5151383222348748,0,0
0.3208622932434082,0.0003025364421773702,0.7858479619026184,0.49861714633248816,0.49808479467482814,0,0
0.32452982664108276,0.00030417321249842644,0.7858479619026184,0.5196971651234289,0.5071184495497431,0,0
0.3281973898410797,0.0003058224101550877,0.7858479619026184,0.5031613500004657,0.4815452416506211,0,0
0.33186501264572144,0.00030748647986911237,0.7858479619026184,0.5217008275342441,0.5055954450140919,0,0
0.3355327248573303,0.0003091648395638913,0.7858479619026184,0.49172609706295933,0.5108253676394767,0,0
0.3392004668712616,0.0003108559176325798,0.7858479619026184,0.49293404935375645,0.49749298690296545,0,0
0.34286826848983765,0.0003125620714854449,0.7858479619026184,0.5010365397438301,0.49626211239186135,0,0
0.34653612971305847,0.00031428103102371097,0.78584885597229,0.49951921290052664,0.48874933881825067,0,0
0.3502039611339569,0.0003160191990900785,0.78584885597229,0.47708055494385493,0.49426871946154166,0,0
0.3538719117641449,0.00031777340336702764,0.78584885597229,0.49815998090334557,0.49867008039260446,0,0
0.35753992199897766,0.0003195463214069605,0.7858495712280273,0.498575614020436,0.4931484754938812,0,0
0.36120790243148804,0.0003213302115909755,0.7858505845069885,0.5083885964298964,0.517912170265295,0,0
0.3648758828639984,0.00032311573158949614,0.7858505845069885,0.5002729250889014,0.5104669411866961,0,0
0.3685438334941864,0.0003249051223974675,0.7858505845069885,0.4976597120681595,0.49404411166400836,0,0
0.37221184372901917,0.0003266966959927231,0.7858505845069885,0.5177342236659355,0.5070280484439109,0,0
0.37587976455688477,0.0003284896956756711,0.7858505845069885,0.5186232105782272,0.49479288401245297,0,0
0.37954771518707275,0.0003302858385723084,0.7858505845069885,0.49835929740345747,0.5024811094587432,0,0
0.3832157552242279,0.0003320843097753823,0.7858505845069885,0.5099456035791669,0.5168976566827195,0,0
0.3868837356567383,0.0003338864480610937,0.7858505845069885,0.490810801630249,0.49133085423487227,0,0
0.3905516564846039,0.0003356903907842934,0.7858505845069885,0.4801190212500836,0.4902799087170171,0,0
0.3942195475101471,0.00033749782596714795,0.7858505845069885,0.4990583694420032,0.4946910035955052,0,0
0.3978874981403351,0.0003393072111066431,0.7858505845069885,0.492976042678097,0.5063176486211931,0,0
0.4015553891658783,0.00034111886634491384,0.7858505845069885,0.5045736685766804,0.4963251241836931,0,0
0.4052232503890991,0.00034293270437046885,0.7858505845069885,0.49704313483947704,0.5126218831421152,0,0
0.40889114141464233,0.00034475058782845736,0.7858505845069885,0.5124047365409272,0.48078670326939565,0,0
0.41255900263786316,0.0003465702757239342,0.7858505845069885,0.4977043837005479,0.49795386880447445,0,0
0.41622692346572876,0.0003483919717837125,0.7858505845069885,0.5026057088156932,0.49270437938239925,0,0
0.4198947846889496,0.0003502178587950766,0.7858505845069885,0.5010860253050543,0.4919665561232296,0,0
0.4235626459121704,0.00035204371670261025,0.7858505845069885,0.4991802227284839,0.5009208644669464,0,0
0.42723050713539124,0.0003538736782502383,0.7858505845069885,0.5140525059387516,0.4902687309239584,0,0
0.43089836835861206,0.0003557057643774897,0.7858505845069885,0.4976231618246424,0.4949563273631001,0,0
0.4345661997795105,0.00035754169221036136,0.7858505845069885,0.4993210399424639,0.4918658854177638,0,0
0.4382340610027313,0.0003593778528738767,0.7858505845069885,0.5078730996394865,0.4984937828771163,0,0
0.4419018626213074,0.00036121709854342043,0.7858505845069885,0.4917395913544308,0.5078238750408023,0,0
0.4455696642398834,0.00036305925459600985,0.7858505845069885,0.5110081066012415,0.4945650493671882,0,0
0.44923752546310425,0.00036490309867076576,0.7858505845069885,0.5138698306870032,0.4920570946608984,0,0
0.4529053568840027,0.00036675154115073383,0.7858505845069885,0.5036743633974556,0.49153693321287106,0,0
0.45657309889793396,0.0003685996634885669,0.7858505845069885,0.5098723583872917,0.5008382624247224,0,0
0.4602408707141876,0.0003704517730511725,0.7858505845069885,0.5023170887964387,0.5048965707677485,0,0
0.46390867233276367,0.00037230405723676085,0.7858505845069885,0.4947233094670293,0.5124289409373463,0,0
0.46757641434669495,0.00037416195846162736,0.7858505845069885,0.5062505103474849,0.49728105974492426,0,0
0.471244215965271,0.0003760205872822553,0.7858505845069885,0.49630236909029973,0.49240159490188773,0,0
0.47491195797920227,0.0003778809623327106,0.7858505845069885,0.48994885921316866,0.49508446486503377,0,0
0.4785797595977783,0.00037974558654241264,0.7858505845069885,0.5036616042534983,0.49175635475884977,0,0
0.482247531414032,0.0003816110547631979,0.7858505845069885,0.5166643767420206,0.5152467917067853,0,0
0.48591527342796326,0.00038347876397892833,0.7858505845069885,0.5066066854597812,0.5031221207643365,0,0
0.4895830452442169,0.0003853493253700435,0.7858505845069885,0.5021635057937044,0.4815811534713993,0,0
0.4932508170604706,0.00038722233148291707,0.7858505845069885,0.5103251229235461,0.4926574250543533,0,0
0.49691852927207947,0.0003890976950060576,0.7858505845069885,0.5179807798078018,0.4859475442842929,0,0
0.5005862712860107,0.00039097556145861745,0.7858505845069885,0.5039127228459964,0.510396932677846,0,0
0.5042539834976196,0.00039285619277507067,0.7858505845069885,0.5037433468755639,0.5135522631741036,0,0
0.5079216957092285,0.00039473711512982845,0.7858505845069885,0.4817470358103722,0.5176140891150441,0,0
0.5115894079208374,0.00039662205381318927,0.7858505845069885,0.5087594939083411,0.5002318760985628,0,0
0.5152571201324463,0.0003985079238191247,0.7858505845069885,0.49641709565300773,0.49802707579677263,0,0
0.5189248323440552,0.00040039699524641037,0.7858505845069885,0.49826000953292837,0.499039143793227,0,0
0.5225925445556641,0.0004022871144115925,0.7858505845069885,0.484312122127926,0.49087751693193465,0,0
0.5262601971626282,0.00040418110438622534,0.7858505845069885,0.5036918376666233,0.5024201336661938,0,0
0.5299278497695923,0.0004060761129949242,0.7858505845069885,0.4984105699012807,0.49513021125698087,0,0
0.5335955023765564,0.00040797446854412556,0.7858505845069885,0.48580568932275436,0.49397005914758785,0,0
0.5372631549835205,0.0004098749195691198,0.7858505845069885,0.5029213783568784,0.4903065167332538,0,0
0.5409308075904846,0.0004117764765396714,0.7858505845069885,0.49240916467660845,0.4944666126357885,0,0
0.544598400592804,0.00041368106030859053,0.7858505845069885,0.49818622933923984,0.4749797384137562,0,0
0.5482661128044128,0.00041558771044947207,0.7858505845069885,0.5011951528890388,0.49684365777911393,0,0
0.551933765411377,0.00041749622323550284,0.7858505845069885,0.5143705694187142,0.47887361904889114,0,0
0.5556014776229858,0.00041940706432797015,0.7858505845069885,0.5106569108343488,0.5038954000446202,0,0
0.55926913022995,0.00042131991358473897,0.7858505845069885,0.4877017407232404,0.49804528487227073,0,0
0.5629366636276245,0.00042323555680923164,0.7858505845069885,0.5051034782218096,0.5111537314338448,0,0
0.5666042566299438,0.0004251528298482299,0.7858505845069885,0.5040455459525303,0.4990184401648709,0,0
0.5702718496322632,0.0004270726058166474,0.7858505845069885,0.49278670784789413,0.5092922793468687,0,0
0.5739394426345825,0.00042899418622255325,0.7858505845069885,0.5031709651684786,0.5050695907406294,0,0
0.5776070356369019,0.0004309181240387261,0.7858505845069885,0.5035310526206346,0.5071620787640843,0,0
0.5812746286392212,0.00043284360435791314,0.7858505845069885,0.49425012791280043,0.4908632474797972,0,0
0.5849421620368958,0.00043477118015289307,0.7858505845069885,0.4900167520120637,0.4862726645750932,0,0
0.5886097550392151,0.0004367025976534933,0.7858505845069885,0.49788412045510677,0.5099982798724997,0,0
0.5922774076461792,0.00043863317114301026,0.7858505845069885,0.5165904189418862,0.49929920733331595,0,0
0.5959450006484985,0.00044056744081899524,0.7858505845069885,0.5065975696235874,0.4964063040923654,0,0
0.5996125936508179,0.00044250342762097716,0.7858505845069885,0.5057851284354852,0.5209448887814475,0,0
0.6032801270484924,0.00044444226659834385,0.7858505845069885,0.47509217986621766,0.4997202307942772,0,0
0.606947660446167,0.0004463827353902161,0.7858505845069885,0.5079391262044413,0.5021206377191089,0,0
0.6106151342391968,0.0004483248631004244,0.7858505845069885,0.5009026701758922,0.5025819913315354,0,0
0.6142826676368713,0.00045026963925920427,0.7858505845069885,0.5092260235957673,0.5001186459259159,0,0
0.6179502606391907,0.00045221575419418514,0.7858505845069885,0.48685801953289465,0.4924116331070501,0,0
0.6216177940368652,0.0004541646922007203,0.7858505845069885,0.5189212466106636,0.5031766408286077,0,0
0.6252853274345398,0.0004561149689834565,0.7858505845069885,0.49600603669211046,0.5149469539877464,0,0
0.6289528012275696,0.00045806681737303734,0.7858505845069885,0.4819712430561802,0.4902930476715423,0,0
0.6326203346252441,0.00046002204180695117,0.7858505845069885,0.5192329294088264,0.5049082584094963,0,0
0.6362878084182739,0.00046197851770557463,0.7858505845069885,0.4959163638627229,0.4974658610243042,0,0
0.6399552822113037,0.0004639365943148732,0.7858505845069885,0.4839724562987447,0.5063715274995285,0,0
0.6436227560043335,0.0004658974939957261,0.7858505845069885,0.5018598143509003,0.49350631342380136,0,0
0.6472902894020081,0.00046785984886810184,0.7858505845069885,0.503853149777487,0.512832588504823,0,0
0.6509577631950378,0.0004698239208664745,0.7858505845069885,0.5016841751045068,0.5028279065480621,0,0
0.6546252369880676,0.0004717905248980969,0.7858505845069885,0.49703097884937436,0.48516564813853646,0,0
0.6582927107810974,0.00047375893336720765,0.7858505845069885,0.5049400413969114,0.5029882052579198,0,0
0.6619601845741272,0.0004757301358040422,0.7858505845069885,0.5044121911472728,0.5061487821791384,0,0
0.665627658367157,0.00047770136734470725,0.7858505845069885,0.4919448658139656,0.48677012976721257,0,0
0.6692951321601868,0.0004796747525688261,0.7858505845069885,0.49962611385744793,0.4891449723159256,0,0
0.6729626655578613,0.0004816512227989733,0.7858505845069885,0.5152980397370446,0.503136379151809,0,0
0.6766300797462463,0.0004836288862861693,0.7858505845069885,0.5038086987939101,0.4808135903233532,0,0
0.6802974939346313,0.0004856095474679023,0.7858505845069885,0.49005496740080806,0.5023693511271264,0,0
0.6839648485183716,0.0004875908780377358,0.7858505845069885,0.5060110069675104,0.5046464401837528,0,0
0.6876322627067566,0.0004895738675259054,0.7858505845069885,0.4807230771338969,0.49125846553532837,0,0
0.6912996768951416,0.0004915597382932901,0.7858505845069885,0.4967874266700805,0.5047533045937052,0,0
0.6949670910835266,0.0004935472388751805,0.7858505845069885,0.4961566751175309,0.5116610553236705,0,0
0.6986345648765564,0.0004955355543643236,0.7858505845069885,0.5298939475591107,0.5195364215530235,0,0
0.7023019790649414,0.000497526372782886,0.7858505845069885,0.4908890504253327,0.5065433860279841,0,0
0.7059694528579712,0.000499519519507885,0.7858505845069885,0.4960866668302059,0.5033281555512774,0,0
0.7096368074417114,0.0005015138885937631,0.7858505845069885,0.5050575326986342,0.5022544356966492,0,0
0.7133042812347412,0.0005035108770243824,0.7858505845069885,0.48637141318361576,0.49403161706297516,0,0
0.7169716358184814,0.0005055085639469326,0.7858505845069885,0.4969337170083314,0.5072181702998009,0,0
0.7206390500068665,0.0005075085209682584,0.7858505845069885,0.501755323350079,0.5123977473016679,0,0
0.7243064045906067,0.0005095113883726299,0.7858505845069885,0.48843645581234096,0.5150275337049285,0,0
0.7279736995697021,0.0005115142557770014,0.7858505845069885,0.49882863346618517,0.49134077540059046,0,0
0.7316410541534424,0.0005135200335644186,0.7858505845069885,0.49082160839742134,0.4997642540419116,0,0
0.7353084087371826,0.0005155264516361058,0.7858505845069885,0.4941508033166368,0.4946732542577581,0,0
0.7389756441116333,0.0005175354308448732,0.7858505845069885,0.48281876106799543,0.493564911668082,0,0
0.7426431179046631,0.0005195462144911289,0.7858505845069885,0.4871433671928177,0.5066099521630185,0,0
0.7463104128837585,0.0005215600831434131,0.7858505845069885,0.5146510774914472,0.4945675412552135,0,0
0.7499777674674988,0.000523573427926749,0.7858505845069885,0.5043163505111656,0.5006567797996347,0,0
0.753645122051239,0.0005255897995084524,0.7858505845069885,0.4992869676599166,0.5031157060044517,0,0
0.7573125958442688,0.0005276078591123223,0.7858505845069885,0.5019814591019964,0.5000129477921433,0,0
0.7609798312187195,0.0005296265590004623,0.7858505845069885,0.495226828961133,0.5144464124615179,0,0
0.7646471261978149,0.0005316480528563261,0.7858505845069885,0.5071129244914344,0.4940514018070397,0,0
0.7683144211769104,0.0005336712347343564,0.7858505845069885,0.4843514979452181,0.51285140568065,0,0
0.7719817161560059,0.0005356947658583522,0.7858505845069885,0.5077780685355935,0.4947053844558311,0,0
0.7756490111351013,0.0005377219640649855,0.7858505845069885,0.49193243526262853,0.5013040708899521,0,0
0.7793163061141968,0.0005397502100095153,0.7858505845069885,0.4923688945657159,0.4918645655937067,0,0
0.7829836010932922,0.0005417796783149242,0.7858505845069885,0.4879493608883927,0.5000555157426146,0,0
0.7866510152816772,0.0005438108928501606,0.7858505845069885,0.489667074362913,0.5142920712557795,0,0
0.7903183102607727,0.0005458442028611898,0.7858505845069885,0.504347143268722,0.4883803474864692,0,0
0.7939855456352234,0.0005478785024024546,0.7858505845069885,0.5051118570672165,0.4950931679262452,0,0
0.7976528406143188,0.0005499151884578168,0.7858505845069885,0.5081971660219284,0.4885588201668801,0,0
0.8013201951980591,0.0005519536789506674,0.7858505845069885,0.5038857971672913,0.4996649335275521,0,0
0.8049874901771545,0.0005539933335967362,0.7858505845069885,0.49803523495551294,0.5179623449375677,0,0
0.8086546659469604,0.0005560330464504659,0.7858505845069885,0.4757481296428053,0.4958839158987361,0,0
0.8123218417167664,0.0005580776487477124,0.7858505845069885,0.5042438672503805,0.4930336769211184,0,0
0.8159891366958618,0.0005601212033070624,0.7858505845069885,0.4812188400795881,0.5036180322033208,0,0
0.8196563720703125,0.000562167726457119,0.7858505845069885,0.5064469882978511,0.491219919361442,0,0
0.8233235478401184,0.0005642153555527329,0.7858505845069885,0.5069865225546574,0.5000124256114654,0,0
0.8269908428192139,0.0005662651383318007,0.7858505845069885,0.5044266657523513,0.4957719102180817,0,0
0.8306581974029541,0.0005683169583790004,0.7858505845069885,0.5075860804405792,0.5043308426136828,0,0
0.8343254327774048,0.0005703682545572519,0.7858505845069885,0.4959669873459488,0.48854964477985524,0,0
0.8379927277565002,0.0005724233924411237,0.7858505845069885,0.4963734700109638,0.5122919240232118,0,0
0.8416599035263062,0.0005744794034399092,0.7858505845069885,0.5105990717291196,0.498772531451788,0,0
0.8453271985054016,0.0005765371024608612,0.7858505845069885,0.4979692825689324,0.4931228569534158,0,0
0.8489943742752075,0.0005785965477116406,0.7858505845069885,0.471526671713997,0.4945579598225123,0,0
0.8526615500450134,0.0005806558183394372,0.7858505845069885,0.5051690198117602,0.5000425406376174,0,0
0.8563287258148193,0.0005827177665196359,0.7858505845069885,0.4967848619639543,0.5032813645890921,0,0
0.8599959015846252,0.000584782159421593,0.7858505845069885,0.5074557574067955,0.5072829943572255,0,0
0.8636630773544312,0.000586847250815481,0.7858505845069885,0.49484139315365416,0.493932062295173,0,0
0.8673301935195923,0.0005889140302315354,0.7858505845069885,0.4839848670096795,0.5051461950388023,0,0
0.8709974884986877,0.0005909833125770092,0.7858505845069885,0.4933334312142026,0.5124762540224471,0,0
0.8746646046638489,0.0005930526531301439,0.7858505845069885,0.5139273201373261,0.5061843217165302,0,0
0.87833172082901,0.0005951241473667324,0.7858505845069885,0.49040956504052063,0.5033491793973722,0,0
0.8819989562034607,0.000597197562456131,0.7858505845069885,0.4852999427853731,0.4743996286004605,0,0
0.8856660723686218,0.0005992718506604433,0.7858505845069885,0.5180449714181361,0.5200018042305801,0,0
0.8893332481384277,0.0006013478268869221,0.7858505845069885,0.5018592237252165,0.4917721429120964,0,0
0.8930004239082336,0.000603424443397671,0.7858505845069885,0.49567723875400216,0.49975321417493906,0,0
0.8966677188873291,0.0006055039120838046,0.7858505845069885,0.5052021057483862,0.4905238737570549,0,0
0.9003348350524902,0.0006075854762457311,0.7858505845069885,0.4929574455704126,0.4939374036616966,0,0
0.9040018916130066,0.0006096664001233876,0.7858505845069885,0.5175361188186632,0.4910949775752294,0,0
0.907668948173523,0.0006117497105151415,0.7858505845069885,0.5052118093906173,0.50669751121152,0,0
0.9113361835479736,0.0006138343596830964,0.7858505845069885,0.49628270112787665,0.4901813934539839,0,0
0.91500324010849,0.0006159208714962006,0.7858505845069885,0.49469188279186616,0.4908938607595853,0,0
0.9186704158782959,0.0006180094787850976,0.7858505845069885,0.4964250636481735,0.5063783953744294,0,0
0.9223376512527466,0.0006200984353199601,0.7858505845069885,0.49733358485278684,0.4944191546919166,0,0
0.9260048866271973,0.0006221887888386846,0.7858505845069885,0.5105609221530196,0.4946070989953523,0,0
0.9296719431877136,0.0006242815288715065,0.7858505845069885,0.5042853129991257,0.49551212124845456,0,0
0.9333390593528748,0.0006263744435273111,0.7858505845069885,0.5154752289665028,0.5039229383895928,0,0
0.9370062351226807,0.0006284690462052822,0.7858505845069885,0.4953060734062854,0.507898963047223,0,0
0.940673291683197,0.0006305661518126726,0.7858505845069885,0.5180678864432098,0.5055154247299095,0,0
0.9443404078483582,0.000632663257420063,0.7858505845069885,0.49084132222526433,0.5081446345726667,0,0
0.9480074644088745,0.0006347635062411427,0.7858505845069885,0.4988861383809972,0.5116539337314694,0,0
0.9516746401786804,0.0006368636386469007,0.7858505845069885,0.4879618580027676,0.4817673670780574,0,0
0.9553418159484863,0.0006389660411514342,0.7858505845069885,0.5034227113809614,0.49893095480484445,0,0
0.9590088725090027,0.0006410683854483068,0.7858505845069885,0.49399640120088784,0.49338022423972505,0,0
0.962675929069519,0.0006431739311665297,0.7858505845069885,0.49181886588136514,0.5081551737313027,0,0
0.9663429260253906,0.0006452792440541089,0.7858505845069885,0.4767923260152114,0.5172596591570343,0,0
0.9700099229812622,0.0006473874673247337,0.7858505845069885,0.4923879537623286,0.48305102888671425,0,0
0.9736769795417786,0.0006494958652183414,0.7858505845069885,0.4886027696839257,0.5120163419361663,0,0
0.9773440957069397,0.0006516071152873337,0.7858505845069885,0.5102675293140444,0.486765580016897,0,0
0.9810110926628113,0.0006537193548865616,0.7858505845069885,0.49239167042654974,0.5153254868492267,0,0
0.9846780896186829,0.0006558322347700596,0.7858505845069885,0.4885913058939745,0.49856858319388697,0,0
0.9883452653884888,0.0006579463952220976,0.7858505845069885,0.48460617995066013,0.5256356155340691,0,0
0.9920123219490051,0.000660063000395894,0.7858505845069885,0.5136207124809167,0.487969354131236,0,0
0.9956793785095215,0.0006621794309467077,0.7858505845069885,0.512715829162967,0.5227568175096637,0,0
0.9993464350700378,0.0006642985390499234,0.7858505845069885,0.48944234365528194,0.4903090072433309,0,0
1.0030134916305542,0.0006664174725301564,0.7858505845069885,0.5038000735533896,0.49877469166036664,0,0
1.0066804885864258,0.0006685388507321477,0.7858505845069885,0.5006908273900892,0.4891705215202626,0,0
1.0103473663330078,0.0006706612184643745,0.7858505845069885,0.49432721418095044,0.4918880074421795,0,0
1.0140143632888794,0.0006727842264808714,0.7858505845069885,0.49868383741953604,0.4992278860924625,0,0
1.017681360244751,0.0006749103195033967,0.7858505845069885,0.4926484070841881,0.5078600649618142,0,0
1.021348476409912,0.0006770369363948703,0.7858505845069885,0.49313033662808725,0.5009190404379521,0,0
1.0250154733657837,0.0006791649502702057,0.7858505845069885,0.511147954603009,0.5117949033634092,0,0
1.0286824703216553,0.0006812928477302194,0.7858505845069885,0.50795768417019,0.4792204080352361,0,0
1.0323494672775269,0.0006834232481196523,0.7858505845069885,0.48870026395986665,0.48465701191061183,0,0
1.0360164642333984,0.0006855542887933552,0.7858505845069885,0.5176051645507674,0.49046878291581625,0,0
1.0396833419799805,0.0006876870174892247,0.7858505845069885,0.4856125588022374,0.495786508500307,0,0
1.043350338935852,0.0006898224237374961,0.7858505845069885,0.5019883665039411,0.49171268080775765,0,0
1.0470173358917236,0.000691957538947463,0.7858505845069885,0.48201967239399834,0.49790002009078976,0,0
1.0506843328475952,0.0006940941675566137,0.7858505845069885,0.5020851597178375,0.4992181124100201,0,0
1.0543514490127563,0.0006962312618270516,0.7858505845069885,0.5023046198690321,0.5034455079500302,0,0
1.0580185651779175,0.0006983711500652134,0.7858505845069885,0.4851820575466075,0.5043017913452944,0,0
1.061685562133789,0.0007005108054727316,0.7858505845069885,0.5193368095895006,0.49693001077309934,0,0
1.0653525590896606,0.0007026527891866863,0.7858505845069885,0.4945375673723807,0.5128264599690489,0,0
1.0690195560455322,0.0007047953549772501,0.7858505845069885,0.49869979997917635,0.4915686103063208,0,0
1.0726865530014038,0.0007069396669976413,0.7858505845069885,0.5015621834159201,0.5117172590494767,0,0
1.0763534307479858,0.0007090858416631818,0.7858505845069885,0.4895499251948574,0.5002160508406652,0,0
1.0800204277038574,0.0007112313178367913,0.7858505845069885,0.5113143579677266,0.5145572132465679,0,0
1.083687424659729,0.0007133790059015155,0.7858505845069885,0.4905266667136045,0.5098479155395969,0,0
1.0873545408248901,0.0007155282073654234,0.7858505845069885,0.5096432321670481,0.5088050238471382,0,0
1.0910215377807617,0.0007176782237365842,0.7858505845069885,0.5149513032013314,0.4924735494460344,0,0
1.0946886539459229,0.0007198300445452332,0.7858505845069885,0.5026319547383415,0.48716712899317227,0,0
1.0983556509017944,0.0007219824474304914,0.7858505845069885,0.4941683161300576,0.5010478963198859,0,0
1.102022647857666,0.0007241356652230024,0.7858505845069885,0.5026527063499587,0.511220741936136,0,0
1.105689525604248,0.0007262910949066281,0.7858505845069885,0.4939788118458192,0.4914940334548561,0,0
1.1093565225601196,0.0007284479797817767,0.7858505845069885,0.5116000936295888,0.5124785405952641,0,0
1.1130234003067017,0.0007306048064492643,0.7858505845069885,0.490672184783782,0.49373316705477366,0,0
1.1166901588439941,0.0007327640196308494,0.7858505845069885,0.5012458517539342,0.4911010436923128,0,0
1.1203570365905762,0.0007349230581894517,0.7858505845069885,0.5198981029454933,0.49432562928596246,0,0
1.1240239143371582,0.0007370838429778814,0.7858505845069885,0.4921678776111104,0.4891558171275811,0,0
1.1276907920837402,0.0007392460247501731,0.7858505845069885,0.4920013623881337,0.49364372843451665,0,0
1.1313575506210327,0.0007414091960527003,0.7858505845069885,0.49689193030548634,0.501998649768964,0,0
1.1350244283676147,0.0007435724255628884,0.7858505845069885,0.5053765978118149,0.49846684798348423,0,0
1.1386911869049072,0.0007457387982867658,0.7858505845069885,0.4872447333842068,0.5082548119659736,0,0
1.1423579454421997,0.0007479055202566087,0.7858505845069885,0.49959081936772726,0.4900687697668836,0,0
1.1460248231887817,0.0007500732317566872,0.7858505845069885,0.506308718400768,0.4931005087865178,0,0
1.1496917009353638,0.0007522418163716793,0.7858505845069885,0.511018219091771,0.5034274762534414,0,0
1.1533585786819458,0.0007544121472164989,0.7858505845069885,0.5023150201010959,0.49298141306564286,0,0
1.1570254564285278,0.000756582769099623,0.7858505845069885,0.5196177324422333,0.505035020667721,0,0
1.1606923341751099,0.0007587556610815227,0.7858505845069885,0.5054101956281662,0.48410132650044346,0,0
1.1643593311309814,0.0007609283202327788,0.7858505845069885,0.5147580097336292,0.47879506648126985,0,0
1.1680262088775635,0.000763102900236845,0.7858505845069885,0.5118206335159422,0.5090672930683664,0,0
1.1716930866241455,0.0007652780041098595,0.7858505845069885,0.49657960707667953,0.49230802162301585,0,0
1.175360083580017,0.0007674540975131094,0.7858505845069885,0.5076996204625767,0.5143717308960106,0,0
1.1790271997451782,0.0007696322281844914,0.7858505845069885,0.4945054407330952,0.4945366259539385,0,0
1.1826940774917603,0.0007718114648014307,0.7858505845069885,0.4991407448784306,0.5022224578251643,0,0
1.1863609552383423,0.000773991399910301,0.7858505845069885,0.5121212283909772,0.4929740846184782,0,0
1.1900278329849243,0.0007761713932268322,0.7858505845069885,0.48346643390540084,0.5091992945296414,0,0
1.1936945915222168,0.000778354296926409,0.7858505845069885,0.5034730572489475,0.5045014846818713,0,0
1.1973613500595093,0.0007805373170413077,0.7858505845069885,0.4885748647553665,0.5094443466962657,0,0
1.2010282278060913,0.0007827212102711201,0.7858505845069885,0.49169156138187303,0.4837231891223491,0,0
1.2046949863433838,0.0007849071407690644,0.7858505845069885,0.5077831108679585,0.507460639109643,0,0
1.2083617448806763,0.0007870933040976524,0.7858505845069885,0.5056014837015411,0.5051999942566144,0,0
1.2120286226272583,0.0007892798748798668,0.7858505845069885,0.5023271306817138,0.5040421777258426,0,0
1.2156953811645508,0.0007914688903838396,0.7858505845069885,0.48428051434517266,0.49287072228431356,0,0
1.2193622589111328,0.0007936592446640134,0.7858505845069885,0.5244499679246045,0.49790592990388854,0,0
1.2230291366577148,0.0007958485512062907,0.7858505845069885,0.481607215662094,0.4868207692060156,0,0
1.2266958951950073,0.0007980401860550046,0.7858505845069885,0.4776195285640143,0.504258417620607,0,0
1.2303627729415894,0.000800232810433954,0.7858505845069885,0.5064537324372573,0.49910531064246344,0,0
1.2340296506881714,0.0008024272974580526,0.7858505845069885,0.49453239010219086,0.50046259820121,0,0
1.2376964092254639,0.0008046204457059503,0.7858505845069885,0.4913750720136143,0.5085245388278914,0,0
1.2413631677627563,0.00080681691179052,0.7858505845069885,0.4932200098935431,0.49927362892810884,0,0
1.2450300455093384,0.0008090136107057333,0.7858505845069885,0.5056630796223784,0.5025758929157852,0,0
1.2486968040466309,0.000811210717074573,0.7858505845069885,0.4784475916645058,0.4895945484647389,0,0
1.2523634433746338,0.0008134102681651711,0.7858505845069885,0.5019994078518096,0.496362619978302,0,0
1.2560302019119263,0.0008156097610481083,0.7858505845069885,0.505263535064709,0.5068281788356692,0,0
1.2596968412399292,0.0008178104180842638,0.7858505845069885,0.4803681194020876,0.50509044885879,0,0
1.2633635997772217,0.0008200118318200111,0.7858505845069885,0.5025557243402918,0.49729970819801017,0,0
1.2670303583145142,0.000822215573862195,0.7858505845069885,0.4938456276630063,0.5024236987129265,0,0
1.2706971168518066,0.0008244180353358388,0.7858505845069885,0.47636797589659413,0.498900791422161,0,0
1.2743638753890991,0.0008266238146461546,0.7858505845069885,0.49561308501047024,0.49099937751705225,0,0
1.2780306339263916,0.000828829943202436,0.7858505845069885,0.48867661064715834,0.49436644076802205,0,0
1.281697392463684,0.0008310360717587173,0.7858505845069885,0.49981109734744517,0.4894048606052437,0,0
1.2853641510009766,0.0008332444122061133,0.7858505845069885,0.5003027759783535,0.5230620697060286,0,0
1.289030909538269,0.0008354528690688312,0.7858505845069885,0.48044721885860525,0.503156467918517,0,0
1.2926976680755615,0.0008376624900847673,0.7858505845069885,0.5019016545166214,0.5015261202519627,0,0
1.296364426612854,0.0008398731588385999,0.7858505845069885,0.4958863361026053,0.5209043995614122,0,0
1.300031304359436,0.0008420852245762944,0.7858505845069885,0.4874451744750599,0.48759664895494514,0,0
1.3036980628967285,0.0008442975231446326,0.7858505845069885,0.506028759151627,0.49687640410901346,0,0
1.307364821434021,0.0008465107530355453,0.7858505845069885,0.4973700227938703,0.5131475660809173,0,0
1.311031699180603,0.0008487247978337109,0.7858505845069885,0.5153835889751104,0.4873419257145626,0,0
1.3146984577178955,0.0008509406470693648,0.7858505845069885,0.5225863848201743,0.498406185240661,0,0
1.318365216255188,0.0008531570783816278,0.7858505845069885,0.48303878194126765,0.49942595828335384,0,0
1.322031855583191,0.0008553743828088045,0.7858505845069885,0.49554097849786233,0.49451226842507207,0,0
1.3256986141204834,0.000857591861858964,0.7858505845069885,0.49940740680873363,0.483695699514249,0,0
1.3293653726577759,0.0008598126005381346,0.7858505845069885,0.49963958619118465,0.5116072084505123,0,0
1.3330321311950684,0.0008620316511951387,0.7858505845069885,0.5056467294303153,0.490930719828951,0,0
1.3366988897323608,0.0008642527973279357,0.7858505845069885,0.5005914881607142,0.49359091568212726,0,0
1.3403656482696533,0.0008664749911986291,0.7858505845069885,0.5057545664399337,0.4929058991622429,0,0
1.3440325260162354,0.0008686974178999662,0.7858505845069885,0.5047298114239923,0.5056044213039984,0,0
1.3476992845535278,0.0008709211833775043,0.7858505845069885,0.4970235591795411,0.516759539137898,0,0
1.3513660430908203,0.0008731462294235826,0.7858505845069885,0.5013929984186282,0.4963904532954932,0,0
1.3550328016281128,0.0008753717411309481,0.7858505845069885,0.4945448635048095,0.49691792225977743,0,0
1.3586995601654053,0.0008775987080298364,0.7858505845069885,0.49915151096159976,0.50588123480503,0,0
1.3623663187026978,0.0008798252674750984,0.7858505845069885,0.5126458654043462,0.4999550953888481,0,0
1.3660333156585693,0.0008820537477731705,0.7858505845069885,0.5010348892383155,0.5128005835651135,0,0
1.3697000741958618,0.000884282635524869,0.7858505845069885,0.49816936594278305,0.50409077513722,0,0
1.3733668327331543,0.0008865119307301939,0.7858505845069885,0.4971045308972798,0.5050485968484817,0,0
1.3770335912704468,0.0008887430303730071,0.7858505845069885,0.5088945900454053,0.48157751105246094,0,0
1.3807003498077393,0.0008909740718081594,0.7858505845069885,0.49558454946616765,0.5030335561345822,0,0
1.3843671083450317,0.0008932080236263573,0.7858505845069885,0.5065660429068038,0.5151296629013705,0,0
1.3880339860916138,0.0008954406948760152,0.7858505845069885,0.5102719693621504,0.4797049005880696,0,0
1.3917007446289062,0.0008976759272627532,0.7858505845069885,0.5115142814077028,0.507620977038361,0,0
1.3953675031661987,0.0008999110432341695,0.7858505845069885,0.5150403064615572,0.49689791295212227,0,0
1.3990341424942017,0.0009021470905281603,0.7858505845069885,0.49299623257515607,0.5013679625555956,0,0
1.4027007818222046,0.0009043840109370649,0.7858505845069885,0.50714605491322,0.5020942459720324,0,0
1.4063677787780762,0.000906621920876205,0.7858505845069885,0.48587375315035575,0.515218883648569,0,0
1.4100345373153687,0.0009088608785532415,0.7858505845069885,0.48811922866560165,0.5095110576419223,0,0
1.413701057434082,0.0009110996616072953,0.7858505845069885,0.49109751238664967,0.5128854817067977,0,0
1.4173678159713745,0.0009133410640060902,0.7858505845069885,0.49114161894354447,0.4985571415233501,0,0
1.421034574508667,0.0009155816514976323,0.7858505845069885,0.5188403708346226,0.5085029413802203,0,0
1.4247010946273804,0.0009178244508802891,0.7858505845069885,0.4845683629919247,0.5032845258970877,0,0
1.4283677339553833,0.0009200681233778596,0.7858505845069885,0.49825499955038,0.506786784761428,0,0
1.4320342540740967,0.0009223101078532636,0.7858505845069885,0.5159863855089254,0.5025587361683955,0,0
1.4357010126113892,0.0009245549445040524,0.7858505845069885,0.5013010328144515,0.5214385590511047,0,0
1.4393677711486816,0.0009268004214391112,0.7858505845069885,0.4978953786829093,0.4892783151445223,0,0
1.443034291267395,0.0009290461312048137,0.7858505845069885,0.4941048572345702,0.4955804885966822,0,0
1.4467010498046875,0.0009312935289926827,0.7858505845069885,0.5141103832150811,0.5224739083254154,0,0
1.4503679275512695,0.0009335412760265172,0.7858505845069885,0.5028746876290149,0.485613146114246,0,0
1.4540349245071411,0.00093579146778211,0.7858505845069885,0.5061577503150843,0.49467325809007856,0,0
1.4577016830444336,0.0009380397386848927,0.7858505845069885,0.48630593023155455,0.5067310847114295,0,0
1.461368203163147,0.0009402913856320083,0.7858505845069885,0.5119388296431576,0.4837038774884484,0,0
1.4650347232818604,0.0009425418102182448,0.7858505845069885,0.49471038444234594,0.5139456322159404,0,0
1.4687014818191528,0.0009447939810343087,0.7858505845069885,0.49829364756054206,0.5057282054197701,0,0
1.4723682403564453,0.0009470458026044071,0.7858505845069885,0.5090054364216353,0.5157850274011926,0,0
1.4760348796844482,0.0009493000106886029,0.7858505845069885,0.49617772253084524,0.49895195718062874,0,0
1.4797013998031616,0.0009515525889582932,0.7858505845069885,0.4972466165636596,0.5014093531461474,0,0
1.483367919921875,0.0009538090089336038,0.7858505845069885,0.5061118001553149,0.4989040821149702,0,0
1.487034559249878,0.000956064322963357,0.7858505845069885,0.4930499066494758,0.4876970710664975,0,0
1.4907011985778809,0.0009583211503922939,0.7858505845069885,0.49798997491620245,0.47557226277027675,0,0
1.494368076324463,0.0009605793748050928,0.7858505845069885,0.5035325287372215,0.5008846761153046,0,0
1.4980345964431763,0.0009628362604416907,0.7858505845069885,0.5032688626974546,0.5010606335016432,0,0
1.5017011165618896,0.0009650962892919779,0.7858505845069885,0.5028943824257263,0.5013341672172431,0,0
1.505367636680603,0.0009673561435192823,0.7858505845069885,0.49744625897356826,0.5050794405653238,0,0
1.509034514427185,0.000969614484347403,0.7858505845069885,0.49627142899809346,0.5031555666542489,0,0
1.5127012729644775,0.000971876666881144,0.7858505845069885,0.49083963301535993,0.49750646205912585,0,0
1.5163681507110596,0.0009741384419612586,0.7858505845069885,0.500615514387316,0.4990497435796487,0,0
1.520034670829773,0.0009764014394022524,0.7858505845069885,0.5012941874833757,0.5000883235331892,0,0
1.5237011909484863,0.0009786650771275163,0.7858505845069885,0.506007825381213,0.502270099701136,0,0
1.5273679494857788,0.0009809304028749466,0.7858505845069885,0.4945055410607022,0.4904365833903963,0,0
1.5310348272323608,0.000983194331638515,0.7858505845069885,0.5113122659007554,0.49124987066244763,0,0
1.5347017049789429,0.0009854602394625545,0.7858505845069885,0.4880637569152009,0.5021063293834767,0,0
1.538368582725525,0.000987726147286594,0.7858505845069885,0.5045236391084902,0.5051023735882862,0,0
1.5420349836349487,0.0009899928700178862,0.7858505845069885,0.4889154920312416,0.503547833018701,0,0
1.5457013845443726,0.0009922621538862586,0.7858505845069885,0.49456504220190584,0.49836004032334447,0,0
1.5493680238723755,0.0009945302736014128,0.7858505845069885,0.4980477673272502,0.5046334925574177,0,0
1.5530346632003784,0.000996799673885107,0.7858505845069885,0.49159264726712154,0.4925698665809266,0,0
1.5567011833190918,0.0009990697726607323,0.7858505845069885,0.48909850398620563,0.5016935793532997,0,0
1.5603677034378052,0.0010013406863436103,0.7858505845069885,0.5106085548067366,0.5199648661926771,0,0
1.5640342235565186,0.0010036132298409939,0.7858505845069885,0.5070890723856821,0.49211083066647593,0,0
1.567700982093811,0.00100588402710855,0.7858505845069885,0.4989678070791168,0.4974264375772398,0,0
1.571367859840393,0.0010081565706059337,0.7858505845069885,0.4946530299515288,0.4954520761510118,0,0
1.575034737586975,0.001010431325994432,0.7858505845069885,0.4972169796977159,0.4974296556481085,0,0
1.578701376914978,0.0010127053828909993,0.7858505845069885,0.5169881502043964,0.4971960857500933,0,0
1.5823681354522705,0.0010149802546948195,0.7858505845069885,0.4955988775048175,0.5231508544575586,0,0
1.5860346555709839,0.0010172572219744325,0.7858505845069885,0.5001500076953795,0.4821788328955593,0,0
1.5897014141082764,0.0010195329086855054,0.7858505845069885,0.5040047102326618,0.49581946867261584,0,0
1.5933682918548584,0.0010218097595497966,0.7858505845069885,0.5116884805973265,0.5075260878751395,0,0
1.5970351696014404,0.001024087774567306,0.7858505845069885,0.5070956351202948,0.49624156636040717,0,0
1.6007018089294434,0.0010263670701533556,0.7858505845069885,0.49906739211271667,0.48738083912559693,0,0
1.6043683290481567,0.0010286463657394052,0.7858505845069885,0.5052356977532442,0.49339641985946353,0,0
1.6080347299575806,0.0010309257777407765,0.7858505845069885,0.5061024415521295,0.4981767917107852,0,0
1.6117013692855835,0.0010332070523872972,0.7858505845069885,0.49596277372465525,0.500864430148428,0,0
1.6153677701950073,0.001035488210618496,0.7858505845069885,0.505718214192752,0.5017767182866625,0,0
1.6190341711044312,0.0010377696016803384,0.7858505845069885,0.48940890987179547,0.47374822215601603,0,0
1.622700572013855,0.001040052273310721,0.7858505845069885,0.49636757197440573,0.49581025422004343,0,0
1.6263668537139893,0.001042336574755609,0.7858505845069885,0.510096422225727,0.514632271443457,0,0
1.6300334930419922,0.0010446208762004972,0.7858505845069885,0.5184137430504437,0.4983828661511492,0,0
1.6337001323699951,0.0010469044791534543,0.7858505845069885,0.5098478478995742,0.5004734163479843,0,0
1.637366771697998,0.0010491905268281698,0.7858505845069885,0.5173439800796447,0.4878498682857573,0,0
1.641033411026001,0.0010514757595956326,0.7858505845069885,0.4939144268644843,0.4923549957500746,0,0
1.6446998119354248,0.0010537630878388882,0.7858505845069885,0.48685262399954815,0.5194056052202864,0,0
1.6483662128448486,0.0010560506489127874,0.7858505845069885,0.5223915370447408,0.5017971973558953,0,0
1.6520329713821411,0.001058337395079434,0.7858505845069885,0.49768114865073304,0.507332864923429,0,0
1.6556997299194336,0.0010606272844597697,0.7858505845069885,0.5000365599551012,0.48368555096442967,0,0
1.659366488456726,0.0010629155440256,0.7858505845069885,0.5116098110097153,0.5056186394831479,0,0
1.6630330085754395,0.0010652064811438322,0.7858505845069885,0.4980903534588757,0.5015413463945507,0,0
1.6666994094848633,0.0010674971854314208,0.7858505845069885,0.5194112647332371,0.49264809347979893,0,0
1.6703659296035767,0.0010697883553802967,0.7858505845069885,0.49042521677199247,0.49832341441242195,0,0
1.67403244972229,0.00107207999099046,0.7858505845069885,0.5137755055045231,0.5055826424224784,0,0
1.6776988506317139,0.0010743712773546576,0.7858505845069885,0.49353628813969697,0.4974311337227623,0,0
1.6813654899597168,0.0010766650084406137,0.7858505845069885,0.5017651323985749,0.5008050886249222,0,0
1.6850318908691406,0.0010789585066959262,0.7858505845069885,0.5096755152882423,0.5115138233351304,0,0
1.6886982917785645,0.0010812538675963879,0.7858505845069885,0.4958299974932319,0.49798650000402833,0,0
1.6923649311065674,0.0010835484135895967,0.7858505845069885,0.5107438867341232,0.49189302349222624,0,0
1.6960316896438599,0.0010858437744900584,0.7858505845069885,0.5032244736187066,0.5005991804251638,0,0
1.6996984481811523,0.0010881397174671292,0.7858505845069885,0.5117025426845446,0.5058857977550358,0,0
1.7033649682998657,0.0010904374066740274,0.7858505845069885,0.5022750867482133,0.496843823969278,0,0
1.7070313692092896,0.0010927333496510983,0.7858505845069885,0.5226373763307958,0.4915947655621546,0,0
1.7106980085372925,0.0010950309224426746,0.7858505845069885,0.49545200929201233,0.4990604151987809,0,0
1.7143646478652954,0.001097330590710044,0.7858505845069885,0.5019731570396492,0.5021724153694179,0,0
1.7180311679840088,0.0010996301425620914,0.7858505845069885,0.4988501196540659,0.4999172007275374,0,0
1.7216975688934326,0.0011019300436601043,0.7858505845069885,0.5120531218456208,0.4899108939762278,0,0
1.7253637313842773,0.0011042312253266573,0.7858505845069885,0.5062698873181336,0.5126182048659481,0,0
1.7290303707122803,0.0011065325234085321,0.7858505845069885,0.5043853130246543,0.47812859875366936,0,0
1.7326971292495728,0.0011088346363976598,0.7858505845069885,0.5011760147646313,0.5114427201613772,0,0
1.7363637685775757,0.0011111361673101783,0.7858505845069885,0.49847918849977035,0.5021616531418742,0,0
1.7400304079055786,0.0011134390952065587,0.7858505845069885,0.5037284463589099,0.49916471335419094,0,0
1.7436968088150024,0.001115742838010192,0.7858505845069885,0.4920234716471298,0.5053013605763613,0,0
1.7473632097244263,0.0011180478613823652,0.7858505845069885,0.49589387771959986,0.5137434892715262,0,0
1.7510298490524292,0.001120351953431964,0.7858505845069885,0.5153157144948269,0.49111531399780456,0,0
1.754696249961853,0.0011226587230339646,0.7858505845069885,0.5019188507577104,0.5123146600215156,0,0
1.758362889289856,0.0011249632807448506,0.7858505845069885,0.4905959944159591,0.50226566148546,0,0
1.7620295286178589,0.0011272691190242767,0.7858505845069885,0.4988071810711562,0.5021499326477008,0,0
1.7656959295272827,0.0011295770527794957,0.7858505845069885,0.5193025908821666,0.5065417193443698,0,0
1.7693623304367065,0.0011318842880427837,0.7858505845069885,0.4948251960380851,0.4888636498679584,0,0
1.77302885055542,0.0011341923382133245,0.7858505845069885,0.5000184984331402,0.4974848089038338,0,0
1.7766954898834229,0.00113650131970644,0.7858505845069885,0.5083957871710658,0.49963310814909023,0,0
1.7803620100021362,0.00113880995195359,0.7858505845069885,0.4848570218546056,0.49519217144489436,0,0
1.7840282917022705,0.0011411210289224982,0.7858505845069885,0.4941634958534827,0.49599775668914114,0,0
1.7876948118209839,0.001143431174568832,0.7858505845069885,0.4969052621518116,0.49809103546009303,0,0
1.7913613319396973,0.001145741669461131,0.7858505845069885,0.5247216293624206,0.5004132498670211,0,0
1.795027732849121,0.0011480541434139013,0.7858505845069885,0.501580238799552,0.48282090423784346,0,0
1.7986942529678345,0.001150366384536028,0.7858505845069885,0.49617176161119747,0.5025170491197364,0,0
1.8023607730865479,0.0011526792077347636,0.7858505845069885,0.482836024559712,0.516095165896109,0,0
1.8060271739959717,0.0011549921473488212,0.7858505845069885,0.4880631087300784,0.5006096144216571,0,0
1.8096939325332642,0.0011573056690394878,0.7858505845069885,0.4978562620673444,0.5050875458708324,0,0
1.8133606910705566,0.0011596200056374073,0.7858505845069885,0.4937167643691276,0.4910730205736741,0,0
1.8170274496078491,0.0011619343422353268,0.7858505845069885,0.49433027137326546,0.5046681975795239,0,0
1.820693850517273,0.0011642507743090391,0.7858505845069885,0.5160868743984849,0.4827872787848916,0,0
1.8243601322174072,0.0011665669735521078,0.7858505845069885,0.5052525854105331,0.49954163505365984,0,0
1.8280267715454102,0.00116888212505728,0.7858505845069885,0.4955574760683849,0.5145671548325531,0,0
1.831693410873413,0.0011711999541148543,0.7858505845069885,0.5171745534809391,0.5027374470130498,0,0
1.835360050201416,0.0011735172010958195,0.7858505845069885,0.5027603662882817,0.4800113496622125,0,0
1.839026689529419,0.001175836194306612,0.7858505845069885,0.4963978079827922,0.5090964487132129,0,0
1.8426929712295532,0.0011781541397795081,0.7858505845069885,0.5005282399536967,0.49854126554478095,0,0
1.846359372138977,0.001180472900159657,0.7858505845069885,0.49951599075572467,0.4845904683937529,0,0
1.8500261306762695,0.0011827931739389896,0.7858505845069885,0.5128674545967002,0.5121585458369049,0,0
1.853692889213562,0.0011851132148876786,0.7858505845069885,0.5055732410429371,0.48563463553788744,0,0
1.857359528541565,0.001187434303574264,0.7858505845069885,0.48899733073496426,0.4943112740634424,0,0
1.8610261678695679,0.0011897553922608495,0.7858505845069885,0.4984922494660577,0.5050754533245764,0,0
1.8646925687789917,0.0011920776451006532,0.7858505845069885,0.4755875625469359,0.49860633358533196,0,0
1.868359088897705,0.0011943993158638477,0.7858505845069885,0.4905050255430621,0.4817985390870748,0,0
1.8720256090164185,0.0011967228492721915,0.7858505845069885,0.5170600009929167,0.5019448674789684,0,0
1.8756921291351318,0.0011990464990958571,0.7858505845069885,0.4783631773953844,0.5072568947011362,0,0
1.8793585300445557,0.0012013699160888791,0.7858505845069885,0.49558253388823575,0.5175718207497724,0,0
1.8830246925354004,0.0012036955449730158,0.7858505845069885,0.4935269373561037,0.4881260247149659,0,0
1.8866909742355347,0.0012060190783813596,0.7858505845069885,0.5137723659071541,0.5101999656590974,0,0
1.8903573751449585,0.0012083451729267836,0.7858505845069885,0.5067813011772079,0.5079224232457211,0,0
1.8940238952636719,0.001210670219734311,0.7858505845069885,0.5095329096963852,0.4919511887527455,0,0
1.8976902961730957,0.0012129959650337696,0.7858505845069885,0.49595017041822753,0.49332731092927246,0,0
1.9013566970825195,0.001215323805809021,0.7858505845069885,0.4889791555955034,0.49049751947683573,0,0
1.9050230979919434,0.001217650598846376,0.7858505845069885,0.4977203330110821,0.5021117151525811,0,0
1.9086897373199463,0.0012199792545288801,0.7858505845069885,0.5034181626744253,0.5095231321426967,0,0
1.9123563766479492,0.0012223065132275224,0.7858505845069885,0.8044251833344885,0.4908298824768972,0,0
1.916022777557373,0.0012246361002326012,0.7858505845069885,0.8084715000066705,0.5043747210289568,0,0
1.9196890592575073,0.0012269647559151053,0.7858505845069885,0.8022140593396831,0.4966468141266533,0,0
1.9233554601669312,0.0012292956234887242,0.7858505845069885,0.7802719862904585,0.477469466127992,0,0
1.927022099494934,0.001231625210493803,0.7858505845069885,0.7875322253753012,0.5076460524424198,0,0
1.930688738822937,0.0012339565437287092,0.7858505845069885,0.7890931061942752,0.5091931672829831,0,0
1.93435537815094,0.0012362871784716845,0.7858505845069885,0.7774373908885386,0.501479270213863,0,0
1.9380215406417847,0.001238619675859809,0.7858505845069885,0.7846187048048976,0.5076176496409157,0,0
1.9416877031326294,0.0012409514747560024,0.7858505845069885,0.8056387934230017,0.4869149415694181,0,0
1.9453542232513428,0.0012432837393134832,0.7858505845069885,0.7906942151520046,0.4846468617176563,0,0
1.9490208625793457,0.0012456175172701478,0.7858505845069885,0.7815929725228743,0.4771476038746622,0,0
1.9526875019073486,0.0012479505967348814,0.7858505845069885,0.7499153374194949,0.49826329900779837,0,0
1.956354022026062,0.0012502844911068678,0.7858505845069885,0.7594336957993567,0.49458733949523564,0,0
1.9600201845169067,0.0012526196660473943,0.7858505845069885,0.7729481272903234,0.5105806609397222,0,0
1.9636865854263306,0.0012549543753266335,0.7858505845069885,0.7619926856430107,0.4971102306676648,0,0
1.967353105545044,0.0012572905980050564,0.7858505845069885,0.7512598549896498,0.4869124974141681,0,0
1.9710196256637573,0.0012596260057762265,0.7858505845069885,0.7471591394194856,0.503629405468131,0,0
1.9746861457824707,0.001261961879208684,0.7858505845069885,0.7699748421243126,0.5027730200429771,0,0
1.9783521890640259,0.0012642991496250033,0.7858505845069885,0.7568050800985808,0.5107579679103001,0,0
1.9820185899734497,0.0012666364200413227,0.7858505845069885,0.759403852590777,0.5017596687399759,0,0
1.985684871673584,0.0012689739232882857,0.7858505845069885,0.7185331750123389,0.49337432130838016,0,0
1.9893513917922974,0.0012713116593658924,0.7858505845069885,0.7284270437123882,0.49068759090996644,0,0
1.9930179119110107,0.0012736504431813955,0.7858505845069885,0.7400048500768931,0.49452939758339803,0,0
1.9966840744018555,0.0012759895762428641,0.7858505845069885,0.7063456488783354,0.5081709193471738,0,0
2.0003507137298584,0.0012783290585502982,0.7858505845069885,0.7100038336027206,0.48944452271341493,0,0
2.0040173530578613,0.0012806690065190196,0.7858505845069885,0.725279852943094,0.48300382807406794,0,0
2.007683753967285,0.001283010351471603,0.7858505845069885,0.7109222939476505,0.4995958104420025,0,0
2.011350154876709,0.001285351230762899,0.7858505845069885,0.7210002152366184,0.5166294772670726,0,0
2.0150163173675537,0.0012876922264695168,0.7858505845069885,0.7153505873321194,0.5013042223872316,0,0
2.0186824798583984,0.0012900340370833874,0.7858505845069885,0.7152597143625916,0.5052775831999063,0,0
2.0223491191864014,0.001292376546189189,0.7858505845069885,0.6805053325565265,0.783060350872119,0,0
2.026015520095825,0.0012947185896337032,0.7858505845069885,0.6963329960139251,0.8125597140204931,0,0
2.029681921005249,0.001297060982324183,0.7858505845069885,0.6687668916393443,0.7963779449330963,0,0
2.0333480834960938,0.0012994051212444901,0.7858505845069885,0.6951291838190693,0.8003949563332383,0,0
2.0370142459869385,0.0013017490273341537,0.7858505845069885,0.6658195072639581,0.7944948287452257,0,0
2.0406808853149414,0.0013040939811617136,0.7858505845069885,0.6890608110121059,0.792116683179254,0,0
2.0443475246429443,0.00130643870215863,0.7858505845069885,0.6859979424654808,0.8011598410622246,0,0
2.048013925552368,0.0013087845873087645,0.7858505845069885,0.6956753592772498,0.8030438306167568,0,0
2.051680326461792,0.001311129191890359,0.7858505845069885,0.6786400031549549,0.8084682213718035,0,0
2.0553464889526367,0.0013134755427017808,0.7858505845069885,0.6677922449066402,0.8008975983354071,0,0
2.0590131282806396,0.0013158229412510991,0.7858505845069885,0.6277719836262158,0.7675278032726816,0,0
2.0626797676086426,0.001318167895078659,0.7858505845069885,0.6373936357839562,0.765564892995394,0,0
2.0663461685180664,0.0013205159921199083,0.7858505845069885,0.6469664276151288,0.7619993879493595,0,0
2.070012331008911,0.0013228636234998703,0.7858505845069885,0.6502998420128887,0.7530249405061603,0,0
2.073678493499756,0.0013252121862024069,0.7858505845069885,0.6471623072197779,0.7824416999082288,0,0
2.0773448944091797,0.0013275607489049435,0.7858505845069885,0.6451111961318055,0.756123276407353,0,0
2.0810115337371826,0.0013299105921760201,0.7858505845069885,0.6235631303400117,0.7593427964543796,0,0
2.0846779346466064,0.0013322600862011313,0.7858505845069885,0.6339312365530022,0.7556023341980043,0,0
2.088344097137451,0.0013346095802262425,0.7858505845069885,0.634796205414141,0.7393418680415089,0,0
2.092010498046875,0.001336958957836032,0.7858505845069885,0.6293541136728861,0.7765914691438486,0,0
2.095676898956299,0.0013393097324296832,0.7858505845069885,0.6157806160818609,0.7373192183233752,0,0
2.0993432998657227,0.0013416605070233345,0.7858505845069885,0.6117936246253145,0.7099819302512859,0,0
2.1030097007751465,0.001344012445770204,0.7858505845069885,0.6080955628626098,0.7225162478495577,0,0
2.106675863265991,0.0013463640352711082,0.7858505845069885,0.6041251022696805,0.7268475572879269,0,0
2.110342025756836,0.0013487163232639432,0.7858505845069885,0.6092880678493527,0.7087555049992867,0,0
2.114008665084839,0.001351068844087422,0.7858505845069885,0.6151478865698592,0.7248280271852351,0,0
2.1176750659942627,0.0013534222962334752,0.7858505845069885,0.616995036240767,0.7197213151889302,0,0
2.1213414669036865,0.001355774817056954,0.7858505845069885,0.604359886118351,0.7155228257183595,0,0
2.1250076293945312,0.0013581287348642945,0.7858505845069885,0.61786269583906,0.7245470985353455,0,0
2.128673791885376,0.0013604823034256697,0.7858505845069885,0.5968929570507087,0.7240198501340573,0,0
2.1323401927948,0.0013628380838781595,0.7858505845069885,0.5716180674799286,0.6881545634081225,0,0
2.1360068321228027,0.0013651923509314656,0.7858505845069885,0.5797678704244158,0.6832156789478614,0,0
2.1396732330322266,0.0013675488298758864,0.7858505845069885,0.577838227351219,0.7102241778459838,0,0
2.1433396339416504,0.0013699032133445144,0.7858505845069885,0.5809450752130163,0.6994495994290589,0,0
2.147005796432495,0.001372259110212326,0.7858505845069885,0.5858778387687875,0.6809239528207313,0,0
2.15067195892334,0.0013746165204793215,0.7858505845069885,0.5861383398675324,0.6780598941990174,0,0
2.1543385982513428,0.0013769728830084205,0.7858505845069885,0.5746985890419047,0.6868084229727043,0,0
2.1580049991607666,0.001379329594783485,0.7858505845069885,0.5704018107556293,0.682291479287824,0,0
2.1616714000701904,0.001381687936373055,0.7858505845069885,0.582532314201278,0.6886895472948639,0,0
2.165337562561035,0.001384045579470694,0.7858505845069885,0.5764433097527005,0.7052067083648506,0,0
2.16900372505188,0.0013864045031368732,0.7858505845069885,0.5309320537434364,0.6631681998230673,0,0
2.172670364379883,0.001388763776049018,0.7858505845069885,0.5423007471822558,0.6571210269472513,0,0
2.1763370037078857,0.001391122816130519,0.7858505845069885,0.5287560129754371,0.6418447782937159,0,0
2.1800034046173096,0.0013934815069660544,0.7858505845069885,0.5479998390936257,0.6638763900619655,0,0
2.1836698055267334,0.00139584147837013,0.7858505845069885,0.513637753400414,0.6533862046956663,0,0
2.1873362064361572,0.0013982020318508148,0.7858505845069885,0.5280083026233215,0.6607922062755618,0,0
2.191002368927002,0.0014005631674081087,0.7858505845069885,0.5250114864151676,0.6575189361330565,0,0
2.194669008255005,0.0014029231388121843,0.7858505845069885,0.5171349854601813,0.6648098718725367,0,0
2.1983354091644287,0.0014052842743694782,0.7858505845069885,0.5288223960489491,0.6570551904850794,0,0
2.2020015716552734,0.0014076463412493467,0.7858505845069885,0.5203057239939862,0.6552149039301484,0,0
2.205667734146118,0.0014100084081292152,0.7858505845069885,0.49353598374189095,0.6165319955912258,0,0
2.209334373474121,0.00141237024217844,0.7858505845069885,0.4803985634691614,0.6081106098771245,0,0
2.213000774383545,0.0014147328911349177,0.7858505845069885,0.4960716761349599,0.6244374563050121,0,0
2.2166671752929688,0.0014170958893373609,0.7858505845069885,0.4880638085547052,0.6149759317632792,0,0
2.2203333377838135,0.0014194580726325512,0.7858505845069885,0.5198146264316207,0.6179673504798138,0,0
2.223999500274658,0.0014218233991414309,0.7858505845069885,0.500331436298932,0.6161809669775072,0,0
2.227666139602661,0.0014241868630051613,0.7858505845069885,0.49036490593968024,0.5992245158637779,0,0
2.231332540512085,0.001426550792530179,0.7858505845069885,0.4965952143144248,0.6302742136451708,0,0
2.234998941421509,0.0014289167011156678,0.7858505845069885,0.47748389679139774,0.6148162476687428,0,0
2.2386651039123535,0.0014312815619632602,0.7858505845069885,0.5153034262571924,0.6242196575548221,0,0
2.2423312664031982,0.0014336466556414962,0.7858505845069885,0.4671799068680549,0.5780007897270292,0,0
2.245997905731201,0.0014359246706590056,0.7860437631607056,0.4415349332210372,0.5992907199338398,0,0
2.2496626377105713,0.0014387915143743157,0.7865380644798279,0.4389147791412167,0.5863596931066221,0,0
2.2533183097839355,0.0014436563942581415,0.7871975898742676,0.457088409414692,0.6017875520740228,0,0
2.2569570541381836,0.0014524345751851797,0.7879284024238586,0.45102363265630335,0.5987038797567961,0,0
2.260573148727417,0.0014670619275420904,0.7886227369308472,0.4633509101308223,0.5744764122320571,0,0
2.26416277885437,0.0014890983002260327,0.7892526388168335,0.4595585124215027,0.5710623367449394,0,0
2.2677230834960938,0.0015198595356196165,0.7899001836776733,0.4589011120442484,0.5886597596830828,0,0
2.2712535858154297,0.0015600944170728326,0.7907235026359558,0.43632033720952124,0.5947384624862188,0,0
2.274752378463745,0.0016105484683066607,0.7916384935379028,0.4513648634045926,0.580131941734112,0,0
2.278217315673828,0.0016719189006835222,0.7927914261817932,0.41712153029414284,0.5635319383311973,0,0
2.281644105911255,0.0017451383173465729,0.7942542433738708,0.4183428074194585,0.5672617318872143,0,0
2.285027265548706,0.001831023138947785,0.796061098575592,0.43223194704989143,0.5675451225240105,0,0
2.2883567810058594,0.0019298214465379715,0.7982521653175354,0.42504730168826177,0.5552398613499523,0,0
2.2916197776794434,0.002042480045929551,0.8008453249931335,0.43014776247953884,0.5511205445494813,0,0
2.294802188873291,0.0021706772968173027,0.8038049936294556,0.42520799838088513,0.5180848455728726,0,0
2.29788875579834,0.0023150502238422632,0.807140052318573,0.42682601296795664,0.5504798294030774,0,0
2.3008642196655273,0.002475939691066742,0.8108863234519958,0.4336796721561745,0.5440097788635194,0,0
2.3037126064300537,0.0026550590991973877,0.8149899840354919,0.43032724798489497,0.5462298461342471,0,0
2.3064217567443848,0.002853923477232456,0.819391667842865,0.41639452266906457,0.5614618923019945,0,0
2.308981418609619,0.0030722341034561396,0.8239370584487915,0.3826093939203959,0.5199075035052607,0,0
2.3113794326782227,0.0033092692028731108,0.8283498287200928,0.39294454592923883,0.5071655386692737,0,0
2.313603639602661,0.0035642723087221384,0.8326326012611389,0.36920376953064804,0.5016999901002913,0,0
2.315641164779663,0.0038355952128767967,0.8367969393730164,0.38845410295084426,0.4978279035937767,0,0
2.3174796104431152,0.004119861405342817,0.840862512588501,0.39117280895479173,0.5350003246796914,0,0
2.3191094398498535,0.004412042908370495,0.8448200821876526,0.38256222748540586,0.49300234173192986,0,0
2.320521593093872,0.004706123843789101,0.848648726940155,0.3899194326874306,0.5206535967606536,0,0
2.3217098712921143,0.004995810799300671,0.8523184657096863,0.3783449556562336,0.5168377171940323,0,0
2.322667121887207,0.005274736322462559,0.855812132358551,0.3680499995823764,0.5047695946061216,0,0
2.3233866691589355,0.005536239128559828,0.8591048717498779,0.36892970987863966,0.503374895643794,0,0
2.3238637447357178,0.005773639306426048,0.8622026443481445,0.3551570939874304,0.48027823760613886,0,0
2.324094533920288,0.005981473717838526,0.8651308417320251,0.35374383497513334,0.4596184546594726,0,0
2.324079751968384,0.006156547460705042,0.8679016828536987,0.34844132917658427,0.4768595726085962,0,0
2.3238210678100586,0.006297812331467867,0.8707111477851868,0.34067594450167277,0.44091106212843734,0,0
2.3233261108398438,0.00640458008274436,0.8734765648841858,0.3398521570680286,0.4553557258322783,0,0
2.322605609893799,0.006476777605712414,0.8761757612228394,0.34478696323952207,0.4724997890292775,0,0
2.3216712474823,0.0065153008326888084,0.878838062286377,0.3571327359081251,0.4805215856922295,0,0
2.3205344676971436,0.006521912291646004,0.8814640045166016,0.35048472180333945,0.4799954490096744,0,0
2.319206714630127,0.006498746108263731,0.8840203881263733,0.35749694489397377,0.4848246792073987,0,0
2.3176987171173096,0.006448127329349518,0.8866507411003113,0.34442512573982553,0.44741768893273703,0,0
2.316025972366333,0.006371855270117521,0.8893012404441833,0.3475614131149459,0.47387777265746517,0,0
2.314204692840576,0.006271481513977051,0.8920141458511353,0.3377876065206261,0.4472410005120263,0,0
2.31225323677063,0.0061480095610022545,0.8948190212249756,0.3562022814883182,0.460992198231193,0,0
2.310190200805664,0.006002639885991812,0.8976005911827087,0.3440341764945906,0.4604193708888674,0,0
2.3080313205718994,0.005837096367031336,0.9003691673278809,0.3461720422707722,0.4592621430930144,0,0
2.3057894706726074,0.0056532761082053185,0.903107762336731,0.355774665402477,0.4519935720008197,0,0
2.303474187850952,0.005452698562294245,0.9057780504226685,0.3409706143321572,0.4605048434443642,0,0
2.3010928630828857,0.005236440803855658,0.908536970615387,0.3193195234850875,0.4481990988283107,0,0
2.298654079437256,0.005005054175853729,0.9113101363182068,0.3606359332427157,0.4515119259315592,0,0
2.296165704727173,0.00475884135812521,0.9139881730079651,0.3509653344180924,0.46007082763784957,0,0
2.293635606765747,0.004498273134231567,0.9165748357772827,0.3477615998192318,0.46714832808200596,0,0
2.2910687923431396,0.00422398978844285,0.9190771579742432,0.347376343130371,0.4714031283139176,0,0
2.288468360900879,0.0039364853873848915,0.9214944839477539,0.353271707902162,0.4682401479347716,0,0
2.285834789276123,0.003636077046394348,0.9240062832832336,0.40279612632131656,0.4636096098596767,0,0
2.2831695079803467,0.003322723088786006,0.9267144203186035,0.33911621778752543,0.443058385525974,0,0
2.2804787158966064,0.0029961043037474155,0.9294955134391785,0.3747968340447685,0.457919768369998,0,0
2.2777695655822754,0.0026557331439107656,0.9322309494018555,0.3779113752556527,0.48024675088492524,0,0
2.2750484943389893,0.002301191445440054,0.9348753690719604,0.3796716301804781,0.4652510825705471,0,0
2.2723207473754883,0.0019324126187711954,0.9374290108680725,0.3698203824473873,0.46114139959967937,0,0
2.269589424133301,0.0015497038839384913,0.9398917555809021,0.3565326351033522,0.4698483248888901,0,0
2.2668545246124268,0.0011535321827977896,0.9422621726989746,0.38136875872603787,0.4826510085921432,0,0
2.264115333557129,0.0007444863440468907,0.9445317983627319,0.3875021426671576,0.49344303565648623,0,0
2.261368751525879,0.00032335633295588195,0.9467085599899292,0.39025304141070966,0.4825663295039831,0,0
2.258610248565674,-0.00010913710866589099,0.948787271976471,0.38044865620198776,0.5002401341578617,0,0
2.255835771560669,-0.0005528690526261926,0.9507763385772705,0.37431148594804003,0.4938840458885959,0,0
2.2530393600463867,-0.0010085513349622488,0.952670693397522,0.3954649134111885,0.4888433020911664,0,0
2.2502167224884033,-0.0014772998401895165,0.954477071762085,0.3975322776846874,0.4943635328884091,0,0
2.2473630905151367,-0.001959747401997447,0.9562040567398071,0.3972377343931111,0.49121164526767835,0,0
2.244474172592163,-0.002455501351505518,0.9578517079353333,0.3677597650563018,0.4771144870138818,0,0
2.241546630859375,-0.002963307313621044,0.9596036076545715,0.4056050118847857,0.4883856870027487,0,0
2.2385802268981934,-0.0034819282591342926,0.961583137512207,0.4274510119061231,0.5095913666661176,0,0
2.235579252243042,-0.004010445903986692,0.9638501405715942,0.4038608541583888,0.5148404960926535,0,0
2.2325546741485596,-0.004547765012830496,0.9662516713142395,0.3939755215992992,0.5116138525327301,0,0
2.2295191287994385,-0.005092616192996502,0.9687429666519165,0.38488615115125335,0.5048744874747892,0,0
2.2264835834503174,-0.005643401760607958,0.9713692665100098,0.41008710164857093,0.5041780153548857,0,0
2.2234604358673096,-0.006198345683515072,0.9742268919944763,0.40933553153914515,0.5164190827762312,0,0
2.220461130142212,-0.006755409296602011,0.9773440957069397,0.40836138298871255,0.4963906619885865,0,0
2.217498779296875,-0.00731240026652813,0.98073810338974,0.42610007528064253,0.5013517384611227,0,0
2.2145864963531494,-0.007866988889873028,0.9842106103897095,0.3919806946671968,0.5003338018225736,0,0
2.2117340564727783,-0.008416702970862389,0.9878677725791931,0.41293995110077475,0.5111206004962114,0,0
2.208949565887451,-0.0089593306183815,0.9917216300964355,0.41499440543043026,0.5288495293681778,0,0
2.20624041557312,-0.009493212215602398,0.9958072304725647,0.44856754319843245,0.526453769550373,0,0
2.203613758087158,-0.010017217136919498,1.0001401901245117,0.44189693927520224,0.5294925465395774,0,0
2.2010741233825684,-0.010530645959079266,1.0047208070755005,0.44987381826667444,0.5388318276253025,0,0
2.1986265182495117,-0.01103309914469719,1.0095487833023071,0.4496628158021555,0.5092789543281364,0,0
2.1962761878967285,-0.01152441743761301,1.0146236419677734,0.4299255986138884,0.5326047872777994,0,0
2.194025993347168,-0.012004557065665722,1.0199313163757324,0.42498434072145846,0.5327496102627404,0,0
2.1918797492980957,-0.01247349102050066,1.0254700183868408,0.4435404217017292,0.5249251003926094,0,0
2.1898393630981445,-0.012931132689118385,1.0312323570251465,0.4358512317543283,0.5162431628121621,0,0
2.1879053115844727,-0.013377347029745579,1.0370290279388428,0.4536277593903448,0.5274156200011256,0,0
2.1860814094543457,-0.013810842297971249,1.0429348945617676,0.44858092070537553,0.5274901830735019,0,0
2.18437123298645,-0.014230061322450638,1.0488152503967285,0.45333269722235586,0.5297551306772407,0,0
2.1827807426452637,-0.014632605016231537,1.0547561645507812,0.44983841061191504,0.5238585342178945,0,0
2.181314706802368,-0.015015808865427971,1.060624122619629,0.45941577218381496,0.5278270340757848,0,0
2.1799817085266113,-0.015376114286482334,1.0665326118469238,0.4454480707599915,0.5246573116256383,0,0
2.1787877082824707,-0.01570931449532509,1.0723469257354736,0.4692803677898245,0.5310462080128705,0,0
2.177739143371582,-0.016010308638215065,1.0780091285705566,0.45714162652218004,0.5282616871759828,0,0
2.17684268951416,-0.01627335138618946,1.0836706161499023,0.44002702668362953,0.5440481744741205,0,0
2.1761016845703125,-0.016493378207087517,1.089418888092041,0.4395350496751066,0.5251100575040356,0,0
2.17551589012146,-0.016666773706674576,1.0951226949691772,0.4571956682614553,0.5325590519115663,0,0
2.1750833988189697,-0.016790777444839478,1.100878357887268,0.44338371488126854,0.5228108207254101,0,0
2.1747989654541016,-0.01686389558017254,1.106553554534912,0.45511439544581056,0.5139439570381766,0,0
2.1746573448181152,-0.01688523031771183,1.112086534500122,0.45199368517609895,0.5043504126645245,0,0
2.174654483795166,-0.016854608431458473,1.1174423694610596,0.45330095045147095,0.5205135537139556,0,0
2.1747875213623047,-0.016772231087088585,1.1226073503494263,0.4557599406884646,0.5193224211763631,0,0
2.175056219100952,-0.01663823053240776,1.1275687217712402,0.4686641381805527,0.5277765486751739,0,0
2.1754605770111084,-0.016452716663479805,1.1323297023773193,0.45409549163218554,0.5283499224548321,0,0
2.1760029792785645,-0.016215747222304344,1.1368887424468994,0.46339217772498553,0.5250749573747815,0,0
2.176684856414795,-0.015927163884043694,1.1412467956542969,0.4581009949745787,0.5247073546398066,0,0
2.1775081157684326,-0.015586744993925095,1.1455961465835571,0.445447367511716,0.5352179575590654,0,0
2.1784708499908447,-0.01519473921507597,1.149862289428711,0.45023315384615153,0.5093388074090283,0,0
2.1795694828033447,-0.014751605689525604,1.1541881561279297,0.44069500711125187,0.5091250993331632,0,0
2.1807966232299805,-0.014258121140301228,1.1586412191390991,0.4434448951172201,0.49107021390190503,0,0
2.1821396350860596,-0.013715369626879692,1.1631298065185547,0.4526952955201487,0.48854192066536806,0,0
2.1835851669311523,-0.013124721124768257,1.1677170991897583,0.428313832276695,0.5049526181535579,0,0
2.1851179599761963,-0.012489927001297474,1.172276496887207,0.45012293087458566,0.5140418611353123,0,0
2.186722993850708,-0.011817206628620625,1.1768419742584229,0.4462218601785325,0.498029825329024,0,0
2.188383102416992,-0.011114291846752167,1.1813313961029053,0.4521297028452863,0.4982995513452204,0,0
2.1900863647460938,-0.010387158952653408,1.1859453916549683,0.44410161328876774,0.49278073310474463,0,0
2.191821575164795,-0.00963986199349165,1.1908469200134277,0.4497835969487547,0.4791070329212551,0,0
2.1935787200927734,-0.008875316940248013,1.1958465576171875,0.41446495545197054,0.4651080388313793,0,0
2.195345878601074,-0.008096612989902496,1.2009683847427368,0.43561481614892467,0.47970636687928475,0,0
2.197110414505005,-0.007306909654289484,1.2063319683074951,0.44176589093170654,0.4729957418368541,0,0
2.1988580226898193,-0.006507843732833862,1.2119680643081665,0.4253925420121467,0.4692700533597133,0,0
2.200575828552246,-0.005698890890926123,1.217816948890686,0.4338446696782829,0.4501633219503124,0,0
2.202251434326172,-0.004879035521298647,1.2238411903381348,0.4128486298274437,0.4607198928971842,0,0
2.203874111175537,-0.004048638045787811,1.2301006317138672,0.41741422548616364,0.47920995729082067,0,0
2.2054316997528076,-0.0032090554013848305,1.2366342544555664,0.4215607511232199,0.45698525490150155,0,0
2.2069149017333984,-0.002361493417993188,1.2433724403381348,0.41962482985084776,0.4874649385622691,0,0
2.2083165645599365,-0.0015075945993885398,1.2502899169921875,0.4234989272416944,0.4700057717683417,0,0
2.2097127437591553,-0.0006571172853000462,1.2571603059768677,0.4069349595663243,0.433951316133837,0,0
2.2110137939453125,0.00019382830942049623,1.2641658782958984,0.3850863499141933,0.4164342156918495,0,0
2.2122139930725098,0.0010413570562377572,1.2713069915771484,0.39558363686700354,0.44776653770007374,0,0
2.2133114337921143,0.0018811671761795878,1.2784152030944824,0.4059934336393404,0.44555579804085077,0,0
2.2143054008483887,0.002705760532990098,1.2855726480484009,0.38956434417535196,0.4320783461890731,0,0
2.2151994705200195,0.0035071170423179865,1.292654037475586,0.40927726938339093,0.4337979772625183,0,0
2.215999126434326,0.004275051411241293,1.2997512817382812,0.38664649047684835,0.4303444742709851,0,0
2.216712713241577,0.004999574739485979,1.3069310188293457,0.3928166196754182,0.4363233636659992,0,0
2.217348575592041,0.00567178800702095,1.314003825187683,0.4068345277952628,0.43754513901417236,0,0
2.2179176807403564,0.006280943751335144,1.3210688829421997,0.3833555521178911,0.4419754436268676,0,0
2.2184317111968994,0.00681574922055006,1.3281331062316895,0.3864688245094523,0.40515752133948746,0,0
2.218900442123413,0.007265699096024036,1.335026741027832,0.4087771657153301,0.41393757795440717,0,0
2.2193331718444824,0.007619975134730339,1.3417136669158936,0.4027502843173662,0.428168360382207,0,0
2.2197399139404297,0.00786728784441948,1.3483527898788452,0.36458870427814327,0.4213125910413251,0,0
2.2201311588287354,0.007999656721949577,1.3550539016723633,0.3722565441154095,0.42537932482631746,0,0
2.220515727996826,0.008014722727239132,1.3618805408477783,0.38195069776582424,0.40654501548092925,0,0
2.2209017276763916,0.00791583489626646,1.368791937828064,0.399841769723378,0.4224021032733113,0,0
2.221296787261963,0.007710349280387163,1.3757941722869873,0.3802507316180314,0.43223488692103434,0,0
2.2217071056365967,0.007408031262457371,1.3829562664031982,0.3699894348552152,0.42257345999391044,0,0
2.222137928009033,0.007020916789770126,1.3902814388275146,0.3995514787304043,0.41417182516736756,0,0
2.222590923309326,0.0065628765150904655,1.3977373838424683,0.36500059432035303,0.41469757116779693,0,0
2.2230687141418457,0.006048602983355522,1.4051356315612793,0.3811696411353838,0.37905736326399236,0,0
2.2235701084136963,0.005492098163813353,1.4125618934631348,0.38173667783417187,0.404618903192709,0,0
2.224093198776245,0.0049072569236159325,1.4198498725891113,0.359827273569151,0.3864763260086281,0,0
2.2246341705322266,0.004307119641453028,1.427107810974121,0.3880237076204083,0.41350916281531847,0,0
2.2251877784729004,0.003704371163621545,1.4341862201690674,0.38892533180654937,0.3834414418162998,0,0
2.2257485389709473,0.003109913319349289,1.4412360191345215,0.3818987837529027,0.4058638701546412,0,0
2.226309299468994,0.0025323298759758472,1.4483413696289062,0.36267883491008984,0.41952273906887816,0,0
2.2268619537353516,0.0019774024840444326,1.455352544784546,0.38843847721093155,0.39892614789505565,0,0
2.2273988723754883,0.0014480444369837642,1.462169885635376,0.3918764735482726,0.39657656345636044,0,0
2.227910280227661,0.0009444647585041821,1.4687535762786865,0.39619548450405195,0.3764064044154788,0,0
2.2283878326416016,0.00046461427700705826,1.4750864505767822,0.3814447767961285,0.3915299858674165,0,0
2.228825092315674,5.216893896431429e-06,1.48136568069458,0.3782940615081165,0.40267459698013447,0,0
2.229217052459717,-0.00043648286373354495,1.4875115156173706,0.3848675987726602,0.3965642796838542,0,0
2.2295613288879395,-0.0008629265357740223,1.493460774421692,0.37813213157364683,0.3936911384549866,0,0
2.2298548221588135,-0.001276521128602326,1.4991956949234009,0.3955905746802191,0.3960500402343306,0,0
2.2300970554351807,-0.0016799685545265675,1.5047006607055664,0.3812079473491775,0.3775006091865741,0,0
2.2302865982055664,-0.0020764246582984924,1.510169506072998,0.3818045724665349,0.40188898010160423,0,0
2.230424165725708,-0.0024688635021448135,1.5155175924301147,0.38333339097719005,0.3838695966140265,0,0
2.2305116653442383,-0.00286006648093462,1.520700454711914,0.3829561211040617,0.3898501059823999,1,1
2.2305514812469482,-0.003252436639741063,1.5256870985031128,0.39815990319058303,0.38270249395134986,0,0
2.2305471897125244,-0.0036477893590927124,1.5304728746414185,0.3834050474036494,0.3709376006325967,0,0
2.2305009365081787,-0.004047461785376072,1.5348690748214722,0.4040065427383563,0.390050415417497,0,0
2.2304160594940186,-0.004451827611774206,1.538964867591858,0.3760933073008363,0.37665165035947745,0,0
2.2302944660186768,-0.004861141555011272,1.5428099632263184,0.38847925341722966,0.388155626824984,0,0
2.2301394939422607,-0.005275579169392586,1.5464425086975098,0.3793482132948357,0.39320107265534016,0,0
2.2299535274505615,-0.0056950668804347515,1.549892783164978,0.3870120797672876,0.3780274746241929,0,0
2.22973895072937,-0.006119442638009787,1.5533698797225952,0.3861355460304188,0.4125771706334625,0,0
2.2294976711273193,-0.0065484424121677876,1.5566071271896362,0.4069970300637096,0.3766478179428197,0,0
2.2292323112487793,-0.006981239654123783,1.559646725654602,0.3795176453514554,0.38258678957371584,0,0
2.228944778442383,-0.007417058572173119,1.5625221729278564,0.3937322228965763,0.3916313802808581,0,0
2.2286384105682373,-0.007855175994336605,1.5652483701705933,0.3865615139506375,0.38942937264418676,0,0
2.2283143997192383,-0.008294867351651192,1.5678437948226929,0.3858875485365442,0.3931255157037122,0,0
2.2279744148254395,-0.008735587820410728,1.570313572883606,0.38248427965839615,0.36754436107698935,0,0
2.2276201248168945,-0.00917730201035738,1.572473168373108,0.4065826878106744,0.3850550484374146,0,0
2.2272512912750244,-0.009619726799428463,1.574421763420105,0.39667471534941523,0.3945837499226914,0,0
2.226870059967041,-0.010062632150948048,1.5762121677398682,0.37963390318594725,0.3901304059645046,0,0
2.2264766693115234,-0.010505961254239082,1.5776841640472412,0.4004636538710444,0.38276858530524316,0,0
2.226072311401367,-0.01094924658536911,1.578753113746643,0.4136605975975018,0.39278306642751915,0,0
2.225658416748047,-0.011391488835215569,1.5797725915908813,0.3782786257499535,0.40813105036796204,0,0
2.225236654281616,-0.011831173673272133,1.5807453393936157,0.405908342155588,0.403348273863349,0,0
2.224811553955078,-0.012268617749214172,1.5816621780395508,0.39758672930018335,0.3798283248830222,0,0
2.224388837814331,-0.012704790569841862,1.5823428630828857,0.4091135247432845,0.39127887213739043,0,0
2.2239737510681152,-0.013140319846570492,1.5828801393508911,0.40056899269517704,0.40854884955102905,0,0
2.2235727310180664,-0.013578195124864578,1.5833194255828857,0.38563927459691305,0.3971112867227733,0,0
2.2231929302215576,-0.014022900722920895,1.5838487148284912,0.3832673866536007,0.4103671749078171,0,0
2.2228410243988037,-0.01447837334126234,1.5842745304107666,0.4111647074797107,0.3980962117572967,0,0
2.222522497177124,-0.014946850016713142,1.584624171257019,0.39612284600954023,0.3814909920133797,0,0
2.2222399711608887,-0.015428801067173481,1.5849298238754272,0.40187342217488736,0.4033531269388647,0,0
2.2219955921173096,-0.01592554710805416,1.5854045152664185,0.3927224487419802,0.4045726530894255,0,0
2.2217912673950195,-0.01643793098628521,1.5859555006027222,0.40062158609476634,0.41284007870140066,0,0
2.2216298580169678,-0.016968196257948875,1.5863499641418457,0.40883455534728563,0.39185635116843676,0,0
2.2215137481689453,-0.017518632113933563,1.5864500999450684,0.40279512807527923,0.3949002945556526,0,0
2.221445322036743,-0.01809031330049038,1.5863810777664185,0.40534886497385003,0.40142190186409393,0,0
2.221426010131836,-0.018684806302189827,1.586029291152954,0.410050583440493,0.39665201357858987,0,0
2.221457004547119,-0.01930268295109272,1.5855158567428589,0.4082064164662356,0.4007970885088108,0,0
2.2215394973754883,-0.019945397973060608,1.5849181413650513,0.40443369784461775,0.40456363622842434,0,0
2.221677303314209,-0.020616067573428154,1.5842745304107666,0.393734999016157,0.39378888160816,0,0
2.2218728065490723,-0.02131766639649868,1.5836117267608643,0.39371880822785726,0.38401936702571715,0,0
2.2221262454986572,-0.022051842883229256,1.5827463865280151,0.41054142891269596,0.38996081304871705,1,1
2.2224342823028564,-0.022818785160779953,1.5816009044647217,0.40917252004467847,0.39921414160628377,0,0
2.222792387008667,-0.023617157712578773,1.58012855052948,0.4036214581467906,0.3992156844877725,0,0
2.223194122314453,-0.024443192407488823,1.5784868001937866,0.40849966882515143,0.4075396407977704,0,0
2.2236313819885254,-0.02529340796172619,1.5765490531921387,0.4132044489632804,0.3975200296459564,0,0
2.2240967750549316,-0.026164280250668526,1.5744926929473877,0.42307554642533396,0.4099742966128849,0,0
2.2245864868164062,-0.027053888887166977,1.5726300477981567,0.39755723718119085,0.4105558023223458,0,0
2.2250969409942627,-0.027959488332271576,1.570894479751587,0.4007397071939615,0.4070337791061392,0,0
2.2256271839141846,-0.028879521414637566,1.5694612264633179,0.3916668222366755,0.40044002894963243,0,0
2.2261781692504883,-0.029812222346663475,1.568418264389038,0.39478511826192336,0.4110374139725479,0,0
2.2267496585845947,-0.030754636973142624,1.5676159858703613,0.415111134594124,0.42488149533014247,0,0
2.227342367172241,-0.031704921275377274,1.5667728185653687,0.42583080185694605,0.39786808115133504,0,0
2.227956533432007,-0.032661084085702896,1.5659222602844238,0.4117143388581372,0.409837029339893,0,0
2.2285940647125244,-0.033622920513153076,1.5648810863494873,0.4161541376778632,0.39451125277738297,0,0
2.229254961013794,-0.0345904603600502,1.5639444589614868,0.3990876898193661,0.4028134953185297,0,0
2.2299394607543945,-0.035562604665756226,1.563088059425354,0.4318175067850084,0.41231714109748413,0,0
2.2306482791900635,-0.03653940185904503,1.5622895956039429,0.398469990497352,0.3975194644991469,0,0
2.231379508972168,-0.037520747631788254,1.5615360736846924,0.40764730190081233,0.4021220903830097,0,0
2.232133388519287,-0.03850792348384857,1.560825228691101,0.4169128604655413,0.41473955353972936,0,0
2.2329111099243164,-0.03950400650501251,1.5601469278335571,0.41460620190630915,0.4027404410726562,0,0
2.233715057373047,-0.04051404446363449,1.5595163106918335,0.40630721371519246,0.4256920857021401,0,0
2.2345502376556396,-0.04154485836625099,1.5587577819824219,0.4188567428650479,0.39288653887693076,0,0
2.2354211807250977,-0.04260214790701866,1.5579004287719727,0.41549111247180953,0.4170882446869748,0,0
2.2363321781158447,-0.043690767139196396,1.5570199489593506,0.4030686168478235,0.4064146868211523,0,0
2.2372875213623047,-0.04481511935591698,1.5561482906341553,0.4257669342351606,0.4092604450333765,0,0
2.238290309906006,-0.045980002731084824,1.555256724357605,0.40299413134297485,0.407356624176984,0,0
2.239344358444214,-0.0471908338367939,1.5541977882385254,0.41348170297851683,0.39797601599631854,0,0
2.2404510974884033,-0.0484512522816658,1.5530579090118408,0.40377162365348446,0.4159362065045274,0,0
2.241610288619995,-0.04976363852620125,1.5518956184387207,0.4304389214726311,0.4306254999643774,0,0
2.2428224086761475,-0.05112935230135918,1.5507317781448364,0.42071227677607176,0.4089805941338844,0,0
2.2440874576568604,-0.05254921317100525,1.5495902299880981,0.4275417037369024,0.40715105820738967,0,0
2.2454047203063965,-0.05402372032403946,1.5484851598739624,0.40080794799266417,0.41417371311329254,0,0
2.2467751502990723,-0.05555322393774986,1.5474205017089844,0.4134004704764291,0.41670631078436465,0,0
2.2481987476348877,-0.05713794007897377,1.5463989973068237,0.41464549907451315,0.4051351075897086,0,0
2.249675750732422,-0.05877798795700073,1.5454156398773193,0.40554518029719366,0.41325868632014845,0,0
2.2512059211730957,-0.06047334894537926,1.5444790124893188,0.4079604253736827,0.42426850528951304,0,0
2.2527902126312256,-0.062223926186561584,1.5433956384658813,0.41723519029622774,0.3974342985407851,0,0
2.2544264793395996,-0.06402764469385147,1.542246699333191,0.42438537075161864,0.42115480883778983,0,0
2.256110668182373,-0.06588190048933029,1.5412869453430176,0.3924431437297631,0.4232391353549022,0,0
2.257838249206543,-0.06778156757354736,1.5402439832687378,0.43224699097582414,0.392673421742192,0,0
2.2596018314361572,-0.06971973180770874,1.539429783821106,0.39337324192913903,0.41039207715081255,1,1
2.26139235496521,-0.07168591767549515,1.5387177467346191,0.4043899236319819,0.40853668858289777,0,0
2.263200044631958,-0.07366827130317688,1.5381404161453247,0.42271547693121836,0.41381605724180964,0,0
2.265016555786133,-0.07565467059612274,1.5377122163772583,0.4127186449253495,0.41315869709401437,0,0
2.2668373584747314,-0.07763472944498062,1.5373930931091309,0.4219677674260573,0.4185555054771638,0,0
2.268658399581909,-0.07960165292024612,1.537115454673767,0.41930201051006344,0.43560204440337563,0,0
2.270477771759033,-0.08155257999897003,1.5368376970291138,0.4009474312442081,0.4170050192409374,0,0
2.272296190261841,-0.08348796516656876,1.536574363708496,0.41655744887210844,0.40904202175504184,0,0
2.2741148471832275,-0.08541061729192734,1.5363210439682007,0.4147468859261669,0.4137080683725369,0,0
2.2759368419647217,-0.08732502907514572,1.5360584259033203,0.40761765509924636,0.41603824421846447,0,0
2.2777650356292725,-0.08923710137605667,1.5357930660247803,0.4193977374489603,0.4151918851283422,0,0
2.2796032428741455,-0.09115397185087204,1.5353569984436035,0.42143453431678507,0.3994693379842561,0,0
2.2814533710479736,-0.09308117628097534,1.5348132848739624,0.40648367278691533,0.42221029417091316,0,0
2.2833163738250732,-0.09502299875020981,1.5342247486114502,0.40637240734433416,0.4188022858080976,0,0
2.285194158554077,-0.09698253124952316,1.533639907836914,0.40815003775004294,0.4079254673165773,0,0
2.2870874404907227,-0.09896215796470642,1.53304922580719,0.4191878336253719,0.41205564251142274,0,0
2.2889976501464844,-0.10096399486064911,1.5324583053588867,0.4025360515233828,0.4159426389981964,0,0
2.2909247875213623,-0.10299007594585419,1.5318835973739624,0.413024918059451,0.4252276475079078,0,0
2.2928707599639893,-0.10504229366779327,1.531338095664978,0.4016596240785751,0.4142130332994522,0,0
2.2948360443115234,-0.10712258517742157,1.530629277229309,0.4019566553626425,0.3993695142618899,0,0
2.2968196868896484,-0.10923098772764206,1.5300333499908447,0.391977750871569,0.40868123131021217,0,0
2.298818826675415,-0.11136391013860703,1.52951180934906,0.419351457848591,0.40308667207053234,0,0
2.300828218460083,-0.11351675540208817,1.5290278196334839,0.4491854921142415,0.4142590391303518,0,0
2.302844762802124,-0.11568558216094971,1.528551459312439,0.42186083382124245,0.4107669986306928,0,0
2.3048644065856934,-0.11786739528179169,1.5280839204788208,0.40645234482628856,0.42573934698299,0,0
2.3068854808807373,-0.12006000429391861,1.5276343822479248,0.4208019314455006,0.4296604388396373,0,0
2.3089077472686768,-0.12226226925849915,1.527402400970459,0.3950875028433245,0.4130488340810982,0,0
2.3109307289123535,-0.12447120994329453,1.5272997617721558,0.4097267150815303,0.41137352411540207,0,0
2.312952756881714,-0.12668350338935852,1.5272752046585083,0.40610499242791676,0.4073828916565468,0,0
2.3149735927581787,-0.12889638543128967,1.527295708656311,0.42708049785044555,0.41154801362278803,0,0
2.3169939517974854,-0.13110817968845367,1.527337670326233,0.4094672919087222,0.41933139703276323,0,0
2.3190135955810547,-0.1333184689283371,1.527389645576477,0.42000471523063426,0.4161434498288801,0,0
2.3210344314575195,-0.13552799820899963,1.5274518728256226,0.4071945785176264,0.4140550337084499,0,0
2.323058843612671,-0.13773824274539948,1.527512550354004,0.4193237425596952,0.41276868709365716,0,0
2.3250880241394043,-0.13995122909545898,1.5275706052780151,0.41334564412080566,0.41571094911075573,0,0
2.327125310897827,-0.1421695053577423,1.5276310443878174,0.42674407174961754,0.42767778665051565,0,0
2.3291726112365723,-0.1443963646888733,1.527685284614563,0.4301620158794856,0.42441352065810856,0,0
2.3312325477600098,-0.14663541316986084,1.5277290344238281,0.4026897532018894,0.4157902874452406,0,0
2.3333070278167725,-0.1488899439573288,1.5277628898620605,0.41741499422325046,0.43127743334917285,0,0
2.3353984355926514,-0.1511627584695816,1.5279895067214966,0.39456382969859993,0.4155037110018038,0,0
2.3375067710876465,-0.15345321595668793,1.5283232927322388,0.4257417845743752,0.4320051269650347,1,1
2.3396313190460205,-0.15575942397117615,1.528710961341858,0.42044128662515395,0.4017360502000659,0,0
2.341771364212036,-0.1580791175365448,1.529117226600647,0.41112317988900854,0.4294115499662049,0,0
2.3439254760742188,-0.16041025519371033,1.5295114517211914,0.4203533303237639,0.41536323675966164,0,0
2.346092939376831,-0.16275106370449066,1.5299055576324463,0.40080278422892407,0.42868315435442844,0,0
2.348273992538452,-0.16510029137134552,1.5300959348678589,0.4317682567678749,0.385544623876281,0,0
2.350465774536133,-0.16745536029338837,1.530165195465088,0.4245645719207448,0.40909730976434533,0,0
2.3526644706726074,-0.16981332004070282,1.5301542282104492,0.4016575572164247,0.42802956626074035,0,0
2.354865789413452,-0.17217189073562622,1.5300921201705933,0.41203658610153454,0.4051294920932358,0,0
2.3570666313171387,-0.17452985048294067,1.5300157070159912,0.42433849367447546,0.4141896011709288,0,0
2.3592660427093506,-0.17688702046871185,1.52994704246521,0.42633739964993717,0.4072229337190247,0,0
2.361462116241455,-0.17924407124519348,1.5298805236816406,0.419754540698342,0.41844528010759824,0,0
2.3636553287506104,-0.18160243332386017,1.5298082828521729,0.40928376244269826,0.42533450481870044,0,0
2.365846633911133,-0.1839638352394104,1.5297380685806274,0.41511947248824127,0.41515673892819727,0,0
2.3680379390716553,-0.18633027374744415,1.5296717882156372,0.41229311657257267,0.41924218323638857,0,0
2.3702313899993896,-0.18870367109775543,1.5296076536178589,0.4120483430608657,0.40086623207339533,0,0
2.3724300861358643,-0.19108577072620392,1.5297411680221558,0.399764108907504,0.4260806709640607,0,0
2.3740429878234863,-0.19339342415332794,1.5305243730545044,0.40871115165719046,0.4111082557385441,0,0
2.375121593475342,-0.1955992430448532,1.5321403741836548,0.40725531414090965,0.4307076134455155,0,0
2.3757293224334717,-0.19772742688655853,1.5342938899993896,0.41732279744888195,0.4251929002775817,0,0
2.376138687133789,-0.1998211294412613,1.5366648435592651,0.42312842817637736,0.4264215609617081,0,0
2.3762574195861816,-0.20186203718185425,1.5393359661102295,0.4198735986591146,0.42753130776949405,0,0
2.376145839691162,-0.2038586437702179,1.5422266721725464,0.41694130715235794,0.41591716665228495,0,0
2.3759803771972656,-0.20567022264003754,1.544896125793457,0.42666456736269565,0.4114913294757556,0,0
2.3758816719055176,-0.20717468857765198,1.5468491315841675,0.4263472563776878,0.40934549944400506,0,0
2.375795841217041,-0.20854879915714264,1.5485265254974365,0.4038378987649878,0.4281102460789152,0,0
2.3757317066192627,-0.2098519206047058,1.5500242710113525,0.42848653870458797,0.42860589169735125,0,0
2.3756890296936035,-0.21109609305858612,1.5513560771942139,0.41707541959542815,0.4299218581114146,0,0
2.375664472579956,-0.2123144567012787,1.5525966882705688,0.4099700900375712,0.4184801257857315,0,0
2.3756470680236816,-0.21351706981658936,1.5537667274475098,0.42352072345734787,0.4045036449156922,0,0
2.375624418258667,-0.21471284329891205,1.5548293590545654,0.42840752433042756,0.41614326725135065,0,0
2.375580310821533,-0.2159193456172943,1.555762767791748,0.4435746275467466,0.433610334201804,0,0
2.3754918575286865,-0.21709951758384705,1.556528091430664,0.40764584330586484,0.42588334167184705,0,0
2.375349521636963,-0.21832799911499023,1.5572559833526611,0.4443921918712225,0.4142826545425056,0,0
2.3751378059387207,-0.2196110188961029,1.5579780340194702,0.44150905190499967,0.44494067410489585,0,0
2.3748421669006348,-0.2209528088569641,1.5586962699890137,0.42011396640477805,0.4286232315182855,0,0
2.3744497299194336,-0.22235535085201263,1.559375524520874,0.42408612026214654,0.4353459274909487,0,0
2.373950481414795,-0.22381916642189026,1.5600119829177856,0.42776123068330096,0.4344727117245486,0,0
2.373331308364868,-0.22529415786266327,1.5605759620666504,0.43657856015546076,0.4312162522610527,0,0
2.372591733932495,-0.22681917250156403,1.561126947402954,0.4294458965890424,0.42708407996102643,0,0
2.371731996536255,-0.22840818762779236,1.5616594552993774,0.4400557784962451,0.4287033594467723,0,0
2.3707520961761475,-0.23005874454975128,1.5621596574783325,0.4237735467997751,0.4340634566458569,0,0
2.3696537017822266,-0.23177063465118408,1.5626345872879028,0.4413315596286483,0.43691691494908935,0,0
2.368440866470337,-0.23354296386241913,1.5630840063095093,0.47144476880435854,0.42750191010401944,0,0
2.3671176433563232,-0.2353678047657013,1.5634928941726685,0.45454971785272136,0.43732612677846444,0,0
2.3656909465789795,-0.2372499406337738,1.5638768672943115,0.465358559722933,0.44814087954507537,0,0
2.364166259765625,-0.23918701708316803,1.5642571449279785,0.45064991633192114,0.4541786544647157,0,0
2.3625495433807373,-0.2411755919456482,1.5646331310272217,0.46042077577670715,0.4396956946967755,0,0
2.3608460426330566,-0.24321115016937256,1.5649887323379517,0.43422652034189857,0.44869791315994206,0,0
2.3590610027313232,-0.24528911709785461,1.5653272867202759,0.4565480179980481,0.434548762873313,0,0
2.3571994304656982,-0.24739457666873932,1.5656449794769287,0.4491839533676152,0.42892966468115756,0,0
2.355245590209961,-0.2493267059326172,1.5656994581222534,0.48878921920514473,0.4661084588011352,0,0
2.3532514572143555,-0.2514623999595642,1.5659271478652954,0.46615436175063296,0.4650940315970626,0,0
2.351188898086548,-0.25351208448410034,1.5660133361816406,0.4567005509231957,0.46316184097897395,0,0
2.349069118499756,-0.2555222511291504,1.5660653114318848,0.456183955453114,0.45541652162847474,0,0
2.3469035625457764,-0.25753509998321533,1.5661627054214478,0.4977426411710981,0.46560265483131497,0,0
2.3446950912475586,-0.2595658600330353,1.5662626028060913,0.45616365135596054,0.4709576346790495,0,0
2.3424510955810547,-0.26163214445114136,1.5663764476776123,0.4734948794717992,0.46042162157340544,0,0
2.340169668197632,-0.2637059986591339,1.566439151763916,0.45561305352454845,0.4613153371953001,0,0
2.3378565311431885,-0.2658001482486725,1.5664730072021484,0.47377510197448536,0.4651939253496046,0,0
2.335517406463623,-0.2679380178451538,1.566522240638733,0.46842528484948925,0.4555845889249542,0,0
2.3331546783447266,-0.2701103985309601,1.5665929317474365,0.48097926259661955,0.4828689582008027,0,0
2.3307697772979736,-0.2723034918308258,1.5666799545288086,0.4893844386976344,0.49513829614135696,0,0
2.328361749649048,-0.27449876070022583,1.5667637586593628,0.5104806041899667,0.47865473092036304,0,0
2.325934886932373,-0.27671104669570923,1.5668584108352661,0.4868167202673753,0.4899139123748162,0,0
2.3234903812408447,-0.27894046902656555,1.5669527053833008,0.4967011205245181,0.486835299257116,0,0
2.3210301399230957,-0.2811870574951172,1.5670392513275146,0.49279934426426225,0.5025503411651522,0,0
2.3185553550720215,-0.2834508419036865,1.5671122074127197,0.48517551043712787,0.5061592596107204,0,0
2.316067934036255,-0.28573179244995117,1.5671732425689697,0.4908072428817354,0.49422744260974544,0,0
2.3135693073272705,-0.2880299687385559,1.567229151725769,0.49619979280660814,0.504072064905554,0,0
2.311060667037964,-0.29034551978111267,1.5672850608825684,0.5001073301432787,0.4935464833574553,0,0
2.3085427284240723,-0.2926783859729767,1.567346215248108,0.5172172107557587,0.5229365395763594,0,0
2.306016206741333,-0.295028418302536,1.5674101114273071,0.5382214139881142,0.5258940045314138,0,0
2.303468704223633,-0.2972673177719116,1.5673401355743408,0.5356658257138351,0.5145466303337958,0,0
2.300901174545288,-0.29942137002944946,1.567149043083191,0.5279576081245783,0.5277125044100368,0,0
2.298327684402466,-0.30159085988998413,1.5669564008712769,0.5369578146106609,0.5299434126280602,0,0
2.295748710632324,-0.30377501249313354,1.5667695999145508,0.52380618120766,0.4919269970375847,0,0
2.293165445327759,-0.30597350001335144,1.566584587097168,0.5359156987469096,0.5169636050512642,0,0
2.2905774116516113,-0.30818629264831543,1.5664089918136597,0.5299745296744373,0.5273136714412971,0,0
2.2879860401153564,-0.31041356921195984,1.5662388801574707,0.5264429668388326,0.542910249415127,0,0
2.285391330718994,-0.3126557171344757,1.5660743713378906,0.5251192796804203,0.515393329962853,0,0
2.2827930450439453,-0.3149076998233795,1.5659089088439941,0.5785029819023907,0.5587357522472625,0,0
2.2801709175109863,-0.3169883191585541,1.5655418634414673,0.5632776853112015,0.5680358874877396,0,0
2.2775440216064453,-0.3190652132034302,1.565166711807251,0.5483901584130936,0.561641960207973,0,0
2.2749123573303223,-0.32113319635391235,1.5647774934768677,0.5776902549822989,0.5612808948557448,0,0
2.2722771167755127,-0.32319214940071106,1.5643761157989502,0.5589964432944461,0.5505295783673015,0,0
2.269637107849121,-0.3252396583557129,1.5639591217041016,0.5576579684208272,0.5717890209367652,0,0
2.2669928073883057,-0.32727697491645813,1.5635279417037964,0.576026934981871,0.5534465609827742,0,0
2.264345169067383,-0.32930657267570496,1.5630853176116943,0.5655621344588968,0.5502256226165947,0,0
2.2616939544677734,-0.33132627606391907,1.5626280307769775,0.5721563131236433,0.5629122394042474,0,0
2.2590389251708984,-0.33333519101142883,1.5621538162231445,0.557960158366582,0.5623887390937689,0,0
2.2563812732696533,-0.33533620834350586,1.5616672039031982,0.5872731045107883,0.5886533268018814,0,0
2.253720283508301,-0.3373284935951233,1.56116783618927,0.5965515187183731,0.591718636994676,0,0
2.251056671142578,-0.3393113613128662,1.5606547594070435,0.5956304156909861,0.6165014391387764,0,0
2.2483906745910645,-0.3412843644618988,1.5601261854171753,0.6244773017810993,0.5904419864219571,0,0
2.245722532272339,-0.34325045347213745,1.5595852136611938,0.5974384816132098,0.5785110730969809,0,0
2.2430527210235596,-0.3452100157737732,1.5590304136276245,0.5845224499145177,0.6024078971519194,0,0
2.2403805255889893,-0.34716010093688965,1.558458924293518,0.595757670549001,0.5912484620089024,0,0
2.2377066612243652,-0.3491031229496002,1.5578738451004028,0.5897722620517277,0.5976532161064517,0,0
2.23503041267395,-0.3510364592075348,1.557270884513855,0.5951813387772608,0.5932947292048509,0,0
2.2323524951934814,-0.35296300053596497,1.556656002998352,0.6062986009119096,0.5888688481005496,0,0
2.229672908782959,-0.35488057136535645,1.5560245513916016,0.6258700105339412,0.6237395899957962,0,0
2.2269909381866455,-0.35679197311401367,1.555381417274475,0.6209562531920039,0.6243487954844377,0,0
2.2243077754974365,-0.3586951792240143,1.5547226667404175,0.6384563010118096,0.6383070540246167,0,0
2.2216227054595947,-0.36058974266052246,1.5540492534637451,0.6036428706662093,0.6378150699933335,0,0
2.218935966491699,-0.3624771237373352,1.553361415863037,0.6476172199487696,0.6203194434099448,0,0
2.21624755859375,-0.36435672640800476,1.552659511566162,0.6162711297027865,0.6441974934643052,0,0
2.213557720184326,-0.3662281334400177,1.5519434213638306,0.6183604381303217,0.6186554423704429,0,0
2.2108657360076904,-0.3680921196937561,1.5512138605117798,0.6185444764115453,0.6386581333320467,0,0
2.208172082901001,-0.36994779109954834,1.5504688024520874,0.6247642272064177,0.6693400879735576,0,0
2.205476760864258,-0.3717952370643616,1.549710750579834,0.636721874847399,0.6393160862583921,0,0
2.2027804851531982,-0.37363529205322266,1.548938274383545,0.6618517439654584,0.6795650594955512,0,0
2.2000813484191895,-0.3754653036594391,1.548148512840271,0.6731265907300991,0.6617790122943396,0,0
2.197380781173706,-0.37728777527809143,1.5473438501358032,0.6431783850224104,0.653823363556317,0,0
2.194678783416748,-0.37910330295562744,1.5465275049209595,0.64815935032966,0.6648813590975571,0,0
2.191974401473999,-0.3809094727039337,1.5456948280334473,0.6934848660261618,0.6668030887218119,0,0
2.189267873764038,-0.3827079236507416,1.5448476076126099,0.6632253396563175,0.6718467806046083,0,0
2.1865592002868652,-0.38449883460998535,1.543988823890686,0.6619571003289583,0.6579443422907374,0,0
2.183814287185669,-0.3862929046154022,1.5431740283966064,0.6658314591445094,0.6591775561525166,0,0
2.180929660797119,-0.38811397552490234,1.5426281690597534,0.6541028177537055,0.6549317296400264,0,0
2.178060531616211,-0.38996732234954834,1.5420916080474854,0.6664236157143222,0.6712537261450825,0,0
2.175192356109619,-0.39185085892677307,1.5415817499160767,0.6948753856120178,0.6895374631715854,0,0
2.1723265647888184,-0.39376479387283325,1.5410946607589722,0.6870963418764616,0.6833019863065444,0,0
2.169461965560913,-0.39570948481559753,1.5406298637390137,0.6967303733527145,0.6874213495442845,0,0
2.1665995121002197,-0.3976852595806122,1.5401908159255981,0.6839947822875612,0.6980509627714884,0,0
2.163740396499634,-0.39969223737716675,1.5397671461105347,0.6965022148536647,0.6997654793315095,0,0
2.1608850955963135,-0.40173038840293884,1.5393637418746948,0.7044278901446055,0.6962185309691167,0,0
2.158034563064575,-0.4037994146347046,1.5389817953109741,0.6917859713600446,0.6942553664617083,0,0
2.1551899909973145,-0.4058988094329834,1.5386202335357666,0.6993251840141397,0.6838835277515873,0,0
2.1523525714874268,-0.4080280661582947,1.5382750034332275,0.6824996824184099,0.6960055468069437,0,0
2.1495234966278076,-0.41018620133399963,1.5379451513290405,0.6879530065027873,0.6957462132003628,0,0
2.146702766418457,-0.4123719036579132,1.5376343727111816,0.7332993336538516,0.7353720206367759,0,0
2.143890857696533,-0.41458356380462646,1.5373440980911255,0.7302106484970466,0.741671079041858,0,0
2.1410880088806152,-0.41681933403015137,1.537073016166687,0.7144199663587422,0.745690349750493,0,0
2.1382946968078613,-0.4190775454044342,1.536808967590332,0.7276618475065177,0.7263945835716383,0,0
2.135510206222534,-0.4213566184043884,1.5365450382232666,0.7134013774096016,0.7259552192325052,0,0
2.132734537124634,-0.42365530133247375,1.536287784576416,0.727899268316385,0.7234373544462785,0,0
2.1299660205841064,-0.4259722828865051,1.5360428094863892,0.7155807136561487,0.7188961189593227,0,0
2.127204418182373,-0.42830657958984375,1.5358082056045532,0.7608196812119714,0.7245444542802284,0,0
2.1244499683380127,-0.43065643310546875,1.5355857610702515,0.7430440865883171,0.7327945988203617,0,0
2.121701955795288,-0.4330207109451294,1.5353779792785645,0.7392068542157615,0.7361981824087594,0,0
2.1189606189727783,-0.43539783358573914,1.5351810455322266,0.7587311157471794,0.76340494238846,0,0
2.116225242614746,-0.4377865195274353,1.5349911451339722,0.7623061080172268,0.760029343994552,0,0
2.113495111465454,-0.44018587470054626,1.534806489944458,0.7637112917822763,0.7699150300552542,0,0
2.1107702255249023,-0.44259485602378845,1.534631609916687,0.7586992129966722,0.7524733172346963,0,0
2.108049154281616,-0.44501274824142456,1.5344672203063965,0.7536375927391258,0.7715023676435678,0,0
2.1053318977355957,-0.44743868708610535,1.5343092679977417,0.764683161699956,0.7759028430604636,0,0
2.1026182174682617,-0.44987204670906067,1.5341569185256958,0.7680877857150845,0.7702665165899782,0,0
2.099907398223877,-0.4523119330406189,1.534008264541626,0.7713139027054013,0.7716163416736489,0,0
2.0971994400024414,-0.4547577500343323,1.5338679552078247,0.7487250728639339,0.7726265682965866,0,0
2.094494581222534,-0.45720890164375305,1.5337332487106323,0.7558981914369198,0.7612906455171267,0,0
2.091792106628418,-0.4596647620201111,1.5336052179336548,0.7948956928158468,0.5171857268412081,0,0
2.0890920162200928,-0.4621249735355377,1.5334824323654175,0.7995144257910552,0.4889666803615136,0,0
2.0863935947418213,-0.4645889699459076,1.533366322517395,0.8055535813085014,0.5054656462475987,0,0
2.0836966037750244,-0.4670564830303192,1.533255934715271,0.8033205976150162,0.5140845782523271,0,0
2.0810012817382812,-0.46952709555625916,1.533149242401123,0.8143936555742667,0.5064985492239982,0,0
2.0783069133758545,-0.4720006585121155,1.5330452919006348,0.7959135755620442,0.4939071075218576,0,0
2.0756139755249023,-0.4744766056537628,1.532949447631836,0.8122047134823116,0.49051203428803447,0,0
2.0729215145111084,-0.4769546687602997,1.5328575372695923,0.7836100693890837,0.5111291556039264,0,0
2.070230484008789,-0.47943469882011414,1.532767415046692,0.8048521900298355,0.4924588206007547,0,0
2.067539930343628,-0.4819164276123047,1.5326825380325317,0.8155750311598724,0.4913720453867012,0,0
2.064850330352783,-0.484399676322937,1.5326042175292969,0.5014330897981353,0.4938394805228327,0,0
2.0621612071990967,-0.48688429594039917,1.532527208328247,0.5051521674042198,0.5090243121619298,0,0
2.0594725608825684,-0.4893699884414673,1.5324530601501465,0.4858946108362905,0.4968619573882306,0,0
2.056784152984619,-0.49185681343078613,1.5323841571807861,0.4982112202385748,0.5082356255444721,0,0
2.054096221923828,-0.49434441328048706,1.532318115234375,0.48663693318028195,0.5058900294273013,0,0
2.051408529281616,-0.4968327283859253,1.5322518348693848,0.4968971821825828,0.5021007954780217,0,0
2.0487213134765625,-0.49932172894477844,1.5321937799453735,0.4862017772821445,0.4860457186598759,0,0
2.0460338592529297,-0.5018112659454346,1.5321358442306519,0.5022306742778633,0.5083372323313645,0,0
2.043346405029297,-0.5043013095855713,1.5320806503295898,0.49543562144832,0.5096802359285285,0,0
2.040659189224243,-0.5067916512489319,1.5320305824279785,0.49748424985588924,0.49748330710255084,0,0
2.0379717350006104,-0.5092822909355164,1.5319795608520508,0.5000487537347017,0.5016115166683288,0,0
2.0352845191955566,-0.5117731690406799,1.5319336652755737,0.5059231456437251,0.49836829896653906,0,0
2.032597303390503,-0.5142641663551331,1.5318877696990967,0.490828973453016,0.5100584475109502,0,0
2.0299103260040283,-0.5167554020881653,1.5318471193313599,0.48310205656867244,0.5102945646217513,0,0
2.0272226333618164,-0.5192467570304871,1.5318068265914917,0.5019779154426024,0.47545658614719394,0,0
2.0245351791381836,-0.5217381715774536,1.5317662954330444,0.502225213597182,0.49773433929395966,0,0
2.0218474864959717,-0.5242295265197754,1.531731128692627,0.47934097610153376,0.5079423227674038,0,0
2.0191597938537598,-0.5267209410667419,1.531696081161499,0.5052101949246921,0.49558692837686497,0,0
2.0164718627929688,-0.5292123556137085,1.531661033630371,0.49423879464513504,0.500427287291054,0,0
2.0137839317321777,-0.5317037105560303,1.5316314697265625,0.5061542216659274,0.48898740074727354,0,0
2.0110960006713867,-0.534195065498352,1.5316017866134644,0.48992155056287556,0.5079523757896179,0,0
2.0084075927734375,-0.5366861820220947,1.5315719842910767,0.496575810614616,0.5045817897423188,0,0
2.0057191848754883,-0.5391772985458374,1.531542420387268,0.5000852750780154,0.4990346664194657,0,0
2.003030300140381,-0.5416683554649353,1.5315181016921997,0.48399466578309636,0.49760061181758036,0,0
2.0003418922424316,-0.5441591143608093,1.531493902206421,0.4931009457313781,0.5139747338166135,0,0
1.9976530075073242,-0.5466498732566833,1.531469464302063,0.5176105111252509,0.4963392016206486,0,0
1.9949638843536377,-0.5491405129432678,1.5314453840255737,0.48474875108969995,0.5069413517744226,0,0
1.9922748804092407,-0.5516310930252075,1.5314210653305054,0.493533007472928,0.4978969621484302,0,0
1.989585518836975,-0.5541214346885681,1.5314021110534668,0.5094599103053966,0.5009473173171497,0,0
1.98689603805542,-0.5566117167472839,1.5313831567764282,0.48935850135124526,0.48770284737582065,0,0
1.9842064380645752,-0.5591018795967102,1.5313643217086792,0.5004971396562633,0.5115400526059999,0,0
1.9815165996551514,-0.5615918040275574,1.5313453674316406,0.49680873971780676,0.5077623207445303,0,0
1.978826642036438,-0.5640816688537598,1.5313265323638916,0.5070861773137534,0.48756284286166496,0,0
1.976136565208435,-0.5665713548660278,1.5313076972961426,0.4855479537357751,0.4966080244249472,0,0
1.9734466075897217,-0.5690609812736511,1.5312952995300293,0.515416192851695,0.5004225473153285,0,0
1.9707562923431396,-0.5715504288673401,1.5312832593917847,0.5003963409229554,0.4962314125349301,0,0
1.9680659770965576,-0.5740397572517395,1.53127121925354,0.519371305045175,0.49546165137914483,0,0
1.9653754234313965,-0.5765290260314941,1.5312589406967163,0.49578548990191157,0.5091896546526176,0,0
1.9626846313476562,-0.579018235206604,1.5312483310699463,0.4817593047531652,0.4984901056591296,0,0
1.959993839263916,-0.5815072059631348,1.5312374830245972,0.5158206162462817,0.5071448237611671,0,0
1.9573029279708862,-0.5839961171150208,1.5312267541885376,0.5006850155873813,0.5019589733150999,0,0
1.9546120166778564,-0.586484968662262,1.5312144756317139,0.5039831153137855,0.502906052514252,0,0
1.9519208669662476,-0.5889736413955688,1.5312024354934692,0.5146229603294254,0.4850182056799319,0,0
1.9492297172546387,-0.591462254524231,1.53119695186615,0.5024019321333086,0.5167741572583123,0,0
1.9465383291244507,-0.5939506888389587,1.5311915874481201,0.4878319257964059,0.5054767719580832,0,0
1.9438468217849731,-0.5964391231536865,1.5311862230300903,0.506631076128076,0.5097161083139918,0,0
1.9411553144454956,-0.5989274382591248,1.5311808586120605,0.4954188312428389,0.5076854931889369,0,0
1.9384641647338867,-0.6014155745506287,1.5311754941940308,0.4893637947854132,0.5045483752969121,0,0
1.9357727766036987,-0.6039037704467773,1.5311700105667114,0.506224698304356,0.4964396830001625,0,0
1.9330811500549316,-0.6063917875289917,1.5311647653579712,0.4870904609842147,0.49704428903938674,0,0
1.9303892850875854,-0.6088797450065613,1.5311592817306519,0.4875499211812916,0.503633555577896,0,0
1.9276974201202393,-0.6113675832748413,1.5311537981033325,0.5016145891090533,0.50845727630428,0,0
1.9250057935714722,-0.6138553619384766,1.5311485528945923,0.49450718941688837,0.4963763323524637,0,0
1.922313928604126,-0.6163430213928223,1.531143069267273,0.5139306281677989,0.49761103195799505,0,0
1.9196220636367798,-0.6188306212425232,1.5311375856399536,0.5193701434392073,0.4963893160004352,0,0
1.916930079460144,-0.6213182210922241,1.5311323404312134,0.49047554215114686,0.4833229804963911,0,0
1.9142379760742188,-0.6238057613372803,1.531126856803894,0.5021879950116626,0.49783843213819545,0,0
1.9115458726882935,-0.6262933015823364,1.5311216115951538,0.5023250944757224,0.503944128144846,0,0
1.9088534116744995,-0.6287807822227478,1.5311216115951538,0.48961077004438047,0.48322832740419036,0,0
1.9061611890792847,-0.6312681436538696,1.5311216115951538,0.49042299214672574,0.5081433938530402,0,0
1.9034690856933594,-0.6337555050849915,1.5311216115951538,0.493390625111086,0.5041860160283542,0,0
1.9007766246795654,-0.6362428665161133,1.5311216115951538,0.5008117431267054,0.5069249804846058,0,0
1.8980845212936401,-0.6387301683425903,1.5311216115951538,0.5112155353146584,0.5102530397736607,0,0
1.8953919410705566,-0.6412174105644226,1.5311216115951538,0.49881036003118434,0.5154915200841806,0,0
1.8926994800567627,-0.6437045335769653,1.5311216115951538,0.5061312617457918,0.510875589726924,0,0
1.8900070190429688,-0.6461917161941528,1.5311216115951538,0.496286375539086,0.5017077965630387,0,0
1.8873144388198853,-0.648678719997406,1.5311216115951538,0.49699150991910435,0.510223619251653,0,0
1.8846218585968018,-0.6511657238006592,1.5311216115951538,0.5071258822099858,0.5053434694924102,0,0
1.8819292783737183,-0.6536526083946228,1.5311216115951538,0.5076408254971144,0.5094129078515944,0,0
1.8792365789413452,-0.6561394929885864,1.5311216115951538,0.4868610000767126,0.5016760343720177,0,0
1.8765438795089722,-0.6586263179779053,1.5311216115951538,0.4972063961131968,0.49116090340669694,0,0
1.8738512992858887,-0.6611131429672241,1.5311216115951538,0.4898396369381715,0.5253161235750388,0,0
1.871158480644226,-0.6635999083518982,1.5311216115951538,0.5060750397400005,0.4915465656462363,0,0
1.8684656620025635,-0.6660866737365723,1.5311216115951538,0.4944826698208298,0.4935465732898848,0,0
1.8657728433609009,-0.6685733199119568,1.5311216115951538,0.4987378142157884,0.5042727162714835,0,0
1.8630797863006592,-0.6710600852966309,1.5311216115951538,0.49278581831754037,0.5051701212135443,0,0
1.860386848449707,-0.6735466718673706,1.5311216115951538,0.48402672319621864,0.4932093409690733,0,0
1.8576935529708862,-0.6760333180427551,1.5311216115951538,0.5089068201594216,0.49524371668476785,0,0
1.855000615119934,-0.6785199046134949,1.5311216115951538,0.5054933913621457,0.5057038724027932,0,0
1.8523075580596924,-0.6810064315795898,1.5311216115951538,0.49304709691960347,0.5029940685477868,0,0
1.8496146202087402,-0.6834928393363953,1.5311216115951538,0.5004052286389596,0.49572859167934435,0,0
1.846921682357788,-0.6859792470932007,1.5311216115951538,0.5103759577734874,0.5140757943998393,0,0
1.8442283868789673,-0.6884656548500061,1.5311216115951538,0.5082365071412049,0.5110463554627527,0,0
1.8415350914001465,-0.6909520626068115,1.5311216115951538,0.4963487064173027,0.5067601100747479,0,0
1.8388421535491943,-0.6934384107589722,1.5311216115951538,0.5020883263143039,0.5074538376913816,0,0
1.8361488580703735,-0.6959245800971985,1.5311216115951538,0.5092714821474315,0.5000302543238596,0,0
1.8334555625915527,-0.6984107494354248,1.5311216115951538,0.49319764774299846,0.4957940115488065,0,0
1.830762267112732,-0.7008968591690063,1.5311216115951538,0.5012290247320357,0.4891888834234771,0,0
1.828068733215332,-0.7033829689025879,1.5311216115951538,0.4959045898685149,0.4981295803690163,0,0
1.8253751993179321,-0.7058691382408142,1.5311216115951538,0.50721819423214,0.49307151773693075,0,0
1.8226819038391113,-0.7083553075790405,1.5311216115951538,0.49345013432914414,0.49166893197598893,0,0
1.819988489151001,-0.7108412384986877,1.5311216115951538,0.4880825201842784,0.498495538138166,0,0
1.817294955253601,-0.7133272886276245,1.5311216115951538,0.5030861985295985,0.49483080228731274,0,0
1.8146014213562012,-0.7158132791519165,1.5311216115951538,0.5055675984818169,0.4897592121164422,0,0
1.8119080066680908,-0.7182990312576294,1.5311216115951538,0.5055900322998738,0.48270218220971234,0,0
1.8092143535614014,-0.7207848429679871,1.5311216115951538,0.4759214208087012,0.48511659931478823,0,0
1.8065205812454224,-0.7232707142829895,1.5311216115951538,0.49683426357844235,0.5049390826518545,0,0
1.803826928138733,-0.7257564067840576,1.5311216115951538,0.5004410994184956,0.480991305104137,0,0
1.8011330366134644,-0.7282422184944153,1.5311216115951538,0.4882129260287829,0.5115940466199737,0,0
1.7984390258789062,-0.7307278513908386,1.5311216115951538,0.5085603776580262,0.5030535819121411,0,0
1.7957451343536377,-0.7332135438919067,1.5311216115951538,0.4918426318917454,0.4981277322400909,0,0
1.7930512428283691,-0.7356991767883301,1.5311216115951538,0.4874489712806807,0.49772910684765703,0,0
1.7903575897216797,-0.7381848096847534,1.5311216115951538,0.500422284524734,0.49414778081238997,0,0
1.7876636981964111,-0.7406703233718872,1.5311216115951538,0.4851641228768385,0.501466338218636,0,0
1.7849698066711426,-0.743155837059021,1.5311216115951538,0.5068233634457514,0.5070773144876413,0,0
1.782275915145874,-0.74564129114151,1.5311216115951538,0.512171832063345,0.5057107292377809,0,0
1.779582142829895,-0.7481268048286438,1.5311216115951538,0.5158164815761448,0.4828864161966668,0,0
1.776888132095337,-0.750612199306488,1.5311216115951538,0.5066924907012337,0.5078469826211875,0,0
1.7741938829421997,-0.7530975341796875,1.5311216115951538,0.4916782403785826,0.4917663002815496,0,0
1.771499752998352,-0.7555827498435974,1.5311216115951538,0.5051693559251574,0.48696296608877926,0,0
1.768805742263794,-0.7580680251121521,1.5311216115951538,0.490129206253677,0.504076256825986,0,0
1.7661116123199463,-0.7605531811714172,1.5311216115951538,0.4761328365439207,0.5080164063311158,0,0
1.763417363166809,-0.7630383372306824,1.5311216115951538,0.49485165405308407,0.49977486760386186,-1,-1
1.760723352432251,-0.7655237913131714,1.5306588411331177,0.5023369104777805,0.48517325607272344,0,0
1.7580291032791138,-0.7680074572563171,1.5294767618179321,0.5068562314128237,0.5016393530171908,0,0
1.7553354501724243,-0.7704842686653137,1.5274499654769897,0.4986230015377861,0.47636306865496547,0,0
1.7526429891586304,-0.7729458808898926,1.5245155096054077,0.486229723331654,0.48414497860404954,0,0
1.7499516010284424,-0.7753807902336121,1.5206563472747803,0.4907153909255441,0.4986721743201188,0,0
1.7472610473632812,-0.777775764465332,1.5158883333206177,0.4972530048423421,0.4781870387613138,0,0
1.744571566581726,-0.7801187038421631,1.51024329662323,0.5063604830854544,0.4700609526485175,0,0
1.7418851852416992,-0.7823953032493591,1.503731608390808,0.5059356486728571,0.5213948392145061,0,0
1.7392048835754395,-0.7845903038978577,1.4963675737380981,0.5067069915882735,0.5083915921210728,0,0
1.7365318536758423,-0.786689043045044,1.4882230758666992,0.47622833193660674,0.5014672544538045,0,0
1.733868956565857,-0.7886796593666077,1.479331612586975,0.5227340734766311,0.5053179942669163,0,0
1.7312216758728027,-0.7905518412590027,1.4697059392929077,0.5052713021025631,0.48511907824720285,0,0
1.7285969257354736,-0.7922951579093933,1.4593710899353027,0.5035963243404071,0.5023773610566165,0,0
1.7260022163391113,-0.793899655342102,1.4483658075332642,0.49063995626362517,0.49276700610702967,0,0
1.7234441041946411,-0.7953581213951111,1.436739444732666,0.5018693300929065,0.4957216789964186,0,0
1.7209309339523315,-0.7966652512550354,1.4245085716247559,0.482474310677579,0.5101056856442614,0,0
1.7184721231460571,-0.7978183627128601,1.411698579788208,0.5085565343571684,0.4920995518620119,0,0
1.7160789966583252,-0.7988162636756897,1.398300290107727,0.5038514798809326,0.5053732995112633,0,0
1.7137622833251953,-0.7996582388877869,1.3843938112258911,0.4955626514226124,0.5082937758959902,0,0
1.7115328311920166,-0.800345778465271,1.369976282119751,0.5090906180265921,0.47483749281197274,0,0
1.7094005346298218,-0.8008812665939331,1.355119228363037,0.4939823726808018,0.5002168779851575,0,0
1.7073745727539062,-0.8012697100639343,1.339833378791809,0.507409119285382,0.5208535407333492,0,0
1.705464482307434,-0.8015187978744507,1.3240870237350464,0.49081459741328987,0.5093727368776976,0,0
1.7036781311035156,-0.8016366362571716,1.3078888654708862,0.49892624957895443,0.4861700937905436,0,0
1.702022910118103,-0.801634669303894,1.2913944721221924,0.5164933998430413,0.5168096527556101,0,0
1.7005068063735962,-0.8015240430831909,1.274539828300476,0.5149782624937034,0.5007534263321147,0,0
1.6991357803344727,-0.8013157248497009,1.2572671175003052,0.5153569448830655,0.4962615450538563,0,0
1.6979151964187622,-0.8010220527648926,1.2397005558013916,0.4986176295667635,0.6314612946953295,0,0
1.6968493461608887,-0.800655722618103,1.2217954397201538,0.4908989708626249,0.629381463332146,0,0
1.6959400177001953,-0.8002274632453918,1.203526496887207,0.49775896984904855,0.6257646442357102,0,0
1.6951868534088135,-0.7997491359710693,1.1849867105484009,0.5000781101504751,0.6321179595711638,0,0
1.6945880651474,-0.7992326021194458,1.1661726236343384,0.49032285533102693,0.6178827850065058,0,0
1.6937228441238403,-0.7986204624176025,1.1461384296417236,0.4988546859528436,0.6449722315391907,0,0
1.6926158666610718,-0.7979223728179932,1.1250553131103516,0.49959374030904974,0.6337988377679441,0,0
1.6915273666381836,-0.7972019910812378,1.1035103797912598,0.5020706742129444,0.6160594484887723,0,0
1.690494418144226,-0.7964739799499512,1.0816247463226318,0.5010244405816099,0.6236020187165604,0,0
1.6895169019699097,-0.7957489490509033,1.0594537258148193,0.4876691099386618,0.6362826714807789,0,0
1.6886297464370728,-0.7950435876846313,1.0371501445770264,0.6776885804464932,0.422339926008628,0,0
1.6877949237823486,-0.7943547368049622,1.0146949291229248,0.6888213505919097,0.4262897723722957,0,0
1.6870862245559692,-0.7937036156654358,0.9923709630966187,0.7088994124715632,0.4006371812185984,0,0
1.6864769458770752,-0.7930908799171448,0.9701298475265503,0.6904848902522683,0.43588850964383147,0,0
1.6859395503997803,-0.7925159335136414,0.9479164481163025,0.6836275011177483,0.4254627555194101,0,0
1.6854645013809204,-0.791980504989624,0.9257323145866394,0.691914085667514,0.44271498902711154,0,0
1.6850467920303345,-0.7914862036705017,0.9035939574241638,0.6784261702959157,0.41583951068442615,0,0
1.6846798658370972,-0.7910348773002625,0.8815080523490906,0.6977970007837987,0.4086270945415639,0,0
1.6843596696853638,-0.7906281352043152,0.8594899773597717,0.6737759393399065,0.4146252905768902,0,0
1.68408203125,-0.7902663350105286,0.8375505805015564,0.6855805492388344,0.4237111766517234,0,0
1.6838427782058716,-0.7899487018585205,0.8156957030296326,0.49536935664896714,0.3289599570636685,0,0
1.6836378574371338,-0.7896742820739746,0.793942928314209,0.489373872845603,0.32908189508546337,0,0
1.6834625005722046,-0.7894406318664551,0.7722995281219482,0.4858621079402788,0.33096197859048115,0,0
1.6833117008209229,-0.7892462611198425,0.7507837414741516,0.4847626380563942,0.3209441552506417,0,0
1.6831821203231812,-0.7890887260437012,0.7294006943702698,0.48908595695814383,0.32897552046629097,0,0
1.683069109916687,-0.7889662384986877,0.708158016204834,0.4963622622788926,0.33388611481519576,0,0
1.6829699277877808,-0.7888768911361694,0.6870712637901306,0.49956211890354546,0.3265231016725281,0,0
1.6828827857971191,-0.7888181209564209,0.6661503911018372,0.49186040159986294,0.33447800494052454,0,0
1.6828047037124634,-0.7887867093086243,0.6454005241394043,0.49501579843845384,0.3299285365439889,0,0
1.6827341318130493,-0.7887787818908691,0.6248390674591064,0.4912703674059648,0.31922208664782115,0,0
1.6826688051223755,-0.7887911200523376,0.6044745445251465,0.3977570542439181,0.3162395474238913,0,0
1.6826069355010986,-0.788819432258606,0.584315299987793,0.39410624621652235,0.2792655527269297,0,0
1.682546615600586,-0.7888609170913696,0.564366340637207,0.3915984248369522,0.3047376535579349,0,0
1.6824859380722046,-0.7889125347137451,0.544638991355896,0.4030451667075635,0.2828653591307507,0,0
1.6824231147766113,-0.7889721393585205,0.525140643119812,0.4117003798802593,0.28409305727901957,0,0
1.6823577880859375,-0.7890377044677734,0.505879282951355,0.4020717375897597,0.29842012021703823,0,0
1.6822885274887085,-0.789108157157898,0.4868621826171875,0.40668186613525287,0.28818006373948224,0,0
1.6822161674499512,-0.7891817688941956,0.46810248494148254,0.3861842738830793,0.30755222632086276,0,0
1.6821404695510864,-0.7892577648162842,0.44960087537765503,0.3912185820799523,0.2983554391830649,0,0
1.6820626258850098,-0.7893351316452026,0.4313696026802063,0.39486066576840445,0.2971777347784921,0,0
1.681983232498169,-0.7894123196601868,0.41341453790664673,0.33142392849760843,0.2924474809698149,0,0
1.6819032430648804,-0.7894887924194336,0.39573490619659424,0.330801488195285,0.31337837489142606,0,0
1.68182373046875,-0.7895631194114685,0.37834227085113525,0.33837887684887247,0.3086050459855415,0,0
1.681745171546936,-0.7896345257759094,0.36124250292778015,0.3363298269021088,0.2807955852446744,0,0
1.681668996810913,-0.7897020578384399,0.34443551301956177,0.34860395537040373,0.3016926186976728,0,0
1.681594967842102,-0.7897650003433228,0.32793352007865906,0.3417751432524723,0.2777362828206601,0,0
1.6815240383148193,-0.7898228168487549,0.31173649430274963,0.3360073446127752,0.30702389789482093,0,0
1.6814560890197754,-0.7898749113082886,0.2958447337150574,0.34673916179675923,0.29931276856723205,0,0
1.6813911199569702,-0.7899213433265686,0.2802644371986389,0.3385969512744417,0.29167630577752784,0,0
1.6813300848007202,-0.7899622917175293,0.2650018334388733,0.3447332163398581,0.30222682812583346,0,0
1.6812719106674194,-0.7899975180625916,0.25005683302879333,0.31183597821396686,0.30309367174430624,0,0
1.6812171936035156,-0.7900278568267822,0.23542989790439606,0.31524896606332065,0.28936973062303234,0,0
1.681166410446167,-0.7900533080101013,0.22112664580345154,0.2986008145366009,0.30220004121823746,0,0
1.681118369102478,-0.7900745272636414,0.20714706182479858,0.30445328600473087,0.2889736456557252,0,0
1.6810742616653442,-0.7900920510292053,0.19349709153175354,0.30580437631458546,0.2796356803982878,0,0
1.6810334920883179,-0.7901067137718201,0.18017078936100006,0.3194609039826538,0.3062751261936627,0,0
1.6809959411621094,-0.7901188135147095,0.1671680510044098,0.3003661085827497,0.2931688409524115,0,0
1.680962085723877,-0.790128767490387,0.1544947773218155,0.2893819706219074,0.29315969393009755,0,0
1.680931568145752,-0.7901371717453003,0.14215093851089478,0.3183093708573314,0.2901976795653103,0,0
1.680904507637024,-0.7901445627212524,0.1301305741071701,0.2929550780696323,0.30908607324194004,0,0
1.6808806657791138,-0.7901509404182434,0.11843368411064148,0.30878535010429803,0.31504522334977425,0,0
1.6808595657348633,-0.7901569604873657,0.1070663183927536,0.3014939470401464,0.2877769658195902,0,0
1.6808420419692993,-0.7901626229286194,0.09602248668670654,0.31511019573950044,0.3157894959198987,0,0
1.6808269023895264,-0.7901678681373596,0.08529628068208694,0.30639803641319824,0.30817376476771774,0,0
1.6808151006698608,-0.7901729345321655,0.07489372789859772,0.3057526326648994,0.2936830365049077,0,0
1.6808050870895386,-0.7901778221130371,0.06480880826711655,0.30620383167315257,0.315199550719784,0,0
1.6807974576950073,-0.7901825308799744,0.05503552034497261,0.30274266694590757,0.31527214535730724,0,0
1.6807914972305298,-0.7901867628097534,0.04557987302541733,0.2869406555006806,0.30390496975963077,0,0
1.680787444114685,-0.7901906967163086,0.036429863423109055,0.3047389636858825,0.299044302090528,0,0
1.6807847023010254,-0.7901943325996399,0.027591457590460777,0.3225585397006359,0.2955943366141178,0,0
1.6807829141616821,-0.7901973724365234,0.01905265636742115,0.30020819258215753,0.29486280925210895,0,0
1.6807817220687866,-0.7901997566223145,0.010819431394338608,0.30237371750538355,0.2870649293828692,0,0
1.680781364440918,-0.7902015447616577,0.0028797914274036884,0.29595853760984286,0.29716837476698754,0,0
1.6807811260223389,-0.7902024388313293,-0.004766274243593216,0.29643348926959917,0.2962752877856055,0,0
1.6807812452316284,-0.7902026772499084,-0.012124750763177872,0.30808225855274063,0.3015216812780592,0,0
1.6807811260223389,-0.7902022004127502,-0.01919562928378582,0.29850170204806276,0.2972324399372531,0,0
1.6807807683944702,-0.7902008891105652,-0.02598489634692669,0.2924570288397975,0.2966842711179145,0,0
1.6807804107666016,-0.7901991605758667,-0.032491203397512436,0.29405458087847314,0.3047914129800713,0,0
1.6807781457901,-0.7901952266693115,-0.03871678188443184,0.3107873675920777,0.30847417243053127,0,0
1.6807693243026733,-0.7901843786239624,-0.04466965049505234,0.31307880205278965,0.3082368768994808,0,0
1.680746078491211,-0.790159285068512,-0.05034961923956871,0.29790692644412275,0.31976322779017535,0,0
1.680698037147522,-0.7901098728179932,-0.05576157569885254,0.2977649962927884,0.29164620946606884,0,0
1.68061363697052,-0.7900242805480957,-0.06094282492995262,0.290339275659121,0.3037230876682632,0,0
1.680480718612671,-0.7898916006088257,-0.06591811776161194,0.32054045811916965,0.29304350730777834,0,0
1.6802867650985718,-0.789700984954834,-0.07065968960523605,0.3086032583409761,0.3076075772687526,0,0
1.6800190210342407,-0.7894413471221924,-0.07516797631978989,0.2879494388045606,0.3062446324660684,0,0
1.6796666383743286,-0.7891008853912354,-0.07949710637331009,0.3034048921494063,0.31464226787693905,0,0
1.679223895072937,-0.7886702418327332,-0.08369071781635284,0.3190990274488196,0.3021831060330339,0,0
1.6786861419677734,-0.788142204284668,-0.0877305120229721,0.2970968536927997,0.3160838092588568,0,0
1.6780511140823364,-0.7875111699104309,-0.09160643070936203,0.2893015413569146,0.30543852914092107,0,0
1.6773179769515991,-0.7867721319198608,-0.09531307965517044,0.29531390169552346,0.2945842536089857,0,0
1.6764874458312988,-0.7859212756156921,-0.09885524213314056,0.3010187814300706,0.2893981222178492,0,0
1.6755611896514893,-0.7849554419517517,-0.10223545879125595,0.30462663097883236,0.3103828829543505,0,0
1.6745415925979614,-0.7838732600212097,-0.10547306388616562,0.2933241521048423,0.30947724609677685,0,0
1.6734315156936646,-0.7826748490333557,-0.10857135057449341,0.3089499736123453,0.3295220021034748,0,0
1.6722350120544434,-0.7813615798950195,-0.11153364926576614,0.28986925086147963,0.29629186866121593,0,0
1.6709544658660889,-0.7799371480941772,-0.11436589062213898,0.2903396809519853,0.28856805625783605,0,0
1.6695952415466309,-0.7784056663513184,-0.11706846207380295,0.3113794937718714,0.28806215627942744,0,0
1.6681623458862305,-0.7767720222473145,-0.11964655667543411,0.3150890892214811,0.2985869928295165,0,0
1.6666618585586548,-0.7750412821769714,-0.12210892885923386,0.30196539940853084,0.29854307241218114,0,0
1.6650984287261963,-0.7732183933258057,-0.12446271628141403,0.31461692506605016,0.28599070914272395,0,0
1.6634773015975952,-0.7713073492050171,-0.1267254799604416,0.31058475933688545,0.29737868077527685,0,0
1.6618026494979858,-0.7693124413490295,-0.12889839708805084,0.30271211243314416,0.30242662977331564,0,0
1.6600792407989502,-0.7672380208969116,-0.1309790462255478,0.30060907424734373,0.3011847742167039,0,0
1.6583091020584106,-0.7650890350341797,-0.13296166062355042,0.3165034778980561,0.2926703174332886,0,0
1.656495213508606,-0.7628710269927979,-0.1348455250263214,0.31520223199238556,0.2867843511408172,0,0
1.654640555381775,-0.7605899572372437,-0.13663147389888763,0.3028259615605815,0.3187116335910162,0,0
1.6527477502822876,-0.7582525610923767,-0.13832905888557434,0.30166104813982936,0.30461539698855117,0,0
1.650820255279541,-0.7558643221855164,-0.13993914425373077,0.3082212358100474,0.3033709973853646,0,0
1.648862361907959,-0.7534302473068237,-0.14146864414215088,0.3145199055635875,0.3046931150805662,0,0
1.6468781232833862,-0.7509545087814331,-0.14292438328266144,0.3242800616138183,0.3473132719767263,0,0
1.6448721885681152,-0.7484406232833862,-0.14432033896446228,0.31362597748237514,0.3120752331857314,0,0
1.6428477764129639,-0.7458909749984741,-0.14565996825695038,0.3025039371647372,0.32339554949280663,0,0
1.6408073902130127,-0.7433075308799744,-0.14695070683956146,0.3263181993778741,0.3195890059205585,0,0
1.6387531757354736,-0.7406921982765198,-0.1481861174106598,0.31638288846009827,0.3431322210216229,0,0
1.6366864442825317,-0.7380469441413879,-0.1493639200925827,0.3295274254236243,0.3388703742803595,0,0
1.6346077919006348,-0.7353737950325012,-0.15048587322235107,0.31211355729239143,0.3295404127779594,0,0
1.6325188875198364,-0.7326751947402954,-0.15155565738677979,0.3134852741352056,0.3417924683608186,0,0
1.6304206848144531,-0.7299531698226929,-0.15257231891155243,0.3249143283264076,0.3288059168952477,0,0
1.628314733505249,-0.7272101044654846,-0.1535411924123764,0.3158067606330513,0.30920728543004267,0,0
1.6262015104293823,-0.7244476675987244,-0.15447001159191132,0.34622943295249914,0.3783304366967047,0,0
1.6240825653076172,-0.7216669321060181,-0.15536251664161682,0.3518928331720703,0.35987174138201866,0,0
1.6219587326049805,-0.7188694477081299,-0.15621702373027802,0.34846611706348135,0.3736888454790908,0,0
1.619829773902893,-0.716056227684021,-0.15703368186950684,0.36071101303833264,0.3732470465656527,0,0
1.6176966428756714,-0.713228702545166,-0.15781226754188538,0.35482800693041183,0.35024807820176546,0,0
1.6155598163604736,-0.7103878855705261,-0.15855492651462555,0.3447753644339457,0.3723021956677642,0,0
1.6134194135665894,-0.707535445690155,-0.15926331281661987,0.34787862546052484,0.3742649473597642,0,0
1.6112762689590454,-0.7046722769737244,-0.15993951261043549,0.34243153583531794,0.359871476910913,0,0
1.6091302633285522,-0.7017996907234192,-0.1605818122625351,0.3534055807784505,0.3635507165062041,0,0
1.606982946395874,-0.698918342590332,-0.16119559109210968,0.34161908651192774,0.35609331723834325,0,0
1.604833722114563,-0.6960287094116211,-0.1615915149450302,0.3879008714846207,0.41147405755015626,0,0
1.602684497833252,-0.6931338310241699,-0.16166247427463531,0.3799853369670905,0.4276733545003962,0,0
1.6005381345748901,-0.6902405619621277,-0.16154682636260986,0.38448451444551096,0.38271299497694855,0,0
1.598395824432373,-0.68735671043396,-0.16134314239025116,0.3922022689322142,0.39992399515564886,0,0
1.5962591171264648,-0.6844889521598816,-0.16090482473373413,0.38727403550083866,0.42062004466232594,0,0
1.594130277633667,-0.681645929813385,-0.16032204031944275,0.3841341649977284,0.3972530667646834,0,0
1.5920106172561646,-0.6788365244865417,-0.1596287339925766,0.37749825010459864,0.3970943979544838,0,0
1.589901089668274,-0.6760686039924622,-0.15884114801883698,0.38589381777745935,0.39458572600365793,0,0
1.5878020524978638,-0.6733469367027283,-0.1578577160835266,0.38761548892953757,0.4079024513826538,0,0
1.5857146978378296,-0.6706755757331848,-0.1565813422203064,0.3819889954821846,0.4040874412413113,0,0
1.5836355686187744,-0.6680148243904114,-0.15530212223529816,0.42802590913869576,0.44540104311292383,0,0
1.581574559211731,-0.6654154658317566,-0.15366855263710022,0.41578785696810133,0.45092358121328746,0,0
1.5795373916625977,-0.6628848314285278,-0.15166547894477844,0.42591952653394344,0.45006378876478215,0,0
1.577531099319458,-0.6604310274124146,-0.149281308054924,0.42492213672532647,0.4567572992382396,0,0
1.5755643844604492,-0.6580628752708435,-0.1467074304819107,0.4164227276469162,0.44622426540207183,0,0
1.5736432075500488,-0.6557924151420593,-0.143803209066391,0.39317268590787896,0.4381677907392129,0,0
1.5717726945877075,-0.6536322832107544,-0.14054036140441895,0.4297151871875161,0.4553308856445322,0,0
1.5699567794799805,-0.6515948176383972,-0.13714765012264252,0.41391970260570027,0.43582281508920445,0,0
1.5681966543197632,-0.6496917605400085,-0.13378986716270447,0.42876446942279856,0.4412391338548719,0,0
1.5664899349212646,-0.6479340195655823,-0.130543515086174,0.4275535381280689,0.432751679649764,0,0
1.564832091331482,-0.6463310718536377,-0.1271870881319046,0.4452461390917396,0.4879161246941681,0,0
1.5632182359695435,-0.6448894143104553,-0.12382279336452484,0.4515324815590497,0.46156807346903383,0,0
1.5616450309753418,-0.6436124444007874,-0.12048447877168655,0.45752191437517026,0.45632320351371236,0,0
1.5601112842559814,-0.6424997448921204,-0.1174270361661911,0.45115840165433635,0.44741068343385465,0,0
1.5586174726486206,-0.6415476202964783,-0.11457707732915878,0.4541653895901004,0.47246069013628045,0,0
1.557165503501892,-0.6407495141029358,-0.11188889294862747,0.45890682326501187,0.4573745331494367,0,0
1.5557597875595093,-0.6400965452194214,-0.10936004668474197,0.46749885744315495,0.4772027084248928,0,0
1.5544055700302124,-0.6395777463912964,-0.10678353905677795,0.43880671821279266,0.46134613860170814,0,0
1.5531085729599,-0.6391815543174744,-0.10401484370231628,0.4364649944948383,0.48133389034680557,0,0
1.5518746376037598,-0.6388968229293823,-0.10131056606769562,0.45367055145265217,0.4707276064457983,0,0
1.5507073402404785,-0.6387135982513428,-0.09852900356054306,0.46707404081067166,0.472255995751688,0,0
1.549609661102295,-0.6386211514472961,-0.09573278576135635,0.4630659490365073,0.4805885445003096,0,0
1.5485819578170776,-0.6386096477508545,-0.09300486743450165,0.4732430470605472,0.47669984103291835,0,0
1.547626256942749,-0.6386698484420776,-0.09037597477436066,0.4796958470409622,0.4930912450662865,0,0
1.5467438697814941,-0.6387929916381836,-0.08787597715854645,0.48437472613442284,0.4864971200761957,0,0
1.5459378957748413,-0.638970136642456,-0.08552554249763489,0.472196222795922,0.4771235596762783,0,0
1.5452104806900024,-0.6391922831535339,-0.08332030475139618,0.4676727440348101,0.4678489731397387,0,0
1.5445624589920044,-0.6394512057304382,-0.08122942596673965,0.4765887705523822,0.47331082154683213,0,0
1.5439939498901367,-0.639740526676178,-0.07922384142875671,0.48363627677127036,0.48084825213099686,0,0
1.543503761291504,-0.6400559544563293,-0.07729212939739227,0.4605268767915848,0.48295300985276235,0,0
1.543091058731079,-0.6403951048851013,-0.07543668150901794,0.48105555882777046,0.4794824859929943,0,0
1.5427533388137817,-0.6407563090324402,-0.07366584241390228,0.4800151272726393,0.48261442197815246,0,0
1.542487621307373,-0.6411390900611877,-0.0719698816537857,0.4749898208235862,0.48813930195420124,0,0
1.5422910451889038,-0.6415426135063171,-0.07034844160079956,0.4734202614002957,0.4704364978786842,0,0
1.5421605110168457,-0.6419661045074463,-0.06879819184541702,0.4605367950678248,0.4893327171718246,0,0
1.5420918464660645,-0.6424086689949036,-0.06732036918401718,0.46855047111628634,0.47120095558085523,0,0
1.542081356048584,-0.6428691744804382,-0.0659119188785553,0.4693272838257489,0.4742481617931121,0,0
1.5421249866485596,-0.6433468461036682,-0.06456858664751053,0.47955772811118097,0.4754813617868166,0,0
1.5422179698944092,-0.6438411474227905,-0.0632828027009964,0.475323131348817,0.49008342574212427,0,0
1.5423568487167358,-0.6443518996238708,-0.062051646411418915,0.4614790472117485,0.48124749029602915,1,0
1.542538046836853,-0.6448789238929749,-0.06086904928088188,0.46235708961651417,0.4628912862514165,0,0
1.5427583456039429,-0.6454220414161682,-0.05973561853170395,0.47602597148498527,0.47243517697852266,0,0
1.5430147647857666,-0.6459803581237793,-0.05865607410669327,0.48386510306593283,0.4664927428250888,0,0
1.5433036088943481,-0.6465528607368469,-0.05763250216841698,0.45661633541230146,0.4786059943876485,0,0
1.5436216592788696,-0.6471381783485413,-0.05666336044669151,0.4846311679046147,0.46686467964709655,0,0
1.5439655780792236,-0.6477353572845459,-0.05574098974466324,0.4761721778479022,0.4629928834307277,0,0
1.54433274269104,-0.6483433842658997,-0.05485399067401886,0.49553768311087415,0.48127248398220185,0,0
1.5447211265563965,-0.6489611864089966,-0.05399826914072037,0.47380232091961977,0.48161248083815966,0,0
1.5451289415359497,-0.6495879292488098,-0.052983205765485764,0.4497659699203927,0.4678583402739912,0,0
1.5455543994903564,-0.6502217650413513,-0.0518970713019371,0.47598279743944677,0.49003248660922255,0,0
1.545996069908142,-0.6508604288101196,-0.05078982189297676,0.4645709201729706,0.47144308055474593,0,0
1.546451449394226,-0.6515020728111267,-0.049701448529958725,0.47915360305781063,0.47571035831312947,0,0
1.5469186305999756,-0.6521450281143188,-0.048647090792655945,0.4718792525453563,0.4713719145520763,0,0
1.5473963022232056,-0.6527882218360901,-0.04762342572212219,0.47964397999504593,0.4698650001222188,0,0
1.5478821992874146,-0.6534309983253479,-0.046637389808893204,0.4770337289980528,0.4821000259174754,0,0
1.5483754873275757,-0.6540727615356445,-0.04568642005324364,0.4603746021889683,0.4575691821851822,0,0
1.5488752126693726,-0.6547136306762695,-0.04477442800998688,0.46223416463279704,0.4556255600894003,0,0
1.549381136894226,-0.6553536057472229,-0.04390246793627739,0.47452062230491476,0.4606727200697332,0,0
1.5498937368392944,-0.6559929251670837,-0.04287540912628174,0.44869554753931506,0.4694403631544221,0,0
1.550411581993103,-0.656631350517273,-0.041779451072216034,0.4668118418895526,0.45457617622602087,0,0
1.5509344339370728,-0.6572681069374084,-0.04066004604101181,0.4568911783075798,0.4627609530382916,0,0
1.5514618158340454,-0.6579029560089111,-0.03955180570483208,0.4508579133323695,0.45818263459788633,0,0
1.5519928932189941,-0.6585353016853333,-0.038272544741630554,0.4477938299752702,0.4701095135268035,0,0
1.5525275468826294,-0.659164547920227,-0.03711364418268204,0.4750412395326961,0.44665028330313805,0,0
1.5530637502670288,-0.6597896218299866,-0.035852812230587006,0.4417410934578087,0.4661791263042134,0,0
1.553600549697876,-0.6604084968566895,-0.03455427661538124,0.46422095494411636,0.45701421181051993,0,0
1.554135799407959,-0.6610193252563477,-0.03326170891523361,0.4570757680757151,0.46852800136875666,0,0
1.554668664932251,-0.6616203188896179,-0.032004158943891525,0.45922318288657443,0.4579988565908333,0,0
1.5551971197128296,-0.6622104644775391,-0.030788062140345573,0.45909037860845364,0.4611033211260824,0,0
1.5557204484939575,-0.6627893447875977,-0.029421571642160416,0.44871730790320874,0.46503981235834374,0,0
1.5562379360198975,-0.6633564829826355,-0.02799355983734131,0.4715828724055682,0.46209843430723857,0,0
1.5567492246627808,-0.6639122366905212,-0.026360787451267242,0.4373461637647253,0.4507822249615662,0,0
1.5572539567947388,-0.6644565463066101,-0.024837177246809006,0.45717251984136703,0.4485887405533197,0,0
1.5577514171600342,-0.6649892926216125,-0.023599401116371155,0.45833697450553995,0.448177823743694,0,0
1.5582407712936401,-0.6655100584030151,-0.022545747458934784,0.454787099347582,0.4547573245985777,0,0
1.558720588684082,-0.6660183668136597,-0.021618368104100227,0.4503194861801276,0.45924524072469225,0,0
1.5591903924942017,-0.6665144562721252,-0.020583555102348328,0.4418933481415599,0.45104650759285225,0,0
1.559650182723999,-0.6669983267784119,-0.019503556191921234,0.45075844066908755,0.47651339676805327,0,0
1.5600999593734741,-0.6674702167510986,-0.01841926760971546,0.4495461973629928,0.4419479166980365,0,0
1.5605376958847046,-0.6679326295852661,-0.01716114580631256,0.4444513973966249,0.4593687153947369,1,1
1.560960292816162,-0.6683886051177979,-0.015818078070878983,0.4500358258665386,0.45003435555684207,0,0
1.5613646507263184,-0.6688416004180908,-0.014446485787630081,0.43238528651051905,0.4183073668664339,0,0
1.5617470741271973,-0.6692967414855957,-0.013086429797112942,0.4508444573226513,0.45329135944948085,0,0
1.5621041059494019,-0.6697595119476318,-0.011938638985157013,0.4533374576932162,0.43694299688672217,0,0
1.5624330043792725,-0.670234203338623,-0.010933149605989456,0.4533878505940787,0.45302813750065213,0,0
1.5627323389053345,-0.6707236766815186,-0.010031383484601974,0.4336204360175277,0.44361520304200486,0,0
1.5629998445510864,-0.671231210231781,-0.009013572707772255,0.4406065737174468,0.45037688122332015,0,0
1.5632330179214478,-0.6717595458030701,-0.007939464412629604,0.44572324485207254,0.4452121284135542,0,0
1.5634286403656006,-0.6723125576972961,-0.006848007440567017,0.44040366664279657,0.43602393028200775,0,0
1.5635809898376465,-0.6728948950767517,-0.005964475683867931,0.4675434201158216,0.4211930139749814,0,0
1.563685417175293,-0.6735106706619263,-0.005015058442950249,0.434311462809235,0.45363508164370625,0,0
1.563738465309143,-0.6741615533828735,-0.0038611446507275105,0.43489354627446486,0.4519926206120662,0,0
1.563738465309143,-0.6748467087745667,-0.0026057681534439325,0.44310575721044604,0.4139489900476682,0,0
1.563684344291687,-0.6755649447441101,-0.0013190918834879994,0.4342038162625638,0.4470380397003684,0,0
1.5635730028152466,-0.6763163208961487,-3.9174894482130185e-05,0.44454720473949266,0.44688509827931233,0,0
1.5634011030197144,-0.6771025061607361,0.0012009318452328444,0.4411279496748891,0.4339295569248638,0,0
1.5631638765335083,-0.6779268980026245,0.0023832882288843393,0.4438270514399476,0.4270207070485025,0,0
1.562855839729309,-0.6787942051887512,0.0035173308569937944,0.44701349924249917,0.43167401615438683,0,0
1.5624713897705078,-0.6797105669975281,0.0044326079078018665,0.45324784691488323,0.4464658422224619,0,0
1.5620070695877075,-0.6806793808937073,0.0050165848806500435,0.4503334767386875,0.42642427819374035,0,0
1.561461329460144,-0.6817005276679993,0.005392910446971655,0.4355971507859103,0.4428799706191918,0,0
1.5608346462249756,-0.682772696018219,0.005649114027619362,0.44042409171004876,0.4212380512344154,0,0
1.5601277351379395,-0.6838942170143127,0.0058289095759391785,0.43091491833729845,0.4312135558028653,0,0
1.5593405961990356,-0.6850638389587402,0.0059582884423434734,0.4491619373325101,0.43171335453172877,0,0
1.5584741830825806,-0.6862810254096985,0.006059277802705765,0.4340241416026884,0.4402267370212506,0,0
1.557527780532837,-0.6875459551811218,0.006141726393252611,0.44235504891278743,0.4330352265221775,0,0
1.556502342224121,-0.6888597011566162,0.006212366279214621,0.43159078295236686,0.43289901024147703,0,0
1.5553964376449585,-0.6902235746383667,0.006271112710237503,0.44362829266618037,0.4438767675127197,0,0
1.5542112588882446,-0.6916394233703613,0.006316057406365871,0.43351139869126065,0.424547098497825,0,0
1.552945613861084,-0.6931090950965881,0.006350027397274971,0.4469211458644081,0.4436515232818596,0,0
1.5516009330749512,-0.6946344375610352,0.006376974750310183,0.4442363767352873,0.4359326198539575,0,0
1.5501786470413208,-0.696216881275177,0.00639703031629324,0.4324007573947613,0.43849003295388916,0,0
1.5486798286437988,-0.697857141494751,0.006411511451005936,0.44034579173235344,0.41563801096722147,0,0
1.547107219696045,-0.6995557546615601,0.006424045655876398,0.4317962670336212,0.4478917125806777,0,0
1.5454635620117188,-0.701312243938446,0.006247555837035179,0.45286916566177016,0.4236157891095105,0,0
1.5437523126602173,-0.7031234502792358,0.005961654707789421,0.4281998660304418,0.43024260571941586,0,0
1.5419793128967285,-0.7049834728240967,0.005600227043032646,0.42861327525808796,0.4292583065686987,0,0
1.5401498079299927,-0.706886351108551,0.005211468320339918,0.43089777352791414,0.42088297919875955,0,0
1.538267970085144,-0.7088268995285034,0.004840276204049587,0.42948937159715905,0.44623399813277814,0,0
1.536339282989502,-0.7108014822006226,0.0044632055796682835,0.43064887982575745,0.4322669743410453,1,1
1.5343689918518066,-0.7128074765205383,0.004102340433746576,0.4114088314017856,0.43341282352539134,0,0
1.5323618650436401,-0.7148433923721313,0.0037700384855270386,0.4203338940971652,0.4487661295440522,0,0
1.530321717262268,-0.7169079780578613,0.0034472139086574316,0.43021277035815625,0.4295451794089475,0,0
1.528251051902771,-0.718999445438385,0.0031266852747648954,0.4347482116200286,0.42117534084355074,0,0
1.526151180267334,-0.721116840839386,0.002814672887325287,0.42730255917051757,0.4217291026745248,0,0
1.5240241289138794,-0.7232592105865479,0.0025124677922576666,0.43842770660524344,0.42926035765595244,0,0
1.5218700170516968,-0.7254259586334229,0.002222764305770397,0.4344551996079342,0.4259080640708637,0,0
1.5196897983551025,-0.7276164293289185,0.0019434087444096804,0.4246420839274293,0.4165924861851574,0,0
1.5174837112426758,-0.729830801486969,0.0016795858973637223,0.42768190041628973,0.4202245493414883,0,0
1.5152531862258911,-0.7320687174797058,0.0014274397399276495,0.43827923494328586,0.4146716122271558,0,0
1.512998104095459,-0.7343297004699707,0.0011849713046103716,0.4114970020963466,0.42879888132585925,0,0
1.5107195377349854,-0.7366134524345398,0.0009538513259030879,0.42714419705133405,0.4272553377943347,0,0
1.5084176063537598,-0.7389189600944519,0.0007325595361180604,0.43263495611979363,0.42119065935185596,0,0
1.506093978881836,-0.7412456274032593,0.0005207827198319137,0.4328374101299715,0.4007533491471582,0,0
1.5037496089935303,-0.743592381477356,0.00031750494963489473,0.42969565269930454,0.4243971706394388,0,0
1.501384973526001,-0.7459585666656494,0.00011716184235410765,0.4464139530636698,0.4244086292615858,0,0
1.4990007877349854,-0.7483433485031128,-7.494374585803598e-05,0.4434041971230539,0.4441430357577011,0,0
1.496598720550537,-0.750745952129364,-0.00025853310944512486,0.4304160047782349,0.42990388165394017,0,0
1.4941802024841309,-0.7531652450561523,-0.00042849761666730046,0.4324317539318533,0.4289981772051824,0,0
1.4917466640472412,-0.7556001543998718,-0.0005823128158226609,0.4406398709397881,0.4240318552400946,0,0
1.4892984628677368,-0.7580492496490479,-0.0007211556076072156,0.4237840753017182,0.42407612319909943,0,0
1.486837387084961,-0.7605112195014954,-0.0008526070159859955,0.4275784758474123,0.43727802501236246,0,0
1.48436439037323,-0.762984573841095,-0.0009885290637612343,0.43488204599931535,0.4355294404833614,0,0
1.4818799495697021,-0.7654683589935303,-0.0011302230414003134,0.4235354631916975,0.41465622348228576,0,0
1.4793850183486938,-0.767961859703064,-0.0012702577514573932,0.43397272363977424,0.42348181027291454,0,0
1.4768801927566528,-0.7704645395278931,-0.0014053263003006577,0.4347983920079721,0.43516088857543844,0,0
1.4743670225143433,-0.7729753851890564,-0.0015290554147213697,0.4341813276099126,0.4483885631276729,0,0
1.4718458652496338,-0.7754937410354614,-0.001639936468563974,0.4166855921867966,0.430449062878761,0,0
1.4693177938461304,-0.7780187129974365,-0.0017402528319507837,0.4202595644176384,0.41855158863516384,0,0
1.4667829275131226,-0.7805494666099548,-0.0018378697568550706,0.42592547355484467,0.41326159922500055,0,0
1.4642421007156372,-0.7830857038497925,-0.0021273023448884487,0.4533297186319344,0.4232059672942339,0,0
1.4616971015930176,-0.7856245040893555,-0.002518573310226202,0.43499645359814626,0.4136208259469615,0,0
1.459150791168213,-0.7881626486778259,-0.002955032978206873,0.4366745152422642,0.4327892196900147,0,0
1.4566062688827515,-0.7906967401504517,-0.0034191329032182693,0.4336358525420613,0.43507069230172213,0,0
1.4540656805038452,-0.79322350025177,-0.00389712187461555,0.411991802811736,0.43155905375377135,0,0
1.4515304565429688,-0.79574054479599,-0.00435242522507906,0.41811984090570875,0.43818488529326133,0,0
1.4490011930465698,-0.7982457280158997,-0.004784378223121166,0.4342906703296747,0.4169848087945,0,0
1.4464781284332275,-0.8007380366325378,-0.005204184912145138,0.43739046849751084,0.41174119163927503,0,0
1.443960428237915,-0.8032177686691284,-0.005606783553957939,0.40707383323189306,0.42923378917757116,0,0
1.4414470195770264,-0.8056855797767639,-0.005991062149405479,0.42613326752311437,0.41295738252197545,1,1
1.4389365911483765,-0.8081430196762085,-0.0063570463098585606,0.4377996526334329,0.4372428656484567,0,0
1.4364275932312012,-0.8105916380882263,-0.006703030783683062,0.42816164950357266,0.4259906327072589,0,0
1.4339187145233154,-0.8130338788032532,-0.007023199461400509,0.40890698462383684,0.4140702631237071,0,0
1.4314085245132446,-0.8154723644256592,-0.007317022420465946,0.4174985559513211,0.41344048863017263,0,0
1.4288963079452515,-0.8179096579551697,-0.007591047324240208,0.41608808451887536,0.4254212117947351,0,0
1.42638099193573,-0.8203482627868652,-0.00785327423363924,0.42242443708879135,0.4250346836845197,0,0
1.423862338066101,-0.8227900266647339,-0.008111992850899696,0.41871735338681443,0.4066147535435221,0,0
1.421339988708496,-0.8252366185188293,-0.008369033224880695,0.4371080724730851,0.43455439511359073,0,0
1.418813943862915,-0.8276888132095337,-0.008618069812655449,0.40319321931872265,0.43467745666265417,0,0
1.4162840843200684,-0.8301472067832947,-0.008857873268425465,0.42219858485296086,0.4080926469615081,0,0
1.4137500524520874,-0.8326120972633362,-0.00908408872783184,0.41490117665992027,0.4162104353296961,0,0
1.4112117290496826,-0.8350841999053955,-0.00930249784141779,0.42573775999305585,0.4287537357218293,0,0
1.4086694717407227,-0.8375632166862488,-0.009511849842965603,0.41910129091497667,0.4402797388242176,0,0
1.4061228036880493,-0.8400492668151855,-0.00971127301454544,0.4227213171935942,0.4301899432085464,0,0
1.4035718441009521,-0.8425419926643372,-0.009898707270622253,0.43548712813644147,0.41624273318710486,0,0
1.4010164737701416,-0.8450412750244141,-0.010080242529511452,0.43541709167154996,0.4163918368298224,0,0
1.3984571695327759,-0.8475466370582581,-0.010254777036607265,0.4348086672450719,0.4313923962246825,0,0
1.3958938121795654,-0.85005784034729,-0.010419517755508423,0.44453104282466993,0.4221640371217364,0,0
1.3933266401290894,-0.852574348449707,-0.010577673092484474,0.4127499833228037,0.41453041062173945,0,0
1.3907557725906372,-0.8550959229469299,-0.010727262124419212,0.4393093778105453,0.42465740408530744,0,0
1.3881813287734985,-0.8576217293739319,-0.01086699403822422,0.42617605648217727,0.43313891928656073,0,0
1.3856037855148315,-0.860151469707489,-0.0109996497631073,0.41465656327964795,0.41346635900858786,0,0
1.3830229043960571,-0.8626844882965088,-0.011126828379929066,0.4299756960325804,0.4335222614078993,0,0
1.3804391622543335,-0.8652204871177673,-0.011249853298068047,0.4297405063785172,0.4234971287440522,0,0
1.3778527975082397,-0.8677593469619751,-0.011368958279490471,0.42199711824603764,0.44707169537442704,0,0
1.3752633333206177,-0.8703006505966187,-0.011485669761896133,0.4240234493407337,0.41976627831218777,0,0
1.3726710081100464,-0.8728443384170532,-0.011593864299356937,0.4193856036442937,0.43178904764895903,0,0
1.3700765371322632,-0.8753900527954102,-0.011695381253957748,0.43133423464263143,0.4418877996026888,0,0
1.367479920387268,-0.8779375553131104,-0.011793714016675949,0.41400684627083606,0.4349247151149706,0,0
1.3648810386657715,-0.8804864883422852,-0.0118862334638834,0.4292548882135052,0.4283282302821719,0,0
1.362280249595642,-0.8830368518829346,-0.011977371759712696,0.4244035042042954,0.4193724389116095,0,0
1.3596776723861694,-0.8855884075164795,-0.012064695358276367,0.4103602059618292,0.44789040610967795,0,0
1.357073187828064,-0.8881411552429199,-0.012146213091909885,0.42740403329256044,0.41945903480486046,0,0
1.3544670343399048,-0.8906946778297424,-0.012226476334035397,0.4124541914386378,0.4162132717833609,0,0
1.351859450340271,-0.8932492136955261,-0.012300225906074047,0.4167741582569187,0.43169097930631595,0,0
1.3492505550384521,-0.8958044648170471,-0.012368425726890564,0.42260243240365597,0.43323816444783947,0,0
1.3466403484344482,-0.898360550403595,-0.012437716126441956,0.41993221707980627,0.42505302096747904,0,0
1.3440289497375488,-0.9009170532226562,-0.012503549456596375,0.41464785290678097,0.4311276389445514,0,0
1.3414164781570435,-0.903473973274231,-0.012565281242132187,0.4234391106169581,0.4199342680872243,0,0
1.3388030529022217,-0.9060314893722534,-0.012621806003153324,0.41776156665593533,0.41046042148887013,1,1
1.3361886739730835,-0.9085893034934998,-0.012678108178079128,0.4255176650119803,0.42618079280286864,0,0
1.333573341369629,-0.9111471772193909,-0.012733975425362587,0.4178230310513024,0.42588725959057594,0,0
1.330957293510437,-0.9137057065963745,-0.01278390921652317,0.40050089121935845,0.41193141266080113,0,0
1.3283404111862183,-0.9162644147872925,-0.012833892367780209,0.40980708435053864,0.4146394538669521,0,0
1.3257228136062622,-0.9188231825828552,-0.012878861278295517,0.4392657693180835,0.41484471894958813,0,0
1.3231045007705688,-0.9213821291923523,-0.012924609705805779,0.4223616673395842,0.4348791894172694,0,0
1.3204857110977173,-0.9239411354064941,-0.012965118512511253,0.42600981941648275,0.40937841293607324,0,0
1.317866325378418,-0.9265002608299255,-0.013005750253796577,0.4219855499571698,0.4180542875072403,0,0
1.3152464628219604,-0.9290599226951599,-0.013045847415924072,0.42468151961091066,0.44194864474251594,0,0
1.3126261234283447,-0.9316166639328003,-0.013083432801067829,0.43234603381531106,0.4221485991781811,0,0
1.3100059032440186,-0.9341605305671692,-0.013116720132529736,0.41803138403311524,0.4030518184654036,0,0
1.3073875904083252,-0.9366756677627563,-0.013144522905349731,0.41182157025046473,0.4173733962003826,0,0
1.3047741651535034,-0.9391413927078247,-0.013166734017431736,0.42275942105814457,0.42000050839079683,0,0
1.302167534828186,-0.9415349960327148,-0.013176141306757927,0.41419621131699236,0.4338321081471376,0,0
1.2995655536651611,-0.9438326358795166,-0.01316253561526537,0.4266555921754015,0.40907411520817233,0,0
1.2969632148742676,-0.946009635925293,-0.013130526058375835,0.4250420465484711,0.4088132576421766,0,0
1.2943536043167114,-0.9480423331260681,-0.013107949867844582,0.4032425537237541,0.41214671457678903,0,0
1.2917320728302002,-0.949908971786499,-0.013126533478498459,0.42064019921686086,0.4057661736043902,0,0
1.2890986204147339,-0.9515892267227173,-0.013190403580665588,0.41997630572473565,0.41777783480307085,0,0
1.2864577770233154,-0.953065812587738,-0.013265837915241718,0.43584517121589494,0.4264635039602878,0,0
1.283814787864685,-0.954326331615448,-0.013326453976333141,0.4351080613338275,0.44018352103998026,0,0
1.2811737060546875,-0.9553632736206055,-0.013375367037951946,0.41521472189888387,0.4083400022951304,0,0
1.2785372734069824,-0.9561743140220642,-0.013432164676487446,0.42378012721869396,0.4245055766298553,0,0
1.27590811252594,-0.9567593336105347,-0.013499369844794273,0.43030483137775194,0.4160431414280802,0,0
1.2732888460159302,-0.9571217894554138,-0.013546062633395195,0.44195452870325036,0.4349930259481348,0,0
1.270680546760559,-0.9572674036026001,-0.013578295707702637,0.43753222454438023,0.4223469748189288,0,0
1.2680833339691162,-0.9572033882141113,-0.013596936129033566,0.4279451762507601,0.4149845481476752,0,0
1.265496850013733,-0.9569398760795593,-0.013609033077955246,0.436132299796877,0.4115217332886225,0,0
1.262919306755066,-0.9564874768257141,-0.013622152619063854,0.42912384082802485,0.4452190034009411,0,0
1.2603503465652466,-0.9558583498001099,-0.013637864030897617,0.42910783235100836,0.45333813189060146,0,0
1.257789969444275,-0.9550639986991882,-0.013653495348989964,0.43887545965575964,0.42841904760499444,0,0
1.2552382946014404,-0.9541149139404297,-0.013665915466845036,0.4578098458707961,0.42099347585964864,0,0
1.2526947259902954,-0.9530220627784729,-0.01367335394024849,0.4389447361837995,0.4358660972589461,0,0
1.2501578330993652,-0.9517951607704163,-0.013676783069968224,0.43347082005444143,0.4326607022744653,0,0
1.247625470161438,-0.9504451155662537,-0.013679779134690762,0.4370278717541225,0.4330049009388385,0,0
1.2450954914093018,-0.9489826560020447,-0.01368550956249237,0.45091717875744053,0.42852565537605053,0,0
1.2425661087036133,-0.9474176168441772,-0.013694818131625652,0.4477232427837597,0.43130706347215686,0,0
1.240037202835083,-0.945759117603302,-0.01370696909725666,0.4303942560842405,0.4279337556946157,0,0
1.2375086545944214,-0.9440154433250427,-0.013720880262553692,0.451145774495056,0.4358354054208431,0,0
1.2349814176559448,-0.9421935677528381,-0.013735278509557247,0.43243808947149964,0.4526824135830505,0,0
1.2324559688568115,-0.9402996301651001,-0.013749019242823124,0.47506497806823594,0.4771958421727376,0,0
1.2299326658248901,-0.9383397102355957,-0.013760964386165142,0.47644883756956047,0.46349718227896813,0,0
1.227410912513733,-0.9363196492195129,-0.013770385645329952,0.4797801966695034,0.4542243990156127,0,0
1.224889874458313,-0.9342451691627502,-0.013777757994830608,0.4830622214554231,0.47887656643186266,0,0
1.222368836402893,-0.932121217250824,-0.013784633949398994,0.4754262836566803,0.47070171714109665,0,0
1.2198472023010254,-0.9299522638320923,-0.013792240992188454,0.48413312899692973,0.47651261554940594,0,0
1.2173250913619995,-0.927742063999176,-0.013800835236907005,0.46993688872444855,0.4673026045487631,0,0
1.214802861213684,-0.9254939556121826,-0.013810083270072937,0.4795896392094699,0.46385829367519504,0,0
1.2122812271118164,-0.9232112169265747,-0.01381943840533495,0.47661870698631276,0.46447453616948253,0,0
1.2097598314285278,-0.9208968281745911,-0.013828185386955738,0.4695320645157367,0.4757058092517305,0,0
1.2072384357452393,-0.9185534119606018,-0.013835378922522068,0.499070068295007,0.5117046075694498,0,0
1.204716682434082,-0.9161839485168457,-0.013840938918292522,0.5050194708327171,0.4927431667260575,0,0
1.2021938562393188,-0.9137906432151794,-0.013845751993358135,0.49910266126013203,0.5033840167912065,0,0
1.1996698379516602,-0.9113754630088806,-0.013850890100002289,0.494035666566473,0.4990211163530339,0,0
1.1971445083618164,-0.908940315246582,-0.013856697827577591,0.48617115227627045,0.49650318584226316,0,0
1.1946183443069458,-0.9064870476722717,-0.01386306993663311,0.4949914508557305,0.5134607763819071,0,0
1.1920912265777588,-0.9040172100067139,-0.013869659043848515,0.5149051139726909,0.4991263560675082,0,0
1.189563512802124,-0.9015320539474487,-0.013876046054065228,0.5067040622115825,0.5117193896680364,0,0
1.1870347261428833,-0.8990331292152405,-0.01388157345354557,0.4983284323333269,0.5086644192383589,0,0
1.1845048666000366,-0.896521806716919,-0.013885905034840107,0.5001423035166472,0.48253992691209846,0,0
1.1819734573364258,-0.8939992785453796,-0.01388959027826786,0.5358886300544318,0.5409668091411217,0,0
1.1794406175613403,-0.8914665579795837,-0.0138933677226305,0.5438117753218665,0.5296679361906921,0,0
1.1769064664840698,-0.8889247179031372,-0.013897519558668137,0.5382235387254771,0.5327730255663086,0,0
1.1743711233139038,-0.8863744139671326,-0.013901885598897934,0.5383328882854203,0.5375111239229676,0,0
1.1718348264694214,-0.8838164806365967,-0.013906355015933514,0.5195218291432552,0.5427149070154259,0,0
1.1692975759506226,-0.8812517523765564,-0.013910803943872452,0.5295618659730794,0.5312372424368675,0,0
1.1667591333389282,-0.8786807060241699,-0.013914910145103931,0.5464390527242178,0.5456805139290747,0,0
1.1642197370529175,-0.8761039972305298,-0.013918217271566391,0.5212977551566662,0.5418472850652079,0,0
1.1616791486740112,-0.8735224008560181,-0.013921057805418968,0.5290598858654204,0.5294163372622768,0,0
1.1591378450393677,-0.87093585729599,-0.013923881575465202,0.5280484598064611,0.5374103369184475,0,0
1.1565953493118286,-0.868345320224762,-0.013926742598414421,0.5559217150923517,0.5837645243766241,0,0
1.1540520191192627,-0.8657512068748474,-0.013929733075201511,0.5741800344364083,0.5564129694861072,0,0
1.15150785446167,-0.8631533980369568,-0.013932676985859871,0.5750823907065151,0.5800639198446005,0,0
1.1489629745483398,-0.8605526685714722,-0.013935712166130543,0.5629484264288209,0.5779541436619152,0,0
1.146417498588562,-0.8579490184783936,-0.013938781805336475,0.5696686583027397,0.562985183212247,0,0
1.1438714265823364,-0.8553427457809448,-0.013941419310867786,0.5571781582302426,0.5764527266731724,0,0
1.141324520111084,-0.8527343273162842,-0.013943557627499104,0.5733495738018652,0.5626262293577129,0,0
1.1387771368026733,-0.8501238822937012,-0.0139455646276474,0.5754119395969118,0.5663197444877976,0,0
1.1362290382385254,-0.8475115895271301,-0.013947723433375359,0.5733504130862466,0.5945892310122973,0,0
1.1336802244186401,-0.8448975682258606,-0.01394976768642664,0.5824816822409388,0.5661817581169235,0,0
1.1311310529708862,-0.8422820568084717,-0.013951771892607212,0.6031963639498827,0.596249095356864,0,0
1.1285815238952637,-0.8396652340888977,-0.013953684829175472,0.5945606943068491,0.6232952381588743,0,0
1.1260316371917725,-0.8370471596717834,-0.013955709524452686,0.6047004788059532,0.614910997460324,0,0
1.1234813928604126,-0.8344278931617737,-0.013957660645246506,0.5925961037275561,0.620134714006999,0,0
1.1209304332733154,-0.8318074345588684,-0.013959172181785107,0.6061853355016888,0.5988026767663419,0,0
1.1183791160583496,-0.8291863203048706,-0.013960704207420349,0.6090812761092699,0.6221191706331335,0,0
1.1158274412155151,-0.8265643119812012,-0.013961871154606342,0.5877233435477524,0.6311988194265772,0,0
1.1132757663726807,-0.8239415884017944,-0.013963095843791962,0.6159499368896028,0.5969742361619337,0,0
1.110723614692688,-0.8213180899620056,-0.013964482583105564,0.6150743772866061,0.6043714066120692,0,0
1.1081711053848267,-0.8186939358711243,-0.013965575024485588,0.5925142615274762,0.5960742069588527,0,0
1.1056185960769653,-0.8160691261291504,-0.013966726139187813,0.6686577642657446,0.6447641017026174,0,0
1.1030654907226562,-0.8134440779685974,-0.01396784745156765,0.6421131840157263,0.64499460509409,0,0
1.1005123853683472,-0.8108182549476624,-0.013968909159302711,0.6528982363613564,0.6475124556459461,0,0
1.0979589223861694,-0.8081923723220825,-0.01396992802619934,0.6486846465847402,0.6391231644067262,0,0
1.0954053401947021,-0.8055657148361206,-0.013970889151096344,0.6610158118398987,0.6428368951231473,0,0
1.0928514003753662,-0.8029389977455139,-0.013971849344670773,0.6478600976797579,0.6240912171159637,0,0
1.0902974605560303,-0.8003119826316833,-0.013972382992506027,0.6306610624721682,0.633202315097207,0,0
1.0877434015274048,-0.7976845502853394,-0.013973033055663109,0.6552051351586586,0.6570845966163953,0,0
1.0851891040802002,-0.7950570583343506,-0.01397374365478754,0.649563051791323,0.6491604443625019,0,0
1.0826348066329956,-0.7924293279647827,-0.013974422588944435,0.6613356129413216,0.6530460464285307,0,0
1.080080270767212,-0.7898013591766357,-0.013975058682262897,0.6825876447981971,0.6692328526928731,0,0
1.0775254964828491,-0.7871730923652649,-0.013975635170936584,0.684196628114462,0.6767810492356907,0,0
1.0749708414077759,-0.7845447659492493,-0.013976167887449265,0.6718212297557393,0.690633291869509,0,0
1.072416067123413,-0.7819162011146545,-0.013976700603961945,0.6697155229506817,0.6705946956296456,0,0
1.0698611736297607,-0.7792876362800598,-0.0139772929251194,0.6804543017291157,0.689244843615721,0,0
1.0673062801361084,-0.7766589522361755,-0.01397801749408245,0.6997124508750718,0.68412721856331,0,0
1.0647512674331665,-0.7740301489830017,-0.013978831470012665,0.6984555692760567,0.693560814527431,0,0
1.062196135520935,-0.7714012861251831,-0.013978831470012665,0.7001616665745162,0.6903956309023566,0,0
1.0596410036087036,-0.7687724232673645,-0.013978831470012665,0.6885644252363691,0.6882272752410249,0,0
1.057085633277893,-0.7661435604095459,-0.013978831470012665,0.6847002906049957,0.6649858507913993,0,0
1.0545305013656616,-0.7635145783424377,-0.013978831470012665,0.7195323826454912,0.7125013775451855,0,0
1.051975131034851,-0.7608855366706848,-0.013978831470012665,0.7176705976755647,0.7122654387695904,0,0
1.0494197607040405,-0.7582564353942871,-0.013978831470012665,0.7143353634219002,0.7094964897269196,0,0
1.04686439037323,-0.7556273341178894,-0.013978831470012665,0.7005088625225131,0.7109642647455768,0,0
1.0443089008331299,-0.7529981136322021,-0.013978831470012665,0.712656946705385,0.6916510297141426,0,0
1.0417532920837402,-0.7503688931465149,-0.013978831470012665,0.7308597568229829,0.6971174409675025,0,0
1.039197564125061,-0.7477396130561829,-0.013978831470012665,0.718993666727705,0.7070210785485638,0,0
1.0366419553756714,-0.7451103329658508,-0.013978831470012665,0.7285214228370026,0.7331958032951892,0,0
1.0340862274169922,-0.7424808740615845,-0.013978831470012665,0.7286241481131139,0.7131546858212684,0,0
1.0315303802490234,-0.7398514747619629,-0.013978831470012665,0.7222582679070813,0.7199962141094314,0,0
1.0289745330810547,-0.7372220158576965,-0.013978831470012665,0.7508511405071852,0.7465048936433635,0,0
1.0264184474945068,-0.7345925569534302,-0.013978831470012665,0.7532509079952375,0.7573782883250567,0,0
1.023862361907959,-0.731963038444519,-0.013978831470012665,0.7665454805464014,0.7566771334794956,0,0
1.0213062763214111,-0.7293333411216736,-0.013978831470012665,0.7561810304803259,0.7582713566240136,0,0
1.0187503099441528,-0.7267037034034729,-0.013978831470012665,0.7730991128557011,0.7548145124260986,0,0
1.0161939859390259,-0.7240740656852722,-0.013978831470012665,0.7529375252617095,0.7533224810222455,0,0
1.0136377811431885,-0.721444308757782,-0.013978831470012665,0.758232983906641,0.7557816008905593,0,0
1.0110816955566406,-0.718814492225647,-0.013978831470012665,0.7603678359090665,0.7724592883934609,0,0
1.0085254907608032,-0.7161846160888672,-0.013978831470012665,0.7551057452771303,0.7552428439905429,0,0
1.0059691667556763,-0.7135546803474426,-0.013978831470012665,0.7488325726570909,0.7613533659892004,0,0
1.0034127235412598,-0.7109248042106628,-0.013978831470012665,0.7671140975625572,0.8010573638991454,0,0
1.0008562803268433,-0.7082948088645935,-0.013978976756334305,0.7971329918700549,0.8028304334501695,0,0
0.9982997179031372,-0.705664873123169,-0.013979092240333557,0.8069558874292252,0.7874557929216296,0,0
0.9957430958747864,-0.7030348181724548,-0.013979162089526653,0.7951009617200399,0.7962000049024748,0,0
0.9931864738464355,-0.7004047632217407,-0.013979162089526653,0.7816270756950608,0.7868946249315424,0,0
0.9906298518180847,-0.6977748274803162,-0.013979162089526653,0.7966046354321072,0.7864373921324541,0,0
0.9880732893943787,-0.6951448321342468,-0.013979162089526653,0.8035467067632159,0.804513156303703,0,0
0.9855166077613831,-0.692514955997467,-0.013979162089526653,0.793719672157202,0.7917371835888996,0,0
0.982960045337677,-0.6898850202560425,-0.013979162089526653,0.7968371549277934,0.7967808077696309,0,0
0.980403482913971,-0.6872550845146179,-0.013979162089526653,0.7970877708645691,0.7837999952714501,0,0
0.9778468608856201,-0.6846251487731934,-0.013979162089526653,0.5210082392382053,0.5062304283783452,0,0
0.9752902388572693,-0.6819952130317688,-0.013979162089526653,0.4829903975603105,0.49527607699974197,0,0
0.9727335572242737,-0.6793652772903442,-0.013979162089526653,0.5039963794087176,0.5203068021896854,0,0
0.9701768755912781,-0.6767354011535645,-0.013979162089526653,0.505848084731359,0.5244864331222256,0,0
0.9676202535629272,-0.6741055250167847,-0.013979162089526653,0.49622741205418164,0.4986676104160328,0,0
0.9650634527206421,-0.6714756488800049,-0.013979162089526653,0.4906049030549056,0.5140361745758855,0,0
0.9625067114830017,-0.6688457727432251,-0.013979162089526653,0.4956448623116909,0.4969749882488866,0,0
0.9599500298500061,-0.6662158966064453,-0.013979162089526653,0.503634581366991,0.502013009886581,0,0
0.9573933482170105,-0.6635860800743103,-0.013979162089526653,0.5081705892260597,0.5035165486706237,0,0
0.9548366069793701,-0.6609563231468201,-0.013979162089526653,0.5008526858283284,0.508757801541008,0,0
0.9522799253463745,-0.6583265066146851,-0.013979162089526653,0.48275766776749285,0.4909047952725225,0,0
0.9497230648994446,-0.65569669008255,-0.013979162089526653,0.5016600805862986,0.497554677378382,0,0
0.9471662044525146,-0.6530669331550598,-0.013979162089526653,0.48606034172641877,0.4928883485629754,0,0
0.9446093440055847,-0.6504371166229248,-0.013979162089526653,0.48981558993250274,0.491619823999927,0,0
0.94205242395401,-0.6478073596954346,-0.013979162089526653,0.4958373789246446,0.5074840695814132,0,0
0.9394956231117249,-0.6451775431632996,-0.013979162089526653,0.48678266964597566,0.492083083358732,0,0
0.9369387030601501,-0.6425477862358093,-0.013979162089526653,0.5132358037649157,0.4954378166581454,0,0
0.9343819618225098,-0.6399179697036743,-0.013979162089526653,0.5014610942362674,0.4886743492853719,0,0
0.9318251013755798,-0.6372882723808289,-0.013979162089526653,0.506317704677796,0.49817913912769574,0,0
0.9292681813240051,-0.6346585154533386,-0.013979162089526653,0.5089086098170854,0.4814049356013619,0,0
0.9267113208770752,-0.6320288181304932,-0.013979162089526653,0.4946077468767028,0.5082880706413258,0,0
0.9241544008255005,-0.6293990612030029,-0.013979162089526653,0.4879553353612032,0.4865466765935701,0,0
0.921597421169281,-0.6267693042755127,-0.013979162089526653,0.514828309615831,0.5191700569049508,0,0
0.9190404415130615,-0.624139666557312,-0.013979162089526653,0.5148728954768819,0.49982677962590927,0,0
0.9164834022521973,-0.6215100884437561,-0.013979162089526653,0.50693558282858,0.5029847441037385,0,0
0.913926362991333,-0.6188804507255554,-0.013979162089526653,0.5012398933005588,0.4956259318982502,0,0
0.9113693237304688,-0.6162508130073547,-0.013979162089526653,0.49727442813642,0.5027537662496505,0,0
0.9088123440742493,-0.613621175289154,-0.013979162089526653,0.4999418412384366,0.5202956559063248,0,0
0.906255304813385,-0.6109915375709534,-0.013979162089526653,0.476843621926037,0.5013403434105526,0,0
0.9036983251571655,-0.6083619594573975,-0.013979162089526653,0.5178460112934282,0.5033322695877455,0,0
0.9011412858963013,-0.6057323217391968,-0.013979162089526653,0.495743241298461,0.5015029760627318,0,0
0.8985843062400818,-0.6031027436256409,-0.013979162089526653,0.49984487090247975,0.5161098033888607,0,0
0.8960272073745728,-0.6004732251167297,-0.013979162089526653,0.49463756393115077,0.49815864837485807,0,0
0.8934701681137085,-0.5978436470031738,-0.013979162089526653,0.48573262078172774,0.4858140070344632,0,0
0.8909133076667786,-0.5952140688896179,-0.013979162089526653,0.4923475098510566,0.5124494411972015,0,0
0.8883562684059143,-0.5925846099853516,-0.013979162089526653,0.507704236998897,0.5016905076533626,0,0
0.88579922914505,-0.5899550318717957,-0.013979162089526653,0.492086616319497,0.4961300301571423,0,0
0.883242130279541,-0.5873255133628845,-0.013979162089526653,0.48851865651564624,0.5190621942688574,0,0
0.8806849122047424,-0.5846959352493286,-0.013979162089526653,0.48210342726771555,0.49790005293738915,0,0
0.8781278133392334,-0.5820664167404175,-0.013979162089526653,0.5069803817168098,0.48225217121614505,0,0
0.8755706548690796,-0.5794369578361511,-0.013979162089526653,0.49449912152950953,0.497212382703241,0,0
0.8730134963989258,-0.5768074989318848,-0.013979162089526653,0.49533065045769,0.49373421317044347,0,0
0.8704563975334167,-0.5741780400276184,-0.013979162089526653,0.5009682746321579,0.5047351885906267,0,0
0.8678992986679077,-0.571548581123352,-0.013979162089526653,0.4943504557400102,0.5047550972821984,0,0
0.8653420209884644,-0.5689191222190857,-0.013979162089526653,0.47854427240319375,0.5069778518313743,0,0
0.8627848029136658,-0.5662896633148193,-0.013979162089526653,0.48276405335712397,0.5156265761089968,0,0
0.8602275848388672,-0.563660204410553,-0.013979162089526653,0.5060429076611481,0.4901700798040495,0,0
0.8576703667640686,-0.5610308647155762,-0.013979162089526653,0.5151846910529756,0.4999864551970846,0,0
0.8551130294799805,-0.5584014058113098,-0.013979162089526653,0.515681207474666,0.4888806687565151,0,0
0.8525557518005371,-0.5557720065116882,-0.013979162089526653,0.49934985915379965,0.5010721673546592,0,0
0.8499985337257385,-0.5531426072120667,-0.013979162089526653,0.49091247275109556,0.4980498975907148,0,0
0.8474413752555847,-0.5505132675170898,-0.013979162089526653,0.5079184101500519,0.5127476787682776,0,0
0.8448839783668518,-0.5478838682174683,-0.013979162089526653,0.5109546878290419,0.5004190458822676,0,0
0.8423266410827637,-0.5452545285224915,-0.013979162089526653,0.508402539593329,0.5015027836280902,0,0
0.8397693634033203,-0.5426251888275146,-0.013979162089526653,0.49256370691742796,0.5054551266473396,0,0
0.8372120261192322,-0.5399958491325378,-0.013979162089526653,0.4914199402719383,0.49262481466669855,0,0
0.8346546292304993,-0.537366509437561,-0.013979162089526653,0.4900774371781333,0.4938724936850396,0,0
0.8320973515510559,-0.5347371697425842,-0.013979162089526653,0.49499345534752165,0.5056224465282443,0,0
0.8295400738716125,-0.5321078300476074,-0.013979162089526653,0.5068467649419893,0.5046642485977545,0,0
0.8269825577735901,-0.5294786095619202,-0.013979162089526653,0.49993246631324567,0.5069578181071568,0,0
0.8244251608848572,-0.5268493294715881,-0.013979162089526653,0.47409943555683104,0.49813468248467213,0,0
0.8218678832054138,-0.5242201089859009,-0.013979162089526653,0.50933958395939,0.49374436670309796,0,0
0.8193103671073914,-0.5215908885002136,-0.013979162089526653,0.5000113954118363,0.5053126745567147,0,0
0.8167529106140137,-0.5189616680145264,-0.013979162089526653,0.48544611386867453,0.515006435701486,0,0
0.8141955137252808,-0.5163324475288391,-0.013979162089526653,0.493727766482664,0.49550135248565036,0,0
0.8116379380226135,-0.5137032270431519,-0.013979162089526653,0.5027188410060572,0.49478525103684506,0,0
0.8090804219245911,-0.5110740661621094,-0.013979162089526653,0.4984153791339469,0.4924018581398096,0,0
0.8065231442451477,-0.5084447860717773,-0.013979162089526653,0.5040195563835196,0.504157926884497,0,0
0.8039656281471252,-0.5058156251907349,-0.013979162089526653,0.4986734793273014,0.49508758519528023,0,0
0.8014081120491028,-0.5031863451004028,-0.013979162089526653,0.48485912745400295,0.5192113532982559,0,0
0.7988507151603699,-0.5005571246147156,-0.013979162089526653,0.49719481292685686,0.4910611751657878,0,0
0.7962931394577026,-0.4979279339313507,-0.013979162089526653,0.4760690685341775,0.48676040263347786,0,0
0.7937355637550354,-0.49529874324798584,-0.013979162089526653,0.500400404255739,0.5016564924750665,0,0
0.7911781072616577,-0.4926695227622986,-0.013979162089526653,0.5220229596461519,0.520407869174804,0,0
0.7886205315589905,-0.4900403320789337,-0.013979162089526653,0.49326370274885817,0.5059035185363365,0,0
0.7860629558563232,-0.48741117119789124,-0.013979162089526653,0.4993008974241536,0.49745856072435557,0,0
0.7835054397583008,-0.48478201031684875,-0.013979162089526653,0.5125335969920729,0.4995402843664676,0,0
0.7809478044509888,-0.48215287923812866,-0.013979162089526653,0.5028002892790047,0.5161788845046049,0,0
0.7783902287483215,-0.47952374815940857,-0.013979162089526653,0.5074401914616317,0.5148625057376155,0,0
0.7758326530456543,-0.4768946170806885,-0.013979162089526653,0.4979594856965163,0.48136275392024674,0,0
0.7732750177383423,-0.474265456199646,-0.013979162089526653,0.4895789391773666,0.5077178273809421,0,0
0.7707175612449646,-0.4716363847255707,-0.013979162089526653,0.5075476331856503,0.49506136926970584,0,0
0.7681598663330078,-0.4690072536468506,-0.013979162089526653,0.49977175322461426,0.49212739999246685,0,0
0.7656021118164062,-0.4663781225681305,-0.013979162089526653,0.482901683654554,0.499510462037897,0,0
0.7630445957183838,-0.4637490510940552,-0.013979162089526653,0.5032502902025777,0.4936032956242907,0,0
0.7604869604110718,-0.46112000942230225,-0.013979162089526653,0.4933926586284459,0.5097948269822131,0,0
0.7579292058944702,-0.4584909677505493,-0.013979162089526653,0.5077809418060856,0.490779695975046,0,0
0.7553717494010925,-0.455861896276474,-0.013979162089526653,0.5142382209583618,0.5043886132439607,0,0
0.752813994884491,-0.45323285460472107,-0.013979162089526653,0.5081315382535738,0.484391388231778,0,0
0.750256359577179,-0.45060381293296814,-0.013979162089526653,0.513222737754269,0.4906885595795069,0,0
0.7476986050605774,-0.44797483086586,-0.013979162089526653,0.49178615959094224,0.4971053377909962,0,0
0.745140790939331,-0.44534578919410706,-0.013979162089526653,0.5030322206418861,0.508558593122692,0,0
0.742583155632019,-0.4427167475223541,-0.013979162089526653,0.4948029702977796,0.5085964031877791,0,0
0.7400253415107727,-0.4400877058506012,-0.013979162089526653,0.495251308156009,0.5143139805475558,0,0
0.7374677062034607,-0.43745872378349304,-0.013979162089526653,0.49912702630605477,0.492350336280945,0,0
0.7349097728729248,-0.43482980132102966,-0.013979162089526653,0.4921534362980411,0.4900537423171958,0,0
0.7323521971702576,-0.4322008490562439,-0.013979162089526653,0.507363810588532,0.4975359863306362,0,0
0.7297945022583008,-0.42957189679145813,-0.013979162089526653,0.4972109735532744,0.5017482854261613,0,0
0.7272366881370544,-0.42694291472435,-0.013979162089526653,0.4719741081805112,0.4837758615421885,0,0
0.7246789932250977,-0.4243139326572418,-0.013979162089526653,0.49885014721243676,0.5112222552368567,0,0
0.7221212387084961,-0.42168495059013367,-0.013979162089526653,0.4894380570490667,0.48178328784936286,0,0
0.7195634841918945,-0.4190559685230255,-0.013979162089526653,0.5011192577015819,0.5145401284486846,0,0
0.7170056104660034,-0.4164270758628845,-0.013979162089526653,0.5101672292975974,0.5044325620491684,0,0
0.7144477963447571,-0.41379815340042114,-0.013979162089526653,0.5087357307253836,0.5025495927843209,0,0
0.7118899822235107,-0.41116923093795776,-0.013979162089526653,0.5200068248880001,0.508933632475508,0,0
0.7093322277069092,-0.408540278673172,-0.013979162089526653,0.49694694657486294,0.49303027633858737,0,0
0.7067744135856628,-0.405911386013031,-0.013979162089526653,0.49566133480067576,0.503593070245232,0,0
0.704216718673706,-0.4032825529575348,-0.013979162089526653,0.5097545423164836,0.49751216630274975,0,0
0.7016588449478149,-0.4006536602973938,-0.013979162089526653,0.5041895182734023,0.4894715915640183,0,0
0.6991009712219238,-0.3980247974395752,-0.013979162089526653,0.5092485874434778,0.4703495206530781,0,0
0.6965431571006775,-0.3953959047794342,-0.013979162089526653,0.4980106177226123,0.4923756694975095,0,0
0.6939852237701416,-0.3927670121192932,-0.013979162089526653,0.4880163043336997,0.4920996754206848,0,0
0.69142746925354,-0.3901381194591522,-0.013979162089526653,0.4962794848397056,0.4991416128103955,0,0
0.6888694763183594,-0.387509286403656,-0.013979162089526653,0.5101007633959825,0.5065941522691947,0,0
0.686311662197113,-0.3848804533481598,-0.013979162089526653,0.49628558971192277,0.5090569430885868,0,0
0.6837536692619324,-0.38225167989730835,-0.013979162089526653,0.48232858688372265,0.4935954138752175,0,0
0.681195855140686,-0.37962284684181213,-0.013979162089526653,0.49460729176395635,0.5043720821640382,0,0
0.6786378622055054,-0.3769940733909607,-0.013979162089526653,0.48449010643966306,0.49490844411149526,-1,-1
0.6760798096656799,-0.37436527013778687,-0.01444238517433405,0.491099772007015,0.49720075566876687,0,0
0.6735234260559082,-0.37173664569854736,-0.015620660036802292,0.5226318876822135,0.5045416440698504,0,0
0.6709742546081543,-0.3691082000732422,-0.017648296430706978,0.4868100973893794,0.4949562687273489,0,0
0.6684403419494629,-0.36647966504096985,-0.020576095208525658,0.5024197604733458,0.5080780295000629,0,0
0.6659326553344727,-0.36385050415992737,-0.024429593235254288,0.48706844607940947,0.4917149107883795,0,0
0.6634626388549805,-0.3612211048603058,-0.02918606624007225,0.5088185790219767,0.5165575013825987,0,0
0.6610445976257324,-0.3585922420024872,-0.03484112024307251,0.4944728744854993,0.49955100995979296,0,0
0.6586929559707642,-0.3559652268886566,-0.04135707765817642,0.495207659769159,0.49259286612585323,0,0
0.6564227938652039,-0.35334092378616333,-0.048707783222198486,0.5176056056343858,0.5028737488844679,0,0
0.6542471051216125,-0.3507222533226013,-0.05684554949402809,0.4955566340643507,0.4864503682592954,0,0
0.6521791219711304,-0.34811243414878845,-0.06574665755033493,0.4997715357174684,0.48941015404486576,0,0
0.6502305865287781,-0.34551697969436646,-0.07538069784641266,0.5082075812897302,0.500331504987706,0,0
0.6484124660491943,-0.34294113516807556,-0.08571193367242813,0.5118865192126821,0.5098676227576698,0,0
0.6467331647872925,-0.34039220213890076,-0.09671127051115036,0.5054555652717468,0.5009861003500001,0,0
0.6452009677886963,-0.3378778100013733,-0.10834626108407974,0.5004687096701258,0.49864600415176086,0,0
0.6438207626342773,-0.3354066014289856,-0.12058109045028687,0.5012345237919209,0.5120618978596464,0,0
0.6425967812538147,-0.33298778533935547,-0.13339993357658386,0.49437796963288,0.5072873490108393,0,0
0.6415299773216248,-0.3306310772895813,-0.1467665284872055,0.4912762381822178,0.49323444911026376,0,0
0.6406205296516418,-0.32834774255752563,-0.16069810092449188,0.5116544610765225,0.49961013977118796,0,0
0.6398671269416809,-0.32614824175834656,-0.17510046064853668,0.48655257852380596,0.49748335090271556,0,0
0.6392664909362793,-0.32404375076293945,-0.19002316892147064,0.5039630240348404,0.5076595565183777,0,0
0.6388150453567505,-0.3220439553260803,-0.20533251762390137,0.5003328978106744,0.5026281024923187,0,0
0.6385064721107483,-0.3201577365398407,-0.22107695043087006,0.5107459046870765,0.49507648385807795,0,0
0.6383323669433594,-0.318393737077713,-0.23723866045475006,0.5062340708459213,0.4872355338690486,0,0
0.6382830739021301,-0.31675878167152405,-0.253813773393631,0.5169026401097653,0.4990364305376642,0,0
0.6383461952209473,-0.31525930762290955,-0.27070221304893494,0.495273133528052,0.5142921103559834,0,0
0.6385090351104736,-0.3139009177684784,-0.2879333794116974,0.5048465562493438,0.5024949457658789,0,0
0.6387582421302795,-0.3126879334449768,-0.30549541115760803,0.4932310880993431,0.5026972541349396,0,0
0.6390796303749084,-0.31162360310554504,-0.32336103916168213,0.5096681222786396,0.48753923232550883,0,0
0.6394592523574829,-0.31070977449417114,-0.34152522683143616,0.5116002238875258,0.4930492522174215,0,0
0.6398831605911255,-0.30994653701782227,-0.3599722683429718,0.4831687934017314,0.48866381675716425,0,0
0.6403377056121826,-0.30933213233947754,-0.37867462635040283,0.4972265992831552,0.47643762915187626,0,0
0.6408092379570007,-0.3088628351688385,-0.39761438965797424,0.4977756906210146,0.4938802495109994,0,0
0.6412848234176636,-0.3085330128669739,-0.41676419973373413,0.5059874386318228,0.5042076911669987,0,0
0.6417517066001892,-0.30833539366722107,-0.4361030161380768,0.5038667152867434,0.4996984249533856,0,0
0.6421979665756226,-0.3082612454891205,-0.4556141793727875,0.4852608143820323,0.49428304504228565,0,0
0.6426118016242981,-0.3083001673221588,-0.4752711355686188,0.5064559244812981,0.5054614882582842,0,0
0.6429828405380249,-0.30844083428382874,-0.4950573146343231,0.5021684874148716,0.49178766837758225,0,0
0.6433014869689941,-0.30867069959640503,-0.5149507522583008,0.5011654833454849,0.4982640316549592,0,0
0.6435592174530029,-0.3089762032032013,-0.5349335074424744,0.5045420553791552,0.49523226409871585,0,0
0.6437487602233887,-0.3093435764312744,-0.5549936890602112,0.4972458560275565,0.5019750088255853,0,0
0.6438653469085693,-0.30975833535194397,-0.5751152038574219,0.49547383027967673,0.5052550797207187,0,0
0.6439065933227539,-0.3102051019668579,-0.5952742695808411,0.4871478810393286,0.48754855547245735,0,0
0.6438713669776917,-0.3106677234172821,-0.6154469847679138,0.489422742939163,0.49599171051919416,0,0
0.6437602639198303,-0.311131089925766,-0.6356467008590698,0.49503883765118445,0.49890098054230364,0,0
0.6435768008232117,-0.3115820586681366,-0.6558710336685181,0.5190263882906574,0.4961110491240015,0,0
0.6433284282684326,-0.3120088279247284,-0.6760833263397217,0.5019209085571484,0.5088601977719727,0,0
0.6430248618125916,-0.3124001622200012,-0.6962743401527405,0.48566000398045706,0.520077552944198,0,0
0.6426764130592346,-0.3127462565898895,-0.71645188331604,0.5089617368710301,0.5163470269106604,0,0
0.6422931551933289,-0.3130408227443695,-0.7366279363632202,0.49906973375979113,0.4835475933899219,0,0
0.6418856382369995,-0.3132818341255188,-0.7567765712738037,0.4992170211903006,0.4916066637319312,0,0
0.64146488904953,-0.313469797372818,-0.7768699526786804,0.5016101837192586,0.50147237607227,0,0
0.6410415768623352,-0.3136066496372223,-0.796901524066925,0.5046232580396824,0.5008271797951614,0,0
0.6406249403953552,-0.31369465589523315,-0.8168660998344421,0.4970911249826919,0.4994379788936401,0,0
0.6402214765548706,-0.31373703479766846,-0.8367574214935303,0.5140361083881015,0.4845011878865517,0,0
0.6398361921310425,-0.31373798847198486,-0.8565511703491211,0.506509308227726,0.506183925968217,0,0
0.6394728422164917,-0.31370294094085693,-0.8762377500534058,0.5199856639798215,0.4986621926602365,0,0
0.6391345262527466,-0.31363803148269653,-0.8958016037940979,0.5019004291537416,0.5044821952238822,0,0
0.6388237476348877,-0.3135491907596588,-0.9152302742004395,0.4906668553088493,0.5046222585750185,0,0
0.6385425925254822,-0.313441663980484,-0.9345189332962036,0.4966715057606628,0.5034007975648431,0,0
0.6382917761802673,-0.3133198022842407,-0.9536535739898682,0.4910682076407718,0.4989207237072403,0,0
0.6380712389945984,-0.3131870925426483,-0.9726282358169556,0.489368622388431,0.4909435386684965,0,0
0.6378797292709351,-0.31304672360420227,-0.9914313554763794,0.4958259507304709,0.49011215039030875,0,0
0.6377156376838684,-0.3129018247127533,-1.0100514888763428,0.4943805667441711,0.5001520109231709,0,0
0.6375768184661865,-0.31275561451911926,-1.0284779071807861,0.514388374583997,0.5091407323774193,0,0
0.6374610066413879,-0.3126111924648285,-1.0467026233673096,0.49582187288141744,0.5004581469959433,0,0
0.6373662352561951,-0.3124715983867645,-1.0647157430648804,0.48376367911053936,0.4917306015172783,0,0
0.6372902989387512,-0.3123392164707184,-1.0825152397155762,0.49674196246119606,0.501991444931922,0,0
0.6372315883636475,-0.312215656042099,-1.1000909805297852,0.4933942022115003,0.47755478505402804,0,0
0.6371886134147644,-0.31210193037986755,-1.117434024810791,0.5059271437569175,0.4779177916050321,0,0
0.6371597051620483,-0.31199851632118225,-1.134536862373352,0.5032284213171219,0.49834290870184816,0,0
0.6371431350708008,-0.3119054436683655,-1.1513926982879639,0.4981009294424653,0.4885007558265431,0,0
0.6371371746063232,-0.3118223547935486,-1.1679943799972534,0.5019755138673163,0.5074718470679257,0,0
0.6371397376060486,-0.3117487132549286,-1.1843377351760864,0.49320679917786,0.4952324192958808,0,0
0.637148916721344,-0.311683714389801,-1.2004179954528809,0.4897571218574523,0.5028359857661723,0,0
0.6371627449989319,-0.3116266429424286,-1.216230034828186,0.4886795845051328,0.5053832449065863,0,0
0.6371794939041138,-0.31157705187797546,-1.231767177581787,0.5072597441613774,0.4928776135105754,0,0
0.6371974945068359,-0.3115343451499939,-1.247024655342102,0.5155438259082947,0.5089187847100304,0,0
0.6372153162956238,-0.3114981949329376,-1.2620017528533936,0.49692227796059885,0.4838361086472486,0,0
0.6372321844100952,-0.3114681839942932,-1.276692509651184,0.48814461053591957,0.4973875881297472,0,0
0.6372469067573547,-0.3114439845085144,-1.291091799736023,0.5077007216163631,0.5080664192284162,0,0
0.6372592449188232,-0.31142523884773254,-1.3051981925964355,0.48886147979728806,0.4999495144088927,0,0
0.6372687816619873,-0.31141161918640137,-1.3190109729766846,0.4995980936460987,0.5041026221170897,0,0
0.6372756958007812,-0.31140273809432983,-1.3325297832489014,0.49370774978278015,0.5019795688200135,0,0
0.6372801065444946,-0.31139805912971497,-1.3457485437393188,0.5016502402150304,0.5021115783957658,0,0
0.6372822523117065,-0.3113970458507538,-1.358661413192749,0.5021872626884373,0.505539907213144,0,0
0.6372824907302856,-0.31139907240867615,-1.371274709701538,0.49739163473427755,0.48274013421292483,0,0
0.6372812390327454,-0.3114035129547119,-1.383588194847107,0.4910790336075299,0.5032105663407259,0,0
0.6372788548469543,-0.31140971183776855,-1.395595669746399,0.5140495223935663,0.5026439337492217,0,0
0.6372758746147156,-0.3114170432090759,-1.4072980880737305,0.5123757139473314,0.4692869811627353,0,0
0.6372724175453186,-0.3114248514175415,-1.4186949729919434,0.49641989226991273,0.491192333068924,0,0
0.6372687816619873,-0.31143248081207275,-1.4297924041748047,0.49095973302282164,0.48756853365368913,0,0
0.6372653245925903,-0.3114396035671234,-1.440584659576416,0.4894425136264822,0.49764369517276064,0,0
0.6372620463371277,-0.3114457130432129,-1.4510775804519653,0.48879924506015093,0.48259242694318455,0,0
0.6372590661048889,-0.3114504814147949,-1.4612704515457153,0.5010800438203807,0.4897235429606773,0,0
0.6372565031051636,-0.31145375967025757,-1.4711635112762451,0.5177748033347871,0.5126930963773181,0,0
0.6372544169425964,-0.3114553391933441,-1.4807569980621338,0.4837189477515762,0.5033246274547392,0,0
0.637252688407898,-0.3114553391933441,-1.4900572299957275,0.49795977958477455,0.48962907556417673,0,0
0.6372513771057129,-0.3114537000656128,-1.4990631341934204,0.5111872901524567,0.5078267300933221,0,0
0.6372503638267517,-0.3114506006240845,-1.507781744003296,0.510590725476555,0.5078041065919775,0,0
0.6372495889663696,-0.3114462196826935,-1.5162129402160645,0.49988925151479585,0.4970690090103857,0,0
0.6372491121292114,-0.3114407956600189,-1.5243561267852783,0.493117225724096,0.49307273724330747,0,0
0.6372488737106323,-0.3114345669746399,-1.5322177410125732,0.49449607827016284,0.5020030877750733,0,0
0.6372488737106323,-0.3114277720451355,-1.5398038625717163,0.522367989146445,0.5144582038012738,0,0
0.6372491717338562,-0.3114207088947296,-1.5471142530441284,0.5035649181954318,0.5124964143633182,0,0
0.6372497081756592,-0.3114135265350342,-1.5541552305221558,0.5032614788181641,0.5099758910442479,0,0
0.637250542640686,-0.3114064633846283,-1.5609263181686401,0.5151223198676789,0.49775821327511616,0,0
0.6372516751289368,-0.31139957904815674,-1.567434310913086,0.4965816492993448,0.5071321722411638,0,0
0.6372532844543457,-0.3113929033279419,-1.5736733675003052,0.48967488310061896,0.5156745938031246,0,0
0.6372537612915039,-0.3113882541656494,-1.5796470642089844,0.5117432790505435,0.49813718355578807,0,0
0.637248158454895,-0.3113901913166046,-1.5853559970855713,0.5058363549861754,0.4838161614893873,0,0
0.6372285485267639,-0.3114052712917328,-1.590818166732788,0.5054315491542715,0.49017175389790707,0,0
0.6371846199035645,-0.31144091486930847,-1.596057415008545,0.49995278813170363,0.5198701262313388,0,0
0.6371047496795654,-0.3115062415599823,-1.60106360912323,0.4943291463143079,0.5070417403445271,0,0
0.6369751691818237,-0.311612069606781,-1.6058039665222168,0.5032534227914033,0.5084340999054653,0,0
0.6367793083190918,-0.31176871061325073,-1.6102869510650635,0.5068883079048405,0.511877181472466,0,0
0.6365002989768982,-0.31198421120643616,-1.6145654916763306,0.5034439388100124,0.4791308572073326,0,0
0.6361234188079834,-0.31226566433906555,-1.6186596155166626,0.4969865408607539,0.5043709835709037,0,0
0.6356365084648132,-0.31262102723121643,-1.6225348711013794,0.5047242645009777,0.5067170043248207,0,0
0.6350287795066833,-0.3130587637424469,-1.6261767148971558,0.5023173204556273,0.49851982753088586,0,0
0.6342910528182983,-0.31358641386032104,-1.6296284198760986,0.5056729515040461,0.51417021869985,0,0
0.6334173083305359,-0.3142102360725403,-1.6329143047332764,0.4941286905338039,0.49985696848762173,0,0
0.6324045062065125,-0.314935564994812,-1.6360523700714111,0.49993721434442395,0.4948667617781656,0,0
0.6312527060508728,-0.315766304731369,-1.6390578746795654,0.49012029548330466,0.5024610736226388,0,0
0.6299646496772766,-0.31670477986335754,-1.6419378519058228,0.4947383922352333,0.49822287719431857,0,0
0.6285449862480164,-0.3177519738674164,-1.6447038650512695,0.4961199060947033,0.5067550908371139,0,0
0.6269997954368591,-0.3189072906970978,-1.6473660469055176,0.5029548886765152,0.5080778589953201,0,0
0.625336229801178,-0.320168673992157,-1.6499171257019043,0.49297619617632293,0.5036222752226397,0,0
0.6235629320144653,-0.3215330243110657,-1.652346134185791,0.4924623113245498,0.5200452016407168,0,0
0.6216893792152405,-0.32299739122390747,-1.654660940170288,0.5046734295143187,0.5029598906464351,0,0
0.6197257041931152,-0.3245586156845093,-1.6568834781646729,0.490500680352629,0.5134952599091759,0,0
0.6176813840866089,-0.32621246576309204,-1.6590112447738647,0.5148388029246903,0.5004402111737571,0,0
0.6155658960342407,-0.3279525339603424,-1.6610081195831299,0.5094989005383603,0.4902181579417182,0,0
0.6133888959884644,-0.3297707140445709,-1.6628400087356567,0.5133591843877574,0.5016622314275844,0,0
0.6111599802970886,-0.33165839314460754,-1.6645320653915405,0.5116674072059254,0.49494149457543346,0,0
0.6088870167732239,-0.33360716700553894,-1.6661462783813477,0.5025829759062707,0.49201349917122206,0,0
0.6065759062767029,-0.3356088697910309,-1.6677064895629883,0.5000534081449566,0.5030767829185282,0,0
0.604229748249054,-0.3376551866531372,-1.6691924333572388,0.4944328026570656,0.5001845060800318,0,0
0.6018504500389099,-0.33973824977874756,-1.6705976724624634,0.505612714142646,0.5060373042369729,0,0
0.5994393825531006,-0.3418514132499695,-1.6719491481781006,0.4962679086229426,0.49990042602954726,0,0
0.5969972014427185,-0.3439895808696747,-1.6732563972473145,0.5069140301910954,0.49549246764021077,0,0
0.5945246815681458,-0.34614917635917664,-1.674521803855896,0.5028223586444746,0.5076964533859657,0,0
0.5920228362083435,-0.34832751750946045,-1.6757336854934692,0.5203422965751753,0.5028104725426565,0,0
0.5894927382469177,-0.350522518157959,-1.6768875122070312,0.49250703248277494,0.501833695072081,0,0
0.5869357585906982,-0.35273224115371704,-1.6779848337173462,0.5167736557135383,0.5140602039781259,0,0
0.5843535661697388,-0.3549546003341675,-1.6790292263031006,0.4980824523029011,0.5075728310340604,0,0
0.581747829914093,-0.35718774795532227,-1.6800256967544556,0.48599502231375213,0.502814193202067,0,0
0.5791197419166565,-0.35942986607551575,-1.6809799671173096,0.4910072042792318,0.5060784194369068,0,0
0.5764708518981934,-0.3616797924041748,-1.6818938255310059,0.5019371691737405,0.5108493547247761,0,0
0.5738023519515991,-0.36393654346466064,-1.682767629623413,0.49305398499811975,0.4976303547370989,0,0
0.5711157321929932,-0.3661995530128479,-1.6836023330688477,0.49618586972667517,0.509551626331384,0,0
0.568412184715271,-0.3684682846069336,-1.6843993663787842,0.49007675147770813,0.4931622169318456,0,0
0.5656932592391968,-0.3707421123981476,-1.6851584911346436,0.5148280846241337,0.5054011398354676,0,0
0.5629605054855347,-0.3730200529098511,-1.685882568359375,0.48506532612797953,0.5165262189556065,0,0
0.5602152943611145,-0.37530142068862915,-1.6865707635879517,0.5061976699799056,0.4998251631086988,0,0
0.557458758354187,-0.37758511304855347,-1.6872268915176392,0.5016161112940419,0.5046953518405811,0,0
0.5546919703483582,-0.37987062335014343,-1.6878584623336792,0.4986688052532923,0.5059338510530097,0,0
0.5519155263900757,-0.38215726613998413,-1.688461422920227,0.4972571914894585,0.49036297114228206,0,0
0.5491302013397217,-0.3844447433948517,-1.6890387535095215,0.4929781106000919,0.5146870511860261,0,0
0.5463365912437439,-0.38673272728919983,-1.6895877122879028,0.5076463756748827,0.5064177920461589,0,0
0.5435352325439453,-0.38902097940444946,-1.690116286277771,0.4968939913320175,0.498789497781767,0,0
0.540726900100708,-0.3913092613220215,-1.6906193494796753,0.5156085979050214,0.5216242813186859,0,0
0.5379122495651245,-0.39359724521636963,-1.6910967826843262,0.5018857884999482,0.49732524163335246,0,0
0.5350918769836426,-0.39588463306427,-1.6915537118911743,0.5062795086591514,0.5013812649407411,0,0
0.5322662591934204,-0.3981713354587555,-1.6919928789138794,0.5078600956658571,0.5057121105762156,0,0
0.5294357538223267,-0.4004570245742798,-1.6924105882644653,0.5040907718847278,0.5001664576062399,0,0
0.5266005992889404,-0.4027416706085205,-1.6928117275238037,0.4946003362058129,0.4890695613454587,0,0
0.523760974407196,-0.4050251543521881,-1.6931943893432617,0.5080766936399657,0.4877230568624315,0,0
0.5209173560142517,-0.4073074758052826,-1.6935579776763916,0.493528818327398,0.5083908088053507,0,0
0.5180700421333313,-0.40958866477012634,-1.693903923034668,0.5086376470772074,0.5092564036291094,0,0
0.5152192115783691,-0.41186845302581787,-1.69423246383667,0.49257711818088934,0.49394174877863073,0,0
0.5123653411865234,-0.4141469895839691,-1.6945514678955078,0.5151610166228223,0.49538725816672075,0,0
0.509508490562439,-0.41642430424690247,-1.6948541402816772,0.49247736951634236,0.5035497383494145,0,0
0.5066489577293396,-0.41870012879371643,-1.6951394081115723,0.5168468804028488,0.49813327735823854,0,0
0.5037868022918701,-0.4209746718406677,-1.695412516593933,0.5098995561417791,0.5166853155174872,0,0
0.5009223222732544,-0.4232478439807892,-1.6956746578216553,0.49653033856185413,0.5028964672618547,0,0
0.49805548787117004,-0.4255197048187256,-1.6959233283996582,0.4906288093721215,0.5004474140428166,0,0
0.4951864778995514,-0.42779022455215454,-1.696159839630127,0.5006601937991758,0.4973267236627525,0,0
0.49231553077697754,-0.43005961179733276,-1.6963919401168823,0.49395995621067723,0.5046059822936282,0,0
0.48944276571273804,-0.43232759833335876,-1.696611762046814,0.4939589686835686,0.503900522399432,0,0
0.48656827211380005,-0.43459439277648926,-1.6968209743499756,0.5081729597447842,0.5099836619657743,0,0
0.4836921691894531,-0.4368598759174347,-1.697016716003418,0.49793192860560326,0.51330926088231,0,0
0.48081448674201965,-0.439124196767807,-1.6972075700759888,0.4941766085970823,0.5132846537059819,0,0
0.47793546319007874,-0.4413873553276062,-1.6973865032196045,0.5021847746161001,0.49718423203602813,0,0
0.4750550091266632,-0.4436493217945099,-1.697560429573059,0.5099067789594012,0.526459354777848,0,0
0.47217321395874023,-0.44591024518013,-1.697727084159851,0.5053245255425045,0.4863370446561103,0,0
0.4692903757095337,-0.4481700360774994,-1.6978833675384521,0.48336168947843217,0.49090741370250024,0,0
0.46640628576278687,-0.4504288136959076,-1.698034405708313,0.5031181113599184,0.5010331443466732,0,0
0.46352115273475647,-0.4526865482330322,-1.6981773376464844,0.5053713107509127,0.5105155950227431,0,0
0.4606350064277649,-0.45494329929351807,-1.6983155012130737,0.4960087655474151,0.5014263467484975,0,0
0.4577479064464569,-0.4571990668773651,-1.6984479427337646,0.501633094967918,0.5131985572619369,0,0
0.4548598527908325,-0.4594539701938629,-1.6985732316970825,0.5082598162509046,0.47419564540035214,0,0
0.4519709050655365,-0.4617078900337219,-1.6986923217773438,0.5006646960290518,0.4999006366827303,0,0
0.44908109307289124,-0.4639609754085541,-1.6988071203231812,0.4963257259096132,0.4878517176572412,0,0
0.4461905360221863,-0.46621328592300415,-1.6989139318466187,0.48745085954942935,0.5017430756099225,0,0
0.443299263715744,-0.468464732170105,-1.6990153789520264,0.5110262085023144,0.5239800269583885,0,0
0.4404073655605316,-0.47071534395217896,-1.699116826057434,0.4952322069534234,0.4980237465804037,0,0
0.43751469254493713,-0.4729653596878052,-1.699212908744812,0.49586814810524754,0.4770456985570745,0,0
0.4346213638782501,-0.47521457076072693,-1.6993029117584229,0.4755304411818071,0.5081747697037384,0,0
0.4317275285720825,-0.4774630665779114,-1.699387788772583,0.5082930611411699,0.4719044985554124,0,0
0.4288330376148224,-0.4797108769416809,-1.6994723081588745,0.5062818383723182,0.5101282528687268,0,0
0.4259379208087921,-0.4819580912590027,-1.6995497941970825,0.49649273058479226,0.497361334045806,0,0
0.42304232716560364,-0.4842046797275543,-1.699621319770813,0.5042751844315827,0.49665441606014277,0,0
0.42014622688293457,-0.4864507019519806,-1.6996928453445435,0.49750394590425956,0.516693969496424,0,0
0.4172496795654297,-0.48869603872299194,-1.6997597217559814,0.5047507525424534,0.499087252761709,0,0
0.4143526256084442,-0.4909409284591675,-1.6998268365859985,0.5211258687467736,0.5002965749571606,0,0
0.4114551842212677,-0.49318525195121765,-1.6998860836029053,0.5087949415195333,0.5160520314859525,0,0
0.40855732560157776,-0.49542906880378723,-1.699945092201233,0.4958600978796722,0.5109111481126963,0,0
0.4056589603424072,-0.497672438621521,-1.6999988555908203,0.5091102739346969,0.5003718513113672,0,0
0.40276023745536804,-0.49991533160209656,-1.7000526189804077,0.5098301310162002,0.502487325185421,0,0
0.399861216545105,-0.5021576881408691,-1.7001004219055176,0.5217656725700445,0.4797694230077009,0,0
0.39696183800697327,-0.5043997168540955,-1.700148105621338,0.4945749680493594,0.48971108275397185,0,0
0.3940620422363281,-0.5066413283348083,-1.7001953125,0.51141451530034,0.4840214527640017,0,0
0.3911620080471039,-0.508882462978363,-1.7002369165420532,0.4973292674041754,0.5175477007114104,0,0
0.3882615566253662,-0.5111232995986938,-1.7002785205841064,0.5040718972939833,0.48829522257299396,0,0
0.3853608965873718,-0.513363778591156,-1.7003200054168701,0.5171578668438406,0.5050483008562354,0,0
0.38245993852615356,-0.5156038403511047,-1.700355052947998,0.49696673407785075,0.5047472934998961,0,0
0.379558801651001,-0.5178436040878296,-1.700390338897705,0.4962973692289717,0.5237896672979028,0,0
0.37665727734565735,-0.5200830698013306,-1.7004255056381226,0.4991672831744206,0.5044447213600692,0,0
0.3737555742263794,-0.5223221778869629,-1.7004557847976685,0.49613569543493397,0.496891494516094,0,0
0.37085357308387756,-0.5245611071586609,-1.7004854679107666,0.4926361357790384,0.50277814194779,0,0
0.3679514527320862,-0.5267996191978455,-1.7005157470703125,0.49038977419390556,0.5002458325417284,0,0
0.3650491237640381,-0.5290379524230957,-1.7005454301834106,0.5005911864361353,0.5074464311696613,0,0
0.3621465861797333,-0.5312760472297668,-1.7005685567855835,0.4992478530128876,0.4993217946422985,0,0
0.3592437207698822,-0.5335138440132141,-1.7005913257598877,0.48806867413107213,0.49596280749487975,0,0
0.35634079575538635,-0.535751461982727,-1.7006144523620605,0.5159958332511627,0.5235499719440825,0,0
0.3534376621246338,-0.5379888415336609,-1.7006372213363647,0.47893956198014137,0.4986669458211043,0,0
0.3505343794822693,-0.5402260422706604,-1.7006603479385376,0.508648698321222,0.5079879171868695,0,0
0.34763091802597046,-0.542462944984436,-1.7006779909133911,0.5011305438140854,0.5139200207061883,0,0
0.34472736716270447,-0.5446997284889221,-1.7006953954696655,0.5114549736922827,0.499047170489255,0,0
0.34182360768318176,-0.5469363331794739,-1.7007131576538086,0.5114069586660501,0.5026143444752077,0,0
0.33891966938972473,-0.5491727590560913,-1.700730800628662,0.5005980210065382,0.49365820660298354,0,0
0.33601564168930054,-0.5514090061187744,-1.7007484436035156,0.5045003936833812,0.5016097875015196,0,0
0.3331114649772644,-0.5536451935768127,-1.7007662057876587,0.4867652925079327,0.49562802222105984,0,0
0.33020713925361633,-0.555881142616272,-1.7007784843444824,0.5153722429728576,0.5051147373388621,0,0
0.3273027241230011,-0.5581169724464417,-1.7007908821105957,0.49982666424318817,0.5022316326683083,0,0
0.3243982195854187,-0.5603526830673218,-1.7008030414581299,0.5030246484918353,0.4953499050342951,0,0
0.32149359583854675,-0.5625883340835571,-1.7008153200149536,0.5024685465595222,0.5016957141270001,0,0
0.31858885288238525,-0.5648237466812134,-1.7008275985717773,0.5066425686384253,0.5018279052732957,0,0
0.3156840205192566,-0.5670589804649353,-1.7008399963378906,0.5199248302143635,0.5040565307552247,0,0
0.31277909874916077,-0.5692941546440125,-1.700852632522583,0.4971322571220746,0.4925708416252465,0,0
0.3098740875720978,-0.5715292096138,-1.7008649110794067,0.5014827432186059,0.4986958467950803,0,0
0.3069689869880676,-0.5737641453742981,-1.7008771896362305,0.5017803298728799,0.5056477398155262,0,0
0.3040638267993927,-0.5759990215301514,-1.7008825540542603,0.49009643027379163,0.5006860188861673,0,0
0.3011585474014282,-0.5782338380813599,-1.700887680053711,0.4914655850762661,0.4952688108738614,0,0
0.29825323820114136,-0.580468475818634,-1.7008931636810303,0.5005562791507817,0.506768224146257,0,0
0.2953478693962097,-0.5827030539512634,-1.70089852809906,0.4840291721947799,0.49842376671534994,0,0
0.2924424111843109,-0.5849376320838928,-1.7009036540985107,0.4924277128960997,0.49913677330012246,0,0
0.28953689336776733,-0.5871720314025879,-1.7009090185165405,0.5158815472323703,0.49464746788685,0,0
0.286631315946579,-0.5894063115119934,-1.7009143829345703,0.49985452643104406,0.5029117493051393,0,0
0.28372570872306824,-0.5916405916213989,-1.700919508934021,0.5054884472481769,0.5194513223288936,0,0
0.2808200418949127,-0.5938748121261597,-1.7009248733520508,0.5108365390850238,0.49132000667688097,0,0
0.2779143452644348,-0.5961089134216309,-1.7009302377700806,0.5006082507400007,0.4974270009519474,0,0
0.27500858902931213,-0.598343014717102,-1.7009353637695312,0.4986468192521108,0.4944445069590746,0,0
0.2721027433872223,-0.6005770564079285,-1.700940728187561,0.4993543639200971,0.5141014323007096,0,0
0.26919686794281006,-0.6028109788894653,-1.7009459733963013,0.503005757504149,0.48806798668413254,0,0
0.26629096269607544,-0.6050450205802917,-1.700951337814331,0.5009900487342436,0.49986461978291713,0,0
0.26338496804237366,-0.6072788834571838,-1.7009567022323608,0.5181627670920582,0.5226382687369018,0,0
0.2604789733886719,-0.6095127463340759,-1.7009567022323608,0.49828791620098073,0.5067471773688444,0,0
0.2575729787349701,-0.6117465496063232,-1.7009567022323608,0.4983980781243987,0.4909831897257806,0,0
0.2546669542789459,-0.6139803528785706,-1.7009567022323608,0.49278471592690753,0.5013591255741228,0,0
0.25176090002059937,-0.6162140965461731,-1.7009567022323608,0.5123803179305074,0.501413422749142,0,0
0.24885474145412445,-0.6184477806091309,-1.7009567022323608,0.4937063684141802,0.5035030917872054,0,0
0.24594861268997192,-0.6206814646720886,-1.7009567022323608,0.4928810526263444,0.5118543068384307,0,0
0.243042454123497,-0.6229150891304016,-1.7009567022323608,0.5181465971931686,0.4901054953429606,0,0
0.24013622105121613,-0.6251486539840698,-1.7009567022323608,0.49934507050688737,0.495744444410254,0,0
0.23722997307777405,-0.627382218837738,-1.7009567022323608,0.5060029971822598,0.5035240801395953,0,0
0.23432374000549316,-0.6296157240867615,-1.7009567022323608,0.4830711625048911,0.49037593891586834,0,0
0.23141740262508392,-0.6318491697311401,-1.7009567022323608,0.5155566553365701,0.513769436822646,0,0
0.22851106524467468,-0.6340826153755188,-1.7009567022323608,0.499863276065982,0.4955490422535847,0,0
0.22560472786426544,-0.6363160014152527,-1.7009567022323608,0.5082862422140925,0.4965250779860482,0,0
0.22269831597805023,-0.6385493278503418,-1.7009567022323608,0.503216985812743,0.5066576760043856,0,0
0.2197919338941574,-0.6407826542854309,-1.7009567022323608,0.4981695533384249,0.5020729700534549,0,0
0.21688546240329742,-0.6430159211158752,-1.7009567022323608,0.5029703982430814,0.5082469855078356,0,0
0.21397900581359863,-0.6452491283416748,-1.7009567022323608,0.5022364354230903,0.5053969103204233,0,0
0.21107250452041626,-0.6474823355674744,-1.7009567022323608,0.49435229738841374,0.5050073271164175,0,0
0.2081659883260727,-0.6497155427932739,-1.7009567022323608,0.4865543530857982,0.5024705199355964,0,0
0.20525944232940674,-0.6519486904144287,-1.7009567022323608,0.5016022534059619,0.49670585590145566,0,0
0.2023528516292572,-0.6541817784309387,-1.7009567022323608,0.49355530393230845,0.5040160585883143,0,0
0.19944623112678528,-0.656414806842804,-1.7009567022323608,0.5020582560440768,0.5055988453378054,0,0
0.19653958082199097,-0.6586477756500244,-1.7009567022323608,0.5107870216996527,0.5062470398279442,0,0
0.19363287091255188,-0.6608808040618896,-1.7009567022323608,0.5036608351938844,0.49945597971120387,0,0
0.19072619080543518,-0.6631136536598206,-1.7009567022323608,0.5001147355312217,0.5022484221248578,0,0
0.18781942129135132,-0.665346622467041,-1.7009567022323608,0.5026927079596416,0.4890344806186459,0,0
0.18491266667842865,-0.6675795316696167,-1.7009567022323608,0.5070475567168276,0.5107665593505973,0,0
0.1820058822631836,-0.6698123812675476,-1.7009567022323608,0.5014837039906768,0.49733386174590116,0,0
0.17909905314445496,-0.6720451712608337,-1.7009567022323608,0.4849799522814228,0.49969634885120096,0,0
0.17619220912456512,-0.6742779016494751,-1.7009567022323608,0.5093765178179724,0.48126013248734983,0,0
0.1732853353023529,-0.6765106320381165,-1.7009567022323608,0.4940373848768729,0.498943230311959,0,0
0.1703784465789795,-0.678743302822113,-1.7009567022323608,0.4880418684440375,0.5060911808314326,0,0
0.1674715131521225,-0.6809759140014648,-1.7009567022323608,0.5036526282303416,0.49460026018511716,0,0
0.16456453502178192,-0.6832085251808167,-1.7009567022323608,0.49086460717842856,0.49904987571163356,0,0
0.16165752708911896,-0.6854411363601685,-1.7009567022323608,0.5007657568972207,0.5117751335117652,0,0
0.1587504893541336,-0.6876736283302307,-1.7009567022323608,0.49194123589115973,0.49477101068998985,0,0
0.15584343671798706,-0.689906120300293,-1.7009567022323608,0.5126702242846528,0.4976283066799357,0,0
0.15293636918067932,-0.6921386122703552,-1.7009567022323608,0.5038075527692858,0.49829349986800137,0,0
0.1500292867422104,-0.6943709850311279,-1.7009567022323608,0.49626094937466847,0.5101243563474237,0,0
0.14712214469909668,-0.6966034173965454,-1.7009567022323608,0.49695585283404564,0.51327152934401,0,0
0.14421498775482178,-0.6988357901573181,-1.7009567022323608,0.4848759744413251,0.5025188987079565,0,0
0.1413078010082245,-0.701068103313446,-1.7009567022323608,0.5111877670458703,0.49256307520080145,0,0
0.1384005844593048,-0.703300416469574,-1.7009567022323608,0.4902764911894348,0.5025316676357933,0,0
0.13549335300922394,-0.7055326104164124,-1.7009567022323608,0.5056564970433802,0.47926724414757005,0,0
0.13258610665798187,-0.707764744758606,-1.7009567022323608,0.4869470233762674,0.5013222431752291,0,0
0.12967880070209503,-0.7099967002868652,-1.7009567022323608,0.5073153992760434,0.4963235284259305,0,0
0.126771479845047,-0.7122288942337036,-1.7009567022323608,0.5056897977689407,0.4989449572434596,0,0
0.12386413663625717,-0.7144609689712524,-1.7009567022323608,0.4949675029764065,0.48509936413570476,0,0
0.12095677107572556,-0.7166931629180908,-1.7009567022323608,0.4938388510634578,0.4936388830895291,0,0
0.11804937571287155,-0.7189252376556396,-1.7009567022323608,0.5167365523972336,0.4991705784821829,0,0
0.11514195799827576,-0.7211571931838989,-1.7009567022323608,0.5098297522565097,0.5017770816931936,0,0
0.11223451793193817,-0.723389208316803,-1.7009567022323608,0.5012992716839112,0.5092993971492343,0,0
0.1093270480632782,-0.7256212830543518,-1.7009567022323608,0.48250009028571283,0.4915735108002499,0,0
0.10641954839229584,-0.7278532385826111,-1.7009567022323608,0.5024111066902975,0.5053961485813773,0,0
0.10351202636957169,-0.7300852537155151,-1.7009567022323608,0.5112667633234875,0.49310819658545607,0,0
0.10060447454452515,-0.7323171496391296,-1.7009567022323608,0.49226610304522284,0.48055881025147573,0,0
0.09769689291715622,-0.7345489859580994,-1.7009567022323608,0.5065467789558102,0.4932166715280854,0,0
0.0947893038392067,-0.7367809414863586,-1.7009567022323608,0.48233737562278706,0.4892166880893691,0,0
0.09188168495893478,-0.7390127182006836,-1.7009567022323608,0.5066290139973616,0.49585199088314535,0,0
0.08897404372692108,-0.7412445545196533,-1.7009567022323608,0.4936853576312889,0.5126379892561539,0,0
0.08606637269258499,-0.7434763312339783,-1.7009567022323608,0.49751977672440806,0.5017993371219697,0,0
0.08315867185592651,-0.7457080483436584,-1.7009567022323608,0.5037559758823954,0.49879789831726207,0,0
0.08025094866752625,-0.7479396462440491,-1.7009567022323608,0.5059883289550294,0.49893737451334286,0,0
0.07734319567680359,-0.7501712441444397,-1.7009567022323608,0.48854147630193673,0.5119430671754777,0,0
0.07443542778491974,-0.7524028420448303,-1.7009567022323608,0.49265570746855974,0.5115756485444124,0,0
0.0715276375412941,-0.7546343803405762,-1.7009567022323608,0.49771029157610014,0.5069234357605924,0,0
0.06861982494592667,-0.7568659782409668,-1.7009567022323608,0.4944011969286916,0.48716807904463966,0,0
0.06571198999881744,-0.7590975761413574,-1.7009567022323608,0.5045387769868745,0.5028799803281465,0,0
0.06280412524938583,-0.7613290548324585,-1.7009567022323608,0.5081073160776871,0.5040725553133886,0,0
0.059896230697631836,-0.7635604739189148,-1.7009567022323608,0.5075595550847952,0.49597248015092976,0,0
0.05698831379413605,-0.7657918930053711,-1.7009567022323608,0.4984100783314739,0.5036847709073755,0,0
0.05408036708831787,-0.7680232524871826,-1.7009567022323608,0.5042284823924418,0.49965912950316016,0,0
0.051172394305467606,-0.7702546119689941,-1.7009567022323608,0.49334609670276847,0.5120068864301209,0,0
0.04826441779732704,-0.7724859118461609,-1.7009567022323608,0.4962622798963584,0.4974307718426607,0,0
0.04535640776157379,-0.7747172117233276,-1.7009567022323608,0.49289698369058915,0.5121097657283191,0,0
0.04244838282465935,-0.7769485116004944,-1.7009567022323608,0.5073793533891396,0.5009966836068791,0,0
0.03954035043716431,-0.7791797518730164,-1.7009567022323608,0.48767406233187544,0.5106462438173498,0,0
0.03663230314850807,-0.7814109921455383,-1.7009567022323608,0.48459815793603717,0.4937688722244124,0,0
0.033724237233400345,-0.7836422324180603,-1.7009567022323608,0.4985083852190207,0.48804023785206263,0,0
0.03081616200506687,-0.7858734726905823,-1.7009567022323608,0.5215384735801266,0.4641514738356752,0,0
0.027908077463507652,-0.7881048321723938,-1.7009567022323608,0.5012022227598035,0.5068771137549318,0,0
0.024999985471367836,-0.790336012840271,-1.7009567022323608,0.5099394488419912,0.49917462377776894,0,0
0.02209187112748623,-0.792567253112793,-1.7009567022323608,0.48329845129041676,0.4947797022367221,0,0
0.019183749333024025,-0.7947984337806702,-1.7009567022323608,0.4982082717881762,0.4954577193450325,0,0
0.016275616362690926,-0.7970295548439026,-1.7009567022323608,0.49233449201610435,0.4917684707922912,0,0
0.01336747221648693,-0.7992607355117798,-1.7009567022323608,0.49069516762089094,0.4952385416153464,0,0
0.01045931875705719,-0.801491916179657,-1.7009567022323608,0.48352726746063407,0.5123575463491677,0,0
0.007551154121756554,-0.8037232160568237,-1.7009567022323608,0.510478511834536,0.5019347589597726,0,0
0.004642975050956011,-0.8059544563293457,-1.7009567022323608,0.5036873796593374,0.49315683646274927,0,0
0.0017347874818369746,-0.8081855773925781,-1.7009567022323608,0.5072587388249961,0.50718099166058,0,0
-0.0011734135914593935,-0.8104168176651001,-1.7009567022323608,0.5084546369509608,0.516031677656831,0,0
-0.004081625025719404,-0.8126479387283325,-1.7009567022323608,0.5160527037836575,0.5128822006887149,0,0
-0.006989849731326103,-0.8148790597915649,-1.7009567022323608,0.5114322035708367,0.49117978266097767,0,0
-0.00989808514714241,-0.8171100616455078,-1.7009567022323608,0.5234306841766984,0.4984048388815063,0,0
-0.012806328944861889,-0.8193411827087402,-1.7009567022323608,0.4871003157241515,0.5117794362212955,0,0
-0.015714585781097412,-0.8215723633766174,-1.7009567022323608,0.5204414446826605,0.5126544638243101,0,0
-0.018622852861881256,-0.8238035440444946,-1.7009567022323608,0.4986393441269798,0.5118015967931805,0,0
-0.021531131118535995,-0.8260345458984375,-1.7009567022323608,0.5019113066090723,0.5014868682990045,0,0
-0.024439414963126183,-0.8282657265663147,-1.7009567022323608,0.49414806237364345,0.5012116881364997,0,0
-0.02734771929681301,-0.8304967284202576,-1.7009567022323608,0.5117616779033787,0.5032406555046778,0,0
-0.03025602549314499,-0.8327277302742004,-1.7009567022323608,0.513326357018082,0.4922542083110416,0,0
-0.03316434845328331,-0.8349587321281433,-1.7009567022323608,0.4976396347795592,0.5166971149932923,0,0
-0.03607267513871193,-0.8371897339820862,-1.7009567022323608,0.5017879029240974,0.4891643222347904,0,0
-0.03898101672530174,-0.8394206762313843,-1.7009567022323608,0.49367732151480026,0.50388854832323,0,0
-0.04188936948776245,-0.8416517972946167,-1.7009567022323608,0.5136066343364489,0.5114060823797527,0,0
-0.044797733426094055,-0.8438827395439148,-1.7009567022323608,0.49684501891021077,0.5154980181807749,0,0
-0.04770609736442566,-0.8461138606071472,-1.7009567022323608,0.5077094295410041,0.5047482289554374,0,0
-0.05061444640159607,-0.8483449816703796,-1.7009567022323608,0.5067731900452944,0.5072875600682306,0,0
-0.053522780537605286,-0.8505759835243225,-1.7009567022323608,0.5052600529013449,0.5016534557017172,0,0
-0.05643109604716301,-0.8528070449829102,-1.7009567022323608,0.5022185666702356,0.503842908298128,0,0
-0.05933939293026924,-0.8550381660461426,-1.7009567022323608,0.49899193739323316,0.4865259203590932,0,0
-0.06224767863750458,-0.8572693467140198,-1.7009567022323608,0.5041357789462084,0.5094972642967003,0,0
-0.06515594571828842,-0.8595004677772522,-1.7009567022323608,0.49688816602125807,0.49469693507339263,0,0
-0.06806421279907227,-0.8617318272590637,-1.7009567022323608,0.504702290097977,0.5130365578404608,0,0
-0.07097245752811432,-0.8639631867408752,-1.7009567022323608,0.49842056013122105,0.49161814922784064,0,0
-0.07388069480657578,-0.866194486618042,-1.7009567022323608,0.5078323591452896,0.5120126963479261,0,0
-0.07678890973329544,-0.8684259057044983,-1.7009567022323608,0.483626499131845,0.508112815325185,0,0
-0.07969711720943451,-0.8706573843955994,-1.7009567022323608,0.5016379430339043,0.4899981060828703,0,0
-0.08260530978441238,-0.8728887438774109,-1.7009567022323608,0.5131298371229768,0.4919192953504479,0,0
-0.08551348000764847,-0.8751200437545776,-1.7009567022323608,0.49992279490268005,0.512458484771137,0,0
-0.08842164278030396,-0.8773514628410339,-1.7009567022323608,0.4863659402778944,0.504377156775013,0,0
-0.09132978320121765,-0.8795828223228455,-1.7009567022323608,0.496691343212324,0.4939699634571738,0,0
-0.09423793107271194,-0.8818143010139465,-1.7009567022323608,0.5101608024736303,0.5009095273739672,0,0
-0.09714604914188385,-0.8840458393096924,-1.7009567022323608,0.4978998443620479,0.4957970401373405,0,0
-0.10005415230989456,-0.886277437210083,-1.7009567022323608,0.49817122905559635,0.5102201433506877,0,0
-0.10296224802732468,-0.8885089159011841,-1.7009567022323608,0.49412732491615097,0.48726753282633695,0,0
-0.1058703139424324,-0.8907405138015747,-1.7009567022323608,0.5077949882029331,0.49035650011923776,0,0
-0.10877837985754013,-0.8929721117019653,-1.7009567022323608,0.4974189185641528,0.497648215474938,0,0
-0.11168643087148666,-0.8952037692070007,-1.7009567022323608,0.4960231585648433,0.4918497067072507,0,0
-0.1145944595336914,-0.8974354863166809,-1.7009567022323608,0.505629168034552,0.49713286315663174,0,0
-0.11750250309705734,-0.8996672630310059,-1.7009567022323608,0.4821604755593606,0.5084378158190124,0,0
-0.1204105094075203,-0.9018991589546204,-1.7009567022323608,0.4872424758581027,0.4927350059321781,0,0
-0.12331850826740265,-0.9041309952735901,-1.7009567022323608,0.5007610389118983,0.5050934947776681,0,0
-0.1262264847755432,-0.9063628911972046,-1.7009567022323608,0.5130116245767062,0.4991215279449907,0,0
-0.12913444638252258,-0.9085947871208191,-1.7009567022323608,0.496583072365768,0.5084932646865742,0,0
-0.13204239308834076,-0.9108267426490784,-1.7009567022323608,0.4926856193262893,0.4878224162008933,0,0
-0.13495035469532013,-0.9130587577819824,-1.7009567022323608,0.4866242282639236,0.51491832319205,0,0
-0.1378582864999771,-0.9152907133102417,-1.7009567022323608,0.5114203840106998,0.5138491107932806,0,0
-0.1407661885023117,-0.917522668838501,-1.7009567022323608,0.49071850874910355,0.4956677776243699,0,0
-0.1436740756034851,-0.9197546243667603,-1.7009567022323608,0.5027795612355384,0.5075506597370756,0,0
-0.1465819776058197,-0.9219866394996643,-1.7009567022323608,0.4864633260861168,0.48310189174382945,0,0
-0.14948983490467072,-0.9242186546325684,-1.7009567022323608,0.5136191215725328,0.5043396275111884,0,0
-0.15239770710468292,-0.9264507293701172,-1.7009567022323608,0.48549098413059144,0.5145498048605694,0,0
-0.15530556440353394,-0.9286828637123108,-1.7009567022323608,0.5049883276455618,0.479658276277676,0,0
-0.15821340680122375,-0.9309150576591492,-1.7009567022323608,0.5198058962927515,0.49391869107225755,0,0
-0.16112123429775238,-0.9331472516059875,-1.7009567022323608,0.48722370776598006,0.49708271856545105,0,0
-0.16402903199195862,-0.9353794455528259,-1.7009567022323608,0.5025606124319106,0.5116833407914507,0,0
-0.16693684458732605,-0.9376116991043091,-1.7009567022323608,0.48626589583971574,0.47870872713097845,0,0
-0.1698446422815323,-0.9398439526557922,-1.7009567022323608,0.5110310928558229,0.4949316732923572,0,0
-0.17275242507457733,-0.9420762658119202,-1.7009567022323608,0.5071543848338737,0.5008397575924973,0,0
-0.17566020786762238,-0.9443085193634033,-1.7009567022323608,0.5112563686223603,0.5064130835021098,0,0
-0.17856796085834503,-0.9465407729148865,-1.7009567022323608,0.514913696516125,0.5004892139498012,0,0
-0.1814757138490677,-0.9487729668617249,-1.7009567022323608,0.48828878759126454,0.4946923216358136,0,0
-0.18438346683979034,-0.9510052800178528,-1.7009567022323608,0.49917350114456105,0.5091052775038771,0,0
-0.18729114532470703,-0.9532377123832703,-1.7009567022323608,0.5018902522179772,0.5014177294458323,0,0
-0.19019882380962372,-0.955470085144043,-1.7009567022323608,0.49999189734287003,0.5047389361157265,0,0
-0.1931065171957016,-0.9577025175094604,-1.7009567022323608,0.5003116787150144,0.500681781982184,0,0
-0.19601421058177948,-0.9599350094795227,-1.7009567022323608,0.507618176671884,0.5103664353526403,0,0
-0.19892190396785736,-0.9621675610542297,-1.7009567022323608,0.5136429864739729,0.5014992300781558,0,0
-0.20182953774929047,-0.964400053024292,-1.7009567022323608,0.4916515207106797,0.5003759268749859,0,0
-0.20473717153072357,-0.9666326642036438,-1.7009567022323608,0.49345393297658235,0.5078494775187022,0,0
-0.20764480531215668,-0.9688652157783508,-1.7009567022323608,0.5038561040747426,0.5034866832947781,0,0
-0.21055243909358978,-0.9710978865623474,-1.7009567022323608,0.4930836710268491,0.5041644699210018,0,0
-0.2134600430727005,-0.9733303785324097,-1.7009567022323608,0.4852197558487126,0.5129369410886337,0,0
-0.21636764705181122,-0.9755629301071167,-1.7009567022323608,0.505594913262582,0.5018533594771073,0,0
-0.21927523612976074,-0.9777956008911133,-1.7009567022323608,0.48997640338044485,0.5140195048067201,0,0
-0.22218278050422668,-0.9800282716751099,-1.7009567022323608,0.5010363996974787,0.5067376774571541,0,0
-0.22509030997753143,-0.982261061668396,-1.7009567022323608,0.491416399159791,0.5054497058433806,0,0
-0.22799786925315857,-0.9844937920570374,-1.7009567022323608,0.49596641994657564,0.4939794830954897,0,0
-0.23090539872646332,-0.9867265224456787,-1.7009567022323608,0.5171469505286533,0.5137326539806927,0,0
-0.23381289839744568,-0.9889593124389648,-1.7009567022323608,0.5012440462647549,0.5007438048647419,0,0
-0.23672041296958923,-0.9911919832229614,-1.7009567022323608,0.5039949241841224,0.5171822144462109,0,0
-0.2396279126405716,-0.9934248924255371,-1.7009567022323608,0.4803952453956229,0.5040915308149917,0,0
-0.24253542721271515,-0.9956576228141785,-1.7009567022323608,0.5077397051981479,0.495979755072824,0,0
-0.24544291198253632,-0.9978905320167542,-1.7009567022323608,0.514317581325146,0.485108203264998,0,0
-0.24835039675235748,-1.0001235008239746,-1.7009567022323608,0.49671156273243433,0.509061922970056,0,0
-0.25125786662101746,-1.0023565292358398,-1.7009567022323608,0.48385694632231774,0.49846121848486785,0,0
-0.2541653513908386,-1.004589319229126,-1.7009567022323608,0.5026625477692396,0.5073632587982665,0,0
-0.257072776556015,-1.0068222284317017,-1.7009567022323608,0.5133973174123709,0.4890973353528137,0,0
-0.2599802017211914,-1.009055256843567,-1.7009567022323608,0.4987051155570967,0.4923784872001608,0,0
-0.2628876268863678,-1.0112884044647217,-1.7009567022323608,0.5124191199323058,0.49833434474666394,0,0
-0.2657950222492218,-1.013521432876587,-1.7009567022323608,0.4964673427747263,0.49360963415791903,0,0
-0.2687023878097534,-1.0157545804977417,-1.7009567022323608,0.5048140835161864,0.5032369575564511,0,0
-0.2716097831726074,-1.0179874897003174,-1.7009567022323608,0.520420727109321,0.4937769223317044,0,0
-0.27451711893081665,-1.0202206373214722,-1.7009567022323608,0.48687061965455664,0.499612715021052,0,0
-0.27742448449134827,-1.022453784942627,-1.7009567022323608,0.49966631157350955,0.5032575594410575,0,0
-0.2803318202495575,-1.0246869325637817,-1.7009567022323608,0.504269749208182,0.5136018707342506,0,0
-0.2832391560077667,-1.026920199394226,-1.7009567022323608,0.5028155463140693,0.507946151725153,0,0
-0.28614649176597595,-1.0291532278060913,-1.7009567022323608,0.49753512585239523,0.5129169295431851,0,0
-0.2890537977218628,-1.031386375427246,-1.7009567022323608,0.49187756008123207,0.49143934266877376,0,0
-0.29196110367774963,-1.0336195230484009,-1.7009567022323608,0.48680747438698563,0.4901679848313618,0,0
-0.2948683798313141,-1.0358529090881348,-1.7009567022323608,0.47660711614320556,0.5137969859194483,0,0
-0.29777565598487854,-1.0380862951278687,-1.7009567022323608,0.5134647192996373,0.49840142591657477,0,0
-0.300682932138443,-1.040319561958313,-1.7009567022323608,0.5042261979545887,0.5141762775524136,0,0
-0.30359020829200745,-1.0425528287887573,-1.7009567022323608,0.5105805924065604,0.521949685899713,0,0
-0.3064974546432495,-1.0447863340377808,-1.7009567022323608,0.5058877050064813,0.5229383685459745,0,0
-0.3094047009944916,-1.0470198392868042,-1.7009567022323608,0.4965342688306216,0.49513598116789226,0,0
-0.31231194734573364,-1.049253225326538,-1.7009567022323608,0.4930791935455073,0.48351316370691216,0,0
-0.31521913409233093,-1.0514864921569824,-1.7009567022323608,0.5104492294685179,0.49702372710148424,0,0
-0.3181263506412506,-1.0537198781967163,-1.7009567022323608,0.5079280395435445,0.49717802783753506,0,0
-0.3210335671901703,-1.0559535026550293,-1.7009567022323608,0.5116298263828643,0.48378045339880793,0,0
-0.3239407539367676,-1.0581870079040527,-1.7009567022323608,0.5028037619652808,0.5120848336504854,0,0
-0.32684794068336487,-1.0604203939437866,-1.7009567022323608,0.49551746313877604,0.487142832512542,0,0
-0.32975509762763977,-1.0626537799835205,-1.7009567022323608,0.5090107284626256,0.4871956076108499,0,0
-0.3326622247695923,-1.064887285232544,-1.7009567022323608,0.495315826899456,0.49314802705458444,0,0
-0.3355693817138672,-1.067120909690857,-1.7009567022323608,0.5010891762497883,0.5092303777560446,0,0
-0.3384765684604645,-1.0693544149398804,-1.7009567022323608,0.49966057150406473,0.47655832559221223,0,0
-0.341383695602417,-1.0715880393981934,-1.7009567022323608,0.4926929328314251,0.4983753006189281,0,0
-0.3442907929420471,-1.073821783065796,-1.7009567022323608,0.5215658734288607,0.5163295196174236,0,0
-0.34719792008399963,-1.0760554075241089,-1.7009567022323608,0.497267547384216,0.507660561422257,0,0
-0.35010504722595215,-1.0782889127731323,-1.7009567022323608,0.486752872038629,0.48265239836569185,0,0
-0.3530121445655823,-1.0805226564407349,-1.7009567022323608,0.4946780731914801,0.4832426826723549,0,0
-0.35591921210289,-1.082756519317627,-1.7009567022323608,0.49526554703214826,0.4914818889113059,0,0
-0.35882627964019775,-1.08499014377594,-1.7009567022323608,0.5085326545328789,0.496569302811153,0,0
-0.3617333173751831,-1.087223768234253,-1.7009567022323608,0.4964353848731197,0.5084717765309764,0,0
-0.36464035511016846,-1.089457631111145,-1.7009567022323608,0.4900337655690529,0.5149432446198106,0,0
-0.3675473928451538,-1.091691493988037,-1.7009567022323608,0.49838264919066333,0.49532460200454226,0,0
-0.37045443058013916,-1.0939253568649292,-1.7009567022323608,0.48632619780053105,0.497417466451233,0,0
-0.3733614683151245,-1.0961593389511108,-1.7009567022323608,0.49406657599246484,0.5031000994619301,0,0
-0.37626850605010986,-1.0983933210372925,-1.7009567022323608,0.487487652790459,0.5193490356622503,0,0
-0.3791755735874176,-1.100627064704895,-1.7009567022323608,0.4965463327105543,0.4789946737016239,0,0
-0.3820825517177582,-1.1028608083724976,-1.7009567022323608,0.5030509798367989,0.4932774596928995,0,0
-0.38498952984809875,-1.1050946712493896,-1.7009567022323608,0.5195901471140527,0.5121499044063259,0,0
-0.38789650797843933,-1.1073285341262817,-1.7009567022323608,0.5185917332091229,0.49567843395698186,0,0
-0.3908034861087799,-1.1095623970031738,-1.7009567022323608,0.5126504485054482,0.5031121252008572,0,0
-0.3937104642391205,-1.1117963790893555,-1.7009567022323608,0.51783505374142,0.4994756582510507,0,0
-0.3966173827648163,-1.1140304803848267,-1.7009567022323608,0.5031660908015045,0.5026342650293477,0,0
-0.3995243310928345,-1.1162644624710083,-1.7009567022323608,0.5195098121698919,0.5221534735460636,0,0
-0.40243127942085266,-1.1184985637664795,-1.7009567022323608,0.4876532593283892,0.5155601653979669,0,0
-0.4053381383419037,-1.1207327842712402,-1.7009567022323608,0.4932581728671282,0.5032297088381865,0,0
-0.4082450866699219,-1.1229667663574219,-1.7009567022323608,0.4877552805084764,0.5095310868083502,0,0
-0.41115206480026245,-1.125200867652893,-1.7009567022323608,0.4846117894940305,0.4799492072472131,0,0
-0.41405895352363586,-1.1274349689483643,-1.7009567022323608,0.5087137490237245,0.5023547777133698,0,0
-0.4169658422470093,-1.129668951034546,-1.7009567022323608,0.49932360661601544,0.48855222982591007,0,0
-0.4198727309703827,-1.1319031715393066,-1.7009567022323608,0.5092754116898819,0.4980632178117377,0,0
-0.4227796792984009,-1.1341371536254883,-1.7009567022323608,0.4987798863772253,0.5167010324900053,0,0
-0.4256865680217743,-1.1363712549209595,-1.7009567022323608,0.48827296263444003,0.4957399083360282,0,0
-0.42859336733818054,-1.1386054754257202,-1.7009567022323608,0.5145670295214169,0.5136351092570928,0,0
-0.43150028586387634,-1.1408398151397705,-1.7009567022323608,0.51257153303879,0.49474616919871867,0,0
-0.4344070553779602,-1.1430739164352417,-1.7009567022323608,0.49559844366548644,0.5037425773383243,0,0
-0.43731385469436646,-1.145308256149292,-1.7009567022323608,0.5061109131097176,0.4971793660805421,0,0
-0.44022074341773987,-1.1475423574447632,-1.7009567022323608,0.4816308050706362,0.5082853871533713,0,0
-0.4431276023387909,-1.149776577949524,-1.7009567022323608,0.5005716709046076,0.4949645689835202,0,0
-0.44603437185287476,-1.1520110368728638,-1.7009567022323608,0.5066734214072617,0.500853693674096,0,0
-0.44894126057624817,-1.1542452573776245,-1.7009567022323608,0.4975459139538722,0.4901540684602761,0,0
-0.45184800028800964,-1.1564797163009644,-1.7009567022323608,0.49225787574708646,0.4998468287277293,0,0
-0.45475471019744873,-1.1587141752243042,-1.7009567022323608,0.49631309281320846,0.5031756242844321,0,0
-0.45766156911849976,-1.160948395729065,-1.7009567022323608,0.4911241619513277,0.5025307507485907,0,0
-0.46056830883026123,-1.1631828546524048,-1.7009567022323608,0.5030922869067079,0.5058865191206778,0,0
-0.4634751081466675,-1.1654173135757446,-1.7009567022323608,0.5116838068440814,0.4994849314189802,0,0
-0.46638184785842896,-1.167651653289795,-1.7009567022323608,0.4965290117074676,0.5150478893668282,0,0
-0.46928852796554565,-1.1698862314224243,-1.7009567022323608,0.4986246000797994,0.498082793905253,0,0
-0.4721952974796295,-1.1721205711364746,-1.7009567022323608,0.49340064239172987,0.5024166553878525,0,0
-0.475102037191391,-1.1743552684783936,-1.7009567022323608,0.506834951279926,0.5134708579887888,0,0
-0.47800877690315247,-1.1765894889831543,-1.7009567022323608,0.5035003479644999,0.5089906331813332,0,0
-0.48091551661491394,-1.1788239479064941,-1.7009567022323608,0.49156568398678596,0.5048662776452847,0,0
-0.48382216691970825,-1.1810585260391235,-1.7009567022323608,0.5231214333823629,0.48703068895054114,0,0
-0.48672881722450256,-1.1832929849624634,-1.7009567022323608,0.5083374808178507,0.4993221346046112,0,0
-0.4896354675292969,-1.1855278015136719,-1.7009567022323608,0.49637049747356926,0.5000244041033723,0,0
-0.4925421476364136,-1.1877621412277222,-1.7009567022323608,0.5001686851018625,0.5013006777049474,0,0
-0.4954487979412079,-1.1899968385696411,-1.7009567022323608,0.4985012624627548,0.480497117432692,0,0
-0.4983554184436798,-1.1922314167022705,-1.7009567022323608,0.49617214719504754,0.5036650253586736,0,0
-0.5012620687484741,-1.1944658756256104,-1.7009567022323608,0.5004484248457609,0.4968878360464535,0,0
-0.504168689250946,-1.1967006921768188,-1.7009567022323608,0.5179972077625832,0.5079326497307872,0,0
-0.507075309753418,-1.1989351511001587,-1.7009567022323608,0.5106335879412223,0.5066651102596631,0,0
-0.5099818706512451,-1.2011698484420776,-1.7009567022323608,0.5064110726677107,0.4992899093032007,0,0
-0.5128885507583618,-1.2034045457839966,-1.7009567022323608,0.4973867079889933,0.488233482190388,0,0
-0.515795111656189,-1.2056392431259155,-1.7009567022323608,0.4960618814364537,0.4915831081364043,0,0
-0.5187017917633057,-1.2078739404678345,-1.7009567022323608,0.5006939303741775,0.4941167025375848,0,0
-0.5216083526611328,-1.2101085186004639,-1.7009567022323608,0.5067513037287249,0.5104315300497569,0,0
-0.52451491355896,-1.2123435735702515,-1.7009567022323608,0.48088774473825396,0.5062193775282651,0,0
-0.5274214744567871,-1.2145781517028809,-1.7009567022323608,0.4967323999458989,0.5010891754542091,0,0
-0.5303280353546143,-1.216813087463379,-1.7009567022323608,0.5122641398127892,0.49102785886789097,0,0
-0.5332345366477966,-1.2190479040145874,-1.7009567022323608,0.5057544633958849,0.5084535371889679,0,0
-0.5361411571502686,-1.221282720565796,-1.7009567022323608,0.7925536898397569,0.7947965367123662,0,0
-0.5390476584434509,-1.2235175371170044,-1.7009567022323608,0.7689550813516746,0.805467943487823,0,0
-0.5419542789459229,-1.225752353668213,-1.7009567022323608,0.7785212600097103,0.8200643767978697,0,0
-0.54486083984375,-1.227987289428711,-1.7009567022323608,0.7774875162698597,0.7979974402952905,0,0
-0.5477673411369324,-1.2302221059799194,-1.7009567022323608,0.8001737832817197,0.7957612440636853,0,0
-0.5506738424301147,-1.2324572801589966,-1.7009567022323608,0.7732401357363944,0.7933285468876263,0,0
-0.5535804033279419,-1.234692096710205,-1.7009567022323608,0.7860211032584182,0.7991072896342583,0,0
-0.5564869046211243,-1.2369271516799927,-1.7009567022323608,0.775287471188419,0.7964810177665411,0,0
-0.5593933463096619,-1.2391618490219116,-1.7009567022323608,0.7854642641065038,0.7952475872144845,0,0
-0.5622998476028442,-1.2413969039916992,-1.7009567022323608,0.7830771806086002,0.7954919565230893,0,0
-0.5652063488960266,-1.2436317205429077,-1.7009567022323608,0.7214431869753036,0.7598988637910074,0,0
-0.5681127905845642,-1.2458666563034058,-1.7009567022323608,0.7561070348129508,0.728488878459719,0,0
-0.5710192322731018,-1.2481017112731934,-1.7009567022323608,0.7488977959383257,0.7335766712451581,0,0
-0.5739256143569946,-1.250336766242981,-1.7009567022323608,0.7351551787730427,0.7499722648529673,0,0
-0.5768320560455322,-1.2525718212127686,-1.7009567022323608,0.7414335881011778,0.7539786997087239,0,0
-0.5797384977340698,-1.2548068761825562,-1.7009567022323608,0.7186373132914496,0.7657255630409422,0,0
-0.5826448798179626,-1.2570419311523438,-1.7009567022323608,0.7410634276424356,0.7628981693809764,0,0
-0.585551381111145,-1.2592769861221313,-1.7009567022323608,0.7421599998969685,0.7563712272011704,0,0
-0.5884577631950378,-1.261512041091919,-1.7009567022323608,0.7405280865400181,0.7597566316829527,0,0
-0.5913642048835754,-1.263747215270996,-1.7009567022323608,0.7179791994895719,0.7519345587699072,0,0
-0.594270646572113,-1.2659823894500732,-1.7009567022323608,0.696421210636065,0.7142079497030925,0,0
-0.5971770286560059,-1.2682175636291504,-1.7009567022323608,0.7025975705838308,0.7277339927690403,0,0
-0.6000834703445435,-1.2704527378082275,-1.7009567022323608,0.7045029380487748,0.701991853403466,0,0
-0.6029898524284363,-1.2726879119873047,-1.7009567022323608,0.7084478929832848,0.7246947265697106,0,0
-0.6058962345123291,-1.2749230861663818,-1.7009567022323608,0.7082880627118722,0.7279152797112937,0,0
-0.6088025569915771,-1.277158260345459,-1.7009567022323608,0.7012899327226458,0.7138701804346864,0,0
-0.61170893907547,-1.2793934345245361,-1.7009567022323608,0.7000360808500311,0.7132461158201674,0,0
-0.6146153211593628,-1.2816286087036133,-1.7009567022323608,0.6941441475894354,0.7035191581964972,0,0
-0.6175216436386108,-1.28386390209198,-1.7009567022323608,0.7018290896466259,0.7257592563362173,0,0
-0.6204280257225037,-1.2860990762710571,-1.7009567022323608,0.7062628413585754,0.7020549790716573,0,0
-0.6233343482017517,-1.2883343696594238,-1.7009567022323608,0.6652221210342147,0.7023258390718146,0,0
-0.6262406706809998,-1.2905696630477905,-1.7009567022323608,0.670008469804368,0.6631900951494158,0,0
-0.6291470527648926,-1.2928049564361572,-1.7009567022323608,0.6722934365707469,0.6839634486451619,0,0
-0.6320533156394958,-1.295040249824524,-1.7009567022323608,0.6738152469772191,0.6813024883151233,0,0
-0.6349596381187439,-1.2972756624221802,-1.7009567022323608,0.6651364011905563,0.6723783535235961,0,0
-0.6378659605979919,-1.2995108366012573,-1.7009567022323608,0.6584090000018927,0.6889399707251459,0,0
-0.64077228307724,-1.301746129989624,-1.7009567022323608,0.6698695321439683,0.6718797107209246,0,0
-0.643678605556488,-1.3039815425872803,-1.7009567022323608,0.6784342443608129,0.6861688586026947,0,0
-0.6465849876403809,-1.3062169551849365,-1.7009567022323608,0.65381962483641,0.7082783644319837,0,0
-0.6494912505149841,-1.3084524869918823,-1.7009567022323608,0.6639904694194679,0.6706889724036371,0,0
-0.6523975133895874,-1.3106876611709595,-1.7009567022323608,0.6361157269988961,0.6556544815474356,0,0
-0.6553037762641907,-1.3129233121871948,-1.7009567022323608,0.6312112106311663,0.6472016741534565,0,0
-0.658210039138794,-1.315158486366272,-1.7009567022323608,0.6460767973455891,0.6621682684499507,0,0
-0.6611162424087524,-1.3173941373825073,-1.7009567022323608,0.6261461014702203,0.6532110850799048,0,0
-0.6640225648880005,-1.319629430770874,-1.7009567022323608,0.6249895855452752,0.6456968824014988,0,0
-0.6669288277626038,-1.321865200996399,-1.7009567022323608,0.6354530177642613,0.6388712219648903,0,0
-0.6698350310325623,-1.3241007328033447,-1.7009567022323608,0.6194357827639199,0.6539713321158874,0,0
-0.6727412939071655,-1.3263362646102905,-1.7009567022323608,0.6250263266962398,0.6321706133662607,0,0
-0.675647497177124,-1.3285719156265259,-1.7009567022323608,0.6188225148926086,0.6431321421823771,0,0
-0.6785536408424377,-1.3308074474334717,-1.7009567022323608,0.6262837825717514,0.6546858014288276,0,0
-0.6814598441123962,-1.333043098449707,-1.7009567022323608,0.5891614305010217,0.622599517703349,0,0
-0.6843660473823547,-1.3352786302566528,-1.7009567022323608,0.6028793976502702,0.6323406327287796,0,0
-0.6872722506523132,-1.3375144004821777,-1.7009567022323608,0.5846534064731522,0.6243127512322674,0,0
-0.6901785135269165,-1.339749813079834,-1.7009567022323608,0.6072826766167697,0.612990393212663,0,0
-0.693084716796875,-1.3419854640960693,-1.7009567022323608,0.5997504453879864,0.6088850096427775,0,0
-0.6959909200668335,-1.3442211151123047,-1.7009567022323608,0.5928926597221786,0.6042012269147589,0,0
-0.6988971829414368,-1.34645676612854,-1.7009567022323608,0.6003554721072408,0.6027567801946893,0,0
-0.7018033266067505,-1.348692536354065,-1.7009567022323608,0.5836402412573076,0.6258111737725679,0,0
-0.704709529876709,-1.3509279489517212,-1.7009567022323608,0.5894303188929806,0.5994172747648636,0,0
-0.7076156139373779,-1.3531638383865356,-1.7009567022323608,0.5950219695805896,0.604484153285351,0,0
-0.7105216979980469,-1.3553993701934814,-1.7009567022323608,0.5647092100128556,0.5888026206744968,0,0
-0.7134280204772949,-1.3576350212097168,-1.7009567022323608,0.558873813804837,0.5873644078695797,0,0
-0.7163341045379639,-1.3598706722259521,-1.7009567022323608,0.5492631792792043,0.5778385968900754,0,0
-0.7192402482032776,-1.3621063232421875,-1.7009567022323608,0.5585800705802406,0.5654225982240263,0,0
-0.7221463322639465,-1.3643423318862915,-1.7009567022323608,0.5419493936326039,0.5694656398510871,0,0
-0.7250524163246155,-1.3665778636932373,-1.7009567022323608,0.5371774036270254,0.6031818978204107,0,0
-0.727958619594574,-1.3688137531280518,-1.7009567022323608,0.5537569834007563,0.5832616172897113,0,0
-0.7308648228645325,-1.371049404144287,-1.7009567022323608,0.5634512297926829,0.5740282960806804,0,0
-0.7337709069252014,-1.3732852935791016,-1.7009567022323608,0.5516151210733654,0.5759070505608723,0,0
-0.7366769313812256,-1.3755210638046265,-1.7009567022323608,0.5543645836446542,0.5832882925636591,0,0
-0.7395830154418945,-1.3777568340301514,-1.7009567022323608,0.5204105051333356,0.5301430540442233,0,0
-0.7424891591072083,-1.3799927234649658,-1.7009567022323608,0.5251940854105771,0.5343152625522106,0,0
-0.745395302772522,-1.3822284936904907,-1.7009567022323608,0.5375215817823487,0.5457924339961082,0,0
-0.7483013868331909,-1.3844642639160156,-1.7009567022323608,0.5242978803418321,0.5333579793909905,0,0
-0.7512075304985046,-1.3867000341415405,-1.7009567022323608,0.526291306633954,0.5288630104155737,0,0
-0.7541135549545288,-1.3889356851577759,-1.7009567022323608,0.5237010881068598,0.5619980901282362,0,0
-0.7570196986198425,-1.3911716938018799,-1.7009567022323608,0.5222813858086616,0.543135272044116,0,0
-0.7599257826805115,-1.3934075832366943,-1.7009567022323608,0.5167324117703019,0.5377913382503202,0,0
-0.7628319263458252,-1.3956434726715088,-1.7009567022323608,0.5250114807356181,0.5301595053887747,0,0
-0.7657379508018494,-1.3978792428970337,-1.7009567022323608,0.5211557340937849,0.5503410644873974,0,0
-0.7686439752578735,-1.4001150131225586,-1.7009567022323608,0.4878340945100454,0.5011627387588307,0,0
-0.7715500593185425,-1.4023510217666626,-1.7009567022323608,0.4760875275990448,0.4951216302583243,0,0
-0.7744560241699219,-1.4045867919921875,-1.7009567022323608,0.48794781738085063,0.5025686670181703,0,0
-0.7773621082305908,-1.4068228006362915,-1.7009567022323608,0.4942854228041213,0.49534774741971205,0,0
-0.780268132686615,-1.409058928489685,-1.7009567022323608,0.4753457088592356,0.4971905826958273,0,0
-0.7831740975379944,-1.4112950563430786,-1.7009567022323608,0.48732123610429906,0.5258207649011456,0,0
-0.7860801219940186,-1.4135313034057617,-1.7009567022323608,0.48991626776601244,0.49332892025355857,0,0
-0.7889862656593323,-1.4157671928405762,-1.7009567022323608,0.4971851913457696,0.5178843671852915,0,0
-0.7918922305107117,-1.4180033206939697,-1.7009567022323608,0.46956150139427355,0.5082024094460541,0,0
-0.7947982549667358,-1.4202394485473633,-1.7009567022323608,0.48371655365444377,0.5058356089750597,0,0
-0.7977044582366943,-1.4224756956100464,-1.70076322555542,0.43306075485785117,0.4540215497164172,0,0
-0.80060875415802,-1.424710988998413,-1.700268030166626,0.44717831585424417,0.45850953489382756,0,0
-0.8035050630569458,-1.4269424676895142,-1.699413537979126,0.43209458467672257,0.4674177277159887,0,0
-0.8063831925392151,-1.4291645288467407,-1.6983494758605957,0.4652095337749341,0.45640102779220776,0,0
-0.8092321753501892,-1.4313716888427734,-1.6969876289367676,0.44738658571719725,0.47285658268208414,0,0
-0.8120407462120056,-1.4335582256317139,-1.695310115814209,0.4370493924877368,0.47573360084921457,0,0
-0.8147973418235779,-1.435714840888977,-1.6934434175491333,0.4614957109817734,0.48847166066839315,0,0
-0.8174904584884644,-1.4378334283828735,-1.6914114952087402,0.45241864443093327,0.48084970416333594,0,0
-0.8201123476028442,-1.4399076700210571,-1.6891969442367554,0.4284408609550826,0.4547759518318273,0,0
-0.8226577639579773,-1.4419336318969727,-1.6869643926620483,0.4616912485146841,0.46734065301640926,0,0
-0.825192928314209,-1.4439513683319092,-1.684751033782959,0.41631173186674575,0.44316681230996563,0,0
-0.8276479244232178,-1.4459151029586792,-1.6825333833694458,0.4171361394594138,0.4150775979014211,0,0
-0.8300238847732544,-1.447820782661438,-1.6803443431854248,0.41579944186955275,0.4290968748728637,0,0
-0.8323251605033875,-1.4496614933013916,-1.678215503692627,0.4102403619919424,0.4290887527241599,0,0
-0.8345596790313721,-1.4514275789260864,-1.6761540174484253,0.41502172423355854,0.4095683141467355,0,0
-0.8367364406585693,-1.4531081914901733,-1.6741396188735962,0.4150448918368547,0.4235442081488192,0,0
-0.8388649821281433,-1.4546897411346436,-1.6721431016921997,0.4066118218107074,0.424150423406636,0,0
-0.8409543037414551,-1.4561575651168823,-1.6701717376708984,0.41560254003457314,0.4221675299801828,0,0
-0.8430113196372986,-1.4574965238571167,-1.668271541595459,0.41282133060412374,0.4272605471622579,0,0
-0.8450420498847961,-1.4586899280548096,-1.6664928197860718,0.4112380771805574,0.4221679452606132,0,0
-0.8470520973205566,-1.459721326828003,-1.6650495529174805,0.4084794711148728,0.3890553807811788,0,0
-0.84904545545578,-1.4605790376663208,-1.6636106967926025,0.3779380579687156,0.41112764190160056,0,0
-0.8510242700576782,-1.4612572193145752,-1.662162184715271,0.3723697011770445,0.3852426469557336,0,0
-0.8529878258705139,-1.461755633354187,-1.6607396602630615,0.39153635840974704,0.3860152242832417,0,0
-0.8549317717552185,-1.4620803594589233,-1.6591702699661255,0.3896893696796338,0.4055054020487764,0,0
-0.8568497896194458,-1.462241768836975,-1.657762050628662,0.40079784251809003,0.3855205159777292,0,0
-0.8587347269058228,-1.4622527360916138,-1.6562302112579346,0.3920330021258938,0.40268991513255936,0,0
-0.860580563545227,-1.462130069732666,-1.6549206972122192,0.4019335860043569,0.39725980267381095,0,0
-0.8623810410499573,-1.4618911743164062,-1.6534852981567383,0.36754471541775524,0.40968294772609914,0,0
-0.8641311526298523,-1.4615532159805298,-1.651908278465271,0.37900908998848726,0.4213763597249081,0,0
-0.865825891494751,-1.461133599281311,-1.6503340005874634,0.36959567317795733,0.37961059764958527,0,0
-0.8674589991569519,-1.460649013519287,-1.6487363576889038,0.37229836211410067,0.38297478174078936,0,0
-0.8690224885940552,-1.46011483669281,-1.6472123861312866,0.37016236434128236,0.38495130763845203,0,0
-0.8705092668533325,-1.4595452547073364,-1.6458131074905396,0.36928193152418176,0.3922965838862793,0,0
-0.8719133734703064,-1.4589530229568481,-1.6444969177246094,0.36689254087134854,0.36928149320795595,0,0
-0.8732302784919739,-1.458348035812378,-1.6432030200958252,0.3639373860531528,0.3718739013229612,0,0
-0.874457061290741,-1.4577372074127197,-1.6419028043746948,0.3824579177388041,0.35561692732584155,0,0
-0.8755924105644226,-1.457126259803772,-1.640617847442627,0.3494355497289774,0.3722244206247292,0,0
-0.8766361474990845,-1.456518292427063,-1.639373779296875,0.3695650920542498,0.3834951450225732,0,0
-0.8775885105133057,-1.4559149742126465,-1.638176679611206,0.3635823494497196,0.3755936338875975,1,1
-0.8784503936767578,-1.4553173780441284,-1.6370265483856201,0.3715240825752541,0.36572508144920546,0,0
-0.8792222142219543,-1.4547256231307983,-1.6359230279922485,0.3640312011955466,0.36829318018635965,0,0
-0.8799054026603699,-1.4541382789611816,-1.6348671913146973,0.3642547534937573,0.37732060610142704,0,0
-0.880501925945282,-1.4535551071166992,-1.6338638067245483,0.38124301355168994,0.38103705816870526,0,0
-0.8810137510299683,-1.4529751539230347,-1.632903814315796,0.3592890479306652,0.3640423129126576,0,0
-0.8814435601234436,-1.4523969888687134,-1.6319833993911743,0.3658464531894107,0.38248564255244566,0,0
-0.8817936182022095,-1.451819896697998,-1.6310927867889404,0.37103971106696826,0.36465871143385964,0,0
-0.8820666670799255,-1.4512431621551514,-1.6302390098571777,0.3487962244416707,0.3452456312479706,0,0
-0.8822653889656067,-1.4506661891937256,-1.6294227838516235,0.3653203460419399,0.372776071181287,0,0
-0.8823934197425842,-1.450087308883667,-1.628646969795227,0.3539093863046422,0.36884548384761684,0,0
-0.8824546933174133,-1.4495067596435547,-1.627924919128418,0.37077359166274093,0.3750073312534623,0,0
-0.882453978061676,-1.4489237070083618,-1.627258062362671,0.357401069346696,0.3627662531920592,0,0
-0.8823963403701782,-1.4483383893966675,-1.6266320943832397,0.35772360902990596,0.38570353742873564,0,0
-0.8822860717773438,-1.4477516412734985,-1.6260254383087158,0.37824842137145426,0.3590051090729225,0,0
-0.8821272850036621,-1.4471632242202759,-1.6254220008850098,0.36924006416501753,0.3729606474952772,0,0
-0.8819230198860168,-1.4465738534927368,-1.624825119972229,0.3681965873905777,0.3694684178205732,0,0
-0.8816759586334229,-1.4459831714630127,-1.6242456436157227,0.37625398979392827,0.3709776185296956,0,0
-0.881389319896698,-1.4453914165496826,-1.6236982345581055,0.3741958831258583,0.3611579590254997,0,0
-0.8810662031173706,-1.444798469543457,-1.623183012008667,0.3684031794107299,0.36995803898781005,0,0
-0.8807095885276794,-1.4442048072814941,-1.6227078437805176,0.38418490951943435,0.3654117286467355,0,0
-0.8803231716156006,-1.443610429763794,-1.6222648620605469,0.37517600523981137,0.37592594808844565,0,0
-0.8799097537994385,-1.4430159330368042,-1.6218419075012207,0.3849022155760377,0.385092271208088,0,0
-0.8794718980789185,-1.4424219131469727,-1.6214238405227661,0.3588318817757744,0.37385827887167034,0,0
-0.879011332988739,-1.4418277740478516,-1.6210150718688965,0.3667627365911996,0.3934889685587918,0,0
-0.8785300254821777,-1.4412339925765991,-1.620617151260376,0.36762760750251816,0.3563384083809404,0,0
-0.8780297040939331,-1.4406393766403198,-1.6202412843704224,0.3636500638681189,0.37449727464756827,0,0
-0.8775119781494141,-1.4400444030761719,-1.6198829412460327,0.3640886218302366,0.37509468664296475,0,0
-0.87697833776474,-1.4394484758377075,-1.619543194770813,0.39148856694426454,0.3830166369742657,0,0
-0.876430332660675,-1.438852071762085,-1.6192245483398438,0.37557324715917456,0.3837557272803467,0,0
-0.8758695721626282,-1.4382554292678833,-1.618920087814331,0.36954259106473974,0.38642731798070945,0,0
-0.8752972483634949,-1.437658429145813,-1.6186245679855347,0.39293375333765895,0.3900804228821555,0,0
-0.8747143149375916,-1.4370613098144531,-1.6183396577835083,0.38064067489819686,0.37717700117257547,0,0
-0.8741218447685242,-1.4364635944366455,-1.618068814277649,0.3893972219996304,0.3705494326200284,0,0
-0.87352055311203,-1.4358652830123901,-1.617809772491455,0.37306624065937155,0.3851533492788477,0,0
-0.8729115128517151,-1.4352658987045288,-1.617563009262085,0.38844791042402343,0.3688963841766064,0,0
-0.872295081615448,-1.4346657991409302,-1.6173310279846191,0.36761265459722814,0.37161417585251144,0,0
-0.8716723322868347,-1.4340646266937256,-1.6171059608459473,0.37917875386134237,0.38894219848682965,0,0
-0.8710436820983887,-1.4334627389907837,-1.61689293384552,0.3706032799130332,0.3900258782972403,0,0
-0.8704097270965576,-1.4328601360321045,-1.616686463356018,0.384953276075054,0.37278764007724663,0,0
-0.8697711229324341,-1.4322574138641357,-1.6164882183074951,0.36933984783446,0.37590983412289475,1,1
-0.869128406047821,-1.431653618812561,-1.6163007020950317,0.37538308332833215,0.38886940902143063,0,0
-0.8684818744659424,-1.431049108505249,-1.6161214113235474,0.39831474407999595,0.3921047257014133,0,0
-0.8678318858146667,-1.4304440021514893,-1.6157585382461548,0.3792485984535212,0.40636271516936195,0,0
-0.8671793341636658,-1.4298380613327026,-1.6152926683425903,0.367752771656295,0.3946086099046907,0,0
-0.8665255904197693,-1.4292323589324951,-1.614780068397522,0.38070963164575333,0.395632349304733,0,0
-0.8658719658851624,-1.4286272525787354,-1.6142487525939941,0.377839186127509,0.37995742656022985,0,0
-0.8652198314666748,-1.428023338317871,-1.6135203838348389,0.3899456038167024,0.41117029642029207,0,0
-0.864570140838623,-1.42742121219635,-1.6126961708068848,0.3802458707869424,0.3795510421253522,0,0
-0.8639243245124817,-1.4268220663070679,-1.611836552619934,0.3773036250069241,0.3966633771663332,0,0
-0.8632825613021851,-1.4262267351150513,-1.6109693050384521,0.41257764733518026,0.4096830250393563,0,0
-0.8626477718353271,-1.4256340265274048,-1.610116720199585,0.40208629020281655,0.4092607573957998,0,0
-0.8620266914367676,-1.4250401258468628,-1.6093173027038574,0.38959023362711936,0.3882949995732246,0,0
-0.8614265322685242,-1.4244403839111328,-1.6085799932479858,0.4094499981204753,0.4129511861410262,0,0
-0.8608569502830505,-1.4238300323486328,-1.607669472694397,0.3911137534167371,0.40084531651081023,0,0
-0.8603266477584839,-1.4232046604156494,-1.6067168712615967,0.39801921843681065,0.3916458588128902,0,0
-0.8598417639732361,-1.4225609302520752,-1.605607032775879,0.39292924751582214,0.4059403714758552,0,0
-0.8594061732292175,-1.4218982458114624,-1.604401707649231,0.3979529485526167,0.3974834193911287,0,0
-0.8590208292007446,-1.4212168455123901,-1.603156566619873,0.3972145398076171,0.3909377706501931,0,0
-0.8586843609809875,-1.420518159866333,-1.601709008216858,0.38839638997158193,0.4028021844278501,0,0
-0.858393669128418,-1.4198046922683716,-1.599976658821106,0.3922792451709022,0.4053421823050279,0,0
-0.8581449389457703,-1.4190809726715088,-1.5979135036468506,0.3960233674523306,0.41074775654068657,0,0
-0.8579339385032654,-1.4183534383773804,-1.5957105159759521,0.41535001408209576,0.4065561179517337,0,0
-0.8577576279640198,-1.4176260232925415,-1.593461036682129,0.403729951923494,0.41446185654167084,0,0
-0.8576158881187439,-1.4169000387191772,-1.5910513401031494,0.39813189493543877,0.40513925466475514,0,0
-0.8575090169906616,-1.4161759614944458,-1.5887774229049683,0.42279895653194816,0.39113700104420146,0,0
-0.8574376702308655,-1.415453553199768,-1.5866248607635498,0.41411031231951584,0.43047660073233396,0,0
-0.8574036955833435,-1.414731740951538,-1.58458411693573,0.40746416482910425,0.4278421954423644,0,0
-0.8574112057685852,-1.4140069484710693,-1.5826432704925537,0.4141918849037898,0.4036586469760561,0,0
-0.857465386390686,-1.4132734537124634,-1.5807913541793823,0.41465040839903,0.4160095780244395,0,0
-0.8575729131698608,-1.4125231504440308,-1.5790598392486572,0.41003849345844817,0.41053120155935185,0,0
-0.8577427864074707,-1.4117459058761597,-1.5774662494659424,0.4179406791877623,0.4038528147562408,0,0
-0.8579850792884827,-1.4109314680099487,-1.575972318649292,0.4197503602845821,0.41365046985350784,0,0
-0.8583093285560608,-1.4100711345672607,-1.5745049715042114,0.4044059147724009,0.42066172176194544,0,0
-0.8587244153022766,-1.4091570377349854,-1.5730334520339966,0.41427317787732304,0.40605958207418785,0,0
-0.8592367172241211,-1.4081828594207764,-1.5715913772583008,0.4047434966447083,0.40975649445477696,0,0
-0.8598510026931763,-1.4071415662765503,-1.5704073905944824,0.4298408371600696,0.3958035379868913,0,0
-0.8605687022209167,-1.4060289859771729,-1.5693870782852173,0.43164747708202167,0.4189899805670888,0,0
-0.8613892793655396,-1.404842734336853,-1.568471908569336,0.4057914647802241,0.42186725295762095,0,0
-0.8623107671737671,-1.4035818576812744,-1.5676360130310059,0.40767860258134975,0.4085786510330969,0,0
-0.8633296489715576,-1.4022470712661743,-1.5668572187423706,0.4122463204912433,0.40140034065288555,1,1
-0.8644423484802246,-1.4008382558822632,-1.566118836402893,0.42219929788443755,0.40449871774368595,0,0
-0.8656457662582397,-1.399356722831726,-1.565205693244934,0.39578305081908854,0.43108247230923763,0,0
-0.8669342994689941,-1.3978065252304077,-1.5642017126083374,0.4151841799743218,0.41205584294015063,0,0
-0.8683013916015625,-1.3961942195892334,-1.5631085634231567,0.4080151360285417,0.4091950502197823,0,0
-0.8697397112846375,-1.3945260047912598,-1.5620578527450562,0.41317390128036735,0.40937828585537667,0,0
-0.8712437748908997,-1.3928073644638062,-1.5610305070877075,0.427349871066729,0.42050072203378613,0,0
-0.8728088140487671,-1.3910424709320068,-1.5599888563156128,0.4116415401644661,0.4088574017681649,0,0
-0.8744319677352905,-1.3892343044281006,-1.558743953704834,0.39645855231339366,0.4161985271585201,0,0
-0.8761098980903625,-1.387387752532959,-1.5574421882629395,0.4235582015918471,0.4136066898949737,0,0
-0.8778386116027832,-1.3855077028274536,-1.5561246871948242,0.4363019043247766,0.4283372237538654,0,0
-0.8796143531799316,-1.3835997581481934,-1.554869532585144,0.4304167578852506,0.42049284333166215,0,0
-0.8814336657524109,-1.3816684484481812,-1.5536999702453613,0.443571435154086,0.41188445826131675,0,0
-0.8832931518554688,-1.379717469215393,-1.5525990724563599,0.4310008990414599,0.410897548419487,0,0
-0.8851898908615112,-1.3777494430541992,-1.55154287815094,0.41387666328005446,0.4206420122598706,0,0
-0.8871222138404846,-1.3757654428482056,-1.5505253076553345,0.42524573202176247,0.4061120936528913,0,0
-0.8890888094902039,-1.3737651109695435,-1.5495522022247314,0.44345246331516086,0.40874125733912414,0,0
-0.8910893797874451,-1.3717474937438965,-1.5488134622573853,0.4172328965635151,0.3992428682495719,0,0
-0.8931210041046143,-1.3697127103805542,-1.5482182502746582,0.4251260426572823,0.41934441173521725,0,0
-0.895180344581604,-1.3676613569259644,-1.5477204322814941,0.4128810940023633,0.40227201102236915,0,0
-0.89726322889328,-1.365594744682312,-1.5472989082336426,0.4264529470756346,0.4159104223087333,0,0
-0.8993657231330872,-1.3635135889053345,-1.5469334125518799,0.42141069352433624,0.41242925029153354,0,0
-0.9014848470687866,-1.3614182472229004,-1.546596646308899,0.4180590346591268,0.4238494182684664,0,0
-0.903619110584259,-1.3593084812164307,-1.5462794303894043,0.4364626673296933,0.4182757807854729,0,0
-0.9057680368423462,-1.3571841716766357,-1.5459766387939453,0.4183357114352184,0.41717993911019197,0,0
-0.9079318046569824,-1.3550448417663574,-1.5458778142929077,0.43214271839449886,0.39815858984938163,0,0
-0.9101090431213379,-1.352891206741333,-1.5459023714065552,0.4207902766304651,0.41913200978258086,0,0
-0.9122975468635559,-1.3507248163223267,-1.5459935665130615,0.4393062919940353,0.41357832194495386,0,0
-0.914495587348938,-1.3485465049743652,-1.5463101863861084,0.4106447494709541,0.3996054511512758,0,0
-0.9166990518569946,-1.3463587760925293,-1.5467486381530762,0.4289223188691,0.4110635621812226,0,0
-0.9189043641090393,-1.3441646099090576,-1.547257661819458,0.43265790288711614,0.41905578560882056,0,0
-0.9211070537567139,-1.3419666290283203,-1.5478249788284302,0.4188101264781105,0.432908370713446,0,0
-0.9233037233352661,-1.339767336845398,-1.5484273433685303,0.43942338653374924,0.4116231348847997,0,0
-0.9254928827285767,-1.337567687034607,-1.5490092039108276,0.4084220550167341,0.4368734260832976,0,0
-0.9276739358901978,-1.3353675603866577,-1.549575924873352,0.4252468313364851,0.4044264912952984,0,0
-0.9298484325408936,-1.3331663608551025,-1.5501244068145752,0.41157738954762907,0.415686216628398,0,0
-0.9320181608200073,-1.330962896347046,-1.5506582260131836,0.421245649768183,0.4149674361480118,0,0
-0.934185802936554,-1.328755497932434,-1.5511754751205444,0.40467496487192084,0.41508900266778187,0,0
-0.93635493516922,-1.3265416622161865,-1.5518543720245361,0.4194334058483024,0.3926228443741248,0,0
-0.9385271668434143,-1.324320673942566,-1.5526206493377686,0.40772895632173595,0.4162714510616626,0,0
-0.9407030344009399,-1.3220926523208618,-1.5534207820892334,0.4235607222458884,0.4080545111057632,1,1
-0.9428830146789551,-1.3198579549789429,-1.5542316436767578,0.41346151540190196,0.4150229710845449,0,0
-0.9450677633285522,-1.3176172971725464,-1.5550291538238525,0.42360680484662255,0.41780741663819715,0,0
-0.9472581744194031,-1.315370798110962,-1.555806279182434,0.43113308843964193,0.4156980437448316,0,0
-0.9494550228118896,-1.313118815422058,-1.556559681892395,0.408541044017619,0.4243807292806591,0,0
-0.9516596794128418,-1.310860514640808,-1.557090401649475,0.39484632751217075,0.406879533501212,0,0
-0.9538722038269043,-1.3085976839065552,-1.5576767921447754,0.4103802700737625,0.39971722057611453,0,0
-0.9560893177986145,-1.3063340187072754,-1.5582880973815918,0.43932408919479937,0.40571594579945924,0,0
-0.9583063721656799,-1.304073691368103,-1.5589078664779663,0.4063082240443342,0.4001227915104009,0,0
-0.9605187177658081,-1.3018196821212769,-1.5595102310180664,0.4122743584494596,0.4051672218521832,0,0
-0.9627236723899841,-1.2995749711990356,-1.5601158142089844,0.41020617706273826,0.41791897930252,0,0
-0.9649201035499573,-1.2973401546478271,-1.5609049797058105,0.41945726551131857,0.39972263556845633,0,0
-0.9671055674552917,-1.2951172590255737,-1.5617777109146118,0.40319248959479276,0.4132467710416957,0,0
-0.9692792296409607,-1.2929073572158813,-1.5628806352615356,0.4214991808892843,0.39437820821122216,0,0
-0.9714377522468567,-1.2907130718231201,-1.5640950202941895,0.4114026945795218,0.42602411630859865,0,0
-0.9735782146453857,-1.2885355949401855,-1.565340518951416,0.4128224697455362,0.409504668421272,0,0
-0.9756985306739807,-1.2863749265670776,-1.56658136844635,0.42238173629257875,0.4114380378315502,0,0
-0.9777985215187073,-1.28423011302948,-1.5678002834320068,0.4281421605143745,0.41082519790673744,0,0
-0.9798795580863953,-1.2820988893508911,-1.5689783096313477,0.41585605020632044,0.4236926123543317,0,0
-0.9819443821907043,-1.279977798461914,-1.5701035261154175,0.42146724818579234,0.41956551449182794,0,0
-0.9839969277381897,-1.2778624296188354,-1.571164846420288,0.42227359519520036,0.40181008570150994,0,0
-0.9860432147979736,-1.2757478952407837,-1.5721615552902222,0.4110922338197873,0.4025540717664927,0,0
-0.9880886673927307,-1.2736300230026245,-1.5731016397476196,0.43403177648226493,0.42163036765832,0,0
-0.9901401996612549,-1.2715051174163818,-1.5740050077438354,0.4174451768293522,0.43048661019163426,0,0
-0.9922035336494446,-1.269370436668396,-1.5748870372772217,0.41302480821925275,0.41711791378832025,0,0
-0.9942836165428162,-1.2672240734100342,-1.575752854347229,0.41284799408195405,0.4179537036560323,0,0
-0.99638432264328,-1.2650643587112427,-1.5766021013259888,0.4085531553322999,0.43777595648874634,0,0
-0.9985077977180481,-1.2628892660140991,-1.5774174928665161,0.42034944055226003,0.41102836028552014,0,0
-1.0006555318832397,-1.2606972455978394,-1.5781970024108887,0.4326594337711076,0.42246452129935186,0,0
-1.002828598022461,-1.2584863901138306,-1.5789316892623901,0.4387354005222792,0.4324763505179697,0,0
-1.005027413368225,-1.2562556266784668,-1.5796327590942383,0.41401448239531913,0.41660483708859647,0,0
-1.0072522163391113,-1.2540041208267212,-1.580306053161621,0.4275107965849125,0.41524744940131664,0,0
-1.0095022916793823,-1.2517313957214355,-1.5809475183486938,0.4184562506192777,0.41003079339434395,0,0
-1.0117772817611694,-1.2494374513626099,-1.5815602540969849,0.42124900614803945,0.4121943592316312,0,0
-1.0140762329101562,-1.2471226453781128,-1.5821443796157837,0.4166645957528605,0.4125009871326078,0,0
-1.0163978338241577,-1.2447870969772339,-1.5827052593231201,0.4053884139562076,0.4138191145249663,0,0
-1.0187410116195679,-1.2424315214157104,-1.5832418203353882,0.4186315775067202,0.4221937436234855,0,0
-1.0211046934127808,-1.2400563955307007,-1.5835590362548828,0.39926061861770984,0.4064517568866735,0,0
-1.0234858989715576,-1.2376651763916016,-1.5837433338165283,0.41678183040640293,0.4101879646572637,0,0
-1.0258809328079224,-1.2352616786956787,-1.5838369131088257,0.43052732855216136,0.4274881365839437,0,0
-1.0282847881317139,-1.2328513860702515,-1.5838555097579956,0.4122486828960281,0.43305394230271677,1,1
-1.0306930541992188,-1.2304378747940063,-1.5836430788040161,0.3900747984789529,0.42317614547280213,0,0
-1.0331010818481445,-1.2280265092849731,-1.5833231210708618,0.4161112026190768,0.4327457274929919,0,0
-1.0355048179626465,-1.2256211042404175,-1.5827722549438477,0.395012023297552,0.4205195387744164,0,0
-1.0378986597061157,-1.2232272624969482,-1.582092046737671,0.41098207266358344,0.40741258619306275,0,0
-1.0402778387069702,-1.220849633216858,-1.581350326538086,0.4312645497537803,0.41247136751583374,0,0
-1.042638897895813,-1.218492031097412,-1.5806018114089966,0.41480388612673474,0.4300852524305287,0,0
-1.0449810028076172,-1.2161568403244019,-1.5798616409301758,0.4069017065802083,0.4177197429497452,0,0
-1.047304391860962,-1.213845133781433,-1.5791414976119995,0.4237312109175907,0.41850514094135105,0,0
-1.049611210823059,-1.2115564346313477,-1.5782469511032104,0.39675357883106965,0.42334661451201294,0,0
-1.051902174949646,-1.2092903852462769,-1.577267050743103,0.4091313893192969,0.40688306069051794,0,0
-1.054178237915039,-1.2070467472076416,-1.5762548446655273,0.429473477890226,0.42226135592895586,0,0
-1.056441068649292,-1.2048243284225464,-1.57524573802948,0.41988840912523895,0.41389975448634886,0,0
-1.0586920976638794,-1.2026212215423584,-1.5742599964141846,0.4378728926411663,0.4212295536969002,0,0
-1.0609339475631714,-1.200434923171997,-1.573291301727295,0.4211284896423936,0.4206919786115076,0,0
-1.0631682872772217,-1.1982616186141968,-1.5723400115966797,0.4195779928804603,0.402863304540636,0,0
-1.065398097038269,-1.1960983276367188,-1.5714173316955566,0.4305233250279187,0.427631789385763,0,0
-1.0676255226135254,-1.193940281867981,-1.5705389976501465,0.43032523381144683,0.42532463425285405,0,0
-1.069853663444519,-1.1917827129364014,-1.5697275400161743,0.4169797283504816,0.43456973569939117,0,0
-1.072086215019226,-1.1896209716796875,-1.5689756870269775,0.43033596886604214,0.40042202731770227,0,0
-1.0743266344070435,-1.1874507665634155,-1.5682684183120728,0.41550030469706334,0.419211804030481,0,0
-1.076578974723816,-1.1852693557739258,-1.5675815343856812,0.412303460534418,0.41437841352292526,0,0
-1.0788456201553345,-1.1830739974975586,-1.5669025182724,0.41744859345003615,0.40565562142567335,0,0
-1.0811282396316528,-1.1808629035949707,-1.566241979598999,0.41368160018546823,0.4267207459731817,0,0
-1.083428144454956,-1.178634524345398,-1.5656095743179321,0.4243762251738859,0.42311534708204895,0,0
-1.0857460498809814,-1.1763876676559448,-1.5650054216384888,0.4077247003406786,0.412381274915716,0,0
-1.0880786180496216,-1.1741214990615845,-1.5644195079803467,0.4382787245192345,0.4206497561947771,0,0
-1.0904161930084229,-1.1718357801437378,-1.5638927221298218,0.4155906888597895,0.42026207391119064,0,0
-1.0927419662475586,-1.1695314645767212,-1.5634487867355347,0.4062889034455145,0.4142665231662699,0,0
-1.0950350761413574,-1.167209267616272,-1.5630171298980713,0.41316074845449996,0.41186396921478097,0,0
-1.0972737073898315,-1.1648691892623901,-1.5625001192092896,0.4261400268699496,0.4078341249227792,0,0
-1.0994349718093872,-1.1625100374221802,-1.5618473291397095,0.41214424861782223,0.40290164324380384,0,0
-1.1014949083328247,-1.1601301431655884,-1.561100959777832,0.4255386749962446,0.4169787470856496,0,0
-1.1034274101257324,-1.1577290296554565,-1.5603984594345093,0.3973966920535242,0.4091212462276577,0,0
-1.105206847190857,-1.1553081274032593,-1.5598664283752441,0.41515705980153716,0.3950227462246738,0,0
-1.106808066368103,-1.1528687477111816,-1.5595240592956543,0.41591483747487984,0.38794440984311973,0,0
-1.1082121133804321,-1.1504119634628296,-1.5592941045761108,0.4175185644478724,0.41929970633538466,0,0
-1.109405755996704,-1.1479390859603882,-1.5590757131576538,0.4253252172675028,0.41355069401656347,0,0
-1.1103817224502563,-1.1454517841339111,-1.5587769746780396,0.4146101771854315,0.42076711204662776,0,0
-1.1111369132995605,-1.1429526805877686,-1.558406114578247,0.40343545719664536,0.39781760519350007,0,0
-1.1116716861724854,-1.1404448747634888,-1.5580596923828125,0.4221568031144643,0.4066424600274256,0,0
-1.1119896173477173,-1.1379303932189941,-1.557713270187378,0.4266230341663222,0.4184669811113754,0,0
-1.1120967864990234,-1.135411024093628,-1.557389259338379,0.42272081475388534,0.41071414223943997,0,0
-1.1120020151138306,-1.1328880786895752,-1.5571198463439941,0.4383231673389176,0.4276799486902199,0,0
-1.11171555519104,-1.1303627490997314,-1.5568894147872925,0.42906617466197383,0.4172349201699794,0,0
-1.1112475395202637,-1.1278363466262817,-1.5566558837890625,0.42347276485210056,0.42144067497353815,0,0
-1.1106083393096924,-1.1253104209899902,-1.5563892126083374,0.40725087057915477,0.4199082603058045,0,0
-1.1098082065582275,-1.1227856874465942,-1.5560804605484009,0.42391961483793517,0.41076009643033706,0,0
-1.108858585357666,-1.1202616691589355,-1.5557706356048584,0.4185114061107419,0.4145726697764591,0,0
-1.1077710390090942,-1.1177363395690918,-1.5555167198181152,0.423401142355962,0.4135815095602123,0,0
-1.1065568923950195,-1.1152077913284302,-1.5553215742111206,0.40850549665371233,0.40845885575161317,0,0
-1.105226993560791,-1.1126750707626343,-1.5551596879959106,0.43824494628579924,0.4282344607712958,0,0
-1.1037907600402832,-1.1101385354995728,-1.5550047159194946,0.44326163785403755,0.4342005845192421,0,0
-1.1022567749023438,-1.1075994968414307,-1.5548323392868042,0.4380283401960279,0.44065108235752193,0,0
-1.100632667541504,-1.1050587892532349,-1.554628849029541,0.45793345267518976,0.4332947491259244,0,0
-1.0989254713058472,-1.1025168895721436,-1.5543965101242065,0.44836650348071005,0.4541008759874133,0,0
-1.097142219543457,-1.099973201751709,-1.5541725158691406,0.4288060074328643,0.43182033071943676,0,0
-1.0952898263931274,-1.0974271297454834,-1.553985595703125,0.4435816774827024,0.4405446606598488,0,0
-1.0933752059936523,-1.0948779582977295,-1.553842544555664,0.4617548672711132,0.43605972520891517,0,0
-1.0914037227630615,-1.0923255681991577,-1.5537233352661133,0.43153343924558396,0.45595676109501526,0,0
-1.0893809795379639,-1.089770793914795,-1.5536134243011475,0.4288470655845621,0.4531474641175688,0,0
-1.0873111486434937,-1.0872138738632202,-1.5534913539886475,0.46457309510177536,0.46699118642149345,0,0
-1.085198163986206,-1.0846551656723022,-1.553345799446106,0.4777340169034544,0.46287476490395973,0,0
-1.0830451250076294,-1.0820950269699097,-1.553181529045105,0.4812258563060341,0.4626776761594475,0,0
-1.0808556079864502,-1.079532504081726,-1.553025484085083,0.46575165786373945,0.4598417834801679,0,0
-1.0786329507827759,-1.0769671201705933,-1.552894115447998,0.4628557802911062,0.4755528112198374,0,0
-1.0763802528381348,-1.0743987560272217,-1.55278480052948,0.47847086943061523,0.4714440771566127,0,0
-1.0741002559661865,-1.0718272924423218,-1.5526915788650513,0.4701773492715346,0.46347497494572154,0,0
-1.0717954635620117,-1.0692532062530518,-1.552605390548706,0.4852157986727026,0.4641598014857305,0,0
-1.0694682598114014,-1.0666768550872803,-1.5525130033493042,0.4683971204186482,0.4728003817561852,0,0
-1.0671203136444092,-1.0640982389450073,-1.5524083375930786,0.46012281343244094,0.45562667081978336,0,0
-1.064753770828247,-1.061517357826233,-1.552296757698059,0.5175627897916476,0.5054601991027465,0,0
-1.062369704246521,-1.0589338541030884,-1.552191972732544,0.5154496558269451,0.4999031456441651,0,0
-1.0599699020385742,-1.0563474893569946,-1.5520968437194824,0.5022105997209332,0.5017393217073679,0,0
-1.057555913925171,-1.0537582635879517,-1.552014946937561,0.5198377968109951,0.5046363840921405,0,0
-1.0551291704177856,-1.0511665344238281,-1.5519428253173828,0.505683660262683,0.4990128754545447,0,0
-1.0526909828186035,-1.0485719442367554,-1.5518759489059448,0.5143712892510749,0.509231306223334,0,0
-1.050242304801941,-1.0459750890731812,-1.5518063306808472,0.4975029644711269,0.48988760627483796,0,0
-1.0477843284606934,-1.0433759689331055,-1.5517311096191406,0.5033137059597641,0.4888411474648347,0,0
-1.0453178882598877,-1.040774941444397,-1.55165433883667,0.4996656395718241,0.49684942627968404,0,0
-1.0428434610366821,-1.0381715297698975,-1.5515793561935425,0.494866655127472,0.5120938263369849,0,0
-1.040362000465393,-1.0355658531188965,-1.5515106916427612,0.5406804867492057,0.5402743556861158,0,0
-1.0378739833831787,-1.0329581499099731,-1.5514490604400635,0.5339250652500034,0.5072383501016003,0,0
-1.0353803634643555,-1.0303480625152588,-1.5513927936553955,0.5540741933740961,0.5263926666708837,0,0
-1.0328813791275024,-1.0277361869812012,-1.5513417720794678,0.5399403995288233,0.5430348846699341,0,0
-1.030377984046936,-1.0251224040985107,-1.55129075050354,0.5519638860628965,0.5124574716415963,0,0
-1.0278704166412354,-1.0225070714950562,-1.5512397289276123,0.556186243375634,0.5396870556315296,0,0
-1.0253592729568481,-1.0198899507522583,-1.5511871576309204,0.5357965042162322,0.5403444233309475,0,0
-1.022844672203064,-1.0172713994979858,-1.5511360168457031,0.5508467004182626,0.5339430716279336,0,0
-1.0203269720077515,-1.0146512985229492,-1.5510876178741455,0.5461145909245163,0.5285952733536513,0,0
-1.0178064107894897,-1.0120296478271484,-1.5510419607162476,0.5376830051452466,0.5364489754419621,0,0
-1.0152837038040161,-1.009406566619873,-1.5510015487670898,0.5798146439624432,0.5653113173254708,0,0
-1.0127586126327515,-1.0067822933197021,-1.5509638786315918,0.566387476341946,0.5766313352323923,0,0
-1.010231852531433,-1.0041567087173462,-1.5509263277053833,0.583156854780553,0.5838710027812452,0,0
-1.007703185081482,-1.0015300512313843,-1.550891399383545,0.588559530178211,0.5690259477866121,0,0
-1.0051732063293457,-0.9989022612571716,-1.5508575439453125,0.5900550372812363,0.5811351575610803,0,0
-1.0026419162750244,-0.996273398399353,-1.5508239269256592,0.5748259729145778,0.592008773759455,0,0
-1.0001091957092285,-0.9936435222625732,-1.5507917404174805,0.6003959862075832,0.5732261897997581,0,0
-0.9975755214691162,-0.9910127520561218,-1.5507620573043823,0.5866689694343583,0.5681804883805492,0,0
-0.995040774345398,-0.988381028175354,-1.5507324934005737,0.585123176386011,0.5896438847884049,0,0
-0.9925052523612976,-0.9857484698295593,-1.5507054328918457,0.5814320741267025,0.5607906822214567,0,0
-0.98996901512146,-0.9831151366233826,-1.5506787300109863,0.6321949064736916,0.5978372424157595,0,0
-0.9874321818351746,-0.9804810285568237,-1.550654411315918,0.6264228568758536,0.6086064081300211,0,0
-0.9848947525024414,-0.9778463840484619,-1.5506302118301392,0.6009756675213181,0.6056316032574593,0,0
-0.9823567867279053,-0.9752109050750732,-1.5506060123443604,0.6029135683299902,0.5893961789322298,0,0
-0.9798185229301453,-0.9725748896598816,-1.5505815744400024,0.6179120892068484,0.5938848626814984,0,0
-0.977279782295227,-0.9699382185935974,-1.5505601167678833,0.6189101217279362,0.607364159264937,0,0
-0.974740743637085,-0.9673009514808655,-1.5505425930023193,0.6144566868552139,0.6166262973787239,0,0
-0.9722015261650085,-0.9646633267402649,-1.5505238771438599,0.5909440339298715,0.6203541800944925,0,0
-0.9696621894836426,-0.9620252251625061,-1.5505088567733765,0.6144196914220503,0.6136958295223305,0,0
-0.9671226739883423,-0.9593865275382996,-1.5504928827285767,0.6182194843412162,0.6137320596673257,0,0
-0.9645830392837524,-0.9567474722862244,-1.5504766702651978,0.6519252641349085,0.6413417231300284,0,0
-0.9620431661605835,-0.9541081190109253,-1.5504604578018188,0.6593066028003666,0.6412998801909843,0,0
-0.959503173828125,-0.951468288898468,-1.55044424533844,0.6539421486618123,0.6460497095939821,0,0
-0.956963300704956,-0.9488281011581421,-1.5504282712936401,0.6615274638094796,0.6377246209135333,0,0
-0.9544233679771423,-0.9461876153945923,-1.550417423248291,0.6631713155712682,0.6412921702821017,0,0
-0.9518834352493286,-0.9435468316078186,-1.5504064559936523,0.6427241568411826,0.6624848264979225,0,0
-0.9493433833122253,-0.940905749797821,-1.5503958463668823,0.6594377669754448,0.6653083122206895,0,0
-0.9468034505844116,-0.9382643699645996,-1.5503849983215332,0.6475510300030531,0.6322777385366692,0,0
-0.9442635774612427,-0.9356228113174438,-1.550374150276184,0.6490182808612981,0.6506619791978024,0,0
-0.941723644733429,-0.9329807758331299,-1.5503634214401245,0.6486614991916949,0.6392377663606978,0,0
-0.93918377161026,-0.9303386807441711,-1.5503525733947754,0.6791307693029724,0.667181160173006,0,0
-0.9366438984870911,-0.9276963472366333,-1.5503472089767456,0.6807833535991421,0.6785255109091858,0,0
-0.9341040253639221,-0.9250538349151611,-1.5503419637680054,0.6897026011907852,0.6738199454487263,0,0
-0.9315641522407532,-0.9224110841751099,-1.5503363609313965,0.6771464572381555,0.6848344003448934,0,0
-0.9290242791175842,-0.9197681546211243,-1.5503311157226562,0.6938369089285733,0.6859680724193524,0,0
-0.9264845252037048,-0.9171251058578491,-1.5503257513046265,0.6941110204542109,0.6651016555417881,0,0
-0.9239447116851807,-0.9144818782806396,-1.5503202676773071,0.6752671336161268,0.6865120093727166,0,0
-0.9214051961898804,-0.9118385910987854,-1.5503149032592773,0.6923840465073045,0.6861557216372809,0,0
-0.9188656806945801,-0.9091951251029968,-1.5503095388412476,0.6909893972490536,0.6814261650561168,0,0
-0.9163262248039246,-0.9065514802932739,-1.5503040552139282,0.7031623169115069,0.6863974151618859,0,0
-0.913786768913269,-0.9039077758789062,-1.5502986907958984,0.7328047360751617,0.7246064418186676,0,0
-0.9112474322319031,-0.9012638926506042,-1.5502933263778687,0.7500949423496526,0.7211774031473784,0,0
-0.9087081551551819,-0.8986199498176575,-1.5502880811691284,0.7314976760060838,0.7219126963525789,0,0
-0.9061689376831055,-0.8959760069847107,-1.5502824783325195,0.7331977674844777,0.718692461178056,0,0
-0.9036297798156738,-0.8933318257331848,-1.5502772331237793,0.7149656995324881,0.7155259832629732,0,0
-0.9010906219482422,-0.8906875252723694,-1.5502718687057495,0.7337214902948097,0.7287196206113568,0,0
-0.8985515236854553,-0.8880433440208435,-1.5502718687057495,0.7236491428437244,0.7015690657645253,0,0
-0.8960124254226685,-0.8853991627693176,-1.5502718687057495,0.7390771952457433,0.7322381482757311,0,0
-0.8934735059738159,-0.8827548027038574,-1.5502718687057495,0.7171297043364258,0.7228297210465591,0,0
-0.8909345865249634,-0.8801104426383972,-1.5502718687057495,0.7394089953049923,0.7118354307707258,0,0
-0.8883956670761108,-0.8774660229682922,-1.5502718687057495,0.7765569783406584,0.7604385990536014,0,0
-0.8858568668365479,-0.8748213648796082,-1.5502718687057495,0.7707738138580066,0.7349207269852128,0,0
-0.8833180665969849,-0.8721767067909241,-1.5502718687057495,0.7536764147320523,0.7534986748646196,0,0
-0.8807792067527771,-0.8695322871208191,-1.5502718687057495,0.7702841135078292,0.7370183602818852,0,0
-0.8782405257225037,-0.8668874502182007,-1.5502718687057495,0.7592470364506255,0.7391194921961494,0,0
-0.875701904296875,-0.864242672920227,-1.5502718687057495,0.7480615861410579,0.7713748950163772,0,0
-0.8731632232666016,-0.8615980744361877,-1.5502718687057495,0.7705135973739606,0.7695564554335222,0,0
-0.8706247806549072,-0.8589531779289246,-1.5502718687057495,0.7717615789607642,0.7494812210396099,0,0
-0.8680863380432129,-0.856308102607727,-1.5502718687057495,0.7617459085798813,0.7694829741902761,0,0
-0.8655478954315186,-0.8536631464958191,-1.5502718687057495,0.7523305673990331,0.765105094394601,0,0
-0.8630095720291138,-0.8510178923606873,-1.5502718687057495,0.8075276967641009,0.8063428346572209,0,0
-0.8604714274406433,-0.8483729958534241,-1.5502718687057495,0.82364263846858,0.7980943260972145,0,0
-0.8579331636428833,-0.845727801322937,-1.5502718687057495,0.8007404270367918,0.7974452386718764,0,0
-0.8553948998451233,-0.8430826663970947,-1.5502718687057495,0.8025593673129414,0.7887693029172411,0,0
-0.8528568148612976,-0.8404374122619629,-1.5502718687057495,0.7852529339863931,0.7891020551566759,0,0
-0.8503187894821167,-0.8377918601036072,-1.5502718687057495,0.7910085448201524,0.8010016439389268,0,0
-0.8477808237075806,-0.8351466059684753,-1.5502718687057495,0.8132415357978824,0.8017344388658697,0,0
-0.8452428579330444,-0.8325009942054749,-1.5502718687057495,0.8115101291171531,0.7926767122657774,0,0
-0.8427050113677979,-0.8298555016517639,-1.5502718687057495,0.8049944776187365,0.7997773884362631,0,0
-0.840167224407196,-0.8272099494934082,-1.5502718687057495,0.8042722388212383,0.7881063468367089,0,0
-0.8376293182373047,-0.8245643377304077,-1.5502718687057495,0.48513290493549194,0.505729414878684,0,0
-0.8350915908813477,-0.8219186663627625,-1.5502718687057495,0.4826894217473534,0.5019958419316151,0,0
-0.8325538039207458,-0.8192729949951172,-1.5502718687057495,0.4996005326868814,0.48754774327074146,0,0
-0.8300160765647888,-0.8166272044181824,-1.5502718687057495,0.5233391489522221,0.4883743612558341,0,0
-0.8274785280227661,-0.8139813542366028,-1.5502718687057495,0.4996620728612601,0.491151969879896,0,0
-0.8249410390853882,-0.8113354444503784,-1.5502718687057495,0.5179307125236238,0.5112011086544893,0,0
-0.8224035501480103,-0.8086894750595093,-1.5502718687057495,0.5035253216757196,0.5006918347649515,0,0
-0.8198661804199219,-0.8060433864593506,-1.5502718687057495,0.5089105737468681,0.4945704412251682,0,0
-0.8173288106918335,-0.8033974170684814,-1.5502718687057495,0.5005061021785263,0.5002178086808615,0,0
-0.8147913217544556,-0.8007511496543884,-1.5502718687057495,0.4981110429328282,0.5059835871715483,0,0
-0.812254011631012,-0.7981051206588745,-1.5502718687057495,0.5039736833353734,0.5081040612477501,0,0
-0.8097168207168579,-0.7954588532447815,-1.5502718687057495,0.5058960919377247,0.5118555137644162,0,0
-0.8071795701980591,-0.792812705039978,-1.5502718687057495,0.518429361356878,0.4885072906689131,0,0
-0.804642379283905,-0.7901663184165955,-1.5502718687057495,0.49241872889009547,0.4950666593412716,0,0
-0.802105188369751,-0.7875199317932129,-1.5502718687057495,0.48941916081289366,0.5066965043869588,0,0
-0.7995680570602417,-0.7848737239837646,-1.5502718687057495,0.4970296548044116,0.4800506240051698,0,0
-0.7970309257507324,-0.7822272777557373,-1.5502718687057495,0.5048650168934344,0.4862525998858349,0,0
-0.7944939136505127,-0.7795810103416443,-1.5502718687057495,0.4940273126498359,0.5188272461536467,0,0
-0.7919567823410034,-0.7769346237182617,-1.5502718687057495,0.4892501301003769,0.49948971295467987,0,0
-0.7894195914268494,-0.7742881774902344,-1.5502718687057495,0.48836123648037155,0.51334585420267,0,0
-0.7868826389312744,-0.771641731262207,-1.5502718687057495,0.5034846713089731,0.49705130913383705,0,0
-0.7843456268310547,-0.7689953446388245,-1.5502718687057495,0.5066380001105287,0.4985525360969413,0,0
-0.781808614730835,-0.7663490772247314,-1.5502718687057495,0.518190620082247,0.499810275431886,0,0
-0.77927166223526,-0.7637025117874146,-1.5502718687057495,0.47526814459165384,0.5193856204013245,0,0
-0.7767347693443298,-0.7610560655593872,-1.5502718687057495,0.5034058441969679,0.49019301159651046,0,0
-0.7741979360580444,-0.7584095597267151,-1.5502718687057495,0.4826628869360909,0.493153360833845,0,0
-0.7716610431671143,-0.7557629942893982,-1.5502718687057495,0.5074103692144883,0.47759415837616237,0,0
-0.7691240906715393,-0.7531166076660156,-1.5502718687057495,0.5078715170122431,0.4799922311210922,0,0
-0.7665872573852539,-0.7504700422286987,-1.5502718687057495,0.49857370895764686,0.4970594776472496,0,0
-0.7640505433082581,-0.7478234767913818,-1.5502718687057495,0.5029278061961284,0.5012659549054513,0,0
-0.7615137696266174,-0.7451770305633545,-1.5502718687057495,0.4923359061086118,0.4918447534171889,0,0
-0.7589769959449768,-0.742530345916748,-1.5502718687057495,0.5045136108961694,0.5126714838619231,0,0
-0.7564401626586914,-0.7398838996887207,-1.5502718687057495,0.5040385656005724,0.4878308747688001,0,0
-0.7539035677909851,-0.737237274646759,-1.5502718687057495,0.4990204845921709,0.5119408718692132,0,0
-0.751366913318634,-0.7345907092094421,-1.5502718687057495,0.5022420930836284,0.4874389978363228,0,0
-0.7488301992416382,-0.7319443225860596,-1.5502718687057495,0.5126680016793711,0.4961672641281672,0,0
-0.7462935447692871,-0.7292975187301636,-1.5502718687057495,0.4897530033649721,0.4824433492925664,0,0
-0.743756890296936,-0.7266510128974915,-1.5502718687057495,0.5223855260650697,0.5182095489012287,0,0
-0.741220235824585,-0.7240043878555298,-1.5502718687057495,0.490385296760003,0.4991924204014934,0,0
-0.7386836409568787,-0.7213577628135681,-1.5502718687057495,0.5082260504814525,0.4864230657588712,0,0
-0.7361469864845276,-0.7187111377716064,-1.5502718687057495,0.48943776729007565,0.4941476353785728,0,0
-0.7336104512214661,-0.7160645127296448,-1.5502718687057495,0.48862449113971385,0.49669474235593924,0,0
-0.7310739159584045,-0.7134177684783936,-1.5502718687057495,0.5080744232439275,0.48981990841606565,0,0
-0.728537380695343,-0.7107711434364319,-1.5502718687057495,0.4954141368415813,0.4959595579640469,0,0
-0.7260009050369263,-0.7081243395805359,-1.5502718687057495,0.4841569746056585,0.5033588978216532,0,0
-0.7234644293785095,-0.7054775953292847,-1.5502718687057495,0.49636565139910105,0.5117491221391612,0,0
-0.7209280729293823,-0.7028308510780334,-1.5502718687057495,0.48238275487623944,0.5073115415121564,0,0
-0.7183916568756104,-0.7001840472221375,-1.5502718687057495,0.5292815319709965,0.48795446018464284,0,0
-0.7158552408218384,-0.6975373029708862,-1.5502718687057495,0.4833141017456262,0.5135830195955742,0,0
-0.7133188247680664,-0.694890558719635,-1.5502718687057495,0.49256735573749577,0.48865211050856433,0,0
-0.7107824683189392,-0.6922438144683838,-1.5502718687057495,0.5154625798110757,0.4955852907117896,0,0
-0.7082460522651672,-0.6895970106124878,-1.5502718687057495,0.49675682592095133,0.5116023159934678,0,0
-0.70570969581604,-0.686950147151947,-1.5502718687057495,0.5032362617703401,0.4950112213083851,0,0
-0.7031733393669128,-0.6843034625053406,-1.5502718687057495,0.4850967920951809,0.4945818833805658,0,0
-0.7006369829177856,-0.6816566586494446,-1.5502718687057495,0.4997670522458886,0.5036426631389558,0,0
-0.6981006860733032,-0.6790099740028381,-1.5502718687057495,0.5073179911840259,0.503687863411158,0,0
-0.6955642700195312,-0.6763632893562317,-1.5502718687057495,0.4860750253680634,0.5044515504729407,0,0
-0.6930278539657593,-0.6737166047096252,-1.5502718687057495,0.4993388222003253,0.5097967534995822,0,0
-0.6904913783073425,-0.6710699796676636,-1.5502718687057495,0.5012083909618266,0.5130278493320851,0,0
-0.6879549622535706,-0.6684233546257019,-1.5502718687057495,0.5008731884177026,0.5054284548020315,0,0
-0.6854185461997986,-0.6657768487930298,-1.5502718687057495,0.4835664386945973,0.5027229541054153,0,0
-0.6828821301460266,-0.6631302237510681,-1.5502718687057495,0.5027622505798633,0.49154983754668574,0,0
-0.6803457140922546,-0.660483717918396,-1.5502718687057495,0.48822283159592367,0.49016814282557525,0,0
-0.6778092980384827,-0.6578372120857239,-1.5502718687057495,0.5146169942946353,0.5128417919003182,0,0
-0.6752728819847107,-0.655190646648407,-1.5502718687057495,0.49244353344352787,0.5019330198409445,0,0
-0.672736406326294,-0.6525442600250244,-1.5502718687057495,0.5005977353919667,0.4939834966240223,0,0
-0.6701999306678772,-0.6498977541923523,-1.5502718687057495,0.4931215652408611,0.4838037363100365,0,0
-0.6676633954048157,-0.6472514271736145,-1.5502718687057495,0.5149384001945204,0.49528844144823486,0,0
-0.6651269197463989,-0.6446051001548767,-1.5502718687057495,0.49508349853901795,0.5061688920383351,0,0
-0.6625903844833374,-0.6419587731361389,-1.5502718687057495,0.5157892073063025,0.49370780556301647,0,0
-0.6600539684295654,-0.6393124461174011,-1.5502718687057495,0.4998856116265067,0.4981804599760865,0,0
-0.6575174927711487,-0.6366661190986633,-1.5502718687057495,0.5190055270025401,0.49000391994683035,0,0
-0.6549810171127319,-0.6340197920799255,-1.5502718687057495,0.5074846136819732,0.5212232437006562,0,0
-0.6524445414543152,-0.6313735246658325,-1.5502718687057495,0.49937685968994416,0.5154956830556671,0,0
-0.6499080061912537,-0.6287272572517395,-1.5502718687057495,0.5054808625555592,0.49525006810314576,0,0
-0.6473714709281921,-0.6260809898376465,-1.5502718687057495,0.4996939919833508,0.49594173213933834,0,0
-0.6448349952697754,-0.6234347820281982,-1.5502718687057495,0.49453646367511456,0.4895426187629356,0,0
-0.6422984600067139,-0.6207886934280396,-1.5502718687057495,0.5026322541420715,0.5086391748678288,0,0
-0.6397619843482971,-0.6181425452232361,-1.5502718687057495,0.4969925587318083,0.49980368440319,0,0
-0.6372254490852356,-0.6154963374137878,-1.5502718687057495,0.4935232961851687,0.49788159657783004,0,0
-0.6346889138221741,-0.6128502488136292,-1.5502718687057495,0.5020622329699866,0.4755563220624889,0,0
-0.6321523189544678,-0.6102042198181152,-1.5502718687057495,0.5200385610242908,0.4731378129203884,0,0
-0.6296156644821167,-0.6075582504272461,-1.5502718687057495,0.48335960030034736,0.4996667558732996,0,0
-0.6270790100097656,-0.604912281036377,-1.5502718687057495,0.49911138033970814,0.49526271242903636,0,0
-0.6245424151420593,-0.6022663116455078,-1.5502718687057495,0.5110513422083487,0.5006612359248677,0,0
-0.622005820274353,-0.5996202826499939,-1.5502718687057495,0.5005744546058049,0.5059173120315242,0,0
-0.6194692254066467,-0.5969743132591248,-1.5502718687057495,0.4783537864100397,0.5107783086977008,0,0
-0.6169326305389404,-0.5943283438682556,-1.5502718687057495,0.5074523776638504,0.5099788658142118,0,0
-0.6143960356712341,-0.5916824340820312,-1.5502718687057495,0.4966457704840357,0.5199675268198081,0,0
-0.6118593811988831,-0.5890365242958069,-1.5502718687057495,0.49044034506187356,0.4955316808367084,0,0
-0.609322726726532,-0.5863907337188721,-1.5502718687057495,0.5049843456689418,0.4846232448335747,0,0
-0.6067860126495361,-0.5837449431419373,-1.5502718687057495,0.5060844165768773,0.5156259041504153,0,0
-0.6042493581771851,-0.5810991525650024,-1.5502718687057495,0.5284330264484173,0.5153320273412163,0,0
-0.601712703704834,-0.5784533619880676,-1.5502718687057495,0.5050017601547026,0.5252236504895023,0,0
-0.5991760492324829,-0.5758075714111328,-1.5502718687057495,0.5067901525547585,0.4943096373224386,0,0
-0.5966393947601318,-0.573161780834198,-1.5502718687057495,0.482863585201632,0.48945500531532465,0,0
-0.594102680683136,-0.5705161094665527,-1.5502718687057495,0.4941827524751531,0.4957097637351466,0,0
-0.5915660858154297,-0.5678703784942627,-1.5502718687057495,0.5200104659933188,0.508214194336194,0,0
-0.5890293717384338,-0.5652246475219727,-1.5502718687057495,0.49828319003927246,0.5075337987802495,0,0
-0.5864925980567932,-0.5625790357589722,-1.5502718687057495,0.5042102952480754,0.5007132026513599,0,0
-0.5839559435844421,-0.5599334239959717,-1.5502718687057495,0.49611941741359983,0.48901421320753546,0,0
-0.5814192891120911,-0.5572878122329712,-1.5502718687057495,0.4923734818625979,0.4974087860975517,0,0
-0.57888263463974,-0.5546422004699707,-1.5502718687057495,0.5030372843606035,0.4989005821868335,0,0
-0.5763459205627441,-0.5519965291023254,-1.5502718687057495,0.4969361147099981,0.4939667355707029,0,0
-0.5738092064857483,-0.549350917339325,-1.5502718687057495,0.4920396677159892,0.48844933984937805,0,0
-0.5712724924087524,-0.546705424785614,-1.5502718687057495,0.5040748979994782,0.4860535571634068,0,0
-0.5687357783317566,-0.5440598726272583,-1.5502718687057495,0.49811812364613006,0.4895708696370741,0,0
-0.5661989450454712,-0.5414144396781921,-1.5502718687057495,0.49075827787576887,0.5083491728055308,0,0
-0.5636621117591858,-0.5387689471244812,-1.5502718687057495,0.49373898872908417,0.4939543628418064,0,0
-0.5611252784729004,-0.536123514175415,-1.5502718687057495,0.49280707285711395,0.51526615142657,0,0
-0.5585885047912598,-0.5334780216217041,-1.5502718687057495,0.522541600922762,0.48519446641522324,0,0
-0.5560517311096191,-0.5308325886726379,-1.5502718687057495,0.5087740939743042,0.5057453870103313,0,0
-0.5535149574279785,-0.5281872153282166,-1.5502718687057495,0.5065625758595222,0.49828464851874704,0,0
-0.5509782433509827,-0.5255418419837952,-1.5502718687057495,0.47686943892230194,0.48810196704196906,-1,-1
-0.548441469669342,-0.5228962302207947,-1.5507338047027588,0.5235480727735674,0.49426529957774173,0,0
-0.545904815196991,-0.520252525806427,-1.5519155263900757,0.49439049753913145,0.49689408853761935,0,0
-0.5433677434921265,-0.5176153779029846,-1.5539404153823853,0.49306905971052106,0.5095325693999282,0,0
-0.5408300161361694,-0.5149930715560913,-1.5568702220916748,0.4913155431633496,0.4967223011531416,0,0
-0.5382915139198303,-0.5123951435089111,-1.560715913772583,0.4974104266725817,0.5074152681342821,0,0
-0.5357527732849121,-0.509834885597229,-1.5654821395874023,0.5009414007497228,0.49521717102539875,0,0
-0.5332136750221252,-0.5073264241218567,-1.5711371898651123,0.5067422818182844,0.498078903807853,0,0
-0.5306739807128906,-0.5048842430114746,-1.5776537656784058,0.5004643493179685,0.5105096883538186,0,0
-0.5281349420547485,-0.5025222301483154,-1.5849919319152832,0.5112262052361392,0.4974508719009654,0,0
-0.5255990624427795,-0.5002544522285461,-1.5931355953216553,0.5300606258503073,0.47525520441043034,0,0
-0.5230696201324463,-0.49809443950653076,-1.602046012878418,0.47272571065884156,0.48117397418153696,0,0
-0.5205503702163696,-0.4960547685623169,-1.6116863489151,0.4904091457193417,0.5005183348243035,0,0
-0.5180467367172241,-0.49414578080177307,-1.6220166683197021,0.4860636175617623,0.504171508690066,0,0
-0.5155647993087769,-0.49237707257270813,-1.6330136060714722,0.5016588717197602,0.5040355722001442,0,0
-0.5131123065948486,-0.49075570702552795,-1.6446460485458374,0.4956384402442242,0.4913014184677752,0,0
-0.5106978416442871,-0.4892879128456116,-1.6568912267684937,0.5038891836072708,0.4871960600601096,0,0
-0.5083308219909668,-0.4879770576953888,-1.6697129011154175,0.5100523922770491,0.5001429118713789,0,0
-0.5060216784477234,-0.48682600259780884,-1.683111548423767,0.5101105902212943,0.5088951184821968,0,0
-0.5037804245948792,-0.48583537340164185,-1.6970034837722778,0.5019670095123896,0.4892895325356245,0,0
-0.501617968082428,-0.4850043058395386,-1.7114335298538208,0.5001941740028915,0.4919916537446776,0,0
-0.4995437562465668,-0.4843303859233856,-1.7262754440307617,0.4797730987598969,0.4814198043399399,0,0
-0.4975675642490387,-0.4838080108165741,-1.7416198253631592,0.49525508801150137,0.49565615719597395,0,0
-0.495699018239975,-0.4834308326244354,-1.7574057579040527,0.4906009418026042,0.5074024604050171,0,0
-0.49394625425338745,-0.4831904172897339,-1.773620367050171,0.5063952238370423,0.4915865210430993,0,0
-0.49231845140457153,-0.4830763041973114,-1.7901371717453003,0.4962441184501614,0.5017968854874397,0,0
-0.49082323908805847,-0.4830789864063263,-1.8070849180221558,0.4927954360509738,0.4943178590413771,0,0
-0.4894665479660034,-0.4831872880458832,-1.8243976831436157,0.4925275484665618,0.5029595424209815,0,0
-0.48825350403785706,-0.4833888113498688,-1.8420178890228271,0.5018533997261622,0.5022847476321726,0,0
-0.48718804121017456,-0.48367175459861755,-1.8599954843521118,0.5018278307504049,0.5175122663130091,0,0
-0.4862712025642395,-0.4840232729911804,-1.878274917602539,0.4884081715010377,0.504989826335505,0,0
-0.4855029284954071,-0.48442959785461426,-1.8968048095703125,0.4984632481674004,0.5176345733376709,0,0
-0.48488184809684753,-0.48487722873687744,-1.91560697555542,0.5149757770534724,0.49956175168820655,0,0
-0.48440447449684143,-0.4853528141975403,-1.9346463680267334,0.504005919593981,0.48905273368194224,0,0
-0.48406586050987244,-0.48584261536598206,-1.9538805484771729,0.48524496399240286,0.4902595072357073,0,0
-0.48386070132255554,-0.48633331060409546,-1.9733151197433472,0.49074815641105507,0.4992769963361894,0,0
-0.48378247022628784,-0.4868125021457672,-1.992938756942749,0.49507105122700457,0.503495087723631,0,0
-0.48382362723350525,-0.4872690737247467,-2.0127217769622803,0.4861182662011337,0.4922748737902071,0,0
-0.48397544026374817,-0.4876919686794281,-2.0326437950134277,0.5094381067124266,0.502660668774914,0,0
-0.48422905802726746,-0.4880712330341339,-2.0526928901672363,0.49541440426807387,0.48958232169844557,0,0
-0.48457589745521545,-0.48839816451072693,-2.072864055633545,0.49273094528335587,0.4926866931750203,0,0
-0.4850056767463684,-0.48866575956344604,-2.0931310653686523,0.5022435866075363,0.4989927505357169,0,0
-0.48550719022750854,-0.4888673424720764,-2.1134605407714844,0.4848722854544579,0.4916737816278958,0,0
-0.4860689342021942,-0.4889964461326599,-2.1338486671447754,0.5038992475028417,0.5086771289444504,0,0
-0.48667943477630615,-0.48904791474342346,-2.1542794704437256,0.5166217437310499,0.48717834315612524,0,0
-0.48732641339302063,-0.48901885747909546,-2.1747374534606934,0.49616503399884837,0.5007940785391013,0,0
-0.4879959225654602,-0.48890846967697144,-2.1951868534088135,0.505945985700708,0.5063852267420258,0,0
-0.488672137260437,-0.48871710896492004,-2.215604782104492,0.504716797793034,0.4923233570658418,0,0
-0.4893393814563751,-0.48844632506370544,-2.235995292663574,0.4903750037037053,0.5178971868621912,0,0
-0.4899837374687195,-0.4881000518798828,-2.256359577178955,0.4939831938757828,0.49942377755455747,0,0
-0.4905933439731598,-0.4876868426799774,-2.276676893234253,0.5197932705420293,0.5004790160228956,0,0
-0.49115753173828125,-0.4872189462184906,-2.296912670135498,0.5034265342107767,0.4987733123546432,0,0
-0.4916670322418213,-0.4867103695869446,-2.3170690536499023,0.5027024858177314,0.5045912168478859,0,0
-0.49211564660072327,-0.48617488145828247,-2.3371737003326416,0.4878301012252231,0.490037058257969,0,0
-0.4925019145011902,-0.4856247305870056,-2.357222557067871,0.5048491292907971,0.48116177816392364,0,0
-0.4928283393383026,-0.48507073521614075,-2.3771860599517822,0.5101023535459885,0.49159707211859116,0,0
-0.49310004711151123,-0.4845224916934967,-2.397045850753784,0.5114421779486569,0.4954324236972422,0,0
-0.49332258105278015,-0.48398807644844055,-2.4167861938476562,0.5068001474235478,0.5106373043557223,0,0
-0.493500679731369,-0.4834735095500946,-2.436406135559082,0.4952338624049788,0.5005491744189753,0,0
-0.493638277053833,-0.4829829931259155,-2.4558932781219482,0.4918039191128581,0.5052283298054062,0,0
-0.49373888969421387,-0.48251956701278687,-2.4752349853515625,0.4914728646216406,0.5095921734873325,0,0
-0.49380630254745483,-0.4820849597454071,-2.4944169521331787,0.5010034916285178,0.5050904013861115,0,0
-0.49384477734565735,-0.48168036341667175,-2.5134310722351074,0.48651842217966706,0.4994193072992385,0,0
-0.49385935068130493,-0.4813064634799957,-2.5322623252868652,0.4998377899293273,0.5072078285174196,0,0
-0.49385499954223633,-0.4809633493423462,-2.550907611846924,0.490039123964434,0.49262611416771457,0,0
-0.4938362240791321,-0.48065102100372314,-2.569352388381958,0.4706049472142812,0.5128903106873574,0,0
-0.49380671977996826,-0.48036906123161316,-2.587594509124756,0.5237824300715911,0.4986825634709211,0,0
-0.4937693178653717,-0.48011699318885803,-2.605623722076416,0.5007258863391154,0.5067949693325254,0,0
-0.49372628331184387,-0.47989392280578613,-2.623431921005249,0.5138100730557251,0.5059043620294897,0,0
-0.493679404258728,-0.47969871759414673,-2.64100980758667,0.4943308053692287,0.49150644821344674,0,0
-0.49363020062446594,-0.4795292913913727,-2.6583502292633057,0.4971490497294379,0.49029011087003316,0,0
-0.49358007311820984,-0.47938334941864014,-2.675442695617676,0.5056938555731088,0.4935521733844954,0,0
-0.49353015422821045,-0.47925806045532227,-2.692283868789673,0.506282879468349,0.5015177911109202,0,0
-0.49348148703575134,-0.47915077209472656,-2.7088687419891357,0.5008052454320423,0.5102229692820203,0,0
-0.4934352934360504,-0.479059100151062,-2.7251906394958496,0.5102811134947473,0.5037371548375795,0,0
-0.49339279532432556,-0.4789806306362152,-2.741244077682495,0.5052899466467947,0.49347864266629554,0,0
-0.49335527420043945,-0.47891318798065186,-2.757025718688965,0.5074548091926425,0.5044220051880839,0,0
-0.49332353472709656,-0.4788549542427063,-2.7725296020507812,0.5168010795585948,0.5120143568653289,0,0
-0.49329814314842224,-0.4788046181201935,-2.7877538204193115,0.5015092352811179,0.49681570022954114,0,0
-0.49327951669692993,-0.47876104712486267,-2.8026914596557617,0.5080645210228212,0.5033702500016662,0,0
-0.49326786398887634,-0.478723406791687,-2.8173418045043945,0.4942459277401968,0.500661640876245,0,0
-0.49326303601264954,-0.478691041469574,-2.831698417663574,0.47723751346613025,0.5010335372870488,0,0
-0.4932646155357361,-0.47866323590278625,-2.8457608222961426,0.5002875515492227,0.5107624301036718,0,0
-0.49327167868614197,-0.47863972187042236,-2.859523057937622,0.4978565827425367,0.49949637548669035,0,0
-0.4932835102081299,-0.47862008213996887,-2.8729851245880127,0.498488468949443,0.5061661363957579,0,0
-0.49329912662506104,-0.4786038398742676,-2.8861470222473145,0.5109531050523184,0.4878233329393329,0,0
-0.4933176636695862,-0.47859057784080505,-2.899003028869629,0.5214101128811754,0.5128965846657538,0,0
-0.4933377802371979,-0.47857967019081116,-2.9115536212921143,0.500372045811748,0.49891462963712524,0,0
-0.49335864186286926,-0.4785709083080292,-2.9237992763519287,0.49027398101928393,0.49945257534228144,0,0
-0.49337926506996155,-0.4785635769367218,-2.935739755630493,0.4885981010816063,0.49948356613573125,0,0
-0.4933990240097046,-0.4785573482513428,-2.9473750591278076,0.49010167541854477,0.5009577431591002,0,0
-0.49341708421707153,-0.4785516858100891,-2.958705425262451,0.4967105986060633,0.4999271762916888,0,0
-0.49343302845954895,-0.47854626178741455,-2.9697368144989014,0.5077419857498967,0.5125261750459187,0,0
-0.4934464991092682,-0.47854065895080566,-2.9804625511169434,0.5063119535626215,0.49520600159602673,0,0
-0.4934573471546173,-0.47853463888168335,-2.9908831119537354,0.4962464911162359,0.49361545542674257,0,0
-0.49346545338630676,-0.4785279631614685,-3.0010039806365967,0.5057868345094625,0.4870421103503069,0,0
-0.4934708774089813,-0.4785205125808716,-3.0108253955841064,0.4844239716450237,0.5046271229237077,0,0
-0.49347370862960815,-0.47851231694221497,-3.0203471183776855,0.5008862997408005,0.5171075602139044,0,0
-0.4934743046760559,-0.47850343585014343,-3.0295751094818115,0.5050669480989947,0.5126621723469834,0,0
-0.493472695350647,-0.47849392890930176,-3.0385093688964844,0.502050233335036,0.504845583363581,0,0
-0.4934692978858948,-0.47848397493362427,-3.0471558570861816,0.5095398948519384,0.5090735313256188,0,0
-0.4934644401073456,-0.47847384214401245,-3.0555148124694824,0.4956697000963534,0.5007025146840074,0,0
-0.4934583008289337,-0.4784635603427887,-3.0635862350463867,0.5045605918268065,0.5005976228122766,0,0
-0.49345114827156067,-0.47845348715782166,-3.071375846862793,0.5275490655066505,0.49642860976695935,0,0
-0.4934432804584503,-0.4784438908100128,-3.0788838863372803,0.4902523865672525,0.5010025829697645,0,0
-0.493434876203537,-0.47843480110168457,-3.086122512817383,0.5087144759307506,0.5094941620808339,0,0
-0.49342605471611023,-0.47842642664909363,-3.093085527420044,0.5141295758876243,0.5141285002500395,0,0
-0.49341708421707153,-0.47841885685920715,-3.0997848510742188,0.5295397808105758,0.4940446564752605,0,0
-0.4934079051017761,-0.47841230034828186,-3.1062207221984863,0.5013759087468856,0.5048909285906462,0,0
-0.4933984875679016,-0.4784069359302521,-3.112387180328369,0.5020895155644481,0.5038860668650679,0,0
-0.49339061975479126,-0.47840097546577454,-3.118286609649658,0.5238600329197358,0.5127036080375101,0,0
-0.49338918924331665,-0.47838953137397766,-3.1239256858825684,0.4994609500105618,0.5037204317022148,0,0
-0.4934021532535553,-0.47836464643478394,-3.129300355911255,0.47524875390645965,0.4841306364400709,0,0
-0.49344009160995483,-0.47831493616104126,-3.13440203666687,0.4796879207253387,0.5049834531854629,0,0
-0.4935157895088196,-0.4782266318798065,-3.1392314434051514,0.5131065264218567,0.4966548177432088,0,0
-0.49364376068115234,-0.478084921836853,3.1394054889678955,0.5146701243849852,0.4942542834555453,0,0
-0.49383941292762756,-0.47787413001060486,3.1351370811462402,0.4987861957311182,0.4986971070824394,0,0
-0.49411740899086,-0.477579265832901,3.1311094760894775,0.5070997544989558,0.4955048705188278,0,0
-0.4944911301136017,-0.47718748450279236,3.1272854804992676,0.4922442340178667,0.4864372618785392,0,0
-0.49497270584106445,-0.47668856382369995,3.123647689819336,0.5022866509844244,0.5025817679610176,0,0
-0.49557188153266907,-0.4760756194591522,3.1201651096343994,0.47653558525084816,0.500049157084225,0,0
-0.4962957799434662,-0.47534531354904175,3.1168177127838135,0.5031077384073416,0.48992467307207943,0,0
-0.4971489906311035,-0.47449731826782227,3.1136093139648438,0.48734614051501846,0.4907663882830589,0,0
-0.49813345074653625,-0.4735333323478699,3.1105258464813232,0.5001930020295983,0.48623045496530154,0,0
-0.4992482364177704,-0.4724562466144562,3.107564926147461,0.48066753098215587,0.49860296608204807,0,0
-0.5004901885986328,-0.47127023339271545,3.104729652404785,0.5062727376958602,0.4988649985814861,0,0
-0.5018550157546997,-0.4699801206588745,3.1020004749298096,0.49392763676437096,0.5075461942036293,0,0
-0.5033367276191711,-0.46859079599380493,3.099377155303955,0.49774004439792274,0.5004674844466135,0,0
-0.5049278736114502,-0.4671076834201813,3.0968809127807617,0.49681585701506087,0.4954806706324701,0,0
-0.5066197514533997,-0.4655372202396393,3.0945258140563965,0.4935069184724611,0.4951711045608146,0,0
-0.5084034204483032,-0.46388694643974304,3.092301368713379,0.49037683920629227,0.49806752826215994,0,0
-0.5102705955505371,-0.4621639847755432,3.090167999267578,0.5128660516922315,0.4942507438070896,0,0
-0.512212872505188,-0.4603739380836487,3.088113307952881,0.4920548390789833,0.5181508817184636,0,0
-0.5142213106155396,-0.4585212469100952,3.086163282394409,0.49871884617420126,0.4926063572191675,0,0
-0.5162865519523621,-0.45660921931266785,3.084336757659912,0.5067655487126169,0.4816123458024788,0,0
-0.518399715423584,-0.4546414911746979,3.0826117992401123,0.4928163842662945,0.4992176123909715,0,0
-0.5205537676811218,-0.45262086391448975,3.080949544906616,0.4856110621077501,0.5036546969998021,0,0
-0.5227430462837219,-0.45055022835731506,3.079336643218994,0.491375079460038,0.4989879975941983,0,0
-0.5249634385108948,-0.44843152165412903,3.0777790546417236,0.4805686799192554,0.5035195932589953,0,0
-0.5272114276885986,-0.4462665617465973,3.076292037963867,0.48582729392031965,0.48866677936460645,0,0
-0.5294837355613708,-0.4440576136112213,3.0748751163482666,0.5153854477453168,0.49748800071504906,0,0
-0.5317769646644592,-0.4418072998523712,3.0735363960266113,0.4977401455776057,0.5211364105261698,0,0
-0.5340883135795593,-0.43951845169067383,3.072268009185791,0.5128116605369757,0.4947651618816417,0,0
-0.5364149212837219,-0.437193900346756,3.0710620880126953,0.4953372744497675,0.5138544304911974,0,0
-0.538754403591156,-0.4348360598087311,3.069901943206787,0.5007580488017606,0.4860428734237704,0,0
-0.5411049723625183,-0.43244674801826477,3.068788766860962,0.4873258873413181,0.48052411083816643,0,0
-0.5434649586677551,-0.4300275146961212,3.067723274230957,0.49811257892998745,0.5075701955694241,0,0
-0.5458331108093262,-0.42757973074913025,3.0667033195495605,0.5110170815063008,0.5041696494804584,0,0
-0.5482081770896912,-0.4251047372817993,3.065732717514038,0.4827065855736903,0.4877685620354123,0,0
-0.5505890846252441,-0.4226045608520508,3.064807653427124,0.5018209157329255,0.4982463988086436,0,0
-0.552975058555603,-0.4200812876224518,3.063929796218872,0.4839622750152104,0.5029551826212264,0,0
-0.555365264415741,-0.41753676533699036,3.0630910396575928,0.48716123923169424,0.5109377960260728,0,0
-0.5577588081359863,-0.41497278213500977,3.0622870922088623,0.5087782586227287,0.48754125110582436,0,0
-0.5601549744606018,-0.4123905599117279,3.061518430709839,0.5018765635449015,0.4852405986571629,0,0
-0.5625530481338501,-0.4097912013530731,3.0607821941375732,0.4972603160369419,0.5127672525419211,0,0
-0.5649522542953491,-0.4071757197380066,3.0600790977478027,0.47660137436560435,0.5015820874907821,0,0
-0.5673520565032959,-0.40454500913619995,3.0594093799591064,0.4870112760524586,0.494211896630586,0,0
-0.5697520971298218,-0.40190035104751587,3.058770179748535,0.49964729175016187,0.4978354267562017,0,0
-0.5721523761749268,-0.3992428183555603,3.058159828186035,0.5002128408639918,0.483731736751135,0,0
-0.5745524764060974,-0.3965735137462616,3.05757999420166,0.503966178775864,0.5186860636320152,0,0
-0.5769521594047546,-0.3938935399055481,3.0570244789123535,0.503674150424129,0.4787811536652265,0,0
-0.5793511867523193,-0.3912035822868347,3.0564916133880615,0.5126328221900303,0.5079239860346136,0,0
-0.5817490220069885,-0.38850435614585876,3.055983304977417,0.4908552344913996,0.5018858239041237,0,0
-0.584145724773407,-0.3857964873313904,3.0554957389831543,0.4974475233698684,0.48091940514518006,0,0
-0.5865407586097717,-0.38308045268058777,3.0550317764282227,0.5050648293513577,0.4873362403548679,0,0
-0.5889343023300171,-0.38035696744918823,3.0545876026153564,0.5177212497085658,0.5144308354264392,0,0
-0.5913261771202087,-0.37762653827667236,3.054166078567505,0.4949280141256585,0.500035860612537,0,0
-0.593716561794281,-0.3748897314071655,3.053764820098877,0.5093802561460621,0.5131665508916199,0,0
-0.5961052775382996,-0.3721471428871155,3.053377389907837,0.49880830289804406,0.49313061853627493,0,0
-0.5984922051429749,-0.36939913034439087,3.0530107021331787,0.504782321924117,0.5041353097080808,0,0
-0.6008774638175964,-0.36664605140686035,3.0526604652404785,0.4964734778170316,0.5113189671405172,0,0
-0.6032610535621643,-0.3638882637023926,3.0523269176483154,0.4949504141636107,0.4968909279166357,0,0
-0.6056427359580994,-0.36112600564956665,3.0520057678222656,0.499225115401707,0.5077049354005498,0,0
-0.6080225706100464,-0.3583597242832184,3.0516977310180664,0.4989544713976459,0.5075608193777423,0,0
-0.6104007363319397,-0.3555895984172821,3.0514070987701416,0.5038377926491687,0.49825762905813614,0,0
-0.6127771735191345,-0.35281601548194885,3.051126718521118,0.5083716530577699,0.48920600197079933,0,0
-0.6151519417762756,-0.35003918409347534,3.0508625507354736,0.49636747404645964,0.49476849761133174,0,0
-0.6175252795219421,-0.3472593128681183,3.0506091117858887,0.5017407985733962,0.4937041477710662,0,0
-0.6198968887329102,-0.344476580619812,3.0503668785095215,0.5001527145138248,0.49264125799144115,0,0
-0.6222668886184692,-0.34169119596481323,3.0501365661621094,0.504759019127261,0.4913466666387918,0,0
-0.6246353387832642,-0.3389033079147339,3.049912691116333,0.503051575236793,0.49976426134666735,0,0
-0.6270021796226501,-0.3361131250858307,3.049701452255249,0.47943307644524846,0.5007076962612097,0,0
-0.6293677091598511,-0.3333207964897156,3.049501895904541,0.48658127144460367,0.4783898436243456,0,0
-0.6317317485809326,-0.3305264711380005,3.049307346343994,0.49520821232364565,0.4971545193860115,0,0
-0.6340945363044739,-0.3277301788330078,3.049123764038086,0.5098640773666584,0.5104688224178515,0,0
-0.6364560127258301,-0.32493218779563904,3.048945903778076,0.5241178752326179,0.5100827130404896,0,0
-0.6388161778450012,-0.32213252782821655,3.0487797260284424,0.4890884347762326,0.5142376035526298,0,0
-0.6411752700805664,-0.3193313479423523,3.0486197471618652,0.49314812785801093,0.5001133096673871,0,0
-0.6435329914093018,-0.31652870774269104,3.0484659671783447,0.48904924302950065,0.48478287642101464,0,0
-0.6458895206451416,-0.31372466683387756,3.048318386077881,0.5129438576810212,0.502513724705062,0,0
-0.6482449769973755,-0.31091931462287903,3.0481767654418945,0.49685318622205843,0.5138091492163315,0,0
-0.650599479675293,-0.3081127405166626,3.048046588897705,0.4914522807162865,0.47506320411447645,0,0
-0.6529528498649597,-0.3053050637245178,3.047921895980835,0.5052939215090692,0.4860295385156722,0,0
-0.6553053259849548,-0.3024962842464447,3.0478029251098633,0.5086075351073688,0.5035311128361073,0,0
-0.6576569080352783,-0.2996865510940552,3.047689914703369,0.48850338903682816,0.50351133668787,0,0
-0.6600075364112854,-0.29687580466270447,3.047576904296875,0.48885447658220743,0.4934418689745285,0,0
-0.6623572707176208,-0.29406416416168213,3.0474703311920166,0.5063949690250908,0.4921725901885767,0,0
-0.6647060513496399,-0.29125165939331055,3.0473697185516357,0.4955050763970768,0.5062176107338132,0,0
-0.6670542359352112,-0.2884382903575897,3.0472753047943115,0.4992363827896998,0.48790022341443057,0,0
-0.6694015860557556,-0.2856242060661316,3.0471861362457275,0.5029754819295714,0.4948527905658661,0,0
-0.671748161315918,-0.2828093469142914,3.0470969676971436,0.4873217441597265,0.49418930763029556,0,0
-0.6740939617156982,-0.27999386191368103,3.047013521194458,0.49915560635387607,0.4916659507092931,0,0
-0.6764391660690308,-0.27717772126197815,3.04693603515625,0.49903695682347626,0.4859174028552276,0,0
-0.6787837147712708,-0.27436092495918274,3.046858787536621,0.5000806237999113,0.5021959354353366,0,0
-0.681127667427063,-0.27154356241226196,3.0467875003814697,0.4888346606847295,0.5017598936475068,0,0
-0.6834710240364075,-0.2687256634235382,3.0467164516448975,0.4976231350127419,0.48451624428734724,0,0
-0.6858137249946594,-0.2659071683883667,3.0466513633728027,0.5011836562098321,0.5127247448862302,0,0
-0.6881559491157532,-0.263088196516037,3.0465919971466064,0.5084587895830359,0.48175976594822434,0,0
-0.690497636795044,-0.2602687478065491,3.04653263092041,0.4976581794839037,0.4769255876618297,0,0
-0.6928388476371765,-0.25744879245758057,3.0464789867401123,0.5050328136002968,0.5010483198744408,0,0
-0.6951795220375061,-0.25462841987609863,3.0464255809783936,0.505116327307268,0.5052261058941014,0,0
-0.6975197792053223,-0.25180768966674805,3.046372175216675,0.5123967014932305,0.5070986176327105,0,0
-0.6998594999313354,-0.24898657202720642,3.0463247299194336,0.501093976189373,0.5095435081334483,0,0
-0.7021989226341248,-0.24616502225399017,3.0462772846221924,0.5012974020940781,0.49091904787449403,0,0
-0.7045379281044006,-0.24334318935871124,3.046236038208008,0.5028842152059968,0.49368627294321654,0,0
-0.7068765163421631,-0.24052096903324127,3.046194314956665,0.5001849609465061,0.49423489336811544,0,0
-0.7092146873474121,-0.23769845068454742,3.0461528301239014,0.5127931028265489,0.4996161420491251,0,0
-0.7115525603294373,-0.2348756045103073,3.046117067337036,0.5082851191495685,0.4968596767989709,0,0
-0.7138901948928833,-0.2320524901151657,3.046081304550171,0.5042702650329621,0.5016602911199884,0,0
-0.7162275314331055,-0.22922907769680023,3.0460457801818848,0.5012045171793874,0.49801152926193526,0,0
-0.7185643911361694,-0.22640538215637207,3.0460100173950195,0.5039548905253676,0.4963881892978612,0,0
-0.7209010124206543,-0.2235814481973648,3.045980453491211,0.5048295550404633,0.50133358363594,0,0
-0.7232372164726257,-0.22075729072093964,3.0459508895874023,0.47725293972331817,0.5115500585728157,0,0
-0.7255733013153076,-0.2179328352212906,3.0459210872650146,0.5027403507130319,0.49258923512563496,0,0
-0.7279092073440552,-0.21510818600654602,3.045891284942627,0.4976623362465305,0.49754753937149127,0,0
-0.7302448749542236,-0.21228334307670593,3.045867443084717,0.5219989144341646,0.505656342882341,0,0
-0.7325801253318787,-0.20945829153060913,3.0458436012268066,0.5034003418865123,0.5035266229564378,0,0
-0.7349152565002441,-0.2066330760717392,3.0458197593688965,0.5104254895136972,0.4904525027818637,0,0
-0.7372501492500305,-0.20380768179893494,3.0457961559295654,0.5142675053555879,0.500487251184959,0,0
-0.7395848035812378,-0.20098207890987396,3.0457725524902344,0.508067173033877,0.49758466891047715,0,0
-0.7419192790985107,-0.19815635681152344,3.0457546710968018,0.497002974487844,0.4793695843478056,0,0
-0.7442535758018494,-0.19533048570156097,3.0457370281219482,0.5132642130001018,0.48594884131676586,0,0
-0.7465877532958984,-0.19250445067882538,3.0457191467285156,0.5118831190366122,0.504499646679914,0,0
-0.7489216923713684,-0.18967826664447784,3.045701265335083,0.4994994251331523,0.5163230620232351,0,0
-0.7512555122375488,-0.18685194849967957,3.0456833839416504,0.5198375213281775,0.48836146919406115,0,0
-0.7535892128944397,-0.18402551114559174,3.045665740966797,0.5002121872718788,0.5257141898212072,0,0
-0.7559228539466858,-0.18119895458221436,3.045654058456421,0.5098031497476738,0.4977994723106894,0,0
-0.7582562565803528,-0.17837227880954742,3.045642137527466,0.5051487999187382,0.4992623313289461,0,0
-0.7605894804000854,-0.17554549872875214,3.04563045501709,0.5079844004043047,0.5097857966252314,0,0
-0.7629226446151733,-0.1727186143398285,3.0456185340881348,0.5089143278794546,0.4930102723682321,0,0
-0.7652556300163269,-0.1698916256427765,3.0456066131591797,0.5075791008457585,0.4978598882227761,0,0
-0.7675884962081909,-0.16706453263759613,3.0455946922302246,0.49650723721156637,0.5199344574830828,0,0
-0.7699212431907654,-0.1642373651266098,3.0455830097198486,0.5218454772055585,0.4972236807089334,0,0
-0.7722540497779846,-0.16141006350517273,3.0455710887908936,0.49264902054685716,0.5070006177696911,0,0
-0.7745866775512695,-0.15858270227909088,3.0455594062805176,0.4877742613294749,0.47475172028748935,0,0
-0.7769192457199097,-0.15575528144836426,3.04555344581604,0.49944274853822984,0.5106233224903509,0,0
-0.7792518138885498,-0.15292777121067047,3.0455477237701416,0.5094793174557625,0.4865060683003895,0,0
-0.7815840840339661,-0.15010018646717072,3.045541763305664,0.49237370295028254,0.49531297289731613,0,0
-0.7839163541793823,-0.14727254211902618,3.0455358028411865,0.4986364992354158,0.48925857906207554,0,0
-0.786248505115509,-0.14444482326507568,3.045529842376709,0.5021116866060725,0.4989343165601347,0,0
-0.7885805368423462,-0.1416170299053192,3.0455238819122314,0.5075618048953957,0.4972779970752135,0,0
-0.7909126281738281,-0.13878917694091797,3.045518159866333,0.4942469929143243,0.4965710548195113,0,0
-0.7932446002960205,-0.13596124947071075,3.0455121994018555,0.5168696248531814,0.5076803594538699,0,0
-0.7955766320228577,-0.13313329219818115,3.045506477355957,0.4951247840816869,0.4978270791094086,0,0
-0.7979084253311157,-0.13030527532100677,3.0455005168914795,0.5077184677583483,0.49783328825882395,0,0
-0.8002402782440186,-0.12747719883918762,3.045494794845581,0.5140056494513415,0.49768148210705154,0,0
-0.8025720715522766,-0.12464907765388489,3.0454888343811035,0.5059903556436858,0.5122651901817884,0,0
-0.8049036264419556,-0.12182091921567917,3.045483112335205,0.5022872414130735,0.49449309893214827,0,0
-0.8072353601455688,-0.11899273097515106,3.0454771518707275,0.49610403209042325,0.5100750890582172,0,0
-0.8095667362213135,-0.11616449803113937,3.0454771518707275,0.4975233140379719,0.4927942249986683,0,0
-0.8118981719017029,-0.1133362203836441,3.0454771518707275,0.4876204022026395,0.5071119449121838,0,0
-0.8142296671867371,-0.11050790548324585,3.0454771518707275,0.503436948044428,0.4860451833689585,0,0
-0.8165611624717712,-0.10767955332994461,3.0454771518707275,0.49293395165143045,0.49604436825964227,0,0
-0.8188925981521606,-0.10485116392374039,3.0454771518707275,0.514945985423984,0.49403092221518613,0,0
-0.8212239742279053,-0.10202274471521378,3.0454771518707275,0.499644095754073,0.5093587487598549,0,0
-0.8235552906990051,-0.09919429570436478,3.0454771518707275,0.5050388933848772,0.5155375695582821,0,0
-0.8258865475654602,-0.0963657945394516,3.0454771518707275,0.4826436487993283,0.4949144341433332,0,0
-0.8282177448272705,-0.09353727102279663,3.0454771518707275,0.49187369260722585,0.5198053708625848,0,0
-0.830548882484436,-0.09070871770381927,3.0454771518707275,0.49389249783401723,0.4975190139562599,0,0
-0.8328800797462463,-0.08788010478019714,3.0454771518707275,0.48370045537465256,0.5115823475805019,0,0
-0.8352110981941223,-0.08505146950483322,3.0454771518707275,0.49717381454444515,0.4929768322725989,0,0
-0.8375422358512878,-0.08222278952598572,3.0454771518707275,0.4956761156759617,0.5078930249952798,0,0
-0.839873194694519,-0.07939407229423523,3.0454771518707275,0.5007287055385822,0.4986683214320937,0,0
-0.8422040939331055,-0.07656531780958176,3.0454771518707275,0.49299243582792934,0.5007613260435226,0,0
-0.8445349931716919,-0.0737365260720253,3.0454771518707275,0.5010464303985893,0.5004956473795579,0,0
-0.8468660116195679,-0.07090770453214645,3.0454771518707275,0.4888928183714908,0.48917365267621227,0,0
-0.8491967916488647,-0.06807883828878403,3.0454771518707275,0.5008873826509214,0.5002532838749725,0,0
-0.8515276312828064,-0.06524994224309921,3.0454771518707275,0.4854273417484172,0.49454773959670645,0,0
-0.8538585305213928,-0.06242101639509201,3.0454771518707275,0.5131534493942953,0.4777330398285904,0,0
-0.8561892509460449,-0.05959205701947212,3.0454771518707275,0.5034740700347448,0.4955571850478255,0,0
-0.8585198521614075,-0.05676306039094925,3.0454771518707275,0.5058749622813103,0.49775786878361555,0,0
-0.8608505725860596,-0.05393402650952339,3.0454771518707275,0.494085410315365,0.5097519476430589,0,0
-0.8631811141967773,-0.05110495910048485,3.0454771518707275,0.4924233261930885,0.487863497607482,0,0
-0.8655115962028503,-0.04827585816383362,3.0454771518707275,0.49915025940854707,0.4952241940435892,0,0
-0.8678420186042786,-0.0454467236995697,3.0454771518707275,0.5087111336064055,0.5036475287923049,0,0
-0.8701725006103516,-0.0426175519824028,3.0454771518707275,0.49185565261956904,0.5064578547418105,0,0
-0.872502863407135,-0.039788346737623215,3.0454771518707275,0.5038851559819852,0.514245941223423,0,0
-0.874833345413208,-0.03695911169052124,3.0454771518707275,0.49795307087790397,0.5088291090868197,0,0
-0.8771637082099915,-0.03412983939051628,3.0454771518707275,0.502286006402762,0.5029010900723087,0,0
-0.8794939517974854,-0.031300533562898636,3.0454771518707275,0.508234336057957,0.48848771332823665,0,0
-0.8818241357803345,-0.028471190482378006,3.0454771518707275,0.5028041996937445,0.5011917313743602,0,0
-0.8841543197631836,-0.025641823187470436,3.0454771518707275,0.4782803239095859,0.5124631097912633,0,0
-0.8864844441413879,-0.02281242050230503,3.0454771518707275,0.5077105995148575,0.5221336886449254,0,0
-0.8888146877288818,-0.01998298056423664,3.0454771518707275,0.4732851783412446,0.5032285910690131,0,0
-0.8911451697349548,-0.017153508961200714,3.0454771518707275,0.4906999181545128,0.4939989332013691,0,0
-0.8934752941131592,-0.0143240075558424,3.0454771518707275,0.49148984323651096,0.4973022773401384,0,0
-0.895805299282074,-0.011494471691548824,3.0454771518707275,0.48597119801573313,0.4952409005072634,0,0
-0.898135244846344,-0.008664906024932861,3.0454771518707275,0.5049028830225923,0.48665692557020024,0,0
-0.9004651308059692,-0.00583530543372035,3.0454771518707275,0.49692879953619634,0.5153757360142485,0,0
-0.9027951955795288,-0.0030056731775403023,3.0454771518707275,0.49741496843403454,0.4987980002373672,0,0
-0.9051253199577332,-0.00017600879073143005,3.0454771518707275,0.5007020742026563,0.502483108530257,0,0
-0.9074551463127136,0.0026536898221820593,3.0454771518707275,0.5124287806420398,0.48760077885287495,0,0
-0.9097848534584045,0.005483416374772787,3.0454771518707275,0.4861721838972959,0.5144794641265203,0,0
-0.9121145009994507,0.008313179016113281,3.0454771518707275,0.49662651842357547,0.5078203661199361,0,0
-0.9144443869590759,0.011142969131469727,3.0454771518707275,0.49745339296905244,0.511153312542377,0,0
-0.9167741537094116,0.013972793705761433,3.0454771518707275,0.49645649014338067,0.5047628480761063,0,0
-0.9191036820411682,0.016802649945020676,3.0454771518707275,0.498605436369746,0.4909286281886468,0,0
-0.9214332699775696,0.019632535055279732,3.0454771518707275,0.4916349883475839,0.5087825033968024,0,0
-0.9237627983093262,0.022462449967861176,3.0454771518707275,0.48564931130945865,0.5039661376420762,0,0
-0.9260926246643066,0.025292398408055305,3.0454771518707275,0.4923015801456713,0.4892619007908438,0,0
-0.9284220337867737,0.02812238223850727,3.0454771518707275,0.4939662580858856,0.5046937503488771,0,0
-0.9307514429092407,0.030952388420701027,3.0454771518707275,0.5044970793721445,0.5072430562229796,0,0
-0.933080792427063,0.03378243371844292,3.0454771518707275,0.4811390263610356,0.506992020999027,0,0
-0.9354103803634644,0.03661250323057175,3.0454771518707275,0.4937924985330565,0.49014546606587095,0,0
-0.9377396106719971,0.039442602545022964,3.0454771518707275,0.49176939699217775,0.4971138177867625,0,0
-0.9400688409805298,0.04227273538708687,3.0454771518707275,0.4909753830836694,0.4903612869177702,0,0
-0.9423983097076416,0.04510290175676346,3.0454771518707275,0.49228503442993,0.5084185252297325,0,0
-0.9447275996208191,0.047933097928762436,3.0454771518707275,0.5056302007807282,0.5062264313401245,0,0
-0.9470567107200623,0.050763316452503204,3.0454771518707275,0.5049970775478604,0.5229665349209267,0,0
-0.949385941028595,0.05359356850385666,3.0454771518707275,0.5030423130230984,0.5176792477820034,0,0
-0.9517151117324829,0.0564238540828228,3.0454771518707275,0.5010520902760838,0.4895064579541714,0,0
-0.9540441632270813,0.05925416946411133,3.0454771518707275,0.5083898496436565,0.510968276684668,0,0
-0.9563732147216797,0.06208450719714165,3.0454769134521484,0.4975772549139565,0.4932399630264975,0,0
-0.958702564239502,0.06491485983133316,3.0454769134521484,0.5090656587854424,0.4967260007169709,0,0
-0.9610315561294556,0.06774521619081497,3.0454769134521484,0.5178749424912771,0.5066991514611554,0,0
-0.9633605480194092,0.07057555764913559,3.0454769134521484,0.4972226044212667,0.48029655865457377,0,0
-0.9656898379325867,0.073405921459198,3.0454769134521484,0.49808071383743835,0.4768335025299625,0,0
-0.9680188298225403,0.07623627036809921,3.0454769134521484,0.49924230587072854,0.4894317452783358,0,0
-0.9703478217124939,0.07906663417816162,3.0454769134521484,0.5014267731864809,0.5206491584468006,0,0
-0.9726771712303162,0.08189699053764343,3.0454769134521484,0.4868710642231781,0.49641474526902224,0,0
-0.9750062227249146,0.08472734689712524,3.0454769134521484,0.5053240749721122,0.5059909857607794,0,0
-0.9773352146148682,0.08755770325660706,3.0454769134521484,0.48707950437376635,0.48424143413680165,0,0
-0.9796645641326904,0.09038805961608887,3.0454769134521484,0.4977537158697773,0.5236347148244161,0,0
-0.9819937348365784,0.09321842342615128,3.0454769134521484,0.5009122893983293,0.4888850729031294,0,0
-0.984322726726532,0.09604877978563309,3.0454769134521484,0.4988582326289149,0.5029262439704559,0,0
-0.9866518974304199,0.0988791361451149,3.0454769134521484,0.5110975561440778,0.5131688772906436,0,0
-0.9889810681343079,0.10170949995517731,3.0454769134521484,0.4990903770576635,0.5054319487489571,0,0
-0.9913100600242615,0.10453984886407852,3.0454769134521484,0.5033568527739302,0.49011072449778204,0,0
-0.9936392307281494,0.10737020522356033,3.0454769134521484,0.4976560944136689,0.485802570832697,0,0
-0.9959685802459717,0.11020056158304214,3.0454769134521484,0.49605185837211624,0.5098662767957604,0,0
-0.9982976913452148,0.11303091794252396,3.0454769134521484,0.5108336203554593,0.5048816376208384,0,0
-1.000626802444458,0.11586126685142517,3.0454769134521484,0.5187600524783913,0.48911090725265466,0,0
-1.0029560327529907,0.11869163066148758,3.0454769134521484,0.4880384496717377,0.4980363478669276,0,0
-1.0052850246429443,0.12152198702096939,3.0454769134521484,0.5057842023395696,0.5098435441031876,0,0
-1.007614016532898,0.1243523433804512,3.0454769134521484,0.508055990521614,0.5054370377873617,0,0
-1.0099433660507202,0.12718269228935242,3.0454769134521484,0.49670972810277353,0.4950596584236974,0,0
-1.012272596359253,0.13001304864883423,3.0454769134521484,0.5017851955357017,0.5085860469999633,0,0
-1.0146015882492065,0.13284340500831604,3.0454769134521484,0.5015537806369182,0.49444523477144287,0,0
-1.0169308185577393,0.13567376136779785,3.0454769134521484,0.4911911261095968,0.5011373728462654,0,0
-1.0192599296569824,0.13850411772727966,3.0454769134521484,0.48404048264204674,0.5076027278956278,0,0
-1.021588921546936,0.14133448898792267,3.0454769134521484,0.5168209082586166,0.5058213759415262,0,0
-1.0239181518554688,0.14416484534740448,3.0454769134521484,0.5005633824505166,0.4954114810145997,0,0
-1.026247262954712,0.1469952017068863,3.0454769134521484,0.4986823273115894,0.5087802962751594,0,0
-1.0285762548446655,0.1498255580663681,3.0454769134521484,0.4931246297612466,0.4942623694667791,0,0
-1.0309053659439087,0.15265591442584991,3.0454769134521484,0.5014916497840624,0.49094607256457184,0,0
-1.0332345962524414,0.15548628568649292,3.0454769134521484,0.497645750583618,0.5168418847462842,0,0
-1.035563588142395,0.15831664204597473,3.0454769134521484,0.4913985457344048,0.4935374967351153,0,0
-1.0378925800323486,0.16114699840545654,3.0454769134521484,0.5070502173404189,0.4850319918075441,0,0
-1.040221929550171,0.16397736966609955,3.0454769134521484,0.5091175348075765,0.48959863839777096,0,0
-1.0425509214401245,0.16680772602558136,3.0454769134521484,0.5091070206413821,0.49627687060270964,0,0
-1.0448799133300781,0.16963808238506317,3.0454769134521484,0.5062278779663445,0.5004102351679657,0,0
-1.0472091436386108,0.17246843874454498,3.0454769134521484,0.49173687588010323,0.49964927269040227,0,0
-1.0495381355285645,0.1752987653017044,3.0454769134521484,0.491556955091165,0.49172423145598637,0,0
-1.051867127418518,0.1781291365623474,3.0454769134521484,0.5013942952031315,0.5068216300106604,0,0
-1.0541964769363403,0.18095949292182922,3.0454769134521484,0.4982419563958319,0.5033672522065508,0,0
-1.0565255880355835,0.18378983438014984,3.0454769134521484,0.5054448048863692,0.4854984555393055,0,0
-1.058854579925537,0.18662017583847046,3.0454769134521484,0.5063314525125024,0.4860103008144494,0,0
-1.0611838102340698,0.18945051729679108,3.0454769134521484,0.5194740836143535,0.5111144168322399,0,0
-1.063512921333313,0.1922808289527893,3.0454769134521484,0.4942911282325526,0.5089654177336739,0,0
-1.0658419132232666,0.19511118531227112,3.0454769134521484,0.5156699505559954,0.4990105763245845,0,0
-1.0681710243225098,0.19794154167175293,3.0454769134521484,0.48783950320462843,0.5100565545921895,0,0
-1.0705002546310425,0.20077189803123474,3.0454769134521484,0.49538832180821407,0.4981709271406615,0,0
-1.072829246520996,0.20360222458839417,3.0454769134521484,0.49609768492603057,0.5005167501193425,0,0
-1.0751585960388184,0.20643258094787598,3.0454769134521484,0.4886872634664403,0.48591673412304925,0,0
-1.0774880647659302,0.2092629075050354,3.0454769134521484,0.5005860815877732,0.49684930329830773,0,0
-1.0798171758651733,0.21209323406219482,3.0454769134521484,0.5089710262920576,0.5039883819650651,0,0
-1.0821462869644165,0.21492357552051544,3.0454769134521484,0.4686220771071384,0.49669956005109145,0,0
-1.0844757556915283,0.21775390207767487,3.0454769134521484,0.49252565663072745,0.49534510274239724,0,0
-1.086804986000061,0.22058425843715668,3.0454769134521484,0.5044475055141154,0.4986852428355647,0,0
-1.0891340970993042,0.2234145849943161,3.0454769134521484,0.5124666726667424,0.5057913532502679,0,0
-1.0914634466171265,0.2262449413537979,3.0454769134521484,0.5077216724699888,0.49959491720243426,0,0
-1.0937926769256592,0.22907528281211853,3.0454769134521484,0.4953969351051069,0.5099233908577949,0,0
-1.0961217880249023,0.23190565407276154,3.0454769134521484,0.4912860232936663,0.5130696685401044,0,0
-1.0984508991241455,0.23473598062992096,3.0454769134521484,0.4864309551103725,0.5081007338132537,0,0
-1.1007803678512573,0.23756630718708038,3.0454769134521484,0.4984529065375483,0.5025130842409742,0,0
-1.10310959815979,0.240396648645401,3.0454769134521484,0.5028609838921969,0.5131833445061095,0,0
-1.1054387092590332,0.24322699010372162,3.0454769134521484,0.5029984334802566,0.4871079788988247,0,0
-1.107768177986145,0.24605731666088104,3.0454769134521484,0.5135946967988945,0.49375877629069337,0,0
-1.1100974082946777,0.24888767302036285,3.0454769134521484,0.4952154238598995,0.49104227448442783,0,0
-1.112426519393921,0.25171801447868347,3.0454769134521484,0.4965171918369423,0.511062167414854,0,0
-1.1147557497024536,0.2545483708381653,3.0454769134521484,0.5121529216137789,0.4880447140606027,0,0
-1.1170850992202759,0.2573786973953247,3.0454769134521484,0.515957829853598,0.49409368315081803,0,0
-1.119414210319519,0.2602090537548065,3.0454769134521484,0.5065941714610048,0.4838306534647352,0,0
-1.1217433214187622,0.26303941011428833,3.0454769134521484,0.5100513122163122,0.4940436256659881,0,0
-1.1240729093551636,0.26586976647377014,3.0454769134521484,0.5131460375506225,0.5000118107746886,0,0
-1.1264021396636963,0.26870012283325195,3.0454769134521484,0.5075588705817164,0.4981119033999148,0,0
-1.1287312507629395,0.27153047919273376,3.0454769134521484,0.508359232846504,0.4909134179764812,0,0
-1.1310606002807617,0.2743608355522156,3.0454769134521484,0.506620206157971,0.5100831423014999,0,0
-1.1333898305892944,0.2771911919116974,3.0454769134521484,0.5064811490000944,0.4994024005057352,0,0
-1.1357189416885376,0.2800215780735016,3.0454769134521484,0.49653080955744316,0.4972695462783969,0,0
-1.1380481719970703,0.2828519344329834,3.0454769134521484,0.49604784381738903,0.5038486513267552,0,0
-1.1403777599334717,0.2856823205947876,3.0454769134521484,0.508849861627867,0.4868692479858906,0,0
-1.1427068710327148,0.2885126769542694,3.0454769134521484,0.48634542348133253,0.48762534135430785,0,0
-1.145035982131958,0.2913430333137512,3.0454769134521484,0.49655810302055614,0.5158913663972682,0,0
-1.1473654508590698,0.29417335987091064,3.0454769134521484,0.4782576724299164,0.4872966407793083,0,0
-1.149694800376892,0.29700371623039246,3.0454769134521484,0.48866256678159903,0.4971038093696602,0,0
-1.1520239114761353,0.29983407258987427,3.0454769134521484,0.4853719169942328,0.5059036671669753,0,0
-1.1543532609939575,0.3026644289493561,3.0454769134521484,0.4975924225988048,0.4989933713932706,0,0
-1.1566827297210693,0.3054947853088379,3.0454769134521484,0.5012750148349788,0.5039922050833068,0,0
-1.1590118408203125,0.3083251714706421,3.0454769134521484,0.5128381624566181,0.49814604118278194,0,0
-1.1613409519195557,0.3111555278301239,3.0454769134521484,0.48791896472025087,0.5044193726669975,0,0
-1.1636704206466675,0.3139858841896057,3.0454769134521484,0.5009765020622425,0.49238985635051497,0,0
-1.1659996509552002,0.3168162405490875,3.0454769134521484,0.49369525650298984,0.5040996615156421,0,0
-1.1683287620544434,0.31964659690856934,3.0454769134521484,0.5012846921884685,0.49386194879474504,0,0
-1.170657992362976,0.32247695326805115,3.0454769134521484,0.4802652649610619,0.4860907556069521,0,0
-1.1729872226715088,0.32530730962753296,3.0454769134521484,0.506586554897293,0.49317093379860366,0,0
-1.175316333770752,0.32813766598701477,3.0454769134521484,0.5000661241611087,0.4923213321187933,0,0
-1.1776456832885742,0.3309680223464966,3.0454769134521484,0.5052020188228811,0.5137158865720122,0,0
-1.1799750328063965,0.3337983787059784,3.0454769134521484,0.4993843148080121,0.5109099827426253,0,0
-1.1823041439056396,0.3366287350654602,3.0454769134521484,0.4964760541067188,0.49900981547338386,0,0
-1.1846332550048828,0.339459091424942,3.0454769134521484,0.4977093379229871,0.5187458560469083,0,0
-1.1869627237319946,0.34228944778442383,3.0454769134521484,0.5153504756039367,0.5018343286112392,0,0
-1.189292073249817,0.34511980414390564,3.0454769134521484,0.4945680073616441,0.4936618353330683,0,0
-1.19162118434906,0.34795016050338745,3.0454769134521484,0.48608498661473337,0.49505081071140744,0,0
-1.1939504146575928,0.3507804572582245,3.0454769134521484,0.4908137719882278,0.49957188442152256,0,0
-1.196279764175415,0.3536107838153839,3.0454769134521484,0.4977751563008871,0.49993026087179665,0,0
-1.1986088752746582,0.35644111037254333,3.0454769134521484,0.48516751385180307,0.5079885867544912,0,0
-1.2009379863739014,0.35927146673202515,3.0454769134521484,0.48858693210663645,0.5195356443685274,0,0
-1.2032674551010132,0.36210179328918457,3.0454769134521484,0.49832848745430947,0.49387586089460894,0,0
-1.2055965662002563,0.3649320900440216,3.0454769134521484,0.48476727924349855,0.4915651344381785,0,0
-1.2079256772994995,0.3677624464035034,3.0454769134521484,0.5061864443308717,0.5157367865152903,0,0
-1.2102550268173218,0.37059274315834045,3.0454769134521484,0.4879878310708821,0.4898773084627613,0,0
-1.2125842571258545,0.3734230697154999,3.0454769134521484,0.5099394085885987,0.4946113440199652,0,0
-1.2149133682250977,0.3762534260749817,3.0454769134521484,0.5026365673079592,0.5103388416363873,0,0
-1.2172425985336304,0.3790838420391083,3.0454769134521484,0.4899253000864803,0.5022883519949539,0,0
-1.2195719480514526,0.3819141089916229,3.0454769134521484,0.5004964629483527,0.4954359584172345,0,0
-1.2219010591506958,0.38474443554878235,3.0454769134521484,0.49173465017732565,0.49995502509738443,0,0
-1.224230170249939,0.3875747621059418,3.0454769134521484,0.5117987137045207,0.506846882788195,0,0
-1.2265596389770508,0.3904051184654236,3.0454769134521484,0.50856903260212,0.5022054307576157,0,0
-1.228888750076294,0.39323538541793823,3.0454769134521484,0.49807617977123614,0.4905777900212158,0,0
-1.231217861175537,0.39606568217277527,3.0454769134521484,0.49959235910536215,0.49202828243201724,0,0
-1.233547329902649,0.3988960087299347,3.0454769134521484,0.5098184692409107,0.5127588492041322,0,0
-1.2358765602111816,0.40172630548477173,3.0454769134521484,0.48658611234360527,0.4887083269428894,0,0
-1.2382056713104248,0.40455663204193115,3.0454769134521484,0.4987341902128651,0.505434163271985,0,0
-1.240535020828247,0.40738698840141296,3.0454769134521484,0.5146090425852106,0.4970525383595185,0,0
-1.2428644895553589,0.41021737456321716,3.0454769134521484,0.5131787026978901,0.5041468928164675,0,0
-1.245193600654602,0.4130477011203766,3.0454769134521484,0.49709646869473834,0.4810924016265186,0,0
-1.2475227117538452,0.4158779978752136,3.0454769134521484,0.48123506272359756,0.4904290941190884,0,0
-1.2498520612716675,0.41870832443237305,3.0454769134521484,0.48678492703334486,0.4959036840220128,0,0
-1.2521812915802002,0.42153874039649963,3.0454769134521484,0.4937944887559869,0.504585948927893,0,0
-1.2545104026794434,0.4243690073490143,3.0454769134521484,0.5055428613194972,0.49599939567084256,0,0
-1.256839632987976,0.4271993339061737,3.0454769134521484,0.5000800665384701,0.4919415157569403,0,0
-1.2591688632965088,0.43002963066101074,3.0454769134521484,0.5013675077462757,0.49413608000158005,0,0
-1.261497974395752,0.43285995721817017,3.0454769134521484,0.48915779901662326,0.4886321963708928,0,0
-1.2638272047042847,0.4356902837753296,3.0454769134521484,0.48454815087871006,0.5064596859038227,0,0
-1.266156792640686,0.4385206401348114,3.0454769134521484,0.49088449179509436,0.5001118881605123,0,0
-1.2684859037399292,0.4413509964942932,3.0454769134521484,0.509175447028404,0.4987324611204157,0,0
-1.270815134048462,0.44418126344680786,3.0454769134521484,0.49425438029523516,0.511440317606226,0,0
-1.2731447219848633,0.4470115602016449,3.0454769134521484,0.493104677371202,0.4875352858060569,0,0
-1.2754740715026855,0.4498419165611267,3.0454769134521484,0.4962030682023527,0.511508748114242,0,0
-1.2778033018112183,0.4526723027229309,3.0454769134521484,0.4775823840145491,0.5089202388574368,0,0
-1.2801326513290405,0.45550256967544556,3.0454769134521484,0.4978670803834079,0.4958181077108032,0,0
-1.282462239265442,0.458332896232605,3.0454769134521484,0.4897592499832061,0.48416186789983706,0,0
-1.2847914695739746,0.4611632227897644,3.0454769134521484,0.49449017977007576,0.4943862024086036,0,0
-1.2871206998825073,0.4639935791492462,3.0454769134521484,0.4951386058924522,0.4866875909928693,0,0
-1.2894501686096191,0.46682384610176086,3.0454769134521484,0.4899586861493023,0.49865238776908805,0,0
-1.2917795181274414,0.4696541428565979,3.0454769134521484,0.48845783670867443,0.48873404396097714,0,0
-1.2941087484359741,0.4724844694137573,3.0454769134521484,0.7708612890315295,0.7789591460295112,0,0
-1.2964379787445068,0.47531479597091675,3.0454769134521484,0.7655019968666747,0.7740780591405175,0,0
-1.2987674474716187,0.4781450629234314,3.0454769134521484,0.7692786032173615,0.7889452087906264,0,0
-1.3010966777801514,0.480975478887558,3.0454769134521484,0.7704043296334728,0.7929943852297047,0,0
-1.303425908088684,0.4838058352470398,3.0454769134521484,0.7766983811947857,0.7785668508374035,0,0
-1.3057552576065063,0.4866361618041992,3.0454769134521484,0.7586309592219161,0.7835993517933071,0,0
-1.3080846071243286,0.48946645855903625,3.0454769134521484,0.754204357702966,0.782451188514753,0,0
-1.3104138374328613,0.4922967851161957,3.0454769134521484,0.766744119652494,0.7726671932994287,0,0
-1.312743067741394,0.4951271414756775,3.0454769134521484,0.7797740054265909,0.7743568936513975,0,0
-1.3150726556777954,0.49795740842819214,3.0454769134521484,0.7894532946476734,0.7760323504128944,0,0
-1.3174020051956177,0.5007877349853516,3.0454769134521484,0.7180228303479308,0.7328862207367824,0,0
-1.3197312355041504,0.5036181211471558,3.0454769134521484,0.7222888683743964,0.7366634677336866,0,0
-1.3220607042312622,0.50644850730896,3.0454769134521484,0.7301299481067678,0.7334387499207995,0,0
-1.324390172958374,0.5092788338661194,3.0454769134521484,0.7338918596279799,0.7400725500459765,0,0
-1.3267194032669067,0.5121091604232788,3.0454769134521484,0.7197499102656439,0.7497786010438278,0,0
-1.3290486335754395,0.514939546585083,3.0454769134521484,0.7323099500186054,0.7580317414608166,0,0
-1.3313782215118408,0.5177698135375977,3.0454769134521484,0.7360078822458518,0.7348444220227645,0,0
-1.333707571029663,0.5206000804901123,3.0454769134521484,0.7263020255937006,0.7377941666570543,0,0
-1.3360368013381958,0.5234304070472717,3.0454769134521484,0.7219305486127848,0.7274601497626083,0,0
-1.338366150856018,0.5262607932090759,3.0454769134521484,0.7433939293533651,0.751500563735954,0,0
-1.3406957387924194,0.5290910601615906,3.0454769134521484,0.7077697750641784,0.7033994843411088,0,0
-1.3430249691009521,0.53192138671875,3.0454769134521484,0.7015433225078489,0.6991167215281675,0,0
-1.3453541994094849,0.5347517132759094,3.0454769134521484,0.7002809590086042,0.6776982011056424,0,0
-1.3476836681365967,0.5375820398330688,3.0454769134521484,0.6761877341936516,0.695204269958948,0,0
-1.350013017654419,0.5404123663902283,3.0454769134521484,0.6886425961897068,0.6891891367078374,0,0
-1.3523422479629517,0.5432428121566772,3.0454769134521484,0.6824017446896292,0.6957640948652657,0,0
-1.354671597480774,0.5460731387138367,3.0454769134521484,0.6959684238358614,0.7094640023149289,0,0
-1.3570011854171753,0.5489034652709961,3.0454769134521484,0.6972026480436824,0.7097999060440228,0,0
-1.359330415725708,0.5517337918281555,3.0454769134521484,0.694099718831607,0.7014089718301566,0,0
-1.3616596460342407,0.5545642375946045,3.0454769134521484,0.6873598509836859,0.7095285590719845,0,0
-1.363988995552063,0.5573945641517639,3.0454769134521484,0.6594666976882297,0.6573094115451408,0,0
-1.3663183450698853,0.5602248907089233,3.0454769134521484,0.6457721186987518,0.6667880891867569,0,0
-1.368647575378418,0.5630552172660828,3.0454769134521484,0.6647869301587913,0.6810872733450727,0,0
-1.3709768056869507,0.5658856630325317,3.0454769134521484,0.6482677278291475,0.6805172546390937,0,0
-1.373306393623352,0.5687160491943359,3.0454769134521484,0.6662339100219237,0.6779049845946077,0,0
-1.3756357431411743,0.5715463161468506,3.0454769134521484,0.6423400892904281,0.6657685074074013,0,0
-1.377964973449707,0.57437664270401,3.0454769134521484,0.6630090092862259,0.6537935254606951,0,0
-1.3802944421768188,0.5772069692611694,3.0454769134521484,0.6458307981539916,0.660475674121505,0,0
-1.3826239109039307,0.5800373554229736,3.0454769134521484,0.6622815460830086,0.6737710334767879,0,0
-1.3849531412124634,0.5828676223754883,3.0454769134521484,0.6724830330226713,0.6641844732816633,0,0
-1.387282371520996,0.5856979489326477,3.0454769134521484,0.6228295385252476,0.6384182689560014,0,0
-1.3896119594573975,0.5885283350944519,3.0454769134521484,0.6003834161405429,0.6265324167590838,0,0
-1.3919413089752197,0.5913586616516113,3.0454769134521484,0.6171595450481135,0.616682456020862,0,0
-1.3942705392837524,0.5941889882087708,3.0454769134521484,0.6219666897310474,0.6268567241496701,0,0
-1.3965998888015747,0.597019374370575,3.0454769134521484,0.6049510818002654,0.6296950711073451,0,0
-1.398929476737976,0.5998497009277344,3.0454769134521484,0.6263261310360397,0.6311226141522726,0,0
-1.4012588262557983,0.602679967880249,3.0454769134521484,0.6150169258445737,0.6089716077212739,0,0
-1.4035881757736206,0.6055102944374084,3.0454769134521484,0.6140218602900173,0.6357136489430577,0,0
-1.4059176445007324,0.6083406805992126,3.0454769134521484,0.6095822230061332,0.6499072194189522,0,0
-1.4082472324371338,0.6111710667610168,3.0454769134521484,0.610272004896013,0.6228766927177101,0,0
-1.410576581954956,0.6140013933181763,3.0454769134521484,0.5865142557293026,0.5921360649010301,0,0
-1.4129058122634888,0.6168317198753357,3.0454769134521484,0.6032358723779273,0.5945085166048631,0,0
-1.4152352809906006,0.6196620464324951,3.0454769134521484,0.5864649855746202,0.5981817095646723,0,0
-1.4175647497177124,0.6224924325942993,3.0454769134521484,0.5913323653330964,0.5878108039733804,0,0
-1.4198942184448242,0.6253227591514587,3.0454769134521484,0.5682907139626767,0.59547518470114,0,0
-1.4222235679626465,0.6281530857086182,3.0454769134521484,0.589780487035902,0.5917770356760549,0,0
-1.4245530366897583,0.6309834122657776,3.0454769134521484,0.5842723185486131,0.5927965106143226,0,0
-1.4268823862075806,0.633813738822937,3.0454769134521484,0.55815583224651,0.5788354977575575,0,0
-1.4292117357254028,0.6366440057754517,3.0454769134521484,0.5940939038512522,0.5906107469651347,0,0
-1.431541085243225,0.6394743323326111,3.0454769134521484,0.5872341313414917,0.5933250798313981,0,0
-1.4338704347610474,0.6423047780990601,3.0454769134521484,0.5476757808458225,0.5652834964317475,0,0
-1.4361997842788696,0.6451350450515747,3.0454769134521484,0.5423120883776726,0.5567893322607786,0,0
-1.4385290145874023,0.6479653120040894,3.0454769134521484,0.5473283050842052,0.5693142580660926,0,0
-1.440858244895935,0.6507957577705383,3.0454769134521484,0.5603893089979314,0.5699248175085115,0,0
-1.4431874752044678,0.6536261439323425,3.0454769134521484,0.5503644001619339,0.5590909986296427,0,0
-1.4455169439315796,0.6564564108848572,3.0454769134521484,0.5629140722144577,0.5550047245541878,0,0
-1.4478460550308228,0.6592866778373718,3.0454769134521484,0.5525992925634822,0.5643946320455226,0,0
-1.450175404548645,0.6621170043945312,3.0454769134521484,0.5496960963670402,0.5644278862683101,0,0
-1.4525048732757568,0.6649473309516907,3.0454769134521484,0.5441464062407957,0.5483493231547985,0,0
-1.4548341035842896,0.6677776575088501,3.0454769134521484,0.5552072704402075,0.5629210839699138,0,0
-1.4571633338928223,0.6706079840660095,3.0454769134521484,0.5081644234921132,0.5340018945329537,0,0
-1.459492564201355,0.6734383702278137,3.0454769134521484,0.5132057529200822,0.5116293716032265,0,0
-1.461822271347046,0.6762687563896179,3.0454769134521484,0.5377175444803544,0.5081704436348774,0,0
-1.4641515016555786,0.6790990829467773,3.0454769134521484,0.5159758069014556,0.512373044190393,0,0
-1.4664807319641113,0.6819294691085815,3.0454769134521484,0.5027381396151748,0.5262804529196793,0,0
-1.4688102006912231,0.684759795665741,3.0454769134521484,0.5172888472444616,0.5136959904322052,0,0
-1.4711395502090454,0.6875900626182556,3.0454769134521484,0.5033117228337173,0.5106407099311521,0,0
-1.4734688997268677,0.690420389175415,3.0454769134521484,0.5091379456440291,0.5185212820807329,0,0
-1.4757980108261108,0.693250834941864,3.0454769134521484,0.5146377133979715,0.5278993857748968,0,0
-1.4781275987625122,0.6960812211036682,3.0454769134521484,0.5213255812160948,0.5115644557343263,0,0
-1.4804569482803345,0.6989114880561829,3.0454769134521484,0.48244749068068304,0.49992998647838727,0,0
-1.4827861785888672,0.7017418146133423,3.0454769134521484,0.47909551839648096,0.483011789418944,0,0
-1.4851154088974,0.7045722007751465,3.0454769134521484,0.4665723984851452,0.4852873931824283,0,0
-1.4874448776245117,0.7074025869369507,3.0454769134521484,0.4768650310347127,0.5008367536626319,0,0
-1.489774227142334,0.7102328538894653,3.0454769134521484,0.48486030745332503,0.4984266184075797,0,0
-1.4921034574508667,0.71306312084198,3.0454769134521484,0.46870474035646,0.4789924138086446,0,0
-1.494433045387268,0.7158933877944946,3.0454769134521484,0.48713738266528067,0.48708591669578494,0,0
-1.4967625141143799,0.7187236547470093,3.0454769134521484,0.4844660740290117,0.4787876806002352,0,0
-1.4990918636322021,0.7215541005134583,3.0454769134521484,0.4931692440452392,0.4848160030756082,0,0
-1.501421332359314,0.7243845462799072,3.0454769134521484,0.46705805752895735,0.4704866207948232,0,0
-1.5037413835525513,0.7272034883499146,3.0454769134521484,0.44566473230685233,0.44382047122753354,0,0
-1.5060621500015259,0.7300227880477905,3.045474052429199,0.44351532709194735,0.445027426308036,0,0
-1.5083801746368408,0.7328420877456665,3.0454671382904053,0.4442209205096809,0.443148077755539,0,0
-1.510685920715332,0.7356612682342529,3.04565167427063,0.43916247026207367,0.45073481153508194,0,0
-1.5129667520523071,0.7384775876998901,3.0457444190979004,0.451627668873614,0.44260903836806265,0,0
-1.5152082443237305,0.7412861585617065,3.0457749366760254,0.428870683152957,0.4447676833604643,0,0
-1.5173910856246948,0.7440822124481201,3.0457515716552734,0.4570191001584294,0.45753010981743314,0,0
-1.5194969177246094,0.7468597292900085,3.0456671714782715,0.43341426036891073,0.4436071057203877,0,0
-1.5215049982070923,0.7496131062507629,3.045745849609375,0.42479612725939175,0.45073581569197624,0,0
-1.5233981609344482,0.7523354887962341,3.046048641204834,0.4355096930617679,0.44021001048663577,1,1
-1.5251588821411133,0.7550188899040222,3.0465011596679688,0.4052308061669023,0.4089907518435038,0,0
-1.52677321434021,0.7576550841331482,3.0471789836883545,0.38424465689927034,0.4167390055751994,0,0
-1.5282315015792847,0.7602357268333435,3.047947645187378,0.40719545647049465,0.40239549131236896,0,0
-1.5295286178588867,0.7627544403076172,3.0487122535705566,0.41365044777494653,0.4190680543172369,0,0
-1.5306601524353027,0.765207052230835,3.0494542121887207,0.419493460855305,0.4256597160822322,0,0
-1.5316225290298462,0.7675933837890625,3.0503737926483154,0.3824736159430158,0.4034346759975409,0,0
-1.5324146747589111,0.769913375377655,3.051570415496826,0.3949342951643518,0.40819783454483205,0,0
-1.5330390930175781,0.772167980670929,3.0530948638916016,0.39321446434764773,0.4176797854082256,0,0
-1.5335028171539307,0.7743575572967529,3.054774045944214,0.4001839748723807,0.41910368500998146,0,0
-1.533813714981079,0.7764841318130493,3.0566954612731934,0.39656790356094274,0.41601741112494883,0,0
-1.533981204032898,0.7785502672195435,3.058727502822876,0.3727896626978004,0.37213221849551925,0,0
-1.5340185165405273,0.7805578708648682,3.0608272552490234,0.3858343584496797,0.38904511845680423,0,0
-1.5339384078979492,0.7825079560279846,3.0628442764282227,0.3743093847714626,0.375296047200248,0,0
-1.5337562561035156,0.7844007611274719,3.06475830078125,0.36984979752815766,0.39046530381606487,0,0
-1.5334858894348145,0.7862350344657898,3.0665807723999023,0.3705562810870366,0.3918423057507645,0,0
-1.5331414937973022,0.7880070805549622,3.0683341026306152,0.3791832629437125,0.3790046761410149,0,0
-1.5327354669570923,0.7897096872329712,3.070002555847168,0.38098430697900537,0.36381867729987166,0,0
-1.532278060913086,0.7913323044776917,3.0715315341949463,0.38906970409829766,0.38606234116327287,0,0
-1.5317773818969727,0.7928627133369446,3.0728979110717773,0.3885020333450233,0.3878075722101216,0,0
-1.5312405824661255,0.794289231300354,3.0741586685180664,0.3876933921994798,0.38762775564631563,0,0
-1.5306740999221802,0.7956027984619141,3.075385808944702,0.36974246578169756,0.39078994546429185,0,0
-1.5300837755203247,0.796798586845398,3.0765767097473145,0.3656560091374619,0.37571248943152197,0,0
-1.5294770002365112,0.7978747487068176,3.0776827335357666,0.37068249644544715,0.3710839955498116,0,0
-1.5288596153259277,0.7988314032554626,3.0787112712860107,0.3557751126785614,0.3747556055185002,0,0
-1.528237223625183,0.799670398235321,3.079702854156494,0.3552509285367407,0.38833373916548,0,0
-1.5276134014129639,0.8003949522972107,3.080667018890381,0.3703132866511375,0.3606070096857928,0,0
-1.5269907712936401,0.8010103702545166,3.0815751552581787,0.3692028182532552,0.3857368068943623,0,0
-1.5263711214065552,0.8015227913856506,3.0824153423309326,0.35616734938200073,0.3763385639145808,0,0
-1.525755763053894,0.8019393086433411,3.083212375640869,0.37581697951295556,0.36552253668919854,0,0
-1.5251458883285522,0.8022661805152893,3.083998680114746,0.3604832735763073,0.364217161688049,0,0
-1.524540901184082,0.8025094866752625,3.0847833156585693,0.3533672138715521,0.366050330271915,0,0
-1.5239403247833252,0.8026750087738037,3.0855462551116943,0.3619645134771166,0.3727922557323612,0,0
-1.5233430862426758,0.8027681112289429,3.0862627029418945,0.3567013010168529,0.36112607048416895,0,0
-1.5227464437484741,0.8027946949005127,3.086935043334961,0.3728273848639875,0.37943724896358594,0,0
-1.522150993347168,0.8027600646018982,3.087570905685425,0.3699431351739925,0.3886979449792937,0,0
-1.5215554237365723,0.8026692867279053,3.0881779193878174,0.3647012532479069,0.3909197224859926,0,0
-1.5209611654281616,0.8025270700454712,3.08876371383667,0.3665487869749884,0.369596343831276,0,0
-1.5203680992126465,0.8023378849029541,3.089331865310669,0.3680295261883814,0.36368179700493836,0,0
-1.5197763442993164,0.8021051287651062,3.089881181716919,0.36102054818992363,0.37128032748324735,0,0
-1.5191857814788818,0.8018324971199036,3.0904059410095215,0.35176273107441697,0.3682809916170187,1,1
-1.5185953378677368,0.8015234470367432,3.090897560119629,0.36040226394859276,0.38019434062683305,0,0
-1.5180044174194336,0.8011811971664429,3.0913591384887695,0.3720849176288628,0.3756065899211614,0,0
-1.5174120664596558,0.8008087277412415,3.091803550720215,0.3767196816722786,0.361199832543997,0,0
-1.516818881034851,0.8004083633422852,3.0922341346740723,0.3643998474805049,0.3706584860984143,0,0
-1.5162245035171509,0.7999825477600098,3.092648983001709,0.35655837219600867,0.3643474907481622,0,0
-1.5156301259994507,0.7995331883430481,3.0930471420288086,0.3705599726902765,0.3816015700441892,0,0
-1.5150352716445923,0.7990623712539673,3.093430757522583,0.3958405797170094,0.38053874473525306,0,0
-1.5144398212432861,0.798571765422821,3.0937957763671875,0.36452279673049726,0.38069128380579564,0,0
-1.5138442516326904,0.7980629801750183,3.0941364765167236,0.357611791928526,0.3837816099925495,0,0
-1.5132479667663574,0.7975379824638367,3.0944600105285645,0.3658811414616495,0.3801660869275059,0,0
-1.5126502513885498,0.7969982028007507,3.0947680473327637,0.3996847940768401,0.37847397846671266,0,0
-1.5120515823364258,0.7964452505111694,3.0950682163238525,0.3722405634195205,0.37937731171520805,0,0
-1.511452078819275,0.7958799600601196,3.0955543518066406,0.3764683778821351,0.40370234468799454,0,0
-1.5108519792556763,0.7953040599822998,3.0961344242095947,0.37116809977806375,0.3952217672565083,0,0
-1.5102522373199463,0.7947192788124084,3.0967538356781006,0.38929855239760663,0.38436867688920145,0,0
-1.5096526145935059,0.7941271662712097,3.097379446029663,0.37863287396964435,0.3868366321887926,0,0
-1.509053349494934,0.793529212474823,3.098007917404175,0.3721702324108799,0.3937382802004486,0,0
-1.5084545612335205,0.7929271459579468,3.0986244678497314,0.3627494644963996,0.37473172587620923,0,0
-1.5078556537628174,0.7923213243484497,3.0992212295532227,0.38692817723785916,0.38366787457114326,0,0
-1.5072574615478516,0.7917129397392273,3.099792718887329,0.37550641092057646,0.379827405500628,0,0
-1.5066592693328857,0.7911027073860168,3.10034441947937,0.3748782612106108,0.39743762165775465,0,0
-1.506061315536499,0.7904905080795288,3.1006791591644287,0.41243123515455066,0.38467049746402715,0,0
-1.5054640769958496,0.7898769974708557,3.1008825302124023,0.3935476634874843,0.39719740933977,0,0
-1.5048682689666748,0.7892626523971558,3.101010322570801,0.37707432510841754,0.37866086668856325,0,0
-1.504274606704712,0.7886479496955872,3.1012861728668213,0.3780167540200065,0.40691560629759693,0,0
-1.5036836862564087,0.7880338430404663,3.10164213180542,0.39652087839267086,0.39250758934465235,0,0
-1.503096103668213,0.7874212265014648,3.102036476135254,0.3934836828297491,0.37599379247287845,0,0
-1.5025129318237305,0.7868114709854126,3.102644681930542,0.3905439810073,0.40103693526012457,0,0
-1.5019350051879883,0.7862052917480469,3.103361129760742,0.39942317602326605,0.377617689197566,0,0
-1.5013630390167236,0.7856041193008423,3.1041252613067627,0.3971929315862969,0.39737256538613086,0,0
-1.5007972717285156,0.7850088477134705,3.105095624923706,0.38082328740852206,0.4117935961122133,0,0
-1.5002391338348389,0.7844201326370239,3.1061654090881348,0.41156184311280847,0.40262371975939454,0,0
-1.4996862411499023,0.7838412523269653,3.1072680950164795,0.39878857130189416,0.38328314896197957,0,0
-1.4991365671157837,0.783275306224823,3.108567237854004,0.3854375483420126,0.4057394398844093,0,0
-1.4985872507095337,0.7827267050743103,3.109760046005249,0.40395243413490856,0.39958243800400944,0,0
-1.4980366230010986,0.7821993827819824,3.1108615398406982,0.37869311913060316,0.39674732784535305,0,0
-1.4974844455718994,0.7816966772079468,3.1118884086608887,0.40188106237437915,0.4023413960298182,0,0
-1.496928095817566,0.7812233567237854,3.112855911254883,0.39617260237143065,0.3817865636386546,0,0
-1.4963650703430176,0.7807829976081848,3.1135871410369873,0.4014185384367173,0.38488608040536404,0,0
-1.4957935810089111,0.7803781628608704,3.1141648292541504,0.385832147248777,0.39558089861161383,1,1
-1.4952123165130615,0.7800096869468689,3.114840507507324,0.3973856694417513,0.40212555352511714,0,0
-1.4946194887161255,0.7796773314476013,3.1153693199157715,0.4112748049117695,0.39923543499058795,0,0
-1.4940162897109985,0.7793798446655273,3.1156084537506104,0.41074706115160964,0.3909649810120192,0,0
-1.4934046268463135,0.7791149616241455,3.115677833557129,0.4036284632731552,0.4082417464760299,0,0
-1.492784857749939,0.7788823843002319,3.115842819213867,0.3990058593229567,0.4024914978817811,0,0
-1.4921578168869019,0.778682291507721,3.1160590648651123,0.40541728686613143,0.4076183713786352,0,0
-1.4915229082107544,0.7785166501998901,3.1162972450256348,0.40369521720927476,0.4014755365343137,0,0
-1.4908771514892578,0.778390109539032,3.1165590286254883,0.41093826813949835,0.4299694651759156,0,0
-1.4902148246765137,0.7783096432685852,3.1168155670166016,0.4160877123832941,0.41303504974235083,0,0
-1.4895296096801758,0.7782841324806213,3.117058038711548,0.41187692046369445,0.40268551025684474,0,0
-1.4888135194778442,0.7783229351043701,3.117295980453491,0.4076205597890616,0.4060026835467124,0,0
-1.4880582094192505,0.7784355282783508,3.117530107498169,0.4138198167698685,0.4101930409153936,0,0
-1.487253189086914,0.7786316871643066,3.1175689697265625,0.407236226664049,0.3947564442115259,0,0
-1.4863916635513306,0.7789177894592285,3.1176984310150146,0.3959610060684728,0.41995200665380916,0,0
-1.4854694604873657,0.7792972326278687,3.117706060409546,0.412804323958827,0.3953154846367407,0,0
-1.4844858646392822,0.7797695994377136,3.117647171020508,0.3991379098961849,0.3817204801524139,0,0
-1.483445167541504,0.7803298830986023,3.117750406265259,0.39988898837631354,0.4308634572034779,0,0
-1.482353925704956,0.7809688448905945,3.1179401874542236,0.4041954315208003,0.4229437694752108,0,0
-1.4812203645706177,0.7816782593727112,3.1181342601776123,0.41301213568972706,0.41854636168103937,0,0
-1.48005211353302,0.7824526429176331,3.118285655975342,0.4078192667088282,0.4123599763563232,0,0
-1.4788554906845093,0.7832885980606079,3.118424892425537,0.40607870695411663,0.4142486470920573,0,0
-1.4776352643966675,0.7841846346855164,3.1185555458068848,0.40278024549813646,0.42493040827305073,0,0
-1.4763922691345215,0.7851399779319763,3.1186771392822266,0.41314838655378894,0.4101017655256744,0,0
-1.475125789642334,0.7861552238464355,3.1187872886657715,0.4111158934123475,0.42764844249231004,0,0
-1.473832130432129,0.7872311472892761,3.118887424468994,0.4309626194921863,0.41232133162417417,0,0
-1.4725075960159302,0.7883695363998413,3.1189746856689453,0.4223490004056977,0.41135143092925336,0,0
-1.471146583557129,0.7895724773406982,3.1188623905181885,0.4162369921381204,0.39581842590931504,0,0
-1.4697452783584595,0.7908384203910828,3.1186351776123047,0.4067385342273365,0.4096249316834947,0,0
-1.4682998657226562,0.792165219783783,3.1183412075042725,0.40763800506910447,0.41726298836868697,0,0
-1.4668073654174805,0.7935503125190735,3.1180155277252197,0.40183271232352147,0.41921537894819805,0,0
-1.4652655124664307,0.7949905395507812,3.117670774459839,0.4120989997848545,0.433467456038049,0,0
-1.4636728763580322,0.7964832186698914,3.117140531539917,0.41362827969641414,0.39779964590961525,0,0
-1.4620298147201538,0.7980235815048218,3.116507053375244,0.4142015900003256,0.4103081083825221,0,0
-1.4603387117385864,0.7996060848236084,3.1158273220062256,0.40636575639041267,0.4132842220783846,0,0
-1.458601951599121,0.8012261390686035,3.1151158809661865,0.43205466697246653,0.4355112154813617,0,0
-1.4568231105804443,0.8028797507286072,3.1144373416900635,0.4253900801105882,0.4162360883829824,0,0
-1.4550056457519531,0.8045642971992493,3.1138038635253906,0.4074090041195306,0.4043082725134882,0,0
-1.453151822090149,0.8062780499458313,3.113191843032837,0.41210350283590674,0.410806348960096,0,0
-1.4512624740600586,0.8080213069915771,3.1124002933502197,0.42016296648930757,0.3991887383649968,0,0
-1.4493407011032104,0.8097918629646301,3.1115291118621826,0.40816641969500483,0.4319814833346439,1,1
-1.447389006614685,0.81158846616745,3.1106388568878174,0.39427063566843595,0.39615058519190854,0,0
-1.445411205291748,0.8134064674377441,3.1097443103790283,0.42607003183707465,0.4237831227971282,0,0
-1.443411111831665,0.8152404427528381,3.108910322189331,0.42964503327643866,0.40222722384265447,0,0
-1.441393494606018,0.8170847296714783,3.1081714630126953,0.4166741730878487,0.4249632950803297,0,0
-1.4393610954284668,0.818934440612793,3.107501745223999,0.4179623715306585,0.4048807451518164,0,0
-1.4373160600662231,0.8207868933677673,3.1068570613861084,0.4043455963355988,0.41216325224545597,0,0
-1.4352585077285767,0.8226416707038879,3.106034994125366,0.41138255331908397,0.39113721734072515,0,0
-1.4331897497177124,0.8244969844818115,3.105135440826416,0.41874998868907026,0.40504209764727406,0,0
-1.4311110973358154,0.8263523578643799,3.1042113304138184,0.42507288411148064,0.4117216071376719,0,0
-1.429023027420044,0.8282074928283691,3.103285551071167,0.4197647036646648,0.40370037011846915,0,0
-1.4269261360168457,0.8300628662109375,3.1023759841918945,0.42766210222432166,0.425371423149443,0,0
-1.4248195886611938,0.8319205641746521,3.1014935970306396,0.41174548583514997,0.4056042564213635,0,0
-1.4227015972137451,0.8337833285331726,3.100648880004883,0.41802256430481144,0.4164953721394873,0,0
-1.4205708503723145,0.835654079914093,3.0998342037200928,0.42211991958110845,0.41780469425647115,0,0
-1.41842520236969,0.8375358581542969,3.0990397930145264,0.4036783233079909,0.4246740642920669,0,0
-1.4162622690200806,0.8394315838813782,3.0982632637023926,0.4294784420287747,0.4184974720327542,0,0
-1.4140807390213013,0.8413437604904175,3.097507953643799,0.40796176218874103,0.42156498033787576,0,0
-1.4118781089782715,0.8432744741439819,3.096785545349121,0.4091148108516555,0.41308310710666496,0,0
-1.4096531867980957,0.845226526260376,3.0961062908172607,0.41506185458963907,0.4146499145616184,0,0
-1.4074043035507202,0.8472018241882324,3.095468521118164,0.42194065786416374,0.40279723216106633,0,0
-1.4051302671432495,0.8492026329040527,3.0948681831359863,0.4203900996087526,0.4232441307880312,0,0
-1.402829885482788,0.8512303829193115,3.0942986011505127,0.4117883398865649,0.413384721014078,0,0
-1.4005032777786255,0.85328608751297,3.0937485694885254,0.4184711808181812,0.4206240509906217,0,0
-1.3981503248214722,0.8553695678710938,3.093224048614502,0.41132337131410385,0.4141725310055855,0,0
-1.3957715034484863,0.8574807643890381,3.0929222106933594,0.39826810188126616,0.4235931945595791,0,0
-1.3933700323104858,0.8596178293228149,3.0927531719207764,0.4085719170517943,0.41279656164304074,0,0
-1.3909507989883423,0.8617774844169617,3.092674732208252,0.42219539036534154,0.4191334518375714,0,0
-1.3885191679000854,0.863956093788147,3.0926804542541504,0.41101308268405107,0.41401813933582,0,0
-1.3860814571380615,0.8661500215530396,3.0927419662475586,0.4120084878176992,0.4141903564482259,0,0
-1.3836414813995361,0.8683570623397827,3.0928008556365967,0.4215009863739198,0.41841944416488586,0,0
-1.3812021017074585,0.8705747723579407,3.0926427841186523,0.4235932860492494,0.39819889039181533,0,0
-1.3787654638290405,0.8727986216545105,3.0923821926116943,0.4200693302085958,0.41278534318631555,0,0
-1.3763335943222046,0.8750241994857788,3.0920674800872803,0.40271880056449816,0.4307823933362211,0,0
-1.3739076852798462,0.8772469758987427,3.0917234420776367,0.4238973098945099,0.4001793202428437,0,0
-1.3714888095855713,0.8794642090797424,3.091359853744507,0.4204930701583395,0.420931051013579,0,0
-1.369077444076538,0.8816735744476318,3.091003894805908,0.4072251570166497,0.4128511533912523,0,0
-1.366673469543457,0.8838749527931213,3.090651512145996,0.4089666767763258,0.41376916707019507,0,0
-1.3642754554748535,0.8860684037208557,3.0903093814849854,0.4218432734226187,0.40719162617565346,0,0
-1.3618816137313843,0.8882557153701782,3.0901713371276855,0.39915249823680377,0.43288634629003964,0,0
-1.3594919443130493,0.8904368281364441,3.090148687362671,0.4448239501183876,0.4311967558346318,1,1
-1.3571077585220337,0.8926116228103638,3.0901925563812256,0.41141062463371125,0.4312426765633681,0,0
-1.354729175567627,0.8947803974151611,3.090275526046753,0.4123504901614608,0.42715221549390003,0,0
-1.3523569107055664,0.8969436883926392,3.0903775691986084,0.4264423584450693,0.43925825121056666,0,0
-1.3499904870986938,0.8991023302078247,3.0904860496520996,0.4404731394905466,0.40162691832747427,0,0
-1.3476289510726929,0.9012576341629028,3.0905957221984863,0.42229010687493884,0.42488094290323214,0,0
-1.3452705144882202,0.9034115672111511,3.090705633163452,0.4154758750672876,0.4212825570821313,0,0
-1.3429133892059326,0.9055660963058472,3.090813159942627,0.41137372697725055,0.4147965932245946,0,0
-1.3405556678771973,0.9077237248420715,3.0909156799316406,0.42593777390894594,0.41672536387122056,0,0
-1.3381946086883545,0.9098868370056152,3.0910117626190186,0.40997656014433476,0.4096134267383855,0,0
-1.335828423500061,0.9120582938194275,3.0911004543304443,0.4280666957755099,0.40997453369747744,0,0
-1.3334541320800781,0.9142394661903381,3.0911805629730225,0.4071411645911938,0.4326533496264962,0,0
-1.3310693502426147,0.9164319634437561,3.09125018119812,0.42652501862450753,0.4348649016252348,0,0
-1.3286714553833008,0.9186365604400635,3.0915114879608154,0.39641960460798886,0.4220921509301964,0,0
-1.326261281967163,0.9208526015281677,3.0918781757354736,0.4177248515871333,0.4187945674658607,0,0
-1.3238404989242554,0.9230780601501465,3.092298984527588,0.41720356970540495,0.4186250593548021,0,0
-1.3214117288589478,0.9253107905387878,3.0927517414093018,0.4046494877585441,0.4121691750515564,0,0
-1.3189769983291626,0.9275482296943665,3.093217372894287,0.41732588864263065,0.4140757119872705,0,0
-1.3165379762649536,0.9297888875007629,3.0936832427978516,0.4178036326484873,0.4279696673226127,0,0
-1.314096212387085,0.9320316314697266,3.0941433906555176,0.4112785518799206,0.40227140323635147,0,0
-1.3116519451141357,0.9342767000198364,3.0945887565612793,0.4048272003178336,0.4178716542101168,0,0
-1.3092052936553955,0.9365244507789612,3.095019817352295,0.4136536010458225,0.42947059842471197,0,0
-1.3067560195922852,0.938775360584259,3.0954322814941406,0.4009350647129389,0.42419913046935437,0,0
-1.3043031692504883,0.941030740737915,3.095824718475342,0.41965597905157986,0.4161996576639041,0,0
-1.3018455505371094,0.9432918429374695,3.0961952209472656,0.42411715817875434,0.41268634405679533,0,0
-1.2993813753128052,0.9455599784851074,3.0967390537261963,0.38884159919814054,0.41764186844233,0,0
-1.2969121932983398,0.9478350877761841,3.0973777770996094,0.4060091230201781,0.4225533940168426,0,0
-1.294439673423767,0.9501156210899353,3.098057746887207,0.42382822068097303,0.4088171779678077,0,0
-1.2919665575027466,0.9524009227752686,3.0987324714660645,0.4213515479464661,0.41791418735469343,0,0
-1.2894940376281738,0.9546898603439331,3.0994105339050293,0.4121218541933495,0.4240940650818826,0,0
-1.2870237827301025,0.9569816589355469,3.1000657081604004,0.4171178076227179,0.42826930074409125,0,0
-1.2845561504364014,0.9592758417129517,3.10089373588562,0.39242638614826636,0.4277472053855666,0,0
-1.2820937633514404,0.9615703225135803,3.1018056869506836,0.4260605016003454,0.436645902513763,0,0
-1.2796398401260376,0.9638628959655762,3.102753162384033,0.41768233006662486,0.41124486807842325,0,0
-1.2771961688995361,0.9661516547203064,3.1036911010742188,0.4027270645871676,0.41982403089193604,0,0
-1.274763822555542,0.9684351086616516,3.1046290397644043,0.4185349573016176,0.41434834404935095,0,0
-1.2723428010940552,0.9707130789756775,3.1055357456207275,0.4274651141615,0.42507867451038195,0,0
-1.2699320316314697,0.9729853272438049,3.1064131259918213,0.42015823807123304,0.4417953104702428,0,0
-1.267529845237732,0.975252628326416,3.107252597808838,0.41832701095984903,0.4073133162528325,0,0
-1.2651333808898926,0.9775164127349854,3.1080517768859863,0.43114767174484286,0.4269586580416662,0,0
-1.262739896774292,0.9797788858413696,3.10880708694458,0.4103643056422483,0.42939714961976694,1,1
-1.2603460550308228,0.9820420145988464,3.109523057937622,0.4154450567347853,0.42531925619880606,0,0
-1.257948637008667,0.9843078851699829,3.110218048095703,0.41299277188279454,0.430218300545955,0,0
-1.2555452585220337,0.9865779280662537,3.1108956336975098,0.41725522140860877,0.43296304393879664,0,0
-1.25313401222229,0.9888537526130676,3.1115522384643555,0.4218656858091824,0.4235146815330436,0,0
-1.2507128715515137,0.9911368489265442,3.1121842861175537,0.4347690732005026,0.42613181789908594,0,0
-1.2482810020446777,0.9934249520301819,3.112795114517212,0.4250483428165971,0.43730419244325014,0,0
-1.2458378076553345,0.9957097768783569,3.113387107849121,0.425585051580068,0.4223496086049743,0,0
-1.2433842420578003,0.9979770183563232,3.1139535903930664,0.42130909115459103,0.4314595581915791,0,0
-1.2409225702285767,1.0002074241638184,3.1145150661468506,0.42652417706788237,0.4099347075362887,0,0
-1.2384532690048218,1.0023787021636963,3.115097761154175,0.4143010359002547,0.4232234391972769,0,0
-1.2359744310379028,1.00446617603302,3.115701675415039,0.4214071637779777,0.4081940772844328,0,0
-1.2334835529327393,1.0064449310302734,3.1163179874420166,0.4354175601457963,0.4269942881924997,0,0
-1.2309781312942505,1.0082906484603882,3.116929531097412,0.41735378786741906,0.40729779805480515,0,0
-1.2284578084945679,1.0099809169769287,3.1174845695495605,0.41390660827103426,0.4081984997820649,0,0
-1.2259255647659302,1.0114940404891968,3.117920160293579,0.425573715409856,0.4306973861246257,0,0
-1.2233853340148926,1.0128120183944702,3.118246078491211,0.4274669512841527,0.4094941903803643,0,0
-1.2208409309387207,1.0139223337173462,3.118551731109619,0.42800368030005725,0.3957831140602498,0,0
-1.2182950973510742,1.0148178339004517,3.1189379692077637,0.41502515223715664,0.43433495052918736,0,0
-1.2157500982284546,1.0154949426651,3.1194264888763428,0.42370720257555505,0.42944887096960455,0,0
-1.2132076025009155,1.015954852104187,3.119915008544922,0.421729456532091,0.4269642113633502,0,0
-1.2106679677963257,1.0162004232406616,3.1203901767730713,0.44177404475649024,0.4199259032170922,0,0
-1.208132266998291,1.0162376165390015,3.120842218399048,0.42488619717826476,0.4216037223390676,0,0
-1.2055996656417847,1.0160746574401855,3.121243715286255,0.42450180448674996,0.4382945263739795,0,0
-1.2030694484710693,1.015721321105957,3.121591329574585,0.4393032921402127,0.4236754414400276,0,0
-1.2005409002304077,1.0151879787445068,3.1219170093536377,0.4280491769397841,0.4261903495132211,0,0
-1.1980135440826416,1.0144851207733154,3.1222586631774902,0.41574002570613244,0.4282400432177508,0,0
-1.195487380027771,1.0136228799819946,3.1226367950439453,0.43222780166053965,0.41738306505799483,0,0
-1.1929625272750854,1.0126111507415771,3.123041868209839,0.4185832513715428,0.42658141467435196,0,0
-1.1904382705688477,1.0114610195159912,3.1234350204467773,0.4302969219425135,0.42669477322504135,0,0
-1.1879146099090576,1.010182499885559,3.1237757205963135,0.44339047928073344,0.4276902022602911,0,0
-1.1853907108306885,1.008786916732788,3.124049425125122,0.4530096069961221,0.4512586635073933,0,0
-1.1828657388687134,1.00728440284729,3.1242761611938477,0.44381721068510904,0.4500067076611767,0,0
-1.1803399324417114,1.0056837797164917,3.124492645263672,0.460063206473969,0.45417178995596835,0,0
-1.1778132915496826,1.0039929151535034,3.124732732772827,0.4511555390093107,0.45321984548610417,0,0
-1.175285816192627,1.0022188425064087,3.1250123977661133,0.44342686307965823,0.45903918936269816,0,0
-1.1727579832077026,1.0003678798675537,3.1253135204315186,0.46141860303028465,0.44947091190451616,0,0
-1.1702296733856201,0.9984464645385742,3.125598430633545,0.448065657364027,0.4322681666639751,0,0
-1.167701005935669,0.9964606761932373,3.125837802886963,0.43951730809249384,0.4464373681921665,0,0
-1.1651719808578491,0.9944169521331787,3.1260249614715576,0.46123129538357466,0.44103852019833156,0,0
-1.1626425981521606,0.9923207759857178,3.126178503036499,0.45740849659914995,0.44135205372421654,0,0
-1.160112977027893,0.9901769161224365,3.126328468322754,0.4786910513042909,0.4732850587600525,0,0
-1.1575827598571777,0.9879894256591797,3.1264989376068115,0.4851104256179164,0.4844251252198335,0,0
-1.1550519466400146,0.9857617020606995,3.1266958713531494,0.4604554396286397,0.48912812557607205,0,0
-1.152519941329956,0.9834970235824585,3.126904249191284,0.49060441740813077,0.4697834197418818,0,0
-1.1499866247177124,0.9811981320381165,3.1271021366119385,0.4714456378812044,0.4767840061378911,0,0
-1.1474522352218628,0.9788681864738464,3.127272605895996,0.4830909950475633,0.4703321851594682,0,0
-1.1449166536331177,0.9765101671218872,3.1274118423461914,0.4783784509617154,0.4686154578514173,0,0
-1.1423799991607666,0.974126935005188,3.1275289058685303,0.48460504016485517,0.47370247052682246,0,0
-1.1398423910140991,0.9717209339141846,3.1276423931121826,0.4646257675695301,0.47547864264098205,0,0
-1.1373039484024048,0.9692943096160889,3.1277666091918945,0.48486300372727686,0.46524333664781004,0,0
-1.1347638368606567,0.9668483734130859,3.127903699874878,0.5328279548942453,0.5118758802445376,0,0
-1.1322227716445923,0.9643850922584534,3.1280462741851807,0.5264361927518545,0.5264639105186638,0,0
-1.1296805143356323,0.9619055390357971,3.128180980682373,0.5155758444512859,0.5174312151488575,0,0
-1.1271368265151978,0.9594113230705261,3.1283016204833984,0.5192359721596562,0.5255349423272895,0,0
-1.1245919466018677,0.9569037556648254,3.1284048557281494,0.5118817791093382,0.5232525300966528,0,0
-1.1220463514328003,0.9543845653533936,3.128495931625366,0.5231715112848279,0.5014648178721434,0,0
-1.119499683380127,0.9518547058105469,3.128584146499634,0.5236488992269539,0.508126000655324,0,0
-1.1169520616531372,0.9493153691291809,3.1286776065826416,0.5364923516865199,0.5109024088353933,0,0
-1.1144037246704102,0.9467673301696777,3.1287729740142822,0.5145109685370585,0.5336705595025766,0,0
-1.1118543148040771,0.9442114233970642,3.1288702487945557,0.5120042738998893,0.5120413206990516,0,0
-1.1093039512634277,0.9416483044624329,3.128962755203247,0.5411728679025649,0.5557900481998975,0,0
-1.106752872467041,0.9390782713890076,3.1290464401245117,0.5412469310989505,0.5404750255623199,0,0
-1.104201078414917,0.9365026950836182,3.1291215419769287,0.5521367190341802,0.5648484045550117,0,0
-1.1016486883163452,0.9339218139648438,3.1291911602020264,0.5418156210026339,0.5379738084942486,0,0
-1.0990957021713257,0.9313363432884216,3.1292567253112793,0.566802120603111,0.5587071305059832,0,0
-1.0965423583984375,0.9287465214729309,3.129321813583374,0.5604961776202563,0.5360068379826564,0,0
-1.0939881801605225,0.9261534214019775,3.129387140274048,0.5600121054240104,0.5709047034745252,0,0
-1.0914336442947388,0.9235566854476929,3.129450798034668,0.5649838506548912,0.5501236239890596,0,0
-1.0888785123825073,0.9209567308425903,3.129511833190918,0.5444803632644905,0.5403422382169728,0,0
-1.0863229036331177,0.9183541536331177,3.129568576812744,0.5501099952274894,0.547576084414695,0,0
-1.0837668180465698,0.9157489538192749,3.1296226978302,0.5882049657978358,0.5867849690755561,0,0
-1.0812102556228638,0.9131415486335754,3.129671335220337,0.5919798076764792,0.5681854013014425,0,0
-1.0786535739898682,0.9105323553085327,3.129718065261841,0.5809964664082397,0.5983612993839544,0,0
-1.076096534729004,0.9079214930534363,3.1297664642333984,0.5975332030523552,0.5606360648012009,0,0
-1.073539137840271,0.9053090214729309,3.1298134326934814,0.5874052672120625,0.5922369971888203,0,0
-1.0709813833236694,0.9026951193809509,3.129856586456299,0.5917968329593964,0.5877809610356122,0,0
-1.0684233903884888,0.900080144405365,3.1298985481262207,0.5796804736115195,0.5739870911567562,0,0
-1.06586492061615,0.8974639773368835,3.1299386024475098,0.6087807126677957,0.5985026624957004,0,0
-1.063306212425232,0.8948468565940857,3.1299731731414795,0.5904358080636246,0.5883176705326324,0,0
-1.0607473850250244,0.8922290802001953,3.1300089359283447,0.5846688441818677,0.5854862561200552,0,0
-1.0581884384155273,0.8896104097366333,3.130042791366577,0.6476281225717828,0.6193481189057068,0,0
-1.0556292533874512,0.8869912624359131,3.1300737857818604,0.6259356532831756,0.6207499852701065,0,0
-1.0530699491500854,0.8843714594841003,3.130105972290039,0.6426068773263015,0.6342266312273874,0,0
-1.0505104064941406,0.8817513585090637,3.1301331520080566,0.6083371772953694,0.6272346685372703,0,0
-1.0479503870010376,0.8791307806968689,3.130159854888916,0.6207824928385147,0.6347322863347538,0,0
-1.0453904867172241,0.876509964466095,3.130186080932617,0.639064823988409,0.6280402429675872,0,0
-1.0428303480148315,0.8738887906074524,3.1302120685577393,0.6279500441603585,0.626416876745586,0,0
-1.0402700901031494,0.8712674379348755,3.1302332878112793,0.6113825403042136,0.6481208443704201,0,0
-1.0377097129821777,0.8686456084251404,3.1302552223205566,0.6189638229395557,0.6091508067589657,0,0
-1.035149097442627,0.8660237193107605,3.1302778720855713,0.6346306005892952,0.6342631052125003,0,0
-1.0325884819030762,0.8634017705917358,3.1302952766418457,0.6714733238304795,0.6547788548944846,0,0
-1.0300276279449463,0.8607796430587769,3.130312442779541,0.6625011030622373,0.6640973149197857,0,0
-1.0274665355682373,0.8581575751304626,3.1303296089172363,0.656170713153543,0.6687880485312215,0,0
-1.0249055624008179,0.8555353283882141,3.1303467750549316,0.669274511764715,0.6494966097320561,0,0
-1.0223443508148193,0.8529130816459656,3.130363702774048,0.650712222983074,0.6722933147197775,0,0
-1.0197831392288208,0.850290834903717,3.1303811073303223,0.6542010759575174,0.6666071270186433,0,0
-1.0172219276428223,0.8476685881614685,3.130392551422119,0.6673314277610993,0.6518879277717422,0,0
-1.0146604776382446,0.84504634141922,3.130404472351074,0.6632987132502608,0.65391059959793,0,0
-1.0120989084243774,0.8424239754676819,3.13041615486145,0.668968825127939,0.6504353544928534,0,0
-1.0095373392105103,0.8398018479347229,3.1304280757904053,0.6654449543249217,0.6554593136267346,0,0
-1.006975531578064,0.8371795415878296,3.1304397583007812,0.6952921967494444,0.7118697643669711,0,0
-1.0044137239456177,0.8345574140548706,3.1304516792297363,0.703597165780372,0.6959506572645889,0,0
-1.001852035522461,0.8319351077079773,3.1304633617401123,0.6986355971520106,0.6875862589199363,0,0
-0.9992902278900146,0.8293129801750183,3.1304752826690674,0.6924178134462607,0.6969554957954052,0,0
-0.9967281818389893,0.8266909122467041,3.1304872035980225,0.6982424668592218,0.6818792149414271,0,0
-0.9941660165786743,0.8240689635276794,3.1304931640625,0.7026867561809885,0.7153176711594038,0,0
-0.9916039705276489,0.8214470744132996,3.1304991245269775,0.6955458454999929,0.6826524911189585,0,0
-0.9890418648719788,0.8188253045082092,3.130505084991455,0.6920732787572654,0.6992097287487015,0,0
-0.9864796996116638,0.8162035346031189,3.1305110454559326,0.6799939426829702,0.691099261398254,0,0
-0.9839174747467041,0.8135818839073181,3.13051700592041,0.6984030500942346,0.6925992798869117,0,0
-0.9813551306724548,0.8109603524208069,3.1305229663848877,0.7467759836851212,0.7468721021767727,0,0
-0.9787927269935608,0.8083387613296509,3.1305289268493652,0.7408756756798389,0.7327901341899794,0,0
-0.9762303233146667,0.8057173490524292,3.1305348873138428,0.7275651226987907,0.7203147817995678,0,0
-0.9736678004264832,0.8030959367752075,3.1305408477783203,0.7376111787088468,0.7315330374853296,0,0
-0.9711052775382996,0.8004747033119202,3.130546808242798,0.7320157865153158,0.7398331211493759,0,0
-0.9685425162315369,0.7978534698486328,3.1305527687072754,0.7337731327876467,0.7273567381635957,0,0
-0.965979814529419,0.7952321767807007,3.130558729171753,0.7422879060377052,0.7386243364878707,0,0
-0.9634171724319458,0.7926110029220581,3.1305646896362305,0.7217649083359379,0.7260846321001326,0,0
-0.9608545303344727,0.7899898290634155,3.130570650100708,0.7395279273313076,0.7313245760819198,0,0
-0.9582918882369995,0.7873687744140625,3.1305766105651855,0.7407331511324742,0.725935381995687,0,0
-0.9557291269302368,0.7847477793693542,3.130582571029663,0.7557477830581733,0.769890599963155,0,0
-0.9531662464141846,0.7821267247200012,3.130582571029663,0.7912444120756248,0.7667941882351529,0,0
-0.9506034851074219,0.7795059084892273,3.130582571029663,0.7778264742055875,0.780885617248404,0,0
-0.9480407238006592,0.7768852710723877,3.130582571029663,0.7618389434659957,0.7636303358598342,0,0
-0.9454778432846069,0.774264395236969,3.130582571029663,0.7615066498418714,0.7658165143021123,0,0
-0.9429150223731995,0.7716435194015503,3.130582571029663,0.7737887310769457,0.7746616104617909,0,0
-0.9403521418571472,0.7690228819847107,3.130582571029663,0.7550628905119656,0.7580361135355715,0,0
-0.937789261341095,0.7664023041725159,3.130582571029663,0.7746491064275594,0.7598877256775259,0,0
-0.9352262020111084,0.7637814879417419,3.130582571029663,0.7667746860743738,0.7627923802017281,0,0
-0.9326632022857666,0.7611609697341919,3.130582571029663,0.7660081276126952,0.7588164610658413,0,0
-0.93010014295578,0.7585406303405762,3.130582571029663,0.525884969163992,0.502109505405028,0,0
-0.9275370240211487,0.7559200525283813,3.130582571029663,0.5116192075966849,0.5168299237628937,0,0
-0.9249740242958069,0.7532997131347656,3.130582571029663,0.49522516245721854,0.5089517492059473,0,0
-0.9224109649658203,0.7506794333457947,3.130582571029663,0.48920475138415664,0.5087513997320428,0,0
-0.9198477864265442,0.748059093952179,3.130582571029663,0.4893382496859327,0.5113368517709661,0,0
-0.9172846078872681,0.7454389333724976,3.130582571029663,0.49808816391274097,0.49562470561102895,0,0
-0.9147215485572815,0.7428187727928162,3.130582571029663,0.5049909694801273,0.5066830104354516,0,0
-0.9121583104133606,0.7401984333992004,3.130582571029663,0.5062789818165427,0.49955154895419546,0,0
-0.9095950722694397,0.7375785112380981,3.130582571029663,0.4854149497949712,0.49131455122350925,0,0
-0.9070318341255188,0.7349584698677063,3.130582571029663,0.5073845830056308,0.5070745145842553,0,0
-0.9044684767723083,0.7323383688926697,3.130582571029663,0.5021192201626853,0.5035684119206769,0,0
-0.9019051194190979,0.7297185659408569,3.130582571029663,0.5107914577028206,0.5050981559929022,0,0
-0.8993418216705322,0.7270985841751099,3.130582571029663,0.5045278601801606,0.49683823570407004,0,0
-0.896778404712677,0.7244789004325867,3.130582571029663,0.49917377198188073,0.5077210843133162,0,0
-0.8942151665687561,0.7218590974807739,3.130582571029663,0.5006199450879547,0.5043523738096131,0,0
-0.8916516900062561,0.7192394137382507,3.130582571029663,0.5134476402053169,0.4976545463186381,0,0
-0.8890882134437561,0.7166197896003723,3.130582571029663,0.5161582530671754,0.4896159367464808,0,0
-0.8865246772766113,0.7140001058578491,3.130582571029663,0.48643495732693837,0.5063133629958696,0,0
-0.8839612603187561,0.7113805413246155,3.130582571029663,0.4944938229121618,0.5027245492532908,0,0
-0.8813976645469666,0.7087609171867371,3.130582571029663,0.5076858404428934,0.5192000229170851,0,0
-0.8788340091705322,0.706141471862793,3.130582571029663,0.4880449239391828,0.49302418506788753,0,0
-0.8762703537940979,0.7035220861434937,3.130582571029663,0.4789801958373753,0.4909476638582544,0,0
-0.8737066984176636,0.7009026408195496,3.130582571029663,0.5209632719401017,0.4865366927752145,0,0
-0.871143102645874,0.6982831954956055,3.130582571029663,0.5042258729260854,0.5092347407095964,0,0
-0.8685793876647949,0.6956638693809509,3.130582571029663,0.49507333395981684,0.49096966236090817,0,0
-0.8660156726837158,0.6930445432662964,3.130582571029663,0.5171297510410675,0.5061795742245714,0,0
-0.8634520769119263,0.6904253363609314,3.130582571029663,0.485027999595484,0.5090755688647881,0,0
-0.8608883023262024,0.6878061890602112,3.130582571029663,0.4964621051654219,0.5046958439655115,0,0
-0.8583244681358337,0.6851869821548462,3.130582571029663,0.48986193820864343,0.5110223649797795,0,0
-0.8557606935501099,0.682567834854126,3.130582571029663,0.485848006383653,0.49453113013690014,0,0
-0.8531969785690308,0.6799488067626953,3.130582571029663,0.48750466140524823,0.5106279036245001,0,0
-0.8506331443786621,0.6773298382759094,3.130582571029663,0.5027420046247499,0.48728077999050595,0,0
-0.8480693101882935,0.6747108697891235,3.130582571029663,0.5035772657626126,0.5135366020299931,0,0
-0.8455054759979248,0.6720919609069824,3.130582571029663,0.49957601336019725,0.48831378643032747,0,0
-0.8429416418075562,0.6694731116294861,3.130582571029663,0.5205307763717036,0.5126113244816182,0,0
-0.8403777480125427,0.6668543219566345,3.130582571029663,0.5032422478262235,0.4982721689028165,0,0
-0.8378137350082397,0.664235532283783,3.130582571029663,0.5158255529980037,0.5139671912845127,0,0
-0.835249662399292,0.6616168022155762,3.130582571029663,0.5061136557376604,0.505643765384552,0,0
-0.8326857089996338,0.6589981317520142,3.130582571029663,0.4898917995730476,0.5032167026687268,0,0
-0.8301217555999756,0.6563794612884521,3.130582571029663,0.5053097411669244,0.49375789532705466,0,0
-0.8275577425956726,0.6537609100341797,3.130582571029663,0.49537208479781764,0.5350422724624214,0,0
-0.8249937295913696,0.6511423587799072,3.130582571029663,0.5130698226321097,0.5019684718337019,0,0
-0.8224297165870667,0.6485238671302795,3.130582571029663,0.4882712049592431,0.5041803245913286,0,0
-0.8198655843734741,0.6459053754806519,3.130582571029663,0.4944573705925829,0.509540891240759,0,0
-0.817301332950592,0.643286943435669,3.130582571029663,0.5066307894162734,0.4900954226645837,0,0
-0.8147371411323547,0.6406685709953308,3.130582571029663,0.4889024085106269,0.5026505929642068,0,0
-0.8121728897094727,0.6380501985549927,3.130582571029663,0.48127978808247035,0.48991891792557346,0,0
-0.8096087574958801,0.6354319453239441,3.130582571029663,0.4864013904847657,0.504596405365252,0,0
-0.8070445656776428,0.6328137516975403,3.130582571029663,0.5142040921653804,0.49757510144698236,0,0
-0.804480254650116,0.6301954984664917,3.130582571029663,0.48562355069339763,0.4838338058893743,0,0
-0.8019160628318787,0.6275773644447327,3.130582571029663,0.4980165837784394,0.503137025152177,0,0
-0.799351692199707,0.6249592900276184,3.130582571029663,0.49687632062658893,0.4942497196218477,0,0
-0.796787440776825,0.6223411560058594,3.130582571029663,0.5026983985582161,0.5027458145986831,0,0
-0.7942231297492981,0.6197230815887451,3.130582571029663,0.4995736772236342,0.49388969731472515,0,0
-0.7916587591171265,0.6171050071716309,3.130582571029663,0.5129331355965728,0.5020167123139304,0,0
-0.7890943884849548,0.6144870519638062,3.130582571029663,0.5063370387118282,0.4861246621856171,0,0
-0.7865299582481384,0.6118691563606262,3.130582571029663,0.5055313992901271,0.48859260646703373,0,0
-0.7839656472206116,0.6092512011528015,3.130582571029663,0.5083866944325043,0.47726861925157194,0,0
-0.7814012765884399,0.6066333651542664,3.130582571029663,0.4948366705222855,0.48458150612324535,0,0
-0.7788366675376892,0.6040155291557312,3.130582809448242,0.5079942613620253,0.4906464285574489,0,0
-0.7762722373008728,0.6013977527618408,3.1305832862854004,0.48848032836647776,0.5024228590214654,0,0
-0.7737077474594116,0.5987800359725952,3.1305832862854004,0.5057074422374543,0.4752659440647302,0,0
-0.7711431384086609,0.5961621999740601,3.1305832862854004,0.5140166457908829,0.5054706724964415,0,0
-0.7685786485671997,0.5935444235801697,3.1305832862854004,0.4942401653502182,0.47445266615436765,0,0
-0.766014039516449,0.5909265279769897,3.1305832862854004,0.514118272231369,0.492865098913477,0,0
-0.763449490070343,0.5883087515830994,3.1305832862854004,0.4944153818668507,0.4949991346258936,0,0
-0.7608850598335266,0.5856908559799194,3.1305832862854004,0.503552142437013,0.4889912369043758,0,0
-0.7583206295967102,0.583073079586029,3.1305832862854004,0.5057597914950988,0.5024179118347263,0,0
-0.7557560205459595,0.5804553031921387,3.1305832862854004,0.4857707850025408,0.5101218233748218,0,0
-0.7531914710998535,0.5778374671936035,3.1305832862854004,0.49544694382145094,0.49277720036045525,0,0
-0.7506269812583923,0.5752196907997131,3.1305832862854004,0.5064306919446043,0.4973618344849743,0,0
-0.7480624318122864,0.5726017951965332,3.1305832862854004,0.5105833547593502,0.49770380905208844,0,0
-0.7454977631568909,0.5699840188026428,3.1305832862854004,0.5059070788085467,0.514906759392565,0,0
-0.7429332137107849,0.5673661231994629,3.1305832862854004,0.512495297487885,0.4848803591919644,0,0
-0.7403688430786133,0.5647483468055725,3.1305832862854004,0.5245456632136799,0.49376836508549127,0,0
-0.7378041744232178,0.5621304512023926,3.1305832862854004,0.49648354879148904,0.49225520944798523,0,0
-0.7352396249771118,0.5595126748085022,3.1305832862854004,0.4940445988509756,0.5058710593844035,0,0
-0.7326750159263611,0.5568948984146118,3.1305832862854004,0.5033046707522442,0.4932645944200153,0,0
-0.7301104664802551,0.5542771220207214,3.1305832862854004,0.5051009024322148,0.4907376195142142,0,0
-0.727545976638794,0.5516592860221863,3.1305832862854004,0.4895097352718659,0.5028354079846145,0,0
-0.7249815464019775,0.5490413308143616,3.1305832862854004,0.5037119571071107,0.49899945599115153,0,0
-0.7224168181419373,0.5464234948158264,3.1305832862854004,0.49121981635922,0.4967674961321844,0,0
-0.7198523879051208,0.5438055396080017,3.1305832862854004,0.4944398821074058,0.49970009899461415,0,0
-0.7172877192497253,0.5411877036094666,3.1305832862854004,0.5067559556770178,0.5065419785863092,0,0
-0.7147230505943298,0.5385697484016418,3.1305832862854004,0.4893282115498351,0.487710069338324,0,0
-0.7121584415435791,0.5359517931938171,3.1305832862854004,0.4990086115352702,0.5001053479635176,0,0
-0.7095938920974731,0.533333957195282,3.1305832862854004,0.482556975005137,0.5177492531710647,0,0
-0.7070292234420776,0.5307160019874573,3.1305832862854004,0.4960302252103009,0.5062939686400939,0,0
-0.7044646739959717,0.5280981659889221,3.1305832862854004,0.5009597128801779,0.5022529085525337,0,0
-0.7018999457359314,0.5254802107810974,3.1305832862854004,0.5043243702501571,0.5016229499783537,0,0
-0.6993353962898254,0.5228623151779175,3.1305832862854004,0.4897858117747056,0.5024812604635313,0,0
-0.6967707872390747,0.5202444195747375,3.1305832862854004,0.5040507726066855,0.5180322985131456,0,0
-0.694206178188324,0.5176264643669128,3.1305832862854004,0.49904355416861884,0.48534006460882667,0,0
-0.691641628742218,0.5150086283683777,3.1305832862854004,0.4932427371456263,0.49336180846482897,0,0
-0.6890770196914673,0.5123906135559082,3.1305832862854004,0.49828187199876134,0.5003683454519734,0,0
-0.6865124106407166,0.5097726583480835,3.1305832862854004,0.4894230239361603,0.5047906723963349,0,0
-0.6839476823806763,0.507154643535614,3.1305832862854004,0.49448533990607335,0.5189062532900455,0,0
-0.6813830733299255,0.5045366883277893,3.1305832862854004,0.49848490708717375,0.5103442105857646,0,0
-0.6788184642791748,0.5019187927246094,3.1305832862854004,0.48097302717575213,0.5128370480514706,0,0
-0.6762537360191345,0.4993007481098175,3.1305832862854004,0.5122460335935412,0.5173722295505278,0,0
-0.6736891269683838,0.4966828227043152,3.1305832862854004,0.5017415932572934,0.4922100612753575,0,0
-0.6711244583129883,0.4940648078918457,3.1305832862854004,0.4874026786119397,0.49582287207499404,0,0
-0.6685597896575928,0.491446852684021,3.1305832862854004,0.5056317867025089,0.506399072295413,0,0
-0.665995180606842,0.4888289272785187,3.1305832862854004,0.509322196824786,0.4960288034073306,0,0
-0.6634304523468018,0.4862108528614044,3.1305832862854004,0.5005009202017427,0.49988539555323347,0,0
-0.660865843296051,0.4835928976535797,3.1305832862854004,0.5059758674917783,0.49806287889588874,0,0
-0.6583011746406555,0.4809749126434326,3.1305832862854004,0.5161314661861941,0.4962120463046856,0,0
-0.65573650598526,0.47835689783096313,3.1305832862854004,0.5037669118255454,0.47573598329223465,0,0
-0.6531718373298645,0.4757389724254608,3.1305832862854004,0.502487724689717,0.5183363630586162,0,0
-0.650607168674469,0.47312086820602417,3.1305832862854004,0.5126225287373749,0.4985386094321214,0,0
-0.6480425000190735,0.47050291299819946,3.1305832862854004,0.4948349049715728,0.5131753197740996,0,0
-0.645477831363678,0.46788495779037476,3.1305832862854004,0.4977909909165302,0.48279241974486503,0,0
-0.6429131031036377,0.4652669429779053,3.1305832862854004,0.5125473275065384,0.49202464152227116,0,0
-0.6403483748435974,0.46264901757240295,3.1305832862854004,0.4963598628082295,0.5076806719347573,0,0
-0.6377836465835571,0.4600309729576111,3.1305832862854004,0.47253923294755484,0.4928651306667842,0,0
-0.6352189183235168,0.4574130177497864,3.1305832862854004,0.48579256296276735,0.5114583432223051,0,0
-0.6326541900634766,0.4547950029373169,3.1305832862854004,0.5152623338550189,0.5068983976380217,0,0
-0.6300894618034363,0.45217692852020264,3.1305832862854004,0.524185534222375,0.49861085579731057,0,0
-0.627524733543396,0.4495590031147003,3.1305832862854004,0.4906428789238191,0.4765819472544886,0,0
-0.6249600648880005,0.44694092869758606,3.1305832862854004,0.5035138375877232,0.5154218334842751,0,0
-0.622395396232605,0.44432294368743896,3.1305832862854004,0.49654310004148305,0.4957197930097467,0,0
-0.6198306083679199,0.44170495867729187,3.1305832862854004,0.4970327575791178,0.4843498487049149,0,0
-0.6172658801078796,0.4390868842601776,3.1305832862854004,0.49633266859812414,0.5122449498898101,0,0
-0.6147010326385498,0.4364689886569977,3.1305832862854004,0.5001523240424335,0.4918767298443918,-1,-1
-0.6121360659599304,0.4338509738445282,3.130120038986206,0.5068426947685715,0.50778601144688,0,0
-0.6095728874206543,0.43123310804367065,3.1289401054382324,0.49463915681171583,0.5056760369043726,0,0
-0.6070166826248169,0.4286150336265564,3.1269147396087646,0.49836966667004007,0.4927258622144688,0,0
-0.6044749617576599,0.42599648237228394,3.1239891052246094,0.5048657737644997,0.509367911589366,0,0
-0.6019575595855713,0.42337724566459656,3.120147228240967,0.5025353819672929,0.5190605956548988,0,0
-0.599477231502533,0.4207591712474823,3.1153807640075684,0.49089826362425215,0.5116438732050154,0,0
-0.5970481038093567,0.41814208030700684,3.109724283218384,0.48634977703380056,0.505186057428714,0,0
-0.5946854948997498,0.41552627086639404,3.1032042503356934,0.4955845261293102,0.5199362891947992,0,0
-0.5924018025398254,0.41291260719299316,3.095876932144165,0.488608830279071,0.4988164240212219,0,0
-0.5902112126350403,0.41030439734458923,3.087735652923584,0.49971075724003394,0.48842823326489576,0,0
-0.5881268978118896,0.4077056348323822,3.0788309574127197,0.50295555795179,0.4847072652545596,0,0
-0.5861619710922241,0.4051203429698944,3.0691864490509033,0.5008977743787989,0.5052469363039774,0,0
-0.5843260884284973,0.40255287289619446,3.0588772296905518,0.4968658451968869,0.5000174032967339,0,0
-0.582628071308136,0.4000101387500763,3.047887086868286,0.4904916016203249,0.5099605076523251,0,0
-0.5810744762420654,0.39749982953071594,3.0362625122070312,0.4974390292627015,0.5046521256969501,0,0
-0.5796717405319214,0.3950314223766327,3.0240092277526855,0.49728282045343214,0.47787745822229655,0,0
-0.5784237384796143,0.39261341094970703,3.0112082958221436,0.5196935200172338,0.5075024789246123,0,0
-0.5773329138755798,0.39025625586509705,2.9978325366973877,0.5087891076161623,0.49364816192060085,0,0
-0.5763998031616211,0.38796940445899963,2.9839539527893066,0.5039759853809644,0.5097720850540762,0,0
-0.5756224393844604,0.38576361536979675,2.9695348739624023,0.5048527232100636,0.5037875180006528,0,0
-0.5749980807304382,0.3836493492126465,2.9546523094177246,0.5066561718013213,0.5022750564969043,0,0
-0.5745216012001038,0.38163647055625916,2.939310073852539,0.5055106587289696,0.5124196383564348,0,0
-0.5741865634918213,0.37973496317863464,2.923524856567383,0.502693664588058,0.48758523674899934,0,0
-0.573985755443573,0.37795335054397583,2.9072933197021484,0.4995740661665908,0.49958871165997293,0,0
-0.5739094018936157,0.3762996792793274,2.8906805515289307,0.5016360324175319,0.5083081039912244,0,0
-0.5739473104476929,0.3747807741165161,2.873685121536255,0.48668289652589525,0.5234401905990778,0,0
-0.5740876793861389,0.3734017014503479,2.8563287258148193,0.4925276040959819,0.5231549665533402,0,0
-0.5743177533149719,0.37216660380363464,2.8386478424072266,0.5090994809352889,0.49825133357545803,0,0
-0.5746239423751831,0.3710775375366211,2.820665121078491,0.5178292339579122,0.5027416016056335,0,0
-0.5749916434288025,0.3701355755329132,2.8024110794067383,0.5147113277697086,0.49966951087769085,0,0
-0.5754063129425049,0.3693403899669647,2.783888101577759,0.5083297501584121,0.49895210294324194,0,0
-0.5758530497550964,0.36869001388549805,2.765131711959839,0.5022735369806015,0.522120160169259,0,0
-0.5763167142868042,0.3681815266609192,2.7461650371551514,0.5087078845372482,0.5055889873150994,0,0
-0.5767825841903687,0.3678114414215088,2.7269885540008545,0.5052078029862446,0.4922415671350734,0,0
-0.5772367715835571,0.36757490038871765,2.7076141834259033,0.4855542079380142,0.5084668966888715,0,0
-0.5776663422584534,0.3674655854701996,2.688072919845581,0.5028182086510052,0.49886514392849657,0,0
-0.5780585408210754,0.36747682094573975,2.6683788299560547,0.48711088803012376,0.4885334530086279,0,0
-0.578402042388916,0.3676009178161621,2.64854097366333,0.5044206692488823,0.48259335848481677,0,0
-0.5786866545677185,0.3678291440010071,2.6285767555236816,0.5103633091005466,0.5003366333735212,0,0
-0.5789034962654114,0.3681516945362091,2.608508825302124,0.5085549078118703,0.497552004145534,0,0
-0.5790448784828186,0.3685578405857086,2.588348388671875,0.4935986123510642,0.4962397669464925,0,0
-0.5791045427322388,0.3690355718135834,2.568114757537842,0.4810552861454441,0.498772596548004,0,0
-0.5790773034095764,0.36957183480262756,2.5478270053863525,0.5098569182032074,0.4960521792274849,0,0
-0.5789598226547241,0.37015318870544434,2.527494192123413,0.49820153163785835,0.5007886685944142,0,0
-0.5787506699562073,0.3707655370235443,2.507136583328247,0.49639157804159784,0.5151643444538759,0,0
-0.5784516930580139,0.37139397859573364,2.4867749214172363,0.5063966169210165,0.506388956761452,0,0
-0.5780665874481201,0.3720225691795349,2.4664363861083984,0.5063454146372197,0.49420714141878885,0,0
-0.5776001214981079,0.3726355731487274,2.4461159706115723,0.49316512442768234,0.5058769107015401,0,0
-0.5770590901374817,0.37321949005126953,2.425809383392334,0.49692749776091943,0.5051457249564085,0,0
-0.5764532089233398,0.37376368045806885,2.4055373668670654,0.5003484872798467,0.4868467304130571,0,0
-0.5757957696914673,0.37425947189331055,2.385329246520996,0.5090253516181851,0.486335978573572,0,0
-0.5751019716262817,0.3746992349624634,2.3651957511901855,0.48890272370048043,0.5033352010755158,0,0
-0.5743861198425293,0.3750775158405304,2.3451199531555176,0.5017046692393616,0.48553383551171214,0,0
-0.573660671710968,0.3753926157951355,2.3250885009765625,0.5087242949065703,0.4921671254404193,0,0
-0.5729358792304993,0.3756469786167145,2.305136203765869,0.5099639429629629,0.49263337701933907,0,0
-0.5722206234931946,0.3758457601070404,2.285285472869873,0.5047847539129887,0.4875284071846949,0,0
-0.5715222954750061,0.3759947419166565,2.265550136566162,0.5164270375301104,0.49925433114891743,0,0
-0.5708473324775696,0.37609919905662537,2.2459371089935303,0.5109779292217447,0.4919358137028401,0,0
-0.570200502872467,0.37616288661956787,2.226449728012085,0.5062257206454692,0.5066170802268901,0,0
-0.5695857405662537,0.37618881464004517,2.2071056365966797,0.4883674412241726,0.49748462546091643,0,0
-0.5690062046051025,0.3761803209781647,2.1879186630249023,0.5028940347319326,0.48357247788295665,0,0
-0.5684640407562256,0.376141756772995,2.1689023971557617,0.5158695354929849,0.4979490388644767,0,0
-0.5679600834846497,0.3760782778263092,2.150062322616577,0.5042308417967363,0.4925839976005114,0,0
-0.5674944519996643,0.37599578499794006,2.131417751312256,0.5144240376784133,0.49597498910147053,0,0
-0.5670662522315979,0.37589964270591736,2.1129684448242188,0.49492189746642784,0.4961203314654185,0,0
-0.566675066947937,0.37579432129859924,2.094719409942627,0.5102470435040265,0.4993191866075997,0,0
-0.5663203001022339,0.375683069229126,2.07668137550354,0.5012101927378191,0.5233346511625284,0,0
-0.5660014152526855,0.3755687475204468,2.058870553970337,0.5272715433344768,0.501017717882499,0,0
-0.5657174587249756,0.37545397877693176,2.0412871837615967,0.47590816404533987,0.5109197000946659,0,0
-0.5654666423797607,0.3753404915332794,2.0239408016204834,0.5031255128169483,0.49825392075131014,0,0
-0.5652464032173157,0.3752296566963196,2.006837844848633,0.5039128575803777,0.5064273066978374,0,0
-0.5650536417961121,0.3751225769519806,1.9899871349334717,0.4955524331739702,0.4965976301462204,0,0
-0.5648853778839111,0.3750198781490326,1.973387598991394,0.5073364947350485,0.5042324886375228,0,0
-0.564738929271698,0.3749224841594696,1.9570534229278564,0.4987284695362951,0.5066342311959063,0,0
-0.5646114349365234,0.37483152747154236,1.940983772277832,0.49474542891732437,0.5120323075790241,0,0
-0.5644997358322144,0.3747480511665344,1.9251914024353027,0.4890261718826183,0.4975555344340002,0,0
-0.5644015073776245,0.3746728301048279,1.909674048423767,0.5116229793659539,0.5042960731623579,0,0
-0.5643147826194763,0.3746061623096466,1.894435167312622,0.5147003251552807,0.5063939706892691,0,0
-0.5642378926277161,0.37454870343208313,1.8794810771942139,0.5120762940630131,0.503906350333928,0,0
-0.564169704914093,0.37450075149536133,1.8648134469985962,0.5249676927482086,0.49733041915512993,0,0
-0.5641091465950012,0.3744622468948364,1.8504406213760376,0.5067506786905379,0.4880795341111467,0,0
-0.5640552043914795,0.37443265318870544,1.836361289024353,0.5005070769978957,0.5042480413839402,0,0
-0.5640074610710144,0.3744114637374878,1.822582483291626,0.48361586354033403,0.5111415086777222,0,0
-0.5639654994010925,0.3743976950645447,1.8091018199920654,0.5100296030100783,0.504072838805868,0,0
-0.5639288425445557,0.3743903636932373,1.795921802520752,0.5000396247615863,0.5074850265033963,0,0
-0.5638969540596008,0.3743884563446045,1.7830424308776855,0.503558115151308,0.47418050733608946,0,0
-0.5638694167137146,0.37439075112342834,1.770468831062317,0.5044291544479297,0.497596588709066,0,0
-0.5638458132743835,0.3743959069252014,1.7582006454467773,0.5136309708803859,0.5050939893124152,0,0
-0.5638257265090942,0.3744029700756073,1.7462365627288818,0.49387456193117935,0.5010974508850401,0,0
-0.5638086199760437,0.37441083788871765,1.7345788478851318,0.49340191622545426,0.505685200353456,0,0
-0.563793957233429,0.37441858649253845,1.7232253551483154,0.47119665636672353,0.5115155683422606,0,0
-0.5637814402580261,0.3744255006313324,1.7121766805648804,0.51085429755157,0.4988091025721642,0,0
-0.5637705326080322,0.37443092465400696,1.7014269828796387,0.5219044178441403,0.5059541329362321,0,0
-0.5637608170509338,0.3744344413280487,1.6909825801849365,0.516919448812258,0.5069859232614708,0,0
-0.5637518763542175,0.37443575263023376,1.6808379888534546,0.48893494473512644,0.5036681899015234,0,0
-0.563743531703949,0.3744347095489502,1.6709928512573242,0.49068916740332863,0.49568475635444825,0,0
-0.5637354850769043,0.3744312524795532,1.6614465713500977,0.49119699761459473,0.5125792971855095,0,0
-0.5637274980545044,0.3744254410266876,1.652194857597351,0.510493755545586,0.4969962334428003,0,0
-0.5637195110321045,0.37441757321357727,1.6432363986968994,0.4799315296115519,0.49939721464315157,0,0
-0.5637115240097046,0.37440770864486694,1.6345716714859009,0.5069565410372145,0.502173531327913,0,0
-0.5637035369873047,0.37439629435539246,1.6261944770812988,0.5148010912055627,0.49353428786266895,0,0
-0.56369549036026,0.37438341975212097,1.618099331855774,0.48808002768590353,0.4922561081844237,0,0
-0.5636876821517944,0.37436962127685547,1.6102856397628784,0.5010197406886815,0.4880187443788419,0,0
-0.5636800527572632,0.37435489892959595,1.602753758430481,0.4992841731058159,0.4951982827640833,0,0
-0.5636727213859558,0.3743397295475006,1.5954971313476562,0.49515383336509994,0.4988694360599914,0,0
-0.5636658668518066,0.3743242919445038,1.588510513305664,0.5090752018026513,0.49462612912824155,0,0
-0.5636594891548157,0.37430867552757263,1.5817933082580566,0.4961643159457857,0.505841199550926,0,0
-0.5636537671089172,0.3742930591106415,1.5753395557403564,0.5137140873350761,0.493076579445076,0,0
-0.5636485815048218,0.3742777407169342,1.569197416305542,0.5109758322486005,0.5064878426461878,0,0
-0.5636441707611084,0.3742625117301941,1.5633909702301025,0.49529008883965214,0.48729938511890075,0,0
-0.5636403560638428,0.3742477595806122,1.5579259395599365,0.4858309520823376,0.4940745295752096,0,0
-0.5636370778083801,0.3742333650588989,1.5528082847595215,0.49652692425031236,0.49113314397939717,0,0
-0.56363445520401,0.37421944737434387,1.5480384826660156,0.4984793065268472,0.5118474587938316,0,0
-0.5636321902275085,0.37420594692230225,1.5436041355133057,0.5093401633117687,0.5049165205812436,0,0
-0.5636303424835205,0.3741929829120636,1.5395052433013916,0.4983732741750349,0.48450573711874007,0,0
-0.5636287927627563,0.3741806447505951,1.535730242729187,0.5140859614189761,0.5037974525299346,0,0
-0.5636275410652161,0.3741687536239624,1.5322668552398682,0.4887790978906893,0.4971356989172321,0,0
-0.5636264085769653,0.3741573691368103,1.5291088819503784,0.5011977260922857,0.500807287549585,0,0
-0.5636253356933594,0.37414664030075073,1.5262446403503418,0.4981481117467417,0.48701927860692545,0,0
-0.563624382019043,0.374136358499527,1.5236680507659912,0.48895236411557175,0.5134042810131395,0,0
-0.563623309135437,0.37412676215171814,1.521367073059082,0.5024035164436481,0.5061460539104011,0,0
-0.563622236251831,0.37411758303642273,1.5193352699279785,0.4846627461052395,0.4901717595234262,0,0
-0.5636209845542908,0.3741089403629303,1.517561674118042,0.5195662935410622,0.4979055469802232,0,0
-0.5636196136474609,0.37410083413124084,1.5160398483276367,0.4968398353604207,0.5042668955850929,0,0
-0.5636183023452759,0.37409329414367676,1.5147578716278076,0.5035312436229676,0.49752301126928544,0,0
-0.5636167526245117,0.3740862011909485,1.5137081146240234,0.5024779500083421,0.4830392445307172,0,0
-0.5636151432991028,0.3740796148777008,1.5128810405731201,0.5054450057553997,0.5088420883644725,0,0
-0.5636134743690491,0.3740735352039337,1.5122698545455933,0.5074729313562997,0.49991976995548193,0,0
-0.5636118054389954,0.37406790256500244,1.5118625164031982,0.5221900211935521,0.5297585279577766,0,0
-0.5636100769042969,0.374062716960907,1.5116530656814575,0.5126338673214941,0.5118322522109228,0,0
-0.5636084079742432,0.37405797839164734,1.5116316080093384,0.4996447827760654,0.5028170530159811,0,0
-0.563606858253479,0.37405356764793396,1.5117868185043335,0.5134426009103036,0.4884530812109619,0,0
-0.5636053681373596,0.3740495443344116,1.5121160745620728,0.5205184572939338,0.4939423938722738,0,0
-0.563603937625885,0.37404578924179077,1.5126069784164429,0.5104636569001804,0.5056030104809065,0,0
-0.5636025667190552,0.37404242157936096,1.5132602453231812,0.506497821043308,0.5035842341290373,0,0
-0.5636013746261597,0.3740392327308655,1.5140631198883057,0.5088357570090721,0.5069709191960087,0,0
-0.5636002421379089,0.3740362524986267,1.5150102376937866,0.4847194433196912,0.5010540282933298,0,0
-0.563599169254303,0.37403351068496704,1.5160894393920898,0.5088703949438059,0.5018781038591549,0,0
-0.5635982155799866,0.3740309178829193,1.5173001289367676,0.49692638374431,0.5057202436076186,0,0
-0.5635972619056702,0.3740285336971283,1.5186302661895752,0.46947540175637537,0.48382531101371334,0,0
-0.5635964274406433,0.3740262985229492,1.5200743675231934,0.5078511893401786,0.4967501389162166,0,0
-0.563595712184906,0.3740241527557373,1.5216267108917236,0.48477890187604805,0.5072105573813989,0,0
-0.5635949969291687,0.37402212619781494,1.5232808589935303,0.5120248683788883,0.4978015543789484,0,0
-0.5635943412780762,0.37402021884918213,1.5250303745269775,0.5285412413866802,0.5085033174913546,0,0
-0.5635936856269836,0.3740185499191284,1.5268698930740356,0.5004988841270418,0.49117587668297036,0,0
-0.5635930895805359,0.3740169405937195,1.528793454170227,0.5099423537357228,0.5113123209116632,0,0
-0.5635924935340881,0.3740154504776001,1.5307948589324951,0.5003455924879449,0.5084137318041502,0,0
-0.5635918974876404,0.37401410937309265,1.5328681468963623,0.47998696349446496,0.5121814518873381,0,0
-0.5635913610458374,0.3740127980709076,1.535007357597351,0.49701586290671257,0.510492032429958,0,0
-0.5635908842086792,0.3740116357803345,1.537212610244751,0.5104177392986479,0.5052206749188812,0,0
-0.563590407371521,0.3740106225013733,1.5394716262817383,0.49194267923846635,0.48660492572261904,0,0
-0.5635899901390076,0.3740096688270569,1.5417847633361816,0.506742049848341,0.5086729637761003,0,0
-0.5635895133018494,0.37400880455970764,1.5441458225250244,0.5150385699675728,0.49915208589108995,0,0
-0.5635890364646912,0.37400808930397034,1.54654860496521,0.49394425289161265,0.5032381056535994,0,0
-0.5635886192321777,0.3740074038505554,1.5489875078201294,0.5025050365939285,0.5067336379754956,0,0
-0.5635882616043091,0.3740067481994629,1.5514622926712036,0.5035302861005545,0.49608160463027196,0,0
-0.5635879039764404,0.3740062415599823,1.5539610385894775,0.4966699354987266,0.5029574743390587,0,0
-0.5635876655578613,0.3740057051181793,1.5564898252487183,0.5042243379550966,0.5082438432865468,0,0
-0.5635873675346375,0.37400519847869873,1.5590366125106812,0.49348365704858865,0.495737491406446,0,0
-0.5635870695114136,0.3740047812461853,1.5616012811660767,0.5080559105647944,0.514946049367269,0,0
-0.5635868906974792,0.3740045130252838,1.5641779899597168,0.5031548650992691,0.4938599023540888,0,0
-0.5635867118835449,0.37400415539741516,1.5667667388916016,0.4847766355951926,0.4876425046764136,0,0
-0.5635865330696106,0.3740038573741913,1.5693614482879639,0.4882544356590567,0.5044612429438601,0,0
-0.5635863542556763,0.37400364875793457,1.5719624757766724,0.48532777687592243,0.4982183923734234,0,0
-0.5635862946510315,0.37400341033935547,1.574562907218933,0.4785554119681658,0.49868865471224655,0,0
-0.5635861754417419,0.37400320172309875,1.577163815498352,0.5063563168996374,0.5061137819974098,0,0
-0.5635860562324524,0.37400302290916443,1.5797585248947144,0.5041016555723958,0.4909643634293351,0,0
-0.5635859370231628,0.3740028738975525,1.5823410749435425,0.4883521606499953,0.506861799154271,0,0
-0.5635859370231628,0.37400272488594055,1.5849180221557617,0.5016569485821825,0.508228011377578,0,0
-0.5635858178138733,0.374002605676651,1.5874828100204468,0.4988042970966768,0.49164888142960256,0,0
-0.5635857582092285,0.37400248646736145,1.5900297164916992,0.4994473308205246,0.4987600847996966,0,0
-0.5635856986045837,0.3740023970603943,1.5925580263137817,0.5059089825122914,0.497326599011671,0,0
-0.563585638999939,0.3740023076534271,1.5950690507888794,0.5038786835525018,0.49339728402354066,0,0
-0.5635855793952942,0.37400221824645996,1.5975558757781982,0.5020045240364691,0.4926673514282903,0,0
-0.5635855793952942,0.3740021586418152,1.600018858909607,0.49215195571355863,0.5133522373246253,0,0
-0.5635854601860046,0.3740021288394928,1.6024577617645264,0.4942977220180389,0.5012265524298134,0,0
-0.5635854601860046,0.374002069234848,1.604872703552246,0.5166190905338475,0.500211217899004,0,0
-0.5635854601860046,0.37400200963020325,1.6072574853897095,0.5026391948095504,0.47263983805638954,0,0
-0.5635854601860046,0.37400197982788086,1.6096125841140747,0.5064541638040091,0.5033065524693031,0,0
-0.5635854601860046,0.37400195002555847,1.6119375228881836,0.5043020450303466,0.4865932534194607,0,0
-0.5635854601860046,0.3740018606185913,1.6142265796661377,0.49701760145448365,0.49876549575016305,0,0
-0.5635854601860046,0.3740018904209137,1.6164857149124146,0.5007766920119735,0.5131138466030472,0,0
-0.5635854601860046,0.3740018606185913,1.6187089681625366,0.5154555545385408,0.503676229616468,0,0
-0.5635854601860046,0.37400177121162415,1.6208961009979248,0.5035521131891348,0.4916258209808359,0,0
-0.5635854601860046,0.37400180101394653,1.6230474710464478,0.519502898610288,0.49611654887169265,0,0
-0.5635854601860046,0.3740018606185913,1.6251630783081055,0.48902597870054165,0.5006722227398441,0,0
-0.5635854601860046,0.3740018308162689,1.627236247062683,0.4881235022904491,0.5015774620620448,0,0
-0.5635854005813599,0.3740018606185913,1.629273772239685,0.495680344897444,0.4941171176364416,0,0
-0.5635854601860046,0.3740018606185913,1.6312689781188965,0.5039932558419469,0.49349596385035854,0,0
-0.5635854601860046,0.37400177121162415,1.6332224607467651,0.49398214502736404,0.4924504217515394,0,0
-0.5635854601860046,0.37400177121162415,1.6351344585418701,0.4962120954614425,0.5048266658658231,0,0
-0.5635854601860046,0.37400174140930176,1.6370099782943726,0.5088052678979167,0.49803303033484364,0,0
-0.5635854601860046,0.3740018308162689,1.6388435363769531,0.5057427021931892,0.4946714593923565,0,0
-0.5635854601860046,0.37400180101394653,1.640635371208191,0.5066465308045331,0.5073679392257856,0,0
-0.5635854601860046,0.37400177121162415,1.6423847675323486,0.47499723116162845,0.5181938549793282,0,0
-0.5635854005813599,0.3740018606185913,1.6440930366516113,0.5065229325594994,0.49938796417022524,0,0
-0.5635854601860046,0.37400177121162415,1.6457586288452148,0.5173170190254254,0.5084975550189017,0,0
-0.5635854601860046,0.37400177121162415,1.6473827362060547,0.5039966561200054,0.49687810854408554,0,0
-0.5635856986045837,0.37400150299072266,1.6489524841308594,0.5119926764067,0.5097846157665687,0,0
-0.5635845065116882,0.37400302290916443,1.6504656076431274,0.4908861251055466,0.5078872784408642,0,0
-0.5635771751403809,0.3740110993385315,1.6519076824188232,0.501269090699637,0.4826141251192597,0,0
-0.5635555982589722,0.37403395771980286,1.6532716751098633,0.504006512015976,0.5093968845724093,0,0
-0.5635102987289429,0.3740825057029724,1.654608130455017,0.5002514742512434,0.4989007827155981,0,0
-0.5634320378303528,0.37416937947273254,1.655997633934021,0.4952971051861403,0.498330022072569,0,0
-0.5633123517036438,0.37430819869041443,1.6574561595916748,0.505169346987487,0.49299120433675037,0,0
-0.5631426572799683,0.37451261281967163,1.6589275598526,0.521462353237634,0.49305145397563876,0,0
-0.5629135370254517,0.3747958540916443,1.660321593284607,0.5186568942379832,0.4955538853460445,0,0
-0.5626140832901001,0.3751710057258606,1.6615493297576904,0.4981734604506185,0.5184415215982406,0,0
-0.5622343420982361,0.3756506145000458,1.6625936031341553,0.49596297374804993,0.505848006058008,0,0
-0.5617657899856567,0.37624505162239075,1.663521409034729,0.5124047978077596,0.4938828287317848,0,0
-0.5612027049064636,0.3769620954990387,1.664440631866455,0.5075051999783543,0.5015840927940457,0,0
-0.5605413913726807,0.3778052031993866,1.665374994277954,0.4952820781884044,0.48781311845285635,0,0
-0.5597794651985168,0.37877506017684937,1.6662633419036865,0.49000655154124634,0.4975548857867526,0,0
-0.5589166283607483,0.3798699975013733,1.6671043634414673,0.5011107861131849,0.5085789720181142,0,0
-0.557953417301178,0.38108697533607483,1.667894721031189,0.4900574786610838,0.4846770599146393,0,0
-0.5568919777870178,0.3824213147163391,1.6686209440231323,0.506057150905766,0.5086497848081687,0,0
-0.55573570728302,0.38386672735214233,1.6692719459533691,0.48888270424612496,0.5020762177496533,0,0
-0.5544883608818054,0.38541650772094727,1.6698764562606812,0.5000942536001776,0.489735582784456,0,0
-0.5531548857688904,0.38706424832344055,1.6704845428466797,0.5031257675814687,0.4874953201933753,0,0
-0.5517407059669495,0.38880452513694763,1.6711058616638184,0.4925867319496915,0.5060937151796802,0,0
-0.5502522587776184,0.3906330466270447,1.6717044115066528,0.4873840323578944,0.4905077618042616,0,0
-0.5486962795257568,0.3925454318523407,1.6722744703292847,0.4980590688151006,0.4933817681372627,0,0
-0.5470782518386841,0.3945370018482208,1.672836422920227,0.4995716716945752,0.4893355863028546,0,0
-0.545402467250824,0.39660221338272095,1.673376441001892,0.4891208008001388,0.5084831424695657,0,0
-0.5436724424362183,0.39873477816581726,1.673872470855713,0.5016358261514995,0.503244642302998,0,0
-0.5418909788131714,0.40092840790748596,1.67433500289917,0.5090929173290725,0.4936216231639016,0,0
-0.5400615930557251,0.40317773818969727,1.6747950315475464,0.4997431498266645,0.48105672242025965,0,0
-0.5381883978843689,0.4054783880710602,1.6752370595932007,0.5011326851607674,0.4824427470471212,0,0
-0.5362761616706848,0.407826691865921,1.6756434440612793,0.5070188978425333,0.4984356658241311,0,0
-0.5343294739723206,0.410219669342041,1.6760237216949463,0.49910676713462604,0.4897053970585867,0,0
-0.5323516726493835,0.41265419125556946,1.6764144897460938,0.49519335576559337,0.5191310874129222,0,0
-0.5303452610969543,0.41512709856033325,1.6768128871917725,0.49982493016753676,0.4983855055892957,0,0
-0.5283119678497314,0.4176349639892578,1.677198052406311,0.5073078314942723,0.4884630130165808,0,0
-0.5262531042098999,0.4201745092868805,1.677564263343811,0.4894610427002987,0.5069680388612599,0,0
-0.524170458316803,0.4227427840232849,1.6779145002365112,0.4988060730125927,0.4894335225327793,0,0
-0.5220662951469421,0.42533746361732483,1.678240180015564,0.4887433222981824,0.5077714301037187,0,0
-0.5199429392814636,0.42795631289482117,1.678534746170044,0.49360292273768386,0.5058586231692981,0,0
-0.517802894115448,0.4305974245071411,1.6788135766983032,0.4822357415952733,0.4975964820883671,0,0
-0.5156480669975281,0.4332590401172638,1.6790987253189087,0.49138675241652136,0.5098401282574417,0,0
-0.5134795904159546,0.4359395205974579,1.6793855428695679,0.4921167548561068,0.5024780586333004,0,0
-0.5112982988357544,0.43863725662231445,1.6796674728393555,0.5180206847885198,0.4957629077642482,0,0
-0.5091049671173096,0.4413505792617798,1.6799376010894775,0.520419921645399,0.4913370836351327,0,0
-0.506900429725647,0.4440781772136688,1.6801912784576416,0.5003684880962876,0.510521754576068,0,0
-0.5046858191490173,0.44681861996650696,1.6804286241531372,0.49185501374419816,0.5007334056255152,0,0
-0.5024623870849609,0.4495708644390106,1.68064546585083,0.4996798331453812,0.5035779093590889,0,0
-0.5002313852310181,0.4523336589336395,1.6808494329452515,0.4995121308281771,0.48935663545584235,0,0
-0.4979938864707947,0.45510604977607727,1.6810539960861206,0.5086431769502647,0.5009128551526232,0,0
-0.4957505464553833,0.4578874111175537,1.6812559366226196,0.51542562443755,0.5103067798298165,0,0
-0.49350160360336304,0.46067672967910767,1.6814497709274292,0.4880756183441582,0.4915580211675608,0,0
-0.49124762415885925,0.4634734094142914,1.681638240814209,0.47993793792446826,0.5019348587204401,0,0
-0.48898881673812866,0.46627676486968994,1.6818145513534546,0.5155217051388336,0.5190675576056959,0,0
-0.4867258369922638,0.4690861701965332,1.6819801330566406,0.4990148756538898,0.4776175730621704,0,0
-0.4844592809677124,0.4719011187553406,1.682134985923767,0.5017803607049757,0.5094475517600179,0,0
-0.48218971490859985,0.47472089529037476,1.6822857856750488,0.5093846950960679,0.48397314715172884,0,0
-0.47991761565208435,0.4775451123714447,1.6824287176132202,0.49672875460204835,0.5122712848498995,0,0
-0.47764334082603455,0.4803733825683594,1.6825716495513916,0.5100301942182159,0.5099629099732237,0,0
-0.4753669202327728,0.48320531845092773,1.6827079057693481,0.49538290951781155,0.4965830763982548,0,0
-0.4730886220932007,0.4860406816005707,1.6828372478485107,0.5124429550640677,0.5066044769283077,0,0
-0.47080865502357483,0.48887908458709717,1.682961344718933,0.5111725953718099,0.5062638299995538,0,0
-0.46852725744247437,0.4917202889919281,1.6830759048461914,0.4900791262351979,0.4923803677455967,0,0
-0.466244637966156,0.494564026594162,1.6831865310668945,0.4992858706870703,0.4892403871575315,0,0
-0.46396103501319885,0.49740996956825256,1.6832903623580933,0.5148028145425121,0.49057903717129,0,0
-0.4616767466068268,0.5002579689025879,1.6833902597427368,0.49390058594975833,0.5115462578841936,0,0
-0.4593917727470398,0.5031077265739441,1.6834901571273804,0.5001377577071151,0.506392908827891,0,0
-0.4571063220500946,0.505959153175354,1.6835845708847046,0.49632996365603305,0.5008560444812236,0,0
-0.4548203945159912,0.5088121294975281,1.6836737394332886,0.48507048955989646,0.5096783344515131,0,0
-0.4525340497493744,0.5116665363311768,1.6837599277496338,0.5066872374299553,0.5138885773500749,0,0
-0.4502473473548889,0.5145223140716553,1.6838396787643433,0.4816273739484046,0.5128559571394165,0,0
-0.4479604661464691,0.5173792243003845,1.6839139461517334,0.5070331528360577,0.5143801242377639,0,0
-0.44567352533340454,0.520237147808075,1.6839854717254639,0.4978428092376326,0.49615228674703216,0,0
-0.4433864951133728,0.5230959057807922,1.6840542554855347,0.5033391474460692,0.4833814646125348,0,0
-0.44109952449798584,0.5259556174278259,1.6841177940368652,0.49352466207824186,0.5008184975490064,0,0
-0.43881264328956604,0.5288162231445312,1.6841810941696167,0.4947674463067095,0.5046486565909463,0,0
-0.4365256726741791,0.5316774845123291,1.6842392683029175,0.5052302047408458,0.4960589852565622,0,0
-0.43423885107040405,0.534539520740509,1.6842973232269287,0.49444685954543316,0.5021573124866754,0,0
-0.43195217847824097,0.5374021530151367,1.6843540668487549,0.4920646144089023,0.4752788322961485,0,0
-0.4296656847000122,0.5402653217315674,1.6844055652618408,0.501842485771606,0.4950409207505161,0,0
-0.42737939953804016,0.5431289076805115,1.6844580173492432,0.4884223285715338,0.5031954565566892,0,0
-0.42509326338768005,0.5459930300712585,1.6845037937164307,0.5001929786143897,0.4915304175823989,0,0
-0.42280739545822144,0.5488576292991638,1.6845498085021973,0.5069273109890939,0.49689238297061755,0,0
-0.42052164673805237,0.5517226457595825,1.684590458869934,0.4866640326730377,0.5012108054100541,0,0
-0.41823610663414,0.5545880794525146,1.6846307516098022,0.4745390968104758,0.48950029241915893,0,0
-0.41595083475112915,0.5574538111686707,1.6846716403961182,0.49738067505051503,0.49031248535667094,0,0
-0.4136658310890198,0.5603197813034058,1.684706449508667,0.4975510462771031,0.5266564945473053,0,0
-0.41138097643852234,0.5631861090660095,1.684741497039795,0.5072843223647159,0.48487427971311386,0,0
-0.4090963900089264,0.5660526752471924,1.684776782989502,0.5128012452915504,0.4874253285618205,0,0
-0.40681198239326477,0.5689195990562439,1.684806227684021,0.5097741654232261,0.47848398917289536,0,0
-0.404527872800827,0.5717867016792297,1.6848362684249878,0.5178570016412016,0.5059238161227599,0,0
-0.4022440016269684,0.5746539831161499,1.6848658323287964,0.47938940101860555,0.49129806772746953,0,0
-0.3999602794647217,0.5775216221809387,1.6848955154418945,0.4953167758352729,0.5069564017769199,0,0
-0.3976767659187317,0.5803893804550171,1.6849185228347778,0.5076692409951921,0.48124301258612595,0,0
-0.3953934609889984,0.5832573175430298,1.6849415302276611,0.5041747251034607,0.511578361993391,0,0
-0.39311039447784424,0.5861254334449768,1.6849644184112549,0.4858415812812111,0.49975435476658325,0,0
-0.3908275067806244,0.5889937281608582,1.6849875450134277,0.4969198081237792,0.49940539616893,0,0
-0.38854488730430603,0.591862142086029,1.6850104331970215,0.5007545043421656,0.4769168591973949,0,0
-0.3862623870372772,0.594730794429779,1.6850279569625854,0.4903461830856362,0.498513203681493,0,0
-0.38398006558418274,0.5975995063781738,1.6850454807281494,0.49947093331237524,0.49174733154446176,0,0
-0.38169804215431213,0.6004683375358582,1.685063123703003,0.5163588355961688,0.5242236800050819,0,0
-0.37941619753837585,0.6033372282981873,1.685080647468567,0.49836958461692343,0.5029957972315758,0,0
-0.37713444232940674,0.6062063574790955,1.6850981712341309,0.498637742856792,0.5070151916036212,0,0
-0.37485286593437195,0.6090754866600037,1.6851158142089844,0.49916970140034295,0.4948971466071799,0,0
-0.3725714683532715,0.6119447946548462,1.6851279735565186,0.49996040313297574,0.493161711903648,0,0
-0.37029018998146057,0.6148142218589783,1.6851401329040527,0.5045758287974501,0.4919734202009824,0,0
-0.3680090308189392,0.6176837086677551,1.685152292251587,0.5082226879468675,0.5037337798394124,0,0
-0.36572808027267456,0.6205533742904663,1.6851645708084106,0.5046755383944289,0.5160054591558074,0,0
-0.3634472191333771,0.6234229803085327,1.6851766109466553,0.49597542945660694,0.48545209525417676,0,0
-0.36116650700569153,0.6262927055358887,1.6851886510849,0.4826166114757325,0.48224078273865606,0,0
-0.3588859438896179,0.6291625499725342,1.6852009296417236,0.4919641033848048,0.5117700481700631,0,0
-0.3566053807735443,0.6320324540138245,1.6852129697799683,0.5173932817132781,0.5056020211275964,0,0
-0.3543250262737274,0.6349024176597595,1.685225248336792,0.5076783188311161,0.504311384905131,0,0
-0.3520446717739105,0.6377724409103394,1.6852374076843262,0.48546257964979556,0.5077094405581773,0,0
-0.34976455569267273,0.640642523765564,1.6852428913116455,0.501365542059316,0.4934507962750448,0,0
-0.3474844992160797,0.6435126662254333,1.6852482557296753,0.4814037547128087,0.49306603527413456,0,0
-0.34520450234413147,0.6463829278945923,1.685253620147705,0.4909551748999566,0.47993278928730826,0,0
-0.3429246246814728,0.6492531895637512,1.6852591037750244,0.48659413113752786,0.49745955355134724,0,0
-0.34064486622810364,0.6521235704421997,1.6852644681930542,0.512794003205753,0.4975321542988969,0,0
-0.3383651375770569,0.654994010925293,1.6852697134017944,0.5155776911791379,0.49798322564537206,0,0
-0.3360854983329773,0.657864511013031,1.6852751970291138,0.5164842162203255,0.509597385744264,0,0
-0.3338059186935425,0.6607349514961243,1.685280680656433,0.513864722249902,0.4979562770590653,0,0
-0.33152642846107483,0.6636054515838623,1.685286045074463,0.5000654805851042,0.5176056180804958,0,0
-0.32924696803092957,0.6664760708808899,1.6852915287017822,0.4930472715408383,0.5059365357149493,0,0
-0.3269675374031067,0.6693466305732727,1.685296893119812,0.5073974299257298,0.4877271656421216,0,0
-0.32468825578689575,0.6722172498703003,1.6853022575378418,0.5038777575948132,0.5077296387799279,0,0
-0.3224090039730072,0.6750879287719727,1.685307502746582,0.5018129605911735,0.5001178130242326,0,0
-0.3201298117637634,0.677958607673645,1.6853132247924805,0.49902171435020964,0.5028601334690508,0,0
-0.31785064935684204,0.6808293461799622,1.6853184700012207,0.5136825124433696,0.5049343884979893,0,0
-0.31557154655456543,0.6837000846862793,1.6853184700012207,0.505189418265642,0.49921311189985734,0,0
-0.3132924735546112,0.6865708827972412,1.6853184700012207,0.5187227734985621,0.48720514144658117,0,0
-0.31101346015930176,0.6894416809082031,1.6853184700012207,0.4980448174763784,0.5128694753970078,0,0
-0.3087345063686371,0.6923125386238098,1.6853184700012207,0.5026186534901401,0.4952393467093625,0,0
-0.3064555823802948,0.6951833963394165,1.6853184700012207,0.5034711600267777,0.504265470846236,0,0
-0.3041766583919525,0.6980541944503784,1.6853184700012207,0.5045943391010835,0.5018657773617634,0,0
-0.3018978238105774,0.7009250521659851,1.6853184700012207,0.5014297654067896,0.4940819333901193,0,0
-0.29961901903152466,0.7037959694862366,1.6853184700012207,0.4929132394312871,0.47932809560306644,0,0
-0.2973402440547943,0.706666886806488,1.6853184700012207,0.5094831252398501,0.49453675274726294,0,0
-0.29506149888038635,0.7095378041267395,1.6853184700012207,0.4950670526647766,0.513994479946124,0,0
-0.29278281331062317,0.712408721446991,1.6853184700012207,0.5017009050460137,0.5137480873093234,0,0
-0.29050412774086,0.7152798175811768,1.6853184700012207,0.4937918468935465,0.4960848338747928,0,0
-0.28822553157806396,0.7181508541107178,1.6853184700012207,0.48119088834783136,0.503857569791175,0,0
-0.28594696521759033,0.7210220694541931,1.6853184700012207,0.4966099569521381,0.48651369697591496,0,0
-0.2836684584617615,0.7238931059837341,1.6853184700012207,0.51519132462697,0.49833094543971823,0,0
-0.281389981508255,0.726764440536499,1.6853184700012207,0.5194138720015774,0.5049173986071978,0,0
-0.2791115343570709,0.7296355366706848,1.6853184700012207,0.49744321028263594,0.49706384857693775,0,0
-0.276833176612854,0.7325068712234497,1.6853184700012207,0.5154497753182682,0.5061162581192814,0,0
-0.2745548188686371,0.7353780269622803,1.6853184700012207,0.5064280589933979,0.48412379819287943,0,0
-0.27227652072906494,0.7382493615150452,1.6853184700012207,0.5016774561789986,0.4859368921136275,0,0
-0.2699982225894928,0.741120457649231,1.6853184700012207,0.5010170501365924,0.4959373187078528,0,0
-0.26771995425224304,0.7439917922019958,1.6853184700012207,0.48880644681666846,0.502061328164343,0,0
-0.26544174551963806,0.7468632459640503,1.6853184700012207,0.5046338213378274,0.4974514295040851,0,0
-0.26316359639167786,0.7497345209121704,1.6853184700012207,0.5077381744274748,0.5167233177337007,0,0
-0.26088547706604004,0.7526059746742249,1.6853184700012207,0.5000164651120124,0.49143674338827514,0,0
-0.258607417345047,0.7554773092269897,1.6853184700012207,0.5108424196959807,0.49285797577398327,0,0
-0.25632935762405396,0.7583488821983337,1.6853184700012207,0.5005646008019106,0.5044414899674868,0,0
-0.2540513277053833,0.7612202763557434,1.6853184700012207,0.4940536771393358,0.48923766509793676,0,0
-0.2517733573913574,0.7640917897224426,1.6853184700012207,0.5138972088560718,0.48098342318237364,0,0
-0.24949541687965393,0.7669634222984314,1.6853184700012207,0.503014901041192,0.49426069335425704,0,0
-0.2472175508737564,0.7698348760604858,1.6853184700012207,0.498233092119566,0.4732109284405842,0,0
-0.24493969976902008,0.7727067470550537,1.6853184700012207,0.504609438200827,0.49449754926796263,0,0
-0.24266189336776733,0.7755781412124634,1.6853184700012207,0.4887672901852642,0.5103262396940124,0,0
-0.24038416147232056,0.7784498929977417,1.6853184700012207,0.5020420163396363,0.5073993493603527,0,0
-0.2381063997745514,0.7813215255737305,1.6853184700012207,0.4958671889121087,0.5034409470044067,0,0
-0.235828697681427,0.7841930985450745,1.6853184700012207,0.47605750683856674,0.49969702824441875,0,0
-0.2335510402917862,0.7870649695396423,1.6853184700012207,0.5077754672671029,0.5113810387233548,0,0
-0.23127344250679016,0.7899365425109863,1.6853184700012207,0.5283413241534076,0.5072386945800209,0,0
-0.22899584472179413,0.7928083539009094,1.6853184700012207,0.5134371827501859,0.495200120200266,0,0
-0.22671832144260406,0.7956801652908325,1.6853184700012207,0.482771806605198,0.5062599556252635,0,0
-0.2244407832622528,0.7985519170761108,1.6853184700012207,0.5030061631889471,0.4993708473432619,0,0
-0.22216331958770752,0.8014239072799683,1.6853184700012207,0.5018490644292373,0.49842306627792926,0,0
-0.21988587081432343,0.8042955994606018,1.6853184700012207,0.4908203441103916,0.5097864189497494,0,0
-0.2176084965467453,0.8071674108505249,1.6853184700012207,0.49029226847918717,0.5047491086732916,0,0
-0.21533112227916718,0.8100394606590271,1.6853184700012207,0.4910619235584324,0.511240009579392,0,0
-0.21305382251739502,0.8129112124443054,1.6853184700012207,0.4750331640636563,0.5043965734258066,0,0
-0.21077650785446167,0.8157831430435181,1.6853184700012207,0.4891964185816874,0.49408032830050125,0,0
-0.2084992676973343,0.818655252456665,1.6853184700012207,0.48701340418739286,0.4973708211827091,0,0
-0.2062220424413681,0.8215271234512329,1.6853184700012207,0.5077350527340718,0.48983957075524687,0,0
-0.2039448320865631,0.8243991136550903,1.6853184700012207,0.5186719513009085,0.48915531757982283,0,0
-0.20166771113872528,0.8272712230682373,1.6853184700012207,0.4932826788414579,0.5072729621170793,0,0
-0.19939060509204865,0.8301432132720947,1.6853184700012207,0.5102922307730337,0.5067910415557014,0,0
-0.197113499045372,0.8330152630805969,1.6853184700012207,0.5003048791244823,0.5139051832031757,0,0
-0.19483648240566254,0.8358874320983887,1.6853184700012207,0.5193382067929105,0.4908417044977736,0,0
-0.19255948066711426,0.8387594819068909,1.6853184700012207,0.516396172177127,0.4975503070134954,0,0
-0.19028252363204956,0.8416315317153931,1.6853184700012207,0.4912654185919887,0.4944995549473703,0,0
-0.18800558149814606,0.8445037007331848,1.6853184700012207,0.5085943147955415,0.5001510800818463,0,0
-0.18572871387004852,0.847375750541687,1.6853184700012207,0.5119000910205723,0.5052689420257769,0,0
-0.183451846241951,0.850247859954834,1.6853184700012207,0.4970986897688753,0.4954259833397395,0,0
-0.18117502331733704,0.8531202077865601,1.6853184700012207,0.4864119606150788,0.5144896644127882,0,0
-0.17889821529388428,0.8559924364089966,1.6853184700012207,0.5048032696467962,0.48976103979574287,0,0
-0.1766214668750763,0.8588646650314331,1.6853184700012207,0.5043250681378919,0.5103955119251838,0,0
-0.1743447482585907,0.8617372512817383,1.6853184700012207,0.502722438449815,0.5069275614130724,0,0
-0.1720680445432663,0.8646095395088196,1.6853184700012207,0.5117063859629657,0.50800316122414,0,0
-0.16979137063026428,0.8674817681312561,1.6853184700012207,0.5012601235092078,0.4964815741458859,0,0
-0.16751475632190704,0.8703542351722717,1.6853184700012207,0.5077469913005938,0.5032839013565195,0,0
-0.1652381718158722,0.8732267022132874,1.6853184700012207,0.5078576692868172,0.5058354738220586,0,0
-0.16296163201332092,0.8760989308357239,1.6853184700012207,0.509906167587215,0.5078625709470567,0,0
-0.16068510711193085,0.8789713382720947,1.6853184700012207,0.47795827874996205,0.4817852276218289,0,0
-0.15840859711170197,0.8818439841270447,1.6853184700012207,0.5017753746413324,0.5076252056134898,0,0
-0.15613214671611786,0.8847163915634155,1.6853184700012207,0.4929924312675801,0.4836074872681529,0,0
-0.15385572612285614,0.8875887393951416,1.6853184700012207,0.4957875329116456,0.5131002861910786,0,0
-0.15157924592494965,0.890461266040802,1.6853184700012207,0.4988226441078269,0.5031257122373202,0,0
-0.14930278062820435,0.893333911895752,1.6853184700012207,0.5087274809099391,0.49705342188073576,0,0
-0.14702631533145905,0.896206259727478,1.6853184700012207,0.4957377188458199,0.4916295560837996,0,0
-0.14474985003471375,0.8990786075592041,1.6853184700012207,0.49676571869129615,0.5156565905613483,0,0
-0.14247336983680725,0.9019511938095093,1.6853184700012207,0.5102002100736138,0.49418247133817406,0,0
-0.14019690454006195,0.9048237800598145,1.6853184700012207,0.5026709171642157,0.4942688858907912,0,0
-0.13792043924331665,0.9076961278915405,1.6853184700012207,0.49856239438676925,0.5105815514370003,0,0
-0.13564395904541016,0.9105685353279114,1.6853184700012207,0.4914907238259207,0.4869463233316185,0,0
-0.13336746394634247,0.9134413003921509,1.6853184700012207,0.5037129202048889,0.5060636108106169,0,0
-0.1310909539461136,0.9163137674331665,1.6853184700012207,0.513622991280227,0.513816712597185,0,0
-0.1288144439458847,0.9191860556602478,1.6853184700012207,0.5062791931281062,0.5084985478305217,0,0
-0.12653791904449463,0.9220584034919739,1.6853184700012207,0.5002699915935184,0.5050056043488848,0,0
-0.12426140159368515,0.9249310493469238,1.6853184700012207,0.4934356462235475,0.5001294745208192,0,0
-0.12198489159345627,0.9278033375740051,1.6853184700012207,0.5032277329673492,0.4922956536397362,0,0
-0.11970836669206619,0.930675745010376,1.6853184700012207,0.5020486233518272,0.5038046488333009,0,0
-0.11743183434009552,0.9335482716560364,1.6853184700012207,0.48565733376535264,0.48990512305351624,0,0
-0.11515529453754425,0.936420738697052,1.6853184700012207,0.5027634429049581,0.4921515094876979,0,0
-0.11287874728441238,0.9392930865287781,1.6853184700012207,0.48296606645230244,0.48830073704764737,0,0
-0.11060221493244171,0.9421654343605042,1.6853184700012207,0.5057117229969361,0.505462091625362,0,0
-0.10832564532756805,0.9450380802154541,1.6853184700012207,0.49691417902810586,0.5057304310302525,0,0
-0.10604909062385559,0.9479104280471802,1.6853184700012207,0.5028893834776897,0.5001285150359804,0,0
-0.10377252101898193,0.9507827758789062,1.6853184700012207,0.5010110800583484,0.5228106664570602,0,0
-0.10149595141410828,0.9536552429199219,1.6853184700012207,0.5192458350690655,0.5135478601613064,0,0
-0.09921936690807343,0.9565277099609375,1.6853184700012207,0.5028389716012112,0.5163791088537714,0,0
-0.09694279730319977,0.959399938583374,1.6853184700012207,0.5060451990673662,0.5067282610968197,0,0
-0.09466622024774551,0.9622722268104553,1.6853184700012207,0.49781152332227196,0.5027405243730733,0,0
-0.09238962829113007,0.9651448130607605,1.6853184700012207,0.49496374366559437,0.4899783613612832,0,0
-0.09011303633451462,0.9680171012878418,1.6853184700012207,0.49835640707289036,0.4958888446001091,0,0
-0.08783642202615738,0.9708893895149231,1.6853184700012207,0.4862654870906684,0.49318086354943874,0,0
-0.08555983006954193,0.973761796951294,1.6853184700012207,0.4845740973940282,0.5173996908201711,0,0
-0.08328323066234589,0.9766342043876648,1.6853184700012207,0.5070943873727569,0.4887981267670469,0,0
-0.08100661635398865,0.9795064330101013,1.6853184700012207,0.5111237958341195,0.5035561908777025,0,0
-0.07872999459505081,0.9823786616325378,1.6853184700012207,0.4906050703654269,0.5115449769818714,0,0
-0.07645336538553238,0.9852513074874878,1.6853184700012207,0.4943183464095849,0.4859696869073144,0,0
-0.07417672872543335,0.9881235361099243,1.6853184700012207,0.48342097709683096,0.505094220058415,0,0
-0.07190009951591492,0.9909957051277161,1.6853184700012207,0.4952591861405294,0.4941435491935415,0,0
-0.06962347775697708,0.9938679933547974,1.6853184700012207,0.5103794427399158,0.50239913754088,0,0
-0.06734684109687805,0.9967403411865234,1.6853184700012207,0.49584398481734415,0.4890425670836204,0,0
-0.06507018953561783,0.9996125102043152,1.6853184700012207,0.4822638257416953,0.5099226766247377,0,0
-0.0627935379743576,1.0024847984313965,1.6853184700012207,0.4860284377700553,0.5093888159001165,0,0
-0.060516875237226486,1.005357265472412,1.6853184700012207,0.5061646251117481,0.4824861840141721,0,0
-0.058240216225385666,1.0082294940948486,1.6853184700012207,0.4840467837766522,0.5110027046592106,0,0
-0.05596355348825455,1.0111016035079956,1.6853184700012207,0.49274497439442816,0.49834734229528926,0,0
-0.053686875849962234,1.0139741897583008,1.6853184700012207,0.4965887730430978,0.4872984364255371,0,0
-0.05141020193696022,1.0168465375900269,1.6853184700012207,0.5023320989947567,0.5003905093142373,0,0
-0.04913352429866791,1.0197187662124634,1.6853184700012207,0.5053815682959185,0.4902881178349976,0,0
-0.0468568317592144,1.022591233253479,1.6853184700012207,0.5196679967715975,0.505233100200062,0,0
-0.04458014294505119,1.0254634618759155,1.6853184700012207,0.5132880400463652,0.5081159239576494,0,0
-0.04230345040559769,1.0283355712890625,1.6853184700012207,0.5078939316226313,0.5093360627825345,0,0
-0.040026746690273285,1.0312076807022095,1.6853184700012207,0.5039165601926895,0.5088220146412529,0,0
-0.03775004670023918,1.0340800285339355,1.6853184700012207,0.511892913870231,0.5026164427964097,0,0
-0.035473331809043884,1.0369521379470825,1.6853184700012207,0.4974218233746982,0.47822541226656345,0,0
-0.033196620643138885,1.039824366569519,1.6853184700012207,0.5072013471752923,0.4997694227515764,0,0
-0.030919896438717842,1.0426968336105347,1.6853184700012207,0.5060040018660034,0.4972466289664903,0,0
-0.02864317037165165,1.0455689430236816,1.6853184700012207,0.5067062734969713,0.4951474246458095,0,0
-0.026366444304585457,1.0484411716461182,1.6853184700012207,0.4982352701295327,0.4890470471062563,0,0
-0.024089708924293518,1.0513134002685547,1.6853184700012207,0.5021471202247936,0.5101580833159954,0,0
-0.02181297354400158,1.0541857481002808,1.6853184700012207,0.507000098932184,0.4950864709558952,0,0
-0.019536228850483894,1.0570578575134277,1.6853184700012207,0.5061753462872722,0.48998575688342244,0,0
-0.01725948601961136,1.0599300861358643,1.6853184700012207,0.47852536404697826,0.4967048111233489,0,0
-0.014982732944190502,1.0628024339675903,1.6853184700012207,0.49308684049465623,0.49780813505791277,0,0
-0.012705978937447071,1.0656745433807373,1.6853184700012207,0.5092799292461122,0.4963979672099758,0,0
-0.010429217480123043,1.0685466527938843,1.6853184700012207,0.4973101578015191,0.5055023128847655,0,0
-0.008152453228831291,1.0714190006256104,1.6853184700012207,0.5053106240602375,0.504440474177781,0,0
-0.005875684786587954,1.0742911100387573,1.6853184700012207,0.5013496446906524,0.49569750831857123,0,0
-0.0035989119205623865,1.0771633386611938,1.6853184700012207,0.4888558064653985,0.4991944470381492,0,0
-0.0013221355620771646,1.08003568649292,1.6853184700012207,0.5004251431729745,0.4803576583541599,0,0
0.0009546473738737404,1.0829079151153564,1.6853184700012207,0.4974694504143127,0.5133917706991288,0,0
0.003231432056054473,1.085780143737793,1.6853184700012207,0.48260874353558625,0.49989634215522444,0,0
0.005508223548531532,1.0886523723602295,1.6853184700012207,0.5027241843737346,0.5028849702494775,0,0
0.007785015739500523,1.0915247201919556,1.6853184700012207,0.51005145228194,0.5074631797601905,0,0
0.010061816312372684,1.094396710395813,1.6853184700012207,0.5099499149179137,0.5007625492487806,0,0
0.01233861967921257,1.0972689390182495,1.6853184700012207,0.5217408668318623,0.48009700843422015,0,0
0.014615427702665329,1.1001410484313965,1.6853184700012207,0.4934993773758954,0.5012072485066843,0,0
0.016892241314053535,1.103013038635254,1.6853184700012207,0.48361222313588753,0.48933663910002145,0,0
0.019169053062796593,1.1058851480484009,1.6853184700012207,0.49946138877665974,0.4948256761059792,0,0
0.021445874124765396,1.1087572574615479,1.6853184700012207,0.5087582963295688,0.5035521572751132,0,0
0.02372269704937935,1.1116292476654053,1.6853184700012207,0.4931508899580893,0.5102614407936908,0,0
0.02599952556192875,1.1145013570785522,1.6853184700012207,0.5198233559829645,0.5018362920757926,0,0
0.028276357799768448,1.1173735857009888,1.6853184700012207,0.48650925414035595,0.5027125934407608,0,0
0.030553195625543594,1.1202455759048462,1.6853184700012207,0.5148228676233404,0.5012019641538561,0,0
0.03283003717660904,1.1231176853179932,1.6853184700012207,0.48767293090569624,0.4805759612605103,0,0
0.03510688245296478,1.1259899139404297,1.6853184700012207,0.5017264238774279,0.49733402570005125,0,0
0.037383731454610825,1.128861904144287,1.6853184700012207,0.48997613257368783,0.48947537530215013,0,0
0.039660584181547165,1.131734013557434,1.6853184700012207,0.5248593119121977,0.505246782748809,0,0
0.041937440633773804,1.134606122970581,1.6853184700012207,0.4946288587526238,0.48492421483008624,0,0
0.04421430453658104,1.1374781131744385,1.6853184700012207,0.4910470883561097,0.4883602143508703,0,0
0.04649116471409798,1.1403502225875854,1.6853184700012207,0.5217379560452421,0.49529875263127343,0,0
0.048768024891614914,1.1432223320007324,1.6853184700012207,0.5053372174846557,0.5178680617981773,0,0
0.05062985420227051,1.1456161737442017,1.6896767616271973,0.49756716630745423,0.49388737152988416,0,0
0.051538337022066116,1.1467945575714111,1.7039446830749512,0.5031686575993094,0.5016669681649234,0,0
0.05242859944701195,1.1479554176330566,1.7180001735687256,0.49319775764722235,0.4898599510724477,0,0
0.05324418097734451,1.1490315198898315,1.732354998588562,0.4920077771099542,0.49941416047962606,0,0
0.053983695805072784,1.1500259637832642,1.746983528137207,0.49682217138889945,0.49528629003932423,0,0
0.05464903265237808,1.1509455442428589,1.7618697881698608,0.49210937168106,0.49912250317118967,0,0
0.055168379098176956,1.1517235040664673,1.7778269052505493,0.505803245430908,0.5035251555594334,0,0
0.055770568549633026,1.152594804763794,1.7923898696899414,0.49890888566258296,0.493074821753096,0,0
0.05638958141207695,1.1534980535507202,1.8063424825668335,0.4957111566694703,0.4977221922629948,0,0
0.057031262665987015,1.1544452905654907,1.8197002410888672,0.5655676615883429,0.4945928356768712,0,0
0.057701025158166885,1.15544855594635,1.8324847221374512,0.5234605902649774,0.5090854619863875,0,0
0.058403778821229935,1.1565192937850952,1.8447095155715942,0.5517222964292571,0.49802271156598443,0,0
0.059144046157598495,1.157668113708496,1.8563932180404663,0.529000740988475,0.5020932306650968,0,0
0.059925563633441925,1.1589041948318481,1.8675554990768433,0.5702110395983144,0.5023180936135023,0,0
0.06075143814086914,1.1602345705032349,1.878219723701477,0.5462746869503802,0.4989233220224005,0,0
0.061623960733413696,1.1616644859313965,1.888401746749878,0.5596531302249924,0.509025218368398,0,0
0.06254493445158005,1.163197636604309,1.8981244564056396,0.5667017520104082,0.5156469657912963,0,0
0.0635153204202652,1.1648364067077637,1.9074022769927979,0.5313730591395638,0.4909670928415051,0,0
0.0645352303981781,1.1665812730789185,1.9162626266479492,0.5538486467854132,0.5058451981079461,0,0
0.06560423970222473,1.1684322357177734,1.9247004985809326,0.3821140545501605,0.7505300445404707,0,0
0.06671865284442902,1.1703823804855347,1.932725191116333,0.39123080131669075,0.7789027921505883,0,0
0.06787127256393433,1.1724152565002441,1.9405726194381714,0.40052760069296645,0.7452786937302216,0,0
0.06905244290828705,1.1745097637176514,1.948193073272705,0.3958395101846242,0.7680236145408789,0,0
0.07024667412042618,1.1766383647918701,1.9554798603057861,0.388754719665098,0.7723884992504746,0,0
0.06713047623634338,1.1752617359161377,2.011800765991211,0.39441675008613586,0.7581323420790216,0,0
0.0675751343369484,1.177056074142456,2.0252857208251953,0.37348036584099475,0.7530916778948774,0,0
0.06795239448547363,1.1787737607955933,2.038303852081299,0.3844538625582278,0.7537653389839641,0,0
0.06824377924203873,1.1803719997406006,2.0508086681365967,0.39241029732198396,0.7647862821599084,0,0
0.06843447685241699,1.1818081140518188,2.062772512435913,0.39179952091782855,0.7602187036345813,0,0
0.06851522624492645,1.1830425262451172,2.0741512775421143,0.30524343296072803,0.5270910160690692,0,0
0.06848283112049103,1.1840400695800781,2.084977626800537,0.2975146933716733,0.5307227814692778,0,0
0.06833721697330475,1.1847710609436035,2.095236301422119,0.281069962573573,0.5304547199798316,0,0
0.06808508187532425,1.1852116584777832,2.1048707962036133,0.2835740888180539,0.5218856452635756,0,0
0.06773755699396133,1.185349702835083,2.1139636039733887,0.2977608482674775,0.5342618791177226,0,0
0.06730560958385468,1.1851834058761597,2.122572183609009,0.3084820662388943,0.5140860565794706,0,0
0.06680004298686981,1.184719204902649,2.13071870803833,0.31050575906806277,0.5165053611958774,0,0
0.0662318542599678,1.1839697360992432,2.1384329795837402,0.31282706083284645,0.5187291422351857,0,0
0.06561148166656494,1.1829533576965332,2.1457619667053223,0.29693243268948,0.517381966734777,0,0
0.06494908779859543,1.181689739227295,2.1527626514434814,0.31679668041445647,0.5356432498594295,0,0
0.06425674259662628,1.180200457572937,2.159562587738037,0.30584394352112565,0.4334022819915835,0,0
0.06354840844869614,1.178512692451477,2.1661763191223145,0.30306154942512703,0.4321375497324448,0,0
0.06283818930387497,1.1766563653945923,2.1727967262268066,0.3139659798207524,0.43857915912713463,0,0
0.062138140201568604,1.1746606826782227,2.1797657012939453,0.2999506771048911,0.4320225703168972,0,0
0.061456069350242615,1.1725530624389648,2.1872150897979736,0.30742835285123815,0.436152588719968,0,0
0.06079517677426338,1.170363187789917,2.194950580596924,0.30403203239645743,0.4393368147946391,0,0
0.060157280415296555,1.1681222915649414,2.2028236389160156,0.294369287908065,0.42839721113832036,0,0
0.05954674631357193,1.1658573150634766,2.2109618186950684,0.3020285983309381,0.4350907816341107,0,0
0.05897090211510658,1.163590431213379,2.2192835807800293,0.28888791622611304,0.4608974424469019,0,0
0.058437224477529526,1.1613364219665527,2.227701187133789,0.3020165883893367,0.4149643190205988,0,0
0.05795208737254143,1.1591064929962158,2.236179828643799,0.30310351779689476,0.41220586991992353,0,0
0.057519443333148956,1.1569112539291382,2.2447099685668945,0.31923334673919973,0.4112070129164246,0,0
0.0571410208940506,1.1547620296478271,2.253267765045166,0.29038042331211356,0.4239427081082175,0,0
0.0568171963095665,1.1526706218719482,2.2616524696350098,0.29893080884814555,0.3969034599027983,0,0
0.056546736508607864,1.15064537525177,2.269801139831543,0.30721076319572294,0.3970156825507034,0,0
0.0563262403011322,1.1486884355545044,2.277865409851074,0.3079620993365034,0.40096795986245,0,0
0.05615125223994255,1.1467993259429932,2.2857282161712646,0.29246255150167544,0.3911219811357308,0,0
0.05601641535758972,1.1449731588363647,2.293527603149414,0.3025384083231521,0.4206597267178737,0,0
0.05591642111539841,1.1432034969329834,2.3011415004730225,0.30393053352490246,0.39949095699674125,0,0
0.055845919996500015,1.1414821147918701,2.308511734008789,0.30301477731583837,0.3850480785375063,0,0
0.05579947307705879,1.1397970914840698,2.3156111240386963,0.31654761757469013,0.39554433993615923,0,0
0.05577137693762779,1.1381345987319946,2.3224239349365234,0.30516359931248455,0.39574699486417475,0,0
0.055755868554115295,1.136479139328003,2.3289554119110107,0.32244769405109086,0.38013757427713346,0,0
0.05574745312333107,1.1348150968551636,2.33522367477417,0.30735358542545244,0.37686294344230375,0,0
0.055740389972925186,1.1331276893615723,2.341231107711792,0.3096464276627067,0.37926494154442364,0,0
0.05572880432009697,1.131402850151062,2.3469700813293457,0.2994631724861915,0.37375050050632264,0,0
0.05570794269442558,1.1296268701553345,2.3524599075317383,0.3293655074931469,0.3757321776429694,0,0
0.05567475035786629,1.12778902053833,2.3577189445495605,0.31867149004886686,0.371612809787715,0,0
0.055627431720495224,1.125880479812622,2.3627572059631348,0.3082544871885138,0.3772096146799026,0,0
0.05556507036089897,1.123894453048706,2.367574453353882,0.32626580198443406,0.3708643922605191,0,0
0.055487845093011856,1.121825933456421,2.3721771240234375,0.3414520412654475,0.3564982277743331,0,0
0.055397018790245056,1.1196709871292114,2.3765690326690674,0.3629384743959553,0.3741955450620755,0,0
0.055294640362262726,1.1174273490905762,2.38075852394104,0.3686332696498814,0.37171289222343806,0,0
0.055183231830596924,1.1150946617126465,2.3847603797912598,0.35296453896580127,0.3597274350547413,0,0
0.05506544187664986,1.1126735210418701,2.388582706451416,0.36420435577763877,0.3457102234903998,0,0
0.05494404584169388,1.1101659536361694,2.3922314643859863,0.35624910202060917,0.37913625186070393,0,0
0.05482180416584015,1.107574462890625,2.3957135677337646,0.36214894262124625,0.3639560220629999,0,0
0.054701533168554306,1.1049033403396606,2.3990349769592285,0.3610088319990485,0.3731901499577689,0,0
0.054585956037044525,1.1021556854248047,2.4022088050842285,0.34737513948566207,0.3591485744872721,0,0
0.05447762459516525,1.0993356704711914,2.405240297317505,0.3587637483437122,0.3563188955259024,0,0
0.054378680884838104,1.0964473485946655,2.4081361293792725,0.392607158568027,0.37792200716382385,0,0
0.054290901869535446,1.0934945344924927,2.4107019901275635,0.40851128877920057,0.36948756790321097,0,0
0.05421455204486847,1.0904831886291504,2.412837266921997,0.40934070865883987,0.37929189282759734,0,0
0.05414791777729988,1.0874236822128296,2.414487361907959,0.40623004318773404,0.38156994082635787,0,0
0.054086290299892426,1.0843307971954346,2.4158453941345215,0.39887723075692266,0.38640453786383683,0,0
0.05402430146932602,1.0812170505523682,2.4170472621917725,0.38845880926531917,0.3691693905176289,0,0
0.05395729839801788,1.078094720840454,2.4179160594940186,0.40143824879243534,0.38196616011353757,0,0
0.053879640996456146,1.0749765634536743,2.4185588359832764,0.386873180706625,0.38366041202210577,0,0
0.053784895688295364,1.071873664855957,2.4188709259033203,0.40607954331743334,0.37249467640553546,0,0
0.053666941821575165,1.068795084953308,2.418804407119751,0.4094266985552992,0.38050826182606745,0,0
0.0535208061337471,1.0657522678375244,2.4183239936828613,0.42846710984691316,0.3941439567827367,0,0
0.053341638296842575,1.0627574920654297,2.4174113273620605,0.43478662305971666,0.3829577759154629,0,0
0.0531245619058609,1.059822678565979,2.416097402572632,0.44338433446562014,0.394993508844056,0,0
0.052908435463905334,1.0568996667861938,2.414808750152588,0.4380282566250303,0.4120411366098187,0,0
0.05264559015631676,1.0540603399276733,2.413313150405884,0.4295902440131226,0.40333623704126387,0,0
0.05233583599328995,1.0513155460357666,2.411571502685547,0.4411688475907291,0.3925542302902086,0,0
0.051982469856739044,1.0486741065979004,2.409708261489868,0.4292119796878582,0.4022876822469494,0,0
0.05159488692879677,1.0461435317993164,2.4078152179718018,0.45590727348263677,0.38532960243517034,0,0
0.05118629336357117,1.0437284708023071,2.4057300090789795,0.4455480123719894,0.38509553425440923,0,0
0.050771649926900864,1.041430950164795,2.4032981395721436,0.4363237054593898,0.3894227685387634,1,1
0.0503663569688797,1.0392522811889648,2.400493621826172,0.46799064557616576,0.43011082190372407,0,0
0.04998418688774109,1.0371932983398438,2.3973517417907715,0.4518802857731397,0.42379702434867883,0,0
0.04963631182909012,1.0352542400360107,2.393885850906372,0.45562739209232933,0.41715127383879136,0,0
0.04933169111609459,1.033434271812439,2.3900985717773438,0.46852787706084226,0.43039860510830524,0,0
0.04907714203000069,1.031732201576233,2.3859989643096924,0.47897646964437496,0.4293600509941208,0,0
0.04887672886252403,1.0301467180252075,2.3816184997558594,0.4675712806875379,0.4271771056772602,0,0
0.048731617629528046,1.0286755561828613,2.3769707679748535,0.46564565615728276,0.4413561887261924,0,0
0.048640552908182144,1.027315616607666,2.3720555305480957,0.46777462264520453,0.43146254545275914,0,0
0.048600442707538605,1.0260624885559082,2.3668808937072754,0.4725356073382937,0.4415690955475181,0,0
0.04860677570104599,1.024910569190979,2.361448287963867,0.46481296405982164,0.43328315540187134,0,0
0.04865415021777153,1.0238531827926636,2.355955123901367,0.4681594193115834,0.46286860141669345,0,0
0.04873669892549515,1.0228832960128784,2.3507492542266846,0.4407573858215094,0.4647514830336812,0,0
0.048848237842321396,1.0219945907592773,2.345804452896118,0.4724927764713221,0.46420660047258955,0,0
0.04898204281926155,1.0211819410324097,2.3410956859588623,0.4621039454250959,0.48072782001000275,0,0
0.0491316057741642,1.020442247390747,2.3366072177886963,0.4579370579151259,0.45726344789712253,0,0
0.04929126054048538,1.0197736024856567,2.3323142528533936,0.4580870168258802,0.4560086490208494,0,0
0.049456462264060974,1.01917564868927,2.328214645385742,0.4669940827351857,0.4797369146431591,0,0
0.0496235229074955,1.0186482667922974,2.3244922161102295,0.4446373283464022,0.47658946646403044,0,0
0.049789078533649445,1.018190622329712,2.3210535049438477,0.4603867833776962,0.45374646777092936,0,0
0.04995015263557434,1.0178022384643555,2.317833423614502,0.4544130952856698,0.462165918872228,0,0
0.050104591995477676,1.0174826383590698,2.3149912357330322,0.4372091579785947,0.5157087233207078,0,0
0.050250809639692307,1.017230749130249,2.3126072883605957,0.42836250204655635,0.4990795170581292,0,0
0.05038736015558243,1.0170440673828125,2.3105292320251465,0.4584133712358323,0.4949250023838141,0,0
0.05051310732960701,1.016919732093811,2.3086633682250977,0.4521210983539596,0.5221280277634823,0,0
0.05062762647867203,1.0168546438217163,2.3071422576904297,0.4291017044824363,0.4854873275270383,0,0
0.050730638206005096,1.0168451070785522,2.305846691131592,0.4639370902946536,0.5034014610983184,0,0
0.050821803510189056,1.0168873071670532,2.304898977279663,0.4397986108012122,0.49879423360599845,0,0
0.050900790840387344,1.0169767141342163,2.30435848236084,0.4361199321512665,0.5096474970119612,0,0
0.05096764117479324,1.0171091556549072,2.3042521476745605,0.4354684307592573,0.5085196154178421,0,0
0.05102216824889183,1.0172781944274902,2.3043994903564453,0.4542733262421357,0.5149195453740951,0,0
0.051063794642686844,1.0174789428710938,2.304880380630493,0.43592859877245954,0.512599280359302,0,0
0.05109206959605217,1.017706274986267,2.3057332038879395,0.4342405454800655,0.5205828038392508,0,0
0.051107000559568405,1.0179553031921387,2.306978464126587,0.43532920310461715,0.5007821725065732,0,0
0.051108360290527344,1.0182207822799683,2.308624029159546,0.4263817917139555,0.49629466636698266,0,0
0.05109560862183571,1.0184978246688843,2.310654878616333,0.44447534241611175,0.5094523687063974,0,0
0.05106866732239723,1.0187819004058838,2.3130617141723633,0.4277573145487673,0.5057351432125096,0,0
0.05102779343724251,1.0190688371658325,2.3158349990844727,0.4283785609657534,0.509984659089704,0,0
0.050973080098629,1.0193545818328857,2.318962812423706,0.44287669396489127,0.5072566769360815,0,0
0.05090489238500595,1.0196361541748047,2.3224215507507324,0.42896696411166074,0.49678934006752007,0,0
0.05082425847649574,1.0199106931686401,2.3262064456939697,0.4252346818557411,0.5087795042558939,1,0
0.05073237419128418,1.0201760530471802,2.330299139022827,0.4396659499862488,0.5089599200025731,0,0
0.05063050985336304,1.0204304456710815,2.3346850872039795,0.43548085585737173,0.5109624221507338,0,0
0.05052037537097931,1.0206727981567383,2.339352607727051,0.44595742945755207,0.4994232118757742,0,0
0.05040393024682999,1.0209017992019653,2.344290256500244,0.4350446827919517,0.4868096016003305,0,0
0.05028298869729042,1.0211166143417358,2.349290609359741,0.45537749959297374,0.517229884839798,0,0
0.05015936493873596,1.021317958831787,2.354428291320801,0.4432995560081827,0.5013878497438545,0,0
0.05003497004508972,1.0215067863464355,2.359731674194336,0.4304620929476827,0.5007799681711093,0,0
0.04991154372692108,1.0216842889785767,2.365233898162842,0.4273582913243171,0.5113696792238253,0,0
0.04979047179222107,1.0218510627746582,2.370943546295166,0.43518189016864806,0.48422977315941185,0,0
0.04967286437749863,1.0220086574554443,2.3768646717071533,0.43963422890836534,0.5013655648060994,0,0
0.04955973103642464,1.022157907485962,2.382993698120117,0.4466643854675375,0.47202820453995087,0,0
0.0494520366191864,1.0222996473312378,2.3891263008117676,0.48239445007810805,0.46485323278037094,0,0
0.04935033619403839,1.0224350690841675,2.3951549530029297,0.4800500624827045,0.46621129646035075,0,0
0.04925483465194702,1.0225660800933838,2.4010097980499268,0.4761645094838295,0.4850992248844182,0,0
0.04916534945368767,1.0226960182189941,2.4066648483276367,0.47321812206635805,0.45550975264534993,0,0
0.049081478267908096,1.0228288173675537,2.4120988845825195,0.48100261018278656,0.47354307725977496,0,0
0.04900277778506279,1.0229698419570923,2.417309284210205,0.47685260181184463,0.4709152902837024,0,0
0.04892894998192787,1.0231242179870605,2.4222970008850098,0.46574624870275305,0.4697315076742728,0,0
0.0488598607480526,1.023297667503357,2.427062511444092,0.48815275437133027,0.4775649767568639,0,0
0.048795707523822784,1.0234957933425903,2.4316184520721436,0.4728240412487761,0.4712732994960332,0,0
0.04873688891530037,1.0237233638763428,2.4357736110687256,0.5020351065719633,0.42103695206582775,0,0
0.048684172332286835,1.0239838361740112,2.439429759979248,0.5153361238931167,0.44647798502750335,0,0
0.04863864928483963,1.0242787599563599,2.442545175552368,0.5068748432518121,0.41239942049874084,0,0
0.04860132560133934,1.0246076583862305,2.4450974464416504,0.5013672113027391,0.4219228468083652,0,0
0.04857303574681282,1.0249688625335693,2.4470934867858887,0.4928664518290338,0.44849485316944765,0,0
0.04855445772409439,1.0253582000732422,2.4485387802124023,0.48452129831328644,0.44399253544688716,0,0
0.04854654520750046,1.025770664215088,2.449453353881836,0.5166904482645426,0.43455825148477845,0,0
0.04855046793818474,1.026200294494629,2.4498562812805176,0.5063447873054853,0.44128226471376153,0,0
0.04856736212968826,1.02664053440094,2.449767589569092,0.5054606828311465,0.435091320593955,0,0
0.0485987551510334,1.0270856618881226,2.4492101669311523,0.5039754122252232,0.4336547287935959,0,0
0.04864567145705223,1.0275306701660156,2.4482059478759766,0.5127782746140148,0.42073825615938193,0,0
0.04870839789509773,1.0279709100723267,2.4467716217041016,0.5026217973794939,0.41350451750448874,0,0
0.04878669232130051,1.0284022092819214,2.4449245929718018,0.5153899531949047,0.42505972740482384,0,0
0.048879511654376984,1.028821587562561,2.4426867961883545,0.5016207206370242,0.41490117152011696,0,0
0.04898512363433838,1.0292264223098755,2.4400696754455566,0.5073895368628871,0.4264420376532735,0,0
0.04910140857100487,1.029613733291626,2.4370861053466797,0.5174956641180114,0.44320741249616463,0,0
0.04922592639923096,1.0299814939498901,2.433758020401001,0.5156128467621683,0.40896405165218563,0,0
0.0493561252951622,1.0303279161453247,2.4300951957702637,0.5104016559969131,0.4360395041987509,0,0
0.04948952794075012,1.0306512117385864,2.426117420196533,0.5052887430311759,0.41738142120476995,0,0
0.04962385445833206,1.0309503078460693,2.421834707260132,0.5078327554400682,0.44199930593524867,0,1
0.049757033586502075,1.0312243700027466,2.417268753051758,0.4784170483102468,0.4432110345781714,0,0
0.049887269735336304,1.0314728021621704,2.412428855895996,0.4930639146331649,0.4429571187969048,0,0
0.05001310631632805,1.0316957235336304,2.4073259830474854,0.49421032546052523,0.4423736868687394,0,0
0.0501333549618721,1.0318933725357056,2.402165412902832,0.5050251378212428,0.45048384815717585,0,0
0.0502471886575222,1.0320675373077393,2.396869659423828,0.49704474747548366,0.4206304351153527,0,0
0.050354085862636566,1.0322201251983643,2.3913936614990234,0.49293726131410515,0.4274457386342326,0,0
0.05045383796095848,1.0323538780212402,2.385737419128418,0.49344703484642083,0.4306411838836051,0,0
0.05054650083184242,1.0324708223342896,2.3800783157348633,0.5138666005541299,0.45069470031156306,0,0
0.05063232406973839,1.03257417678833,2.3743209838867188,0.48048348098935256,0.4146319738424825,0,0
0.05071158707141876,1.0326666831970215,2.368415355682373,0.48753845758640274,0.43144491563426796,0,0
0.05078446492552757,1.0327509641647339,2.3623318672180176,0.46487542979369934,0.4493845843008097,0,0
0.05085097253322601,1.0328292846679688,2.356445789337158,0.443360613851757,0.46241283529972527,0,0
0.05091102793812752,1.0329031944274902,2.350785255432129,0.47530523798821916,0.4654387860451771,0,0
0.050964582711458206,1.0329747200012207,2.345355749130249,0.4710865339540575,0.47198097552470597,0,0
0.05101195350289345,1.033046841621399,2.340158462524414,0.4674635489148762,0.46145151696401193,0,0
0.051053788512945175,1.0331228971481323,2.335188150405884,0.4629918707711633,0.46614745340711783,0,0
0.05109076946973801,1.033206582069397,2.330625295639038,0.4388573540999898,0.46019686133719967,0,0
0.05112320929765701,1.0333012342453003,2.3263823986053467,0.45065825084693195,0.4561238165272758,0,0
0.051151663064956665,1.0334100723266602,2.3223958015441895,0.4813805011965435,0.45130022764754596,0,0
0.05117703601717949,1.0335365533828735,2.318821907043457,0.44960233511991976,0.45667118186851446,0,0
0.051200032234191895,1.033682942390442,2.315742015838623,0.44000551947143696,0.46265933222422917,0,0
0.05122094228863716,1.0338505506515503,2.31318998336792,0.4160992958499719,0.4789936585123934,0,0
0.051239948719739914,1.0340392589569092,2.3111793994903564,0.4142762647847843,0.5081006731830259,0,0
0.05125695839524269,1.0342479944229126,2.3097100257873535,0.40707769301648433,0.48879999706475197,0,0
0.051271725445985794,1.0344747304916382,2.3087668418884277,0.43472914284579317,0.49473067811139976,0,0
0.0512835867702961,1.0347164869308472,2.308333158493042,0.4237292418565667,0.48893809499835345,0,0
0.05129192769527435,1.0349702835083008,2.308389663696289,0.4298739369944202,0.4788983924111817,0,0
0.05129607766866684,1.0352320671081543,2.3089189529418945,0.4060987321697535,0.4644362171156803,0,0
0.05129501596093178,1.0354983806610107,2.3099007606506348,0.42738055253893203,0.4886400129684794,0,0
0.05128801614046097,1.0357661247253418,2.3113152980804443,0.4364540879734492,0.49187971817738724,0,0
0.05127459764480591,1.0360318422317505,2.3131418228149414,0.42012645030449336,0.4852278381923269,0,0
0.051254261285066605,1.0362927913665771,2.3153648376464844,0.41746491071467506,0.47141155056313905,0,0
0.05122685804963112,1.0365469455718994,2.3179662227630615,0.42901957071883373,0.4744292717223906,0,0
0.05119268223643303,1.0367923974990845,2.320932388305664,0.4167323437059903,0.47486864907593224,0,0
0.05115211755037308,1.0370272397994995,2.324241876602173,0.42087782133858403,0.4962742439617843,0,0
0.051105793565511703,1.0372503995895386,2.3278844356536865,0.421036355467625,0.4883082501748056,0,0
0.05105459317564964,1.0374610424041748,2.331841468811035,0.4266717386356782,0.4929364049485895,0,0
0.05099949613213539,1.0376585721969604,2.3361008167266846,0.42007258302720185,0.47844774032774123,0,0
0.050941456109285355,1.0378426313400269,2.3406476974487305,0.41112052701828095,0.48543871874074873,0,0
0.05088156834244728,1.038012981414795,2.3454713821411133,0.4027351994428247,0.486897522484419,1,0
0.050820887088775635,1.0381697416305542,2.350559949874878,0.43265604922885986,0.4635460878354096,0,0
0.05076032504439354,1.0383132696151733,2.355900287628174,0.4188851431559385,0.46335209088547086,0,0
0.05070072412490845,1.038443922996521,2.361480474472046,0.4488840690122946,0.4636617619504455,0,0
0.050642941147089005,1.038562297821045,2.3672895431518555,0.4345910905192501,0.45887449812633857,0,0
0.050587624311447144,1.0386685132980347,2.3733136653900146,0.4271674929555552,0.47212210592592013,0,0
0.05053526535630226,1.0387635231018066,2.3795483112335205,0.446825907485053,0.4775214679834532,0,0
0.05048631131649017,1.0388482809066772,2.3859870433807373,0.4366026176870642,0.4543202086117367,0,0
0.05044111981987953,1.0389233827590942,2.3926122188568115,0.43162281034415245,0.4561700119987819,0,0
0.05039992928504944,1.0389896631240845,2.3994288444519043,0.4138885503504498,0.47320070631856936,0,0
0.05036281421780586,1.0390480756759644,2.406418800354004,0.4306861700120082,0.46382389653120376,0,0
0.05032980069518089,1.0390992164611816,2.4131813049316406,0.47577715842563106,0.4224979311563907,0,0
0.05030086264014244,1.0391442775726318,2.419501304626465,0.46554957638627403,0.4461955641369353,0,0
0.05027593672275543,1.0391836166381836,2.4252586364746094,0.46400018036632734,0.4356941603887044,0,0
0.05025487020611763,1.0392181873321533,2.43039870262146,0.4821423595708902,0.4499377915113921,0,0
0.05023745447397232,1.0392481088638306,2.434903383255005,0.4546727072666893,0.4279370835478601,0,0
0.05022343993186951,1.0392738580703735,2.4387667179107666,0.480470501437556,0.4350503456783903,0,0
0.05021250247955322,1.0392961502075195,2.44219970703125,0.46307365564197683,0.4535804380838727,0,0
0.050204258412122726,1.039315938949585,2.445129632949829,0.4716082941241549,0.43733943626585103,0,0
0.05019821599125862,1.0393346548080444,2.447524070739746,0.46933455136339364,0.44373357285927295,0,0
0.050193753093481064,1.039353847503662,2.44937801361084,0.4871826844366067,0.4399340131831532,0,0
0.05019010603427887,1.0393749475479126,2.4506969451904297,0.5009532053738632,0.4155941542799071,0,0
0.05018656700849533,1.0393985509872437,2.4514949321746826,0.4711140128983563,0.4014717790411599,0,0
0.05018250271677971,1.039425015449524,2.451789379119873,0.5104154377184983,0.41200371076785286,0,0
0.050177447497844696,1.0394545793533325,2.451603651046753,0.4988674305055554,0.4099614204340808,0,0
0.0501711443066597,1.0394870042800903,2.45094633102417,0.5012897673250697,0.40400486176593253,0,0
0.05016345903277397,1.0395218133926392,2.449845790863037,0.4894303746522454,0.41013345123807704,0,0
0.0501544289290905,1.0395584106445312,2.448312759399414,0.4853117789963042,0.4045745127983413,0,0
0.05014413595199585,1.0395963191986084,2.4463727474212646,0.5111670550917929,0.4090310515639665,0,0
0.05013279989361763,1.0396353006362915,2.444042205810547,0.4823395561248868,0.4284994516577139,0,0
0.050120603293180466,1.039673924446106,2.441333293914795,0.5029438577327529,0.4263681802180627,0,0
0.05010780319571495,1.0397123098373413,2.438464403152466,0.4991935183540419,0.399255315500857,0,0
0.05009466037154198,1.039749026298523,2.435361862182617,0.5132635143562113,0.40908025838088957,0,0
0.050081413239240646,1.0397822856903076,2.431988000869751,0.4889895547809793,0.42199702164617453,0,0
0.05006818473339081,1.0398108959197998,2.4283206462860107,0.5012006771084013,0.4171742638324562,0,0
0.05005503073334694,1.0398330688476562,2.4243643283843994,0.48483731951491776,0.40801705384290676,0,0
0.050041887909173965,1.0398480892181396,2.4201207160949707,0.49437994946342223,0.4155973878922057,0,0
0.050028689205646515,1.0398551225662231,2.415597677230835,0.490106962566403,0.4220481839607424,0,0
0.05001531541347504,1.039853572845459,2.4107983112335205,0.4741489572731277,0.42399445104984107,0,0
0.050001613795757294,1.0398437976837158,2.4057419300079346,0.4677041097363119,0.40908933585617296,0,0
0.049987465143203735,1.039826512336731,2.4004361629486084,0.490756582050536,0.4053579445835706,0,1
0.049972787499427795,1.0398019552230835,2.3948862552642822,0.46198342124399794,0.4281301349095486,0,0
0.04995754733681679,1.0397711992263794,2.3891048431396484,0.4500138770341364,0.4391565673818458,0,0
0.0499417781829834,1.0397350788116455,2.3831024169921875,0.4645805965656975,0.4458656275850505,0,0
0.04992559179663658,1.039695382118225,2.3768906593322754,0.4745162220290882,0.4335208884911748,0,0
0.04990920424461365,1.039652943611145,2.3704745769500732,0.4706996377705953,0.44055585359291866,0,0
0.04989286884665489,1.039609432220459,2.3638648986816406,0.46791055884980093,0.4482554098492267,0,0
0.04987691342830658,1.0395654439926147,2.3570735454559326,0.47001375919492244,0.4365605676772186,0,0
0.04986167326569557,1.0395218133926392,2.350107192993164,0.4585320846864138,0.44703873153812773,0,0
0.04984747990965843,1.0394796133041382,2.342978000640869,0.47813371691260215,0.4411497860313006,0,0
0.04983464255928993,1.039439082145691,2.335686206817627,0.4727840947359233,0.4426288996153408,0,0
0.04982340335845947,1.0394006967544556,2.3286335468292236,0.41286005365566564,0.4711038299024603,0,0
0.04981393739581108,1.039364218711853,2.3220362663269043,0.42921431863044396,0.4524117333884735,0,0
0.04980631545186043,1.0393301248550415,2.3158187866210938,0.4533623288929558,0.4682302246184911,0,0
0.04980052635073662,1.0392987728118896,2.3101253509521484,0.44015119899449395,0.4522992146301762,0,0
0.04979660362005234,1.039271593093872,2.305025577545166,0.4171843149110116,0.4658189931347524,0,0
0.049794405698776245,1.039249062538147,2.300548553466797,0.42829539974309894,0.4708961346785753,0,0
0.04979377239942551,1.0392321348190308,2.2967045307159424,0.4343476047373106,0.4842216125343514,0,0
0.04979458078742027,1.0392215251922607,2.2934823036193848,0.41754604503122683,0.46891750327402437,0,0
0.049796584993600845,1.039217472076416,2.2906718254089355,0.4234613549493464,0.4663315099962066,0,0
0.04979947954416275,1.0392177104949951,2.2881438732147217,0.4327298458220983,0.49076307822661125,0,0
0.049802761524915695,1.0392155647277832,2.2858240604400635,0.41730166726462775,0.49458025085325863,0,0
0.04980625957250595,1.0391998291015625,2.2836694717407227,0.39630803427717015,0.49608964763942487,0,0
0.049809884279966354,1.039156198501587,2.2816572189331055,0.4076246390974259,0.5020299866118758,0,0
0.0498131588101387,1.0390676259994507,2.279726505279541,0.4226314784345536,0.48071915531619036,0,0
0.04981488734483719,1.0389169454574585,2.2778217792510986,0.3938419719624632,0.4879661149052646,0,0
0.04981284588575363,1.0386877059936523,2.2759456634521484,0.4115874335206643,0.508460739889464,0,0
0.0498032309114933,1.0383636951446533,2.2741496562957764,0.41504425687169166,0.493622990777231,0,0
0.049781203269958496,1.0379294157028198,2.2724862098693848,0.41777972667729835,0.5017800317504584,0,0
0.04974181577563286,1.0373700857162476,2.2709860801696777,0.414581292975916,0.47552510631530087,0,0
0.049681007862091064,1.036671757698059,2.269641399383545,0.3980648453872613,0.4882003188661274,0,0
0.04959602281451225,1.035823106765747,2.2684013843536377,0.41414834778961773,0.4987167700978762,0,0
0.04948579519987106,1.034816026687622,2.2672007083892822,0.4055100019346154,0.5000867622819389,0,0
0.04935107380151749,1.0336459875106812,2.2660293579101562,0.39594305301073507,0.5255420229437768,0,0
0.04919392615556717,1.032311201095581,2.264909505844116,0.4213504710295961,0.5033659076898266,0,0
0.04901689291000366,1.0308125019073486,2.263826370239258,0.39511414721972493,0.5315554725005687,0,0
0.048822417855262756,1.029152750968933,2.2627789974212646,0.40450808406281985,0.5060261627150384,0,0
0.04861316829919815,1.0273374319076538,2.2617883682250977,0.4014581661173174,0.49909915408104877,0,0
0.04839214310050011,1.0253735780715942,2.260842800140381,0.4054803143442457,0.5140919021524258,0,0
0.04816221818327904,1.0232678651809692,2.2599074840545654,0.41796623827853885,0.5143205280096126,0,0
0.0479254312813282,1.0210283994674683,2.2589659690856934,0.39037289520550444,0.5196507902580259,0,0
0.047682806849479675,1.0186628103256226,2.2580525875091553,0.41861127206986704,0.510416661607164,0,0
0.04743478447198868,1.0161805152893066,2.25722074508667,0.4306251719901302,0.5190267235269322,0,0
0.047182098031044006,1.0135912895202637,2.256486415863037,0.4241705335691555,0.5259883265708637,0,0
0.04692618176341057,1.0109046697616577,2.255826473236084,0.4109337554498329,0.5366820266965743,0,0
0.04666875675320625,1.0081301927566528,2.255187511444092,0.42102848427587547,0.5309158690307387,0,0
0.04641100391745567,1.0052748918533325,2.254528284072876,0.4035720547974737,0.5169966652513576,0,0
0.04615301266312599,1.002346158027649,2.253857374191284,0.40922198300845075,0.5304647642809023,0,0
0.04589376598596573,0.9993500709533691,2.2532196044921875,0.4128241971948587,0.5281200035725301,0,0
0.045631907880306244,0.9962930083274841,2.252636432647705,0.4210243920376716,0.5301511896352881,0,0
0.04536648839712143,0.9931811094284058,2.2520999908447266,0.4089242449319483,0.5425330166018236,0,0
0.04509730637073517,0.9900199770927429,2.2515921592712402,0.43918293370881956,0.5727418463514792,0,0
0.04482470080256462,0.9868140816688538,2.2510979175567627,0.446898107818454,0.577977275193761,0,0
0.0445491187274456,0.9835675954818726,2.2506096363067627,0.4416708153881024,0.550822795435488,0,0
0.04427069425582886,0.9802840352058411,2.2501237392425537,0.43461888426278833,0.5804168451293739,0,0
0.04398913308978081,0.9769662618637085,2.2496604919433594,0.4415567663444222,0.5630159558138225,0,0
0.043703868985176086,0.9736173152923584,2.24923038482666,0.4413594842635761,0.5649584295774285,0,0
0.04341438040137291,0.9702403545379639,2.2488300800323486,0.4359858127846157,0.5639926330923404,0,0
0.04312041774392128,0.9668380618095398,2.24845290184021,0.43102572848004933,0.5452582932500598,0,0
0.042822033166885376,0.963412880897522,2.248091220855713,0.4503272461255945,0.5785805328661128,0,0
0.04251943528652191,0.9599669575691223,2.247736930847168,0.4276635005049732,0.5723146466472682,0,0
0.04221281036734581,0.956501841545105,2.2473950386047363,0.46703146596330675,0.5979399855684615,0,0
0.041902199387550354,0.9530192613601685,2.2470617294311523,0.4750144475845654,0.6142331035222995,0,0
0.0415874719619751,0.9495205879211426,2.2467477321624756,0.4703015004129703,0.5863533219129831,0,0
0.04126846417784691,0.9460073709487915,2.2464518547058105,0.46448523590741225,0.6015277692812274,0,0
0.040945086628198624,0.9424809813499451,2.2461729049682617,0.4793891593366582,0.5977424334253275,0,0
0.040617384016513824,0.9389427900314331,2.24590802192688,0.4831265753217246,0.6122530973559607,0,0
0.040285542607307434,0.9353939890861511,2.245654582977295,0.4569242913346929,0.5929438003029507,0,0
0.03994978591799736,0.9318354725837708,2.2454099655151367,0.47595841944384454,0.6027407113027605,0,0
0.03961029648780823,0.9282684922218323,2.2451722621917725,0.4708382025155473,0.6030840533984299,0,0
0.03926717862486839,0.9246934652328491,2.244943380355835,0.47170084708775767,0.5894614245708271,0,0
0.03892047330737114,0.9211112260818481,2.244727849960327,0.49697574209911355,0.6297593354042818,0,0
0.03857019543647766,0.9175224304199219,2.2445216178894043,0.503520879415916,0.6399131115027504,0,0
0.03821640461683273,0.9139278531074524,2.2443249225616455,0.4996272720990312,0.6395016188856762,0,0
0.037859223783016205,0.9103279709815979,2.244143009185791,0.4991438224503414,0.6351276231083994,0,0
0.0374988317489624,0.9067235589027405,2.243966817855835,0.5057441908949616,0.6297906613965878,0,0
0.03713541477918625,0.9031149744987488,2.243797779083252,0.4935374140869065,0.6522607166557666,0,0
0.03676912561058998,0.8995028138160706,2.24363374710083,0.5242131339339241,0.6568952924344407,0,0
0.03640008717775345,0.8958871364593506,2.2434792518615723,0.5033522537731265,0.6395525113854542,0,0
0.03602837398648262,0.8922685384750366,2.243330478668213,0.5083245850275102,0.6404797033189393,0,0
0.03565405309200287,0.8886470794677734,2.243189811706543,0.516104523774504,0.6379725337647035,0,0
0.03527721017599106,0.8850231766700745,2.243053674697876,0.5371496999412821,0.6755298208030561,0,0
0.03489796072244644,0.8813971281051636,2.2429275512695312,0.5128246820801027,0.6754511509807514,0,0
0.03451642766594887,0.8777691125869751,2.2428035736083984,0.5438561257930838,0.6633512129976114,0,0
0.03413274511694908,0.8741394877433777,2.2426881790161133,0.5419765708182807,0.6882589740737706,0,0
0.03374703601002693,0.8705082535743713,2.2425756454467773,0.536416156104996,0.6908029982631958,0,0
0.03335938975214958,0.866875946521759,2.24246883392334,0.5419287531768203,0.6960285302113752,0,0
0.032969892024993896,0.8632420897483826,2.2423675060272217,0.5511804537508653,0.6740904476880768,0,0
0.03257860243320465,0.8596072196960449,2.242271900177002,0.5407558354616254,0.6791729823296975,0,0
0.032185591757297516,0.8559715151786804,2.2421770095825195,0.5402128708953794,0.6869067905504169,0,0
0.03179094195365906,0.8523348569869995,2.2420883178710938,0.5348985987614538,0.6905557888354366,0,0
0.03139474615454674,0.8486975431442261,2.242003917694092,0.5771429438896741,0.7107589135092037,0,0
0.030997103080153465,0.8450595140457153,2.241924524307251,0.5723918994239154,0.7317243516490666,0,0
0.030598079785704613,0.8414210677146912,2.241849422454834,0.57130332126009,0.7254469767244522,0,0
0.030197761952877045,0.8377820253372192,2.241774320602417,0.5646723767396914,0.7267060316372502,0,0
0.02979620359838009,0.8341425657272339,2.2417044639587402,0.5752253085761803,0.7257163776969658,0,0
0.029393456876277924,0.8305027484893799,2.241641044616699,0.5731230839216233,0.7035895040119922,0,0
0.028989572077989578,0.8268623948097229,2.2415778636932373,0.5796461883478966,0.7139178188635549,0,0
0.028584616258740425,0.8232220411300659,2.241520881652832,0.5867922194094325,0.7078275301625947,0,0
0.028178628534078598,0.8195812106132507,2.2414634227752686,0.5777011013092431,0.7201153204113361,0,0
0.027771681547164917,0.8159403800964355,2.2414114475250244,0.5787105973931344,0.6968130484006263,0,0
0.027363833039999008,0.8122993111610413,2.2413594722747803,0.6043746971400488,0.7686877559741623,0,0
0.026955118402838707,0.8086579442024231,2.2413125038146973,0.5995403767173891,0.7613646849570476,0,0
0.02654559165239334,0.8050165772438049,2.2412655353546143,0.6063038058503445,0.7383111111747519,0,0
0.026135284453630447,0.8013749718666077,2.2412185668945312,0.6128786779553886,0.7665611117464719,0,0
0.025724239647388458,0.7977333664894104,2.241178512573242,0.6147215004089406,0.7639796627849048,0,0
0.02531248703598976,0.7940916419029236,2.241138458251953,0.6171895380201545,0.7623764696317014,0,0
0.024900071322917938,0.7904499769210815,2.241098403930664,0.6141310682734625,0.7445434981580741,0,0
0.024487027898430824,0.7868080735206604,2.241063356399536,0.6132280719485254,0.7602685472618269,0,0
0.02407340332865715,0.783166229724884,2.241028308868408,0.612704275762752,0.7372420741945279,0,0
0.023659229278564453,0.7795243263244629,2.2409932613372803,0.6068715543799141,0.744238423857124,0,0
0.023244529962539673,0.7758826017379761,2.2409634590148926,0.6306548194471499,0.7841086377670058,0,0
0.02282932959496975,0.7722406387329102,2.240933656692505,0.6596081820421256,0.7915208422215582,0,0
0.02241365984082222,0.7685987949371338,2.240903854370117,0.6600093422170625,0.7884931234196679,0,0
0.021997539326548576,0.7649570107460022,2.2408740520477295,0.6459081268713579,0.8137730716933674,0,0
0.02158099226653576,0.761315107345581,2.2408511638641357,0.6596802902273848,0.8011049135600945,0,0
0.021164054051041603,0.7576731443405151,2.240827798843384,0.6483323799234703,0.8079452933142283,0,0
0.020746739581227303,0.7540314793586731,2.240805149078369,0.6606742825643867,0.7843033931818792,0,0
0.020329071208834648,0.7503894567489624,2.240781784057617,0.6440874731843278,0.7848589472176118,0,0
0.019911065697669983,0.7467476725578308,2.2407588958740234,0.6550506445693761,0.7748498225883524,0,0
0.019492745399475098,0.7431060075759888,2.240741014480591,0.6450755268684923,0.7945207367518501,0,0
0.019074127078056335,0.7394642233848572,2.240722894668579,0.6944693511790366,0.5076977785932515,0,0
0.018655218183994293,0.7358226180076599,2.2407050132751465,0.6882816180039805,0.5184544460184524,0,0
0.018236039206385612,0.7321808338165283,2.240687370300293,0.6839225997491059,0.4879165762688163,0,0
0.017816605046391487,0.728539228439331,2.2406692504882812,0.6780990312279966,0.504203986656501,0,0
0.01739693433046341,0.7248977422714233,2.2406511306762695,0.6817737520257481,0.48545423020256157,0,0
0.016977040097117424,0.7212561964988708,2.2406392097473145,0.6905655579184437,0.5007556654900727,0,0
0.016556931659579277,0.7176146507263184,2.2406272888183594,0.6712896508104685,0.48933864184561027,0,0
0.016136623919010162,0.7139731049537659,2.2406153678894043,0.6747876193638447,0.5089917541108474,0,0
0.01571611687541008,0.7103316187858582,2.240603446960449,0.6758276458247753,0.49258014249051524,0,0
0.015295427292585373,0.7066901326179504,2.240591526031494,0.6633878028431639,0.5057897865676693,0,0
0.014874556101858616,0.7030487060546875,2.240579605102539,0.7171846819552611,0.5078243346659532,0,0
0.014453527517616749,0.6994072794914246,2.240567922592163,0.7078942198266351,0.5043056569956543,0,0
0.014032342471182346,0.6957658529281616,2.240555763244629,0.7109248766926427,0.4889175940322494,0,0
0.013611015863716602,0.6921244859695435,2.240543842315674,0.7027992966637661,0.510432066559258,0,0
0.013189557008445263,0.6884831786155701,2.2405378818511963,0.7286402969357137,0.47567433620859995,0,0
0.012767970561981201,0.6848418712615967,2.2405319213867188,0.7268910217836463,0.49970068836809844,0,0
0.01234626118093729,0.6812005639076233,2.240525960922241,0.7080963379116328,0.4827298859608816,0,0
0.011924431659281254,0.6775593161582947,2.2405200004577637,0.726538691965968,0.4927440768669394,0,0
0.011502491310238838,0.6739180684089661,2.240513801574707,0.7363408352547464,0.5070370709264892,0,0
0.011080440133810043,0.6702768802642822,2.2405080795288086,0.7231039150843656,0.5053742741780204,0,0
0.010658285580575466,0.6666356921195984,2.240501880645752,0.7554016689747501,0.48781271925835096,0,0
0.010236034169793129,0.6629945039749146,2.2404961585998535,0.7515882719599143,0.4884807457598936,0,0
0.00981369148939848,0.6593534350395203,2.240490198135376,0.7571001149149041,0.5025518242101675,0,0
0.00939126405864954,0.6557123064994812,2.2404842376708984,0.7597401324372701,0.48109409876740217,0,0
0.008968754671514034,0.6520711183547974,2.240478038787842,0.7504265839341532,0.5045100513481511,0,0
0.00854616891592741,0.6484299898147583,2.2404727935791016,0.7275631053995305,0.5014240563814127,0,0
0.008123512379825115,0.644788920879364,2.2404680252075195,0.7435503851629938,0.5027674051646267,0,0
0.007700793910771608,0.6411479115486145,2.2404627799987793,0.7657626939690653,0.4768089895178725,0,0
0.007278016768395901,0.6375067830085754,2.240457534790039,0.7479439039635172,0.5051315573526064,0,0
0.006855190731585026,0.6338657736778259,2.240457534790039,0.7452718451036996,0.49830435615543095,0,0
0.006432313937693834,0.6302246451377869,2.240457534790039,0.7928292502200809,0.5079676842076186,0,0
0.006009384524077177,0.6265836954116821,2.240457534790039,0.800132154295617,0.4965204256393197,0,0
0.005586407613009214,0.6229426860809326,2.240457534790039,0.7823869039392074,0.49876544741653667,0,0
0.005163377616554499,0.6193016767501831,2.240457534790039,0.786686906606149,0.5020281054646701,0,0
0.004740298725664616,0.6156607270240784,2.240457534790039,0.788166083764955,0.49924505252762874,0,0
0.004317170474678278,0.6120197176933289,2.240457534790039,0.8098741574009887,0.5040411352900529,0,0
0.0038939921651035547,0.6083787083625793,2.240457534790039,0.7806665067805467,0.4863852599937918,0,0
0.003470766358077526,0.6047377586364746,2.240457534790039,0.7924989962484983,0.48980829810300835,0,0
0.0030474886298179626,0.6010968089103699,2.240457534790039,0.7747793308070733,0.4906248868051583,0,0
0.002624162705615163,0.5974558591842651,2.240457534790039,0.7940212086871865,0.5043778041502118,0,0
0.002200789051130414,0.5938149690628052,2.240457534790039,0.5004993225280943,0.4988600965791834,0,0
0.001777366385795176,0.5901740193367004,2.240457534790039,0.5015470420013096,0.5049811588496173,0,0
0.0013538956409320235,0.5865331888198853,2.240457534790039,0.4976600745838561,0.5232868376242805,0,0
0.0009303753613494337,0.5828922986984253,2.240457534790039,0.4870575167487262,0.5107587349677714,0,0
0.0005068078171461821,0.5792515873908997,2.240457534790039,0.5026924569877874,0.5032912161152924,0,0
8.319222979480401e-05,0.5756107568740845,2.240457534790039,0.5034467971042753,0.4893580688938687,0,0
-0.00034046833752654493,0.5719699859619141,2.240457534790039,0.490778382887305,0.5038550971799961,0,0
-0.0007641820120625198,0.5683291554450989,2.240457534790039,0.5024740039385507,0.5057975829658177,0,0
-0.0011879377998411655,0.5646882653236389,2.240457534790039,0.48443460516536563,0.5148095672754531,0,0
-0.0016117425402626395,0.5610474944114685,2.240457534790039,0.4867994297004724,0.5069764688880792,0,0
-0.002035596175119281,0.5574067234992981,2.240457534790039,0.5022161531248504,0.5062063985686605,0,0
-0.0024594932328909636,0.5537659525871277,2.240457534790039,0.4833375027955882,0.49918142103743385,0,0
-0.0028834384866058826,0.5501251816749573,2.240457534790039,0.49600416426756055,0.49163841422812904,0,0
-0.0033074289094656706,0.5464844107627869,2.240457534790039,0.5069010172384689,0.5245102924708112,0,0
-0.003731466829776764,0.5428436994552612,2.240457534790039,0.510338245463386,0.4746547209483465,0,0
-0.0041555496864020824,0.5392029881477356,2.240457534790039,0.512029404878112,0.49626000911613627,0,0
-0.00457967771217227,0.53556227684021,2.240457534790039,0.518227506664997,0.5104586416642514,0,0
-0.005003853235393763,0.5319215655326843,2.240457534790039,0.5162642671357353,0.4979099567688337,0,0
-0.00542807299643755,0.5282808542251587,2.240457534790039,0.4964740702865598,0.5035588238323259,0,0
-0.005852338392287493,0.5246402621269226,2.240457534790039,0.5105592162955295,0.4997950928162105,0,0
-0.00627664802595973,0.520999550819397,2.240457534790039,0.5080495156045022,0.5103232701186027,0,0
-0.006701002828776836,0.5173589587211609,2.240457534790039,0.5100227634266198,0.49648730681705694,0,0
-0.007125400006771088,0.51371830701828,2.240457534790039,0.5089008715470064,0.4936292410701834,0,0
-0.0075498479418456554,0.5100776553153992,2.240457534790039,0.510933112037408,0.48934569066350225,0,0
-0.007974334061145782,0.5064371228218079,2.240457534790039,0.496717558544342,0.5034618495806102,0,0
-0.008398868143558502,0.5027965307235718,2.240457534790039,0.4988196771988764,0.49503657892251185,0,0
-0.008823443204164505,0.4991559088230133,2.240457534790039,0.5087625855564144,0.5039087083403444,0,0
-0.00924806296825409,0.49551522731781006,2.240457534790039,0.5025956468994032,0.5209485344886425,0,0
-0.009672727435827255,0.49187469482421875,2.240457534790039,0.48833599435684855,0.49711280311938494,0,0
-0.010097436606884003,0.48823416233062744,2.240457534790039,0.49520572586842243,0.49569822180421325,0,0
-0.010522188618779182,0.48459360003471375,2.240457534790039,0.49532650697841724,0.511714806677216,0,0
-0.010946981608867645,0.48095306754112244,2.240457534790039,0.5072076387447364,0.5028936175147515,0,0
-0.01137181930243969,0.47731247544288635,2.240457534790039,0.49915538137531834,0.5214586046863673,0,0
-0.011796697042882442,0.47367194294929504,2.240457534790039,0.49836131787230176,0.47109932474203414,0,0
-0.012221620418131351,0.47003141045570374,2.240457534790039,0.5074935010274934,0.5058115253240075,0,0
-0.01264658197760582,0.4663909375667572,2.240457534790039,0.500800403147213,0.4896154086959095,0,0
-0.013071590103209019,0.4627504348754883,2.240457534790039,0.4911924705406629,0.4801409632980644,0,0
-0.013496636413037777,0.459109902381897,2.240457534790039,0.4868637115345784,0.5121319242801583,0,0
-0.013921724632382393,0.4554694592952728,2.240457534790039,0.4985186277884368,0.5123704356738091,0,0
-0.014346860349178314,0.4518290162086487,2.240457534790039,0.49002190029374554,0.5082056118864606,0,0
-0.014772032387554646,0.4481886029243469,2.240457534790039,0.49854509473609304,0.5018490513530617,0,0
-0.015197246335446835,0.44454821944236755,2.240457534790039,0.5014018087066827,0.49506176552447584,0,0
-0.01562250591814518,0.4409077763557434,2.240457534790039,0.5153330580438275,0.49206244861962894,0,0
-0.016047799959778786,0.4372674226760864,2.240457534790039,0.508886564124265,0.49844496725632176,0,0
-0.016473136842250824,0.43362700939178467,2.240457534790039,0.49019212541568286,0.5217324914344528,0,0
-0.016898516565561295,0.4299865663051605,2.240457534790039,0.48752524577913164,0.5021016165274736,0,0
-0.0173239354044199,0.4263462424278259,2.240457534790039,0.4974921266570994,0.5112806937929089,0,0
-0.017749395221471786,0.42270588874816895,2.240457534790039,0.5127326376550733,0.5129565663628437,0,0
-0.018174896016716957,0.4190654754638672,2.240457534790039,0.49716784329453967,0.4813213928794334,0,0
-0.01860043592751026,0.415425181388855,2.240457534790039,0.47946705971373654,0.5077571119975931,0,0
-0.0190260149538517,0.4117848575115204,2.240457534790039,0.504619238391863,0.5009361339452234,0,0
-0.01945163495838642,0.4081445038318634,2.240457534790039,0.4848003459430414,0.48915362388084027,0,0
-0.019877295941114426,0.4045042395591736,2.240457534790039,0.502013580712363,0.49738051284892415,0,0
-0.020302992314100266,0.40086397528648376,2.240457534790039,0.5175812367978404,0.5037119528968887,0,0
-0.02072872780263424,0.39722365140914917,2.240457534790039,0.5091234503987879,0.5124328138258292,0,0
-0.021154502406716347,0.39358338713645935,2.240457534790039,0.49939897813587647,0.5041952838863796,0,0
-0.021580321714282036,0.38994312286376953,2.240457534790039,0.48772391143524324,0.4966669563722502,0,0
-0.02200617454946041,0.3863028287887573,2.240457534790039,0.5065137003711159,0.49970611000242793,0,0
-0.022432072088122368,0.3826625943183899,2.240457534790039,0.4865367383918712,0.5187293535058045,0,0
-0.02285800129175186,0.37902238965034485,2.240457534790039,0.49131411133723507,0.5056655638498971,0,0
-0.023283973336219788,0.37538209557533264,2.240457534790039,0.5108305001790557,0.4965731970234623,0,0
-0.023709982633590698,0.3717418909072876,2.240457534790039,0.4999637400075408,0.5254502463892725,0,0
-0.024136029183864594,0.36810168623924255,2.240457534790039,0.498175869855154,0.49109328551186665,0,0
-0.024562114849686623,0.36446139216423035,2.240457534790039,0.5127540595327347,0.5012022696213986,0,0
-0.024988217279314995,0.3608212172985077,2.240457534790039,0.5043901690202031,0.4964980859994833,0,0
-0.02541431225836277,0.35718101263046265,2.240457534790039,0.5075143417897476,0.5059853895561828,0,0
-0.02584036998450756,0.3535408079624176,2.240457534790039,0.49176379202272524,0.5012022238762728,0,0
-0.026266397908329964,0.34990057349205017,2.240457534790039,0.4931032169703546,0.4956571978431066,0,0
-0.02669239602982998,0.3462603688240051,2.240457534790039,0.4832295712120178,0.5073685021588973,0,0
-0.027118360623717308,0.3426200747489929,2.240457534790039,0.5056608899700443,0.49594167695448876,0,0
-0.02754429168999195,0.3389798700809479,2.240457534790039,0.5024535557596569,0.5072768154149403,0,0
-0.027970198541879654,0.33533963561058044,2.240457534790039,0.5158066644361555,0.5084052445699949,0,0
-0.02839607000350952,0.33169934153556824,2.240457534790039,0.5138100735204567,0.48479429347469033,0,0
-0.028821909800171852,0.3280591368675232,2.240457534790039,0.47611291735150046,0.5030994422094764,0,0
-0.029247725382447243,0.32441890239715576,2.240457534790039,0.4997163950736654,0.5080209602839715,0,0
-0.029673507437109947,0.32077866792678833,2.240457534790039,0.503571445121129,0.4962914207486467,0,0
-0.030099252238869667,0.3171384632587433,2.240457534790039,0.49352966219105937,0.5058542373875189,0,0
-0.030524972826242447,0.31349819898605347,2.240457534790039,0.4863656813077384,0.5072934919150762,0,0
-0.03095066361129284,0.30985793471336365,2.240457534790039,0.494703893086514,0.5184254300468116,0,0
-0.03137632831931114,0.3062177300453186,2.240457534790039,0.4993097650149565,0.5103560881436346,0,0
-0.03180196136236191,0.3025774359703064,2.240457534790039,0.49535009733718804,0.5129083721991633,0,0
-0.032227568328380585,0.29893723130226135,2.240457534790039,0.49614115029964795,0.5021737402491012,0,0
-0.032653141766786575,0.29529696702957153,2.240457534790039,0.49103339224393233,0.5003684246866569,0,0
-0.03307868540287018,0.2916566729545593,2.240457534790039,0.5148918358070002,0.4923570831452454,0,0
-0.03350419923663139,0.2880164384841919,2.240457534790039,0.5007513125237879,0.5060247520583534,0,0
-0.03392969071865082,0.2843761742115021,2.240457534790039,0.49392034282301317,0.4961517194500015,0,0
-0.03435514122247696,0.28073588013648987,2.240457534790039,0.5008784823311384,0.5087350319037296,0,0
-0.03478056937456131,0.27709564566612244,2.240457534790039,0.49217083650405447,0.5057439861102334,0,0
-0.03520596772432327,0.27345535159111023,2.240457534790039,0.5147148595316913,0.5066068597100609,0,0
-0.03563133627176285,0.269815057516098,2.240457534790039,0.5025674344558019,0.5204502826734112,0,0
-0.036056675016880035,0.2661748230457306,2.240457534790039,0.4987794220285887,0.5105946853599541,0,0
-0.036481987684965134,0.26253455877304077,2.240457534790039,0.5001091196350641,0.5071252927658237,0,0
-0.036907266825437546,0.25889426469802856,2.240457534790039,0.49176847277071556,0.5177888736558022,0,0
-0.03733252361416817,0.2552540600299835,2.240457534790039,0.512969632199492,0.4968326885833104,0,0
-0.0377577543258667,0.2516137659549713,2.240457534790039,0.5031972128795393,0.4848455012119035,0,0
-0.038182955235242844,0.2479735016822815,2.240457534790039,0.5101601055578917,0.4953309664935448,0,0
-0.0386081263422966,0.24433323740959167,2.240457534790039,0.48446601445861903,0.49353512602194743,0,0
-0.039033275097608566,0.24069291353225708,2.240457534790039,0.4932370818412518,0.5004441645696349,0,0
-0.039458394050598145,0.23705263435840607,2.240457534790039,0.5069593629003968,0.4982973891539688,0,0
-0.039883486926555634,0.23341234028339386,2.240457534790039,0.5126456459761823,0.511617001708494,0,0
-0.040308546274900436,0.22977200150489807,2.240457534790039,0.5004136134835135,0.505559773335588,0,0
-0.04073358327150345,0.22613172233104706,2.240457534790039,0.5174073601080421,0.5086729246131833,0,0
-0.04115859046578407,0.22249144315719604,2.240457534790039,0.4962209890760761,0.502281970369618,0,0
-0.04158357158303261,0.21885113418102264,2.240457534790039,0.5103365250855482,0.49820339968988947,0,0
-0.04200851917266846,0.21521082520484924,2.240457534790039,0.49203477601491713,0.4839554444054764,0,0
-0.04243344068527222,0.21157054603099823,2.240457534790039,0.4905911160803509,0.4952877806595467,0,0
-0.04285833612084389,0.20793022215366364,2.240457534790039,0.5166314082353836,0.5003144038689171,0,0
-0.04328320920467377,0.20428994297981262,2.240457534790039,0.5100166765078323,0.5090247448409262,-1,-1
-0.04370787739753723,0.20064951479434967,2.239995002746582,0.49871834621793626,0.5070224649515435,0,0
-0.044133882969617844,0.19701071083545685,2.239666700363159,0.5199249338014852,0.49165993299080446,0,0
-0.04456197842955589,0.19337686896324158,2.2398147583007812,0.495469438912209,0.4983191752551108,0,0
-0.0449909009039402,0.18975232541561127,2.2406187057495117,0.4972956669710953,0.4895972939033571,0,0
-0.04541721194982529,0.1861415058374405,2.2421674728393555,0.49108200609361286,0.5148119011038276,0,0
-0.045836109668016434,0.18254929780960083,2.244502305984497,0.4954487299071514,0.5054290709672593,0,0
-0.046240370720624924,0.17898039519786835,2.247633457183838,0.5216934371250287,0.495224696977449,0,0
-0.046622611582279205,0.1754392683506012,2.2515454292297363,0.5029724565966548,0.5017678742759811,0,0
-0.04697367176413536,0.17193055152893066,2.256228446960449,0.49067873405160933,0.4995672325082079,0,0
-0.047285281121730804,0.1684582382440567,2.261644124984741,0.5127338646341217,0.49634609889232695,0,0
-0.0475483313202858,0.1650272160768509,2.2677879333496094,0.4928227702415659,0.5025231742843295,0,0
-0.047754786908626556,0.1616417020559311,2.2746188640594482,0.505273741266233,0.5081540571245603,0,0
-0.0478966049849987,0.15830715000629425,2.2821245193481445,0.5055965894352259,0.495097198269701,0,0
-0.0479666143655777,0.15502826869487762,2.290271282196045,0.4967024672255521,0.49765327844493457,0,0
-0.04795868322253227,0.15181128680706024,2.2990424633026123,0.517490617435222,0.5003564611332756,0,0
-0.04786679521203041,0.14866194128990173,2.3084163665771484,0.506056306811953,0.5148430468314219,0,0
-0.04768669232726097,0.1455867886543274,2.3183650970458984,0.5166745438065677,0.5061268654672291,0,0
-0.04741409793496132,0.1425926238298416,2.3288798332214355,0.5024095153038212,0.5060970785826344,0,0
-0.04704675078392029,0.13968589901924133,2.339925765991211,0.49744899868544407,0.5162335136497336,0,0
-0.04658332094550133,0.13687442243099213,2.3515074253082275,0.5016024524432812,0.5135939673217113,0,0
-0.04602333530783653,0.1341656744480133,2.363586187362671,0.511732265497187,0.5127965046667131,0,0
-0.045367997139692307,0.13156826794147491,2.3761796951293945,0.5020179009170298,0.50266594265792,0,0
-0.044618017971515656,0.12909123301506042,2.389246940612793,0.49106715470330875,0.5121686429660692,0,0
-0.043775059282779694,0.126742422580719,2.4027392864227295,0.4920591412196394,0.5140021119913534,0,0
-0.04284197464585304,0.1245303601026535,2.416692018508911,0.5044515470075737,0.5043366045819889,0,0
-0.04182152822613716,0.1224621832370758,2.430999994277954,0.4842059224708056,0.5101644083992,0,0
-0.04071877524256706,0.12054410576820374,2.445718288421631,0.4763484859418585,0.49960945769644166,0,0
-0.03954078629612923,0.11878284066915512,2.4608206748962402,0.5021920511280865,0.48827312265868966,0,0
-0.0382951982319355,0.11718348413705826,2.4763646125793457,0.4941828640892763,0.4961689361698404,0,0
-0.036992695182561874,0.11575064063072205,2.4922025203704834,0.5091257134140927,0.5031095433503561,0,0
-0.03564450889825821,0.11448957026004791,2.508350372314453,0.4976172713542726,0.4985334832564601,0,0
-0.03426174819469452,0.113404780626297,2.524876117706299,0.4991891508570124,0.501219963094784,0,0
-0.03285728022456169,0.11250009387731552,2.5416884422302246,0.4930942735785397,0.5020667659269464,0,0
-0.03144408389925957,0.11177995055913925,2.5587964057922363,0.4946299497653382,0.5192865583487419,0,0
-0.0300338976085186,0.11124800145626068,2.5762734413146973,0.5147696159529763,0.49062591172524056,0,0
-0.028638847172260284,0.11090591549873352,2.5940728187561035,0.5086697808071552,0.5038661118770451,0,0
-0.02727114036679268,0.11075440049171448,2.6121773719787598,0.48816125491119716,0.5223093743281741,0,0
-0.02594207040965557,0.1107923686504364,2.630610227584839,0.5062252844736547,0.49949174035328675,0,0
-0.024662652984261513,0.1110161766409874,2.6493446826934814,0.5051555751537177,0.5156331194693737,0,0
-0.02344375103712082,0.1114199310541153,2.6683614253997803,0.4895141880082049,0.4915143344299278,0,0
-0.022295963019132614,0.11199528723955154,2.6876490116119385,0.4874535966504639,0.5260861169092981,0,0
-0.021229740232229233,0.11273178458213806,2.7071924209594727,0.4909776269608364,0.5159104318254918,0,0
-0.02025461010634899,0.11361700296401978,2.7269814014434814,0.5132603947725642,0.47836409086072196,0,0
-0.019379593431949615,0.1146358996629715,2.746978759765625,0.48728044318639663,0.5228916605600292,0,0
-0.018613949418067932,0.11577190458774567,2.767181396484375,0.4811217204490305,0.5047381444081614,0,0
-0.01796572655439377,0.11700816452503204,2.787611961364746,0.5047498295678707,0.49479957448614426,0,0
-0.017440807074308395,0.11832630634307861,2.8082284927368164,0.5018958829685433,0.4992312887494523,0,0
-0.017044363543391228,0.11970621347427368,2.828997850418091,0.49314349781826355,0.5040171901045061,0,0
-0.016781089827418327,0.12112806737422943,2.8499536514282227,0.5001071349458143,0.50354498895261,0,0
-0.016653403639793396,0.1225728914141655,2.871112823486328,0.49226732189265987,0.49588539824637146,0,0
-0.01666116528213024,0.12402146309614182,2.8924310207366943,0.501339575429147,0.5189675758954345,0,0
-0.01680280826985836,0.1254546195268631,2.9139013290405273,0.4875423955350388,0.49430875067784197,0,0
-0.017075257375836372,0.1268545240163803,2.9355454444885254,0.5074552160773731,0.5035413264456075,0,0
-0.017473381012678146,0.12820474803447723,2.957353115081787,0.4990960439823377,0.4954502657985131,0,0
-0.017990250140428543,0.12949031591415405,2.9793174266815186,0.4971643335530417,0.5146489159317479,0,0
-0.018617205321788788,0.13069814443588257,3.00142765045166,0.5205294004797691,0.5009315849594531,0,0
-0.01934376172721386,0.1318168342113495,3.0236704349517822,0.5056159770237726,0.4895707139014855,0,0
-0.020158449187874794,0.13283637166023254,3.0460333824157715,0.5037833582784759,0.5170140833461725,0,0
-0.021049590781331062,0.13374899327754974,3.0685226917266846,0.504315477601651,0.5057927441979516,0,0
-0.02200472541153431,0.13454975187778473,3.0911262035369873,0.48936372540115514,0.4890398885350331,0,0
-0.023010045289993286,0.13523559272289276,3.1138079166412354,0.511343888419922,0.5115621789831051,0,0
-0.024051472544670105,0.13580434024333954,3.1365578174591064,0.4882247183661459,0.4887388220224302,0,0
-0.025116199627518654,0.1362549364566803,-3.12379789352417,0.49559664823694616,0.4987780268983319,0,0
-0.02619246207177639,0.13658878207206726,-3.1009018421173096,0.48940875785935123,0.48982378333469595,0,0
-0.02726827561855316,0.13680963218212128,-3.077967405319214,0.5033880530936456,0.4974820270051215,0,0
-0.028331100940704346,0.1369219869375229,-3.055013418197632,0.5193777252668003,0.4925859055411057,0,0
-0.029368968680500984,0.13693012297153473,-3.032038688659668,0.4976715510930982,0.5062082684726016,0,0
-0.03037167340517044,0.13683867454528809,-3.0090506076812744,0.4885352545945457,0.5087339123848562,0,0
-0.0313306599855423,0.13665394484996796,-2.9860618114471436,0.49485195127838216,0.5167754337574726,0,0
-0.03223798796534538,0.13638447225093842,-2.963099718093872,0.5033673404832646,0.4991833276330412,0,0
-0.03308551013469696,0.13604000210762024,-2.9401774406433105,0.5042456606181184,0.4971944596676573,0,0
-0.033865395933389664,0.1356302797794342,-2.9173014163970947,0.4953589171564375,0.4920909053041579,0,0
-0.03457149490714073,0.13516446948051453,-2.894469738006592,0.49986468063079936,0.5004194319198298,0,0
-0.0352003239095211,0.1346517652273178,-2.8716979026794434,0.5089205728185893,0.5278745361921274,0,0
-0.03575074300169945,0.13410216569900513,-2.849006414413452,0.4952063099441179,0.5001076885993303,0,0
-0.03622287139296532,0.13352654874324799,-2.8264029026031494,0.5022576490441983,0.5008704045077863,0,0
-0.036617085337638855,0.1329360455274582,-2.8038997650146484,0.5041629228483208,0.5166427699473897,0,0
-0.03693391755223274,0.132341206073761,-2.7815029621124268,0.5129368009023322,0.4930111105837677,0,0
-0.037174832075834274,0.1317514032125473,-2.7592198848724365,0.5219344371954946,0.4892534436699854,0,0
-0.037343211472034454,0.13117459416389465,-2.737062454223633,0.5055516428598318,0.5000617009030092,0,0
-0.037444841116666794,0.1306174397468567,-2.71504545211792,0.49685371456505084,0.5009498784210173,0,0
-0.037487491965293884,0.1300858110189438,-2.6931815147399902,0.49099901673595525,0.49400565237864863,0,0
-0.0374797061085701,0.1295846849679947,-2.6714749336242676,0.4987294840426673,0.5213964344281911,0,0
-0.037429243326187134,0.12911809980869293,-2.6499292850494385,0.49279778019062753,0.5164082422332216,0,0
-0.03734233230352402,0.128689244389534,-2.6285510063171387,0.48985890609959587,0.4988592051984498,0,0
-0.03722412511706352,0.12830054759979248,-2.6073598861694336,0.49235326216019165,0.4943770502266679,0,0
-0.03707943856716156,0.1279534548521042,-2.5863633155822754,0.4822989996503146,0.5156695711749472,0,0
-0.03691328316926956,0.12764804065227509,-2.5655713081359863,0.505974802101596,0.49936602624322973,0,0
-0.03673103451728821,0.12738285958766937,-2.54499888420105,0.4893534365872391,0.4895642495765524,0,0
-0.03653823956847191,0.12715518474578857,-2.5246496200561523,0.4896704621726864,0.4967463641075289,0,0
-0.03634012117981911,0.12696164846420288,-2.5045366287231445,0.4869718734042775,0.5134425845881464,0,0
-0.036141302436590195,0.12679919600486755,-2.4846673011779785,0.484861829985042,0.487383537991875,0,0
-0.03594601899385452,0.12666551768779755,-2.4650440216064453,0.5029376859076828,0.5036798975375335,0,0
-0.03575827553868294,0.1265586018562317,-2.445679187774658,0.5222748480189869,0.49843037508215293,0,0
-0.035581424832344055,0.12647630274295807,-2.426581859588623,0.5025758363882005,0.5082867789208461,0,0
-0.03541768714785576,0.1264164000749588,-2.40775465965271,0.5052813560490017,0.5202789249679391,0,0
-0.035268157720565796,0.12637683749198914,-2.3892018795013428,0.49387143719078763,0.5079035626004541,0,0
-0.03513311222195625,0.12635551393032074,-2.3709373474121094,0.5073910579917941,0.4958144488890054,0,0
-0.03501233458518982,0.12635037302970886,-2.3529629707336426,0.4840607781811382,0.5078158214064671,0,0
-0.03490525111556053,0.1263590157032013,-2.3352792263031006,0.5070406522751241,0.4715444605988929,0,0
-0.03481098264455795,0.1263788342475891,-2.3178980350494385,0.49357564061812637,0.4995769806645108,0,0
-0.034728288650512695,0.12640710175037384,-2.300821304321289,0.4932910860900586,0.5110598872270308,0,0
-0.03465583175420761,0.12644128501415253,-2.2840542793273926,0.4877287829595748,0.5042046006170257,0,0
-0.03459250181913376,0.12647901475429535,-2.267604351043701,0.4878545376124702,0.49857844351906827,0,0
-0.03453739732503891,0.12651804089546204,-2.2514705657958984,0.4964143503908941,0.5006698084099839,0,0
-0.03448959439992905,0.1265561878681183,-2.2356576919555664,0.5149037338197618,0.48954754777036585,0,0
-0.03444822505116463,0.1265917718410492,-2.2201712131500244,0.48113562305944735,0.5116135588904923,0,0
-0.034412648528814316,0.1266234964132309,-2.2050070762634277,0.5044168406451509,0.49054938143429466,0,0
-0.034382376819849014,0.1266503632068634,-2.190171003341675,0.5081340355243122,0.49453015341544343,0,0
-0.03435696288943291,0.12667173147201538,-2.1756696701049805,0.5083846248429366,0.5045550356974979,0,0
-0.03433598205447197,0.12668733298778534,-2.161498546600342,0.48466704127258403,0.4948878540372913,0,0
-0.034319039434194565,0.12669715285301208,-2.1476621627807617,0.4916477832359839,0.5088015425858871,0,0
-0.03430576249957085,0.12670153379440308,-2.1341562271118164,0.49371266020199495,0.4887862584074694,0,0
-0.03429579734802246,0.1267010122537613,-2.1209864616394043,0.5054711407017839,0.48403481494122774,0,0
-0.03428877890110016,0.12669627368450165,-2.108152389526367,0.4936648180769313,0.49902553578261966,0,0
-0.034284282475709915,0.1266881227493286,-2.095648765563965,0.49525053190071766,0.5193423180772953,0,0
-0.034281883388757706,0.12667745351791382,-2.0834808349609375,0.46314303382548927,0.5062236079953905,0,0
-0.03428119793534279,0.1266651749610901,-2.0716421604156494,0.508387639336261,0.4791721695006704,0,0
-0.03428184613585472,0.12665213644504547,-2.0601389408111572,0.500295786352808,0.5101775638496336,0,0
-0.03428341820836067,0.12663912773132324,-2.0489652156829834,0.4885801670565239,0.49785380541273616,0,0
-0.034285545349121094,0.1266269087791443,-2.038120746612549,0.5045758335247462,0.49222130832225075,0,0
-0.03428792580962181,0.12661610543727875,-2.0275988578796387,0.49506360095354196,0.48688804814990416,0,0
-0.03429029881954193,0.12660713493824005,-2.0174005031585693,0.5057684061727599,0.5006085501864446,0,0
-0.03429244086146355,0.12660034000873566,-2.0075249671936035,0.4965252177025436,0.5079744749384489,0,0
-0.034294161945581436,0.12659594416618347,-1.9979671239852905,0.4911255850518574,0.5061892014464886,0,0
-0.034295354038476944,0.12659400701522827,-1.9887275695800781,0.4939940597879404,0.49793740907054596,0,0
-0.034295953810214996,0.12659449875354767,-1.979799509048462,0.502667619752226,0.49767838954585125,0,0
-0.03429596871137619,0.12659725546836853,-1.9711828231811523,0.5146580033330611,0.48646441096916254,0,0
-0.034295424818992615,0.12660205364227295,-1.9628715515136719,0.5176101170405882,0.5025533834923204,0,0
-0.03429440036416054,0.12660861015319824,-1.9548609256744385,0.5115806702002522,0.4878767911603488,0,0
-0.03429298475384712,0.12661662697792053,-1.9471501111984253,0.49317730264554616,0.5151426585463177,0,0
-0.034291334450244904,0.12662574648857117,-1.9397333860397339,0.5059709335905228,0.49487742193945217,0,0
-0.03428960219025612,0.1266356259584427,-1.9326035976409912,0.5185704800407817,0.4944679084692942,0,0
-0.034287601709365845,0.12664607167243958,-1.9257678985595703,0.5072336469312035,0.4862337277829074,0,0
-0.03428782895207405,0.12665580213069916,-1.9192214012145996,0.49094986236921345,0.4990066496668455,0,0
-0.03429679945111275,0.12666164338588715,-1.912956714630127,0.5067230332600754,0.49955021992825566,0,0
-0.03432516008615494,0.12665769457817078,-1.9069736003875732,0.49114189727654955,0.4823712058278566,0,0
-0.03438630327582359,0.12663614749908447,-1.9012434482574463,0.5062486232590986,0.49912481692618244,0,0
-0.034496769309043884,0.12658946216106415,-1.895768642425537,0.5221335404779818,0.5062247958531417,0,0
-0.034677181392908096,0.12650944292545319,-1.8906152248382568,0.49657282807695036,0.48353887350832564,0,0
-0.034949444234371185,0.12638548016548157,-1.885778546333313,0.4927387309470057,0.504915202480686,0,0
-0.03533276915550232,0.12620697915554047,-1.881166696548462,0.5023593086179206,0.5161048359634499,0,0
-0.03584359958767891,0.12596718966960907,-1.8767459392547607,0.49248226131504663,0.495526867246411,0,0
-0.036497365683317184,0.1256629079580307,-1.872581958770752,0.508453942467547,0.5021673455455847,0,0
-0.03730751574039459,0.12529215216636658,-1.868668556213379,0.5057583592063716,0.5079854980048614,0,0
-0.03828316926956177,0.12485396862030029,-1.8649535179138184,0.5020989526611488,0.4923948879577026,0,0
-0.03942854702472687,0.12434877455234528,-1.8614182472229004,0.49004087470714813,0.4990919231074483,0,0
-0.04074390232563019,0.12377814948558807,-1.8580543994903564,0.498492374275541,0.4827316791141733,0,0
-0.042226143181324005,0.12314378470182419,-1.8548532724380493,0.5116626303929933,0.5000990244494606,0,0
-0.043869346380233765,0.12244755029678345,-1.8517990112304688,0.501485946108873,0.4997445372132548,0,0
-0.0456654354929924,0.12169148772954941,-1.848881483078003,0.5034306747651867,0.49567042675099554,0,0
-0.04760483652353287,0.120877705514431,-1.8460925817489624,0.520310670099016,0.4945739410137643,0,0
-0.049676939845085144,0.1200079694390297,-1.8434240818023682,0.48651302407647623,0.49759796053827743,0,0
-0.05187046155333519,0.1190837100148201,-1.84087336063385,0.4900201734433165,0.4989715728101901,0,0
-0.05417388305068016,0.11810611188411713,-1.8384358882904053,0.4937592276828709,0.49374195895533524,0,0
-0.056576065719127655,0.11707642674446106,-1.8361008167266846,0.5128335058416574,0.5047890664188516,0,0
-0.059066735208034515,0.1159961000084877,-1.8338549137115479,0.48277613077643144,0.47849311093043284,0,0
-0.0616365447640419,0.11486680060625076,-1.8316930532455444,0.4969921168606183,0.49438450216088536,0,0
-0.06427696347236633,0.11369036138057709,-1.8296213150024414,0.49946139648785115,0.514861003366924,0,0
-0.06698010116815567,0.11246886104345322,-1.827641487121582,0.49388440444491744,0.4935188047315674,0,0
-0.06973853707313538,0.11120444536209106,-1.8257570266723633,0.5061305582559898,0.5055594961839418,0,0
-0.07254543155431747,0.10989950597286224,-1.823960304260254,0.5057301450312027,0.497948223079581,0,0
-0.0753946602344513,0.10855642706155777,-1.8222453594207764,0.5061469750735306,0.5094178417536862,0,0
-0.07828091830015182,0.10717756301164627,-1.8206007480621338,0.49212903873671515,0.501727984700104,0,0
-0.08119958639144897,0.10576508939266205,-1.8190288543701172,0.5127733170416119,0.501764053790322,0,0
-0.08414661139249802,0.10432091355323792,-1.8175233602523804,0.508242565906265,0.5023129404698239,0,0
-0.08711831271648407,0.10284679383039474,-1.8160855770111084,0.5123665027271878,0.5005891929710905,0,0
-0.09011133015155792,0.10134446620941162,-1.8147155046463013,0.4916433233025258,0.5043301652906294,0,0
-0.09312265366315842,0.09981556236743927,-1.813408374786377,0.4950867504784589,0.5060820443322254,0,0
-0.09614980220794678,0.09826163202524185,-1.812159538269043,0.49857719911742315,0.49078273439913683,0,0
-0.09919068962335587,0.0966840460896492,-1.8109625577926636,0.5046931731449957,0.5047769319702491,0,0
-0.10224367678165436,0.0950840413570404,-1.8098206520080566,0.4997942530842526,0.5049421180580244,0,0
-0.10530736297369003,0.09346269816160202,-1.8087300062179565,0.5101191193076325,0.4949250916642941,0,0
-0.1083805039525032,0.0918210819363594,-1.8076854944229126,0.5087462379883702,0.5138280971043466,0,0
-0.11146194487810135,0.09016028046607971,-1.8066890239715576,0.5152832515966036,0.4902753642529159,0,0
-0.1145506203174591,0.08848141133785248,-1.8057352304458618,0.501238301366952,0.48612927162110625,0,0
-0.11764552444219589,0.08678560703992844,-1.8048268556594849,0.5267258756732673,0.503492392504269,0,0
-0.12074583768844604,0.08507388085126877,-1.8039613962173462,0.482404572307172,0.5053517586958933,0,0
-0.12385078519582748,0.0833471417427063,-1.8031352758407593,0.49356760453341453,0.5209044539072271,0,0
-0.12695975601673126,0.0816061720252037,-1.8023446798324585,0.4968989330458471,0.4977471013857325,0,0
-0.13007216155529022,0.0798516720533371,-1.8015899658203125,0.5044578486109329,0.49514118904777554,0,0
-0.13318747282028198,0.07808437198400497,-1.800864577293396,0.5088627135252424,0.49986837906076376,0,0
-0.13630519807338715,0.07630499452352524,-1.8001704216003418,0.5002869288621326,0.48861657880400117,0,0
-0.1394248753786087,0.07451428472995758,-1.7995131015777588,0.464940280693976,0.4868052504775427,0,0
-0.14254610240459442,0.07271302491426468,-1.7988814115524292,0.49660568547713885,0.49110498564813987,0,0
-0.14566855132579803,0.07090189307928085,-1.7982795238494873,0.5177820827497115,0.4812133134662952,0,0
-0.14879187941551208,0.06908147782087326,-1.797703504562378,0.48795067884789967,0.4887389147570752,0,0
-0.1519158035516739,0.0672522783279419,-1.7971545457839966,0.4817109336975279,0.507817148658831,0,0
-0.15504004061222076,0.06541477143764496,-1.7966300249099731,0.5040450753940177,0.48105734442036613,0,0
-0.1581643521785736,0.06356941163539886,-1.7961288690567017,0.4873684800647097,0.4883642429670145,0,0
-0.1612885743379593,0.061716657131910324,-1.795652151107788,0.503112059808455,0.494518647306608,0,0
-0.1644125133752823,0.05985697731375694,-1.79519784450531,0.5083193439176974,0.5121045602137617,0,0
-0.16753605008125305,0.057990819215774536,-1.7947618961334229,0.48253572578370746,0.48621874361979334,0,0
-0.17065908014774323,0.05611860379576683,-1.794347882270813,0.5071665696309129,0.4891121311321353,0,0
-0.17378149926662445,0.05424068868160248,-1.793947696685791,0.513927892388519,0.4909112442844839,0,0
-0.17690323293209076,0.05235736817121506,-1.7935718297958374,0.4736860720851043,0.5033501387551589,0,0
-0.1800241470336914,0.05046893283724785,-1.7932072877883911,0.5063608782607946,0.49473646007782,0,0
-0.183144211769104,0.048575662076473236,-1.7928611040115356,0.505169289310002,0.5015146481827504,0,0
-0.18626339733600616,0.04667782783508301,-1.7925323247909546,0.4940368002084253,0.5185101233535877,0,0
-0.18938161432743073,0.04477569833397865,-1.7922159433364868,0.4947697069168057,0.5017626931305015,0,0
-0.19249893724918365,0.04286954551935196,-1.7919166088104248,0.5045101026403562,0.5202026316140161,0,0
-0.1956152766942978,0.040959615260362625,-1.7916288375854492,0.5056486445460093,0.49107513434520866,0,0
-0.1987306773662567,0.03904610872268677,-1.7913583517074585,0.5186614453326698,0.49962021334977985,0,0
-0.20184507966041565,0.037129227072000504,-1.7910984754562378,0.5079456106672406,0.48667014906754186,0,0
-0.20495854318141937,0.03520911931991577,-1.7908508777618408,0.4915671484515019,0.49116027766527987,0,0
-0.2080710232257843,0.033285953104496,-1.790614366531372,0.49606738430733954,0.5047472822180923,0,0
-0.21118254959583282,0.03135990723967552,-1.7903859615325928,0.5012113776294399,0.5009611084017633,0,0
-0.21429309248924255,0.029431132599711418,-1.7901686429977417,0.48572722992296735,0.5204591659771529,0,0
-0.21740272641181946,0.027499796822667122,-1.789961814880371,0.5077290179845071,0.5119799083488888,0,0
-0.22051146626472473,0.02556605078279972,-1.7897611856460571,0.48271651297615975,0.4892007789694184,0,0
-0.22361932694911957,0.023630017414689064,-1.789570927619934,0.5027836156177594,0.5085786471076541,0,0
-0.22672632336616516,0.021691810339689255,-1.7893885374069214,0.4972912295115949,0.4963757907664208,0,0
-0.22983244061470032,0.0197515357285738,-1.789218544960022,0.5091550544367114,0.4954764070283831,0,0
-0.232937753200531,0.017809296026825905,-1.7890535593032837,0.49643835664905545,0.5143366433043186,0,0
-0.23604224622249603,0.015865197405219078,-1.788895606994629,0.48796084718422256,0.48773478126980935,0,0
-0.23914594948291779,0.013919344171881676,-1.7887499332427979,0.5196309718049815,0.5080150984780184,0,0
-0.24224887788295746,0.011971837840974331,-1.7886074781417847,0.49497392907906956,0.48804561490834125,0,0
-0.24535110592842102,0.010022765025496483,-1.7884715795516968,0.4898452441686097,0.5092193974954636,0,0
-0.2484525889158249,0.008072206750512123,-1.7883424758911133,0.4959790328127796,0.4970460203980529,0,0
-0.25155332684516907,0.0061202272772789,-1.788218379020691,0.5140812748629012,0.5026560656034937,0,0
-0.2546534836292267,0.004166899248957634,-1.7880988121032715,0.48165886430240556,0.5027899738799962,0,0
-0.2577529549598694,0.0022122818045318127,-1.787987232208252,0.5007899811615641,0.48958599354555804,0,0
-0.26085183024406433,0.00025644231936894357,-1.7878799438476562,0.4924014157381309,0.5022830472591947,0,0
-0.2639501690864563,-0.0017005526460707188,-1.787779450416565,0.49114711386978915,0.5030595496586068,0,0
-0.26704785227775574,-0.0036586415953934193,-1.787678837776184,0.49997122066659655,0.49068478248116726,0,0
-0.2701449990272522,-0.005617768503725529,-1.7875840663909912,0.493039942677205,0.5010949537173096,0,0
-0.2732416093349457,-0.007577878888696432,-1.787496566772461,0.5094146203447009,0.5121526750754565,0,0
-0.2763376832008362,-0.009538930840790272,-1.787414789199829,0.5081830597875606,0.5077525832531067,0,0
-0.27943333983421326,-0.011500881984829903,-1.787332534790039,0.49287366550848366,0.5109176061512011,0,0
-0.28252848982810974,-0.01346368808299303,-1.7872575521469116,0.5202396356846234,0.494389525703005,0,0
-0.2856231927871704,-0.01542731188237667,-1.7871825695037842,0.5141210908842835,0.5021462802557755,0,0
-0.28871744871139526,-0.01739170402288437,-1.7871118783950806,0.4850307732386,0.4946749873354092,0,0
-0.2918112874031067,-0.019356824457645416,-1.7870471477508545,0.4928111686409774,0.501037309996433,0,0
-0.2949046492576599,-0.02132263407111168,-1.786982536315918,0.4876257682434577,0.491894546601089,0,0
-0.29799771308898926,-0.023289097473025322,-1.7869231700897217,0.4893583214500178,0.4892402794323608,0,0
-0.30109038949012756,-0.025256194174289703,-1.7868638038635254,0.501120424347501,0.5130944347361496,0,0
-0.3041827082633972,-0.027223894372582436,-1.7868096828460693,0.48381401086383774,0.49987093804306015,0,0
-0.3072746992111206,-0.02919216826558113,-1.7867558002471924,0.5029240135424105,0.5061332567637903,0,0
-0.31036633253097534,-0.031160993501544,-1.7867016792297363,0.5122669786915532,0.5121924112724264,0,0
-0.3134576976299286,-0.033130329102277756,-1.7866545915603638,0.5061031527708294,0.5050517703887498,0,0
-0.31654876470565796,-0.03510015830397606,-1.7866073846817017,0.5088433994881841,0.5147877754141192,0,0
-0.31963950395584106,-0.03707045316696167,-1.7865663766860962,0.48108752049789966,0.5104715330178405,0,0
-0.3227299749851227,-0.0390411913394928,-1.7865252494812012,0.5080529445659141,0.5048354785065353,0,0
-0.3258201777935028,-0.04101235792040825,-1.7864841222763062,0.5061877907885807,0.4825415134585806,0,0
-0.32891014218330383,-0.04298391938209534,-1.7864476442337036,0.5083030484920666,0.48566284844356356,0,0
-0.33199992775917053,-0.04495587199926376,-1.7864108085632324,0.5149472957352275,0.4897580466921564,0,0
-0.33508944511413574,-0.046928197145462036,-1.7863743305206299,0.49135496573753495,0.4978692538083001,0,0
-0.33817872405052185,-0.04890087991952896,-1.7863374948501587,0.48593506928058294,0.5078681818186197,0,0
-0.34126782417297363,-0.050873879343271255,-1.786307692527771,0.4873607262435425,0.5007594566068297,0,0
-0.3443567454814911,-0.05284719914197922,-1.786278247833252,0.4877112765256273,0.503198670091177,0,0
-0.34744542837142944,-0.054820820689201355,-1.7862483263015747,0.4905776889680657,0.4919228039796848,0,0
-0.35053393244743347,-0.05679471790790558,-1.7862240076065063,0.5090175434201495,0.4985574902551214,0,0
-0.35362231731414795,-0.05876889452338219,-1.7861995697021484,0.524909282796995,0.5011358354927762,0,0
-0.3567105233669281,-0.06074334308505058,-1.78617525100708,0.499103976490606,0.4976264937368739,0,0
-0.35979852080345154,-0.06271804124116898,-1.786150574684143,0.48303156401476965,0.5085996370251746,0,0
-0.3628863990306854,-0.06469298154115677,-1.7861262559890747,0.500282001817168,0.511770305047251,0,0
-0.36597421765327454,-0.06666813045740128,-1.7861088514328003,0.4892878168292507,0.5103997164306618,0,0
-0.36906176805496216,-0.06864350289106369,-1.7860913276672363,0.5042431828979538,0.4800740433458453,0,0
-0.37214919924736023,-0.07061907649040222,-1.786073923110962,0.499574237168054,0.5016639204318228,0,0
-0.3752366304397583,-0.07259486615657806,-1.7860565185546875,0.4978891443727659,0.4963055813798037,0,0
-0.37832382321357727,-0.07457082718610764,-1.7860393524169922,0.5101236149472211,0.5006093811947541,0,0
-0.3814108967781067,-0.07654698193073273,-1.7860218286514282,0.5016145991773963,0.49153661742362875,0,0
-0.3844979405403137,-0.07852330803871155,-1.7860043048858643,0.47486521094708317,0.5018316905198568,0,0
-0.3875848352909088,-0.0804997906088829,-1.78599214553833,0.4954654396601599,0.5007689946905264,0,0
-0.39067167043685913,-0.0824764296412468,-1.7859796285629272,0.5120947262519013,0.48933810385074616,0,0
-0.3937583267688751,-0.08445321768522263,-1.7859675884246826,0.48939340772860307,0.49620838123522304,0,0
-0.3968449831008911,-0.0864301472902298,-1.7859553098678589,0.4977472686163354,0.49375045277852064,0,0
-0.39993152022361755,-0.08840721100568771,-1.7859431505203247,0.527099501697138,0.511705917269726,0,0
-0.403018057346344,-0.09038440138101578,-1.7859309911727905,0.5028630615224561,0.5061971329605631,0,0
-0.40610435605049133,-0.09236171096563339,-1.7859188318252563,0.507480766704113,0.49812134768632493,0,0
-0.40919071435928345,-0.09433913975954056,-1.7859063148498535,0.5040580595943569,0.5093018064862551,0,0
-0.41227689385414124,-0.09631668031215668,-1.7858940362930298,0.5045648119336568,0.5057230119723446,0,0
-0.4153631031513214,-0.09829430282115936,-1.7858887910842896,0.5068512441316915,0.5246137628241743,0,0
-0.41844916343688965,-0.1002720445394516,-1.7858837842941284,0.5051241222390584,0.5187111367890731,0,0
-0.4215351641178131,-0.1022498831152916,-1.7858785390853882,0.5100017063777921,0.5141991447605756,0,0
-0.4246211349964142,-0.10422780364751816,-1.7858731746673584,0.5035612188950059,0.5025329940877886,0,0
-0.4277070462703705,-0.10620581358671188,-1.7858678102493286,0.5133662669322169,0.4873792908447929,0,0
-0.430792897939682,-0.10818390548229218,-1.785862922668457,0.4993497470386133,0.505340695662951,0,0
-0.43387874960899353,-0.11016208678483963,-1.7858575582504272,0.5132484088912485,0.49006971899173507,0,0
-0.4369645118713379,-0.11214032769203186,-1.785852313041687,0.4930711401936417,0.5026766171411822,0,0
-0.4400501549243927,-0.11411866545677185,-1.7858469486236572,0.4992325540071834,0.51156345556771,0,0
-0.4431358873844147,-0.11609704792499542,-1.785841941833496,0.4959441660493116,0.4915595859706977,0,0
-0.44622159004211426,-0.11807550489902496,-1.7858366966247559,0.5102684305650468,0.4977233682901639,0,0
-0.4493072032928467,-0.12005401402711868,-1.785831332206726,0.4990581985357032,0.494618838779393,0,0
-0.4523927569389343,-0.12203257530927658,-1.7858260869979858,0.4979031742767015,0.5193776001376286,0,0
-0.455478310585022,-0.12401120364665985,-1.785820722579956,0.4769154374708049,0.5007489976426772,0,0
-0.45856383442878723,-0.1259898543357849,-1.785815715789795,0.5004103319170655,0.4940701647763262,0,0
-0.4616492688655853,-0.12796857953071594,-1.785815715789795,0.4862775829057074,0.5082272207925355,0,0
-0.4647347033023834,-0.12994734942913055,-1.785815715789795,0.48755872852174575,0.4778735332321681,0,0
-0.46782007813453674,-0.13192613422870636,-1.785815715789795,0.5040793180324741,0.5325463164362831,0,0
-0.47090548276901245,-0.13390497863292694,-1.785815715789795,0.5039408924589858,0.5203130162291445,0,0
-0.4739907681941986,-0.1358838826417923,-1.785815715789795,0.49210958148507394,0.5055132427934357,0,0
-0.47707608342170715,-0.13786278665065765,-1.785815715789795,0.48644148175143115,0.4992496925202626,0,0
-0.4801613688468933,-0.13984176516532898,-1.785815715789795,0.4904537886597478,0.48396844401156164,0,0
-0.48324668407440186,-0.1418207585811615,-1.785815715789795,0.5040241249341695,0.49014967795053843,0,0
-0.48633185029029846,-0.1437998116016388,-1.785815715789795,0.4965952150837585,0.49028194658103885,0,0
-0.48941710591316223,-0.14577890932559967,-1.785815715789795,0.5041716707973576,0.4869948869622199,0,0
-0.4925023019313812,-0.14775803685188293,-1.785815715789795,0.5053208221225645,0.5049525218166996,0,0
-0.49558740854263306,-0.14973722398281097,-1.785815715789795,0.4979965950920995,0.49279843392752637,0,0
-0.49867260456085205,-0.1517164558172226,-1.785815715789795,0.5075220959849641,0.5021596402572996,0,0
-0.5017577409744263,-0.1536957025527954,-1.785815715789795,0.5122933378266775,0.513077111967423,0,0
-0.5048427581787109,-0.1556749939918518,-1.785815715789795,0.4728772958769545,0.5076859120280953,0,0
-0.5079277753829956,-0.1576543152332306,-1.785815715789795,0.5092589950217667,0.4986367577082043,0,0
-0.511012852191925,-0.15963371098041534,-1.785815715789795,0.5073524173523997,0.49847023092110165,0,0
-0.5140978097915649,-0.1616131216287613,-1.785815715789795,0.5098519477153135,0.49172753585963835,0,0
-0.5171827673912048,-0.16359257698059082,-1.785815715789795,0.48313355014650694,0.49684926775567856,0,0
-0.5202677845954895,-0.16557206213474274,-1.785815715789795,0.5117060198339636,0.5099261530658327,0,0
-0.5233525633811951,-0.16755157709121704,-1.785815715789795,0.5149008096489094,0.5240131666694601,0,0
-0.526437520980835,-0.16953115165233612,-1.785815715789795,0.5018953802789174,0.4888550849851262,0,0
-0.5295223593711853,-0.17151077091693878,-1.785815715789795,0.4847877431166384,0.4940068548564229,0,0
-0.5326071977615356,-0.17349044978618622,-1.785815715789795,0.5135784174277985,0.4857290997872879,0,0
-0.5356920957565308,-0.17547014355659485,-1.785815715789795,0.5040542194473125,0.48728878162952594,0,0
-0.5387768149375916,-0.17744986712932587,-1.785815715789795,0.5019693610588296,0.5027033019346961,0,0
-0.5418614745140076,-0.17942965030670166,-1.785815715789795,0.4978906135172553,0.49486270155345086,0,0
-0.5449461340904236,-0.18140944838523865,-1.785815715789795,0.4914695904194168,0.4905282916315803,0,0
-0.5480309128761292,-0.1833893060684204,-1.785815715789795,0.4930222420949686,0.5111473481924206,0,0
-0.5511155128479004,-0.18536919355392456,-1.785815715789795,0.47909447404869665,0.48254897773315913,0,0
-0.5542002320289612,-0.1873491257429123,-1.785815715789795,0.4937440395160264,0.48745363085322535,0,0
-0.5572848916053772,-0.1893290877342224,-1.785815715789795,0.5032704066333584,0.48261967925191046,0,0
-0.5603695511817932,-0.1913090944290161,-1.785815715789795,0.4802766382517091,0.512629913187691,0,0
-0.5634540915489197,-0.1932891458272934,-1.785815715789795,0.5045663791664596,0.48515042742656267,0,0
-0.5665385723114014,-0.19526921212673187,-1.785815715789795,0.4916893608062265,0.5082106776771914,0,0
-0.5696231126785278,-0.19724933803081512,-1.785815715789795,0.5104610402545551,0.5130029011984565,0,0
-0.5727076530456543,-0.19922952353954315,-1.785815715789795,0.47559822896703713,0.49091435158681496,0,0
-0.575792133808136,-0.20120973885059357,-1.785815715789795,0.49436317694906623,0.484663838300927,0,0
-0.5788766741752625,-0.20318996906280518,-1.785815715789795,0.47495682753622687,0.508158830785047,0,0
-0.5819610953330994,-0.20517024397850037,-1.785815715789795,0.49848937848201796,0.5032802373823397,0,0
-0.585045576095581,-0.20715054869651794,-1.785815715789795,0.5104593833084841,0.5006493990458923,0,0
-0.5881298780441284,-0.2091309130191803,-1.785815715789795,0.4965815630801854,0.5134245985857822,0,0
-0.5912142992019653,-0.21111127734184265,-1.785815715789795,0.491732547494629,0.4958385206255782,0,0
-0.5942986011505127,-0.2130916863679886,-1.785815715789795,0.4781322649359558,0.4945626193184928,0,0
-0.5973829627037048,-0.2150721549987793,-1.785815715789795,0.4900362175577349,0.49827279392775714,0,0
-0.6004672050476074,-0.2170526385307312,-1.785815715789795,0.5147924996804688,0.5174294005697788,0,0
-0.60355144739151,-0.2190331369638443,-1.785815715789795,0.5052041958649717,0.5073705288266546,0,0
-0.6066356301307678,-0.22101372480392456,-1.785815715789795,0.5152048803088445,0.5074373173152441,0,0
-0.6097198724746704,-0.22299429774284363,-1.785815715789795,0.49742833109460255,0.5033056249037867,0,0
-0.612804114818573,-0.22497494518756866,-1.785815715789795,0.49657046963455936,0.4995573052922282,0,0
-0.615888237953186,-0.2269555926322937,-1.785815715789795,0.506907797870433,0.4834078310842712,0,0
-0.6189723610877991,-0.2289362996816635,-1.785815715789795,0.5163632227733614,0.5083159878407385,0,0
-0.6220565438270569,-0.2309170514345169,-1.785815715789795,0.5149285936064216,0.48355194798504664,0,0
-0.6251405477523804,-0.2328978031873703,-1.785815715789795,0.5125386257582758,0.4963124147851062,0,0
-0.6282246708869934,-0.23487862944602966,-1.785815715789795,0.5018219976163604,0.49558246722210364,0,0
-0.6313087344169617,-0.2368594855070114,-1.785815715789795,0.49062910193734516,0.49975998606230043,0,0
-0.6343927979469299,-0.23884034156799316,-1.785815715789795,0.5129145657685442,0.4980946933674834,0,0
-0.6374768614768982,-0.2408212572336197,-1.785815715789795,0.4927909917262522,0.49154898237014794,0,0
-0.6405608057975769,-0.2428022027015686,-1.785815715789795,0.49995177328645846,0.4981576751569339,0,0
-0.6436446905136108,-0.2447832077741623,-1.785815715789795,0.5069094498403663,0.509509847969489,0,0
-0.6467286944389343,-0.2467641979455948,-1.785815715789795,0.48741951754957497,0.4962429639748543,0,0
-0.649812638759613,-0.24874524772167206,-1.785815715789795,0.4959463189544407,0.5205168206968643,0,0
-0.6528964638710022,-0.2507263422012329,-1.785815715789795,0.4751453537829531,0.48814683353071164,0,0
-0.6559803485870361,-0.25270745158195496,-1.785815715789795,0.4979928027466507,0.4920850995946301,0,0
-0.6590642333030701,-0.2546885907649994,-1.785815715789795,0.5111983590829305,0.5176574298013283,0,0
-0.6621479988098145,-0.2566697597503662,-1.785815715789795,0.5023909802896567,0.5045081647706089,0,0
-0.6652318239212036,-0.25865092873573303,-1.785815715789795,0.492053117914236,0.5142336585267724,0,0
-0.6683156490325928,-0.260632187128067,-1.785815715789795,0.5071606293433151,0.4976848767892251,0,0
-0.6713994145393372,-0.2626135051250458,-1.785815715789795,0.5152764376559105,0.499710560910335,0,0
-0.6744831204414368,-0.2645948529243469,-1.785815715789795,0.509295799704979,0.5011943498882323,0,0
-0.6775668263435364,-0.26657620072364807,-1.785815715789795,0.5107495539139074,0.5051625490807976,0,0
-0.680650532245636,-0.2685575783252716,-1.785815715789795,0.501204752757358,0.5129045086508287,0,0
-0.6837342977523804,-0.27053895592689514,-1.785815715789795,0.5130933123161447,0.526884205873264,0,0
-0.6868179440498352,-0.27252039313316345,-1.785815715789795,0.5051176674935629,0.5003637731063072,0,0
-0.6899015307426453,-0.27450183033943176,-1.785815715789795,0.5116573218649578,0.5013322182310574,0,0
-0.6929851770401001,-0.27648332715034485,-1.785815715789795,0.49480107194606937,0.5046620932397808,0,0
-0.6960687041282654,-0.2784648537635803,-1.785815715789795,0.49145519725550296,0.517332613551631,0,0
-0.6991521716117859,-0.2804464101791382,-1.785815715789795,0.506599173732596,0.4994182100354126,0,0
-0.7022358179092407,-0.28242793679237366,-1.785815715789795,0.5055624243014487,0.4991801903583943,0,0
-0.705319344997406,-0.28440943360328674,-1.785815715789795,0.5108420145828759,0.4778722985118661,0,0
-0.7084029316902161,-0.2863909602165222,-1.785815715789795,0.49985027821770506,0.5137787957999845,0,0
-0.7114865183830261,-0.2883724570274353,-1.785815715789795,0.5003384072910014,0.4931783792691763,0,0
-0.714570164680481,-0.2903539836406708,-1.785815715789795,0.48872754372419325,0.49030644712388094,0,0
-0.717653751373291,-0.29233551025390625,-1.785815715789795,0.4918701223608017,0.49439914142399904,0,0
-0.7207375168800354,-0.2943170368671417,-1.785815715789795,0.5040702722297489,0.4919301820294533,0,0
-0.723821222782135,-0.2962985038757324,-1.785815715789795,0.5083079146025441,0.5246600501289164,0,0
-0.7269048094749451,-0.2982799708843231,-1.785815715789795,0.5002561770550711,0.49784116573701714,0,0
-0.7299885153770447,-0.3002614676952362,-1.785815715789795,0.5089361417119108,0.5108499917442648,0,0
-0.73307204246521,-0.3022429347038269,-1.785815715789795,0.4912898885541123,0.4890081826068055,0,0
-0.73615562915802,-0.3042244017124176,-1.785815715789795,0.5034553205051253,0.5169514777049877,0,0
-0.7392392754554749,-0.3062058389186859,-1.785815715789795,0.48615234788669726,0.5035308896625142,0,0
-0.7423227429389954,-0.3081872761249542,-1.785815715789795,0.51194913256518,0.5131797745946126,0,0
-0.7454065680503845,-0.31016868352890015,-1.785815715789795,0.5040676590791943,0.5067175276609992,0,0
-0.748490035533905,-0.31215012073516846,-1.785815715789795,0.498510741596731,0.5014857067074011,0,0
-0.7515736818313599,-0.31413155794143677,-1.785815715789795,0.5099066229022969,0.4880696604290753,0,0
-0.7546573877334595,-0.3161129951477051,-1.785815715789795,0.48912540895449147,0.5000697039025286,0,0
-0.7577409148216248,-0.318094402551651,-1.785815715789795,0.5107780453298993,0.4930909647865544,0,0
-0.7608247995376587,-0.32007578015327454,-1.785815715789795,0.500050174004406,0.5018282264813001,0,0
-0.7639085650444031,-0.32205715775489807,-1.785815715789795,0.5036332809922073,0.49913354955476225,0,0
-0.7669921517372131,-0.3240385055541992,-1.785815715789795,0.5013971017497567,0.4888229221706441,0,0
-0.7700760364532471,-0.32601988315582275,-1.785815715789795,0.5019449819626928,0.5120399853012704,0,0
-0.7731596231460571,-0.3280012607574463,-1.785815715789795,0.5044089176560478,0.4946031109423881,0,0
-0.7762433290481567,-0.3299826383590698,-1.785815715789795,0.48165336904909806,0.5012472302639448,0,0
-0.7793270945549011,-0.33196401596069336,-1.785815715789795,0.49563248762911066,0.49491507048425554,0,0
-0.7824106812477112,-0.3339453339576721,-1.785815715789795,0.5098083433328701,0.510261389940798,0,0
-0.7854944467544556,-0.33592671155929565,-1.785815715789795,0.5024858589343638,0.5077000808747261,0,0
-0.7885782122612,-0.3379080891609192,-1.785815715789795,0.49284352519540897,0.5107071838444339,0,0
-0.79166179895401,-0.3398894667625427,-1.785815715789795,0.4983914955450009,0.4752050224068553,0,0
-0.7947457432746887,-0.3418707847595215,-1.785815715789795,0.4850638848454396,0.4820757324378939,0,0
-0.7978293299674988,-0.34385207295417786,-1.785815715789795,0.5257892734995573,0.508244754285425,0,0
-0.8009129762649536,-0.3458333909511566,-1.785815715789795,0.49094093096881875,0.49941951452858846,0,0
-0.8039968013763428,-0.3478147089481354,-1.785815715789795,0.5022802497212282,0.5079011167429252,0,0
-0.8070804476737976,-0.34979599714279175,-1.785815715789795,0.4875190935420567,0.4891508173520919,0,0
-0.8101642727851868,-0.35177725553512573,-1.785815715789795,0.4986038277940225,0.5103893892566669,0,0
-0.8132480978965759,-0.3537585735321045,-1.785815715789795,0.49537286355308013,0.47303115469677826,0,0
-0.8163318037986755,-0.35573986172676086,-1.785815715789795,0.4884422787531138,0.49671077554169624,0,0
-0.8194156289100647,-0.357721209526062,-1.785815715789795,0.48369184477185834,0.48927405686445274,0,0
-0.8224993348121643,-0.359702467918396,-1.785815715789795,0.49786265350026776,0.49888867088294325,0,0
-0.8255829811096191,-0.3616836965084076,-1.785815715789795,0.5094719284652106,0.490670627209279,0,0
-0.8286669254302979,-0.36366498470306396,-1.785815715789795,0.5005370498253824,0.493062065116799,0,0
-0.8317505717277527,-0.3656461834907532,-1.785815715789795,0.4930763492550211,0.5013521737769446,0,0
-0.8348343372344971,-0.36762744188308716,-1.785815715789795,0.49208485642492006,0.5264152805704244,0,0
-0.8379181623458862,-0.36960870027542114,-1.785815715789795,0.4939918859714346,0.5073355028732102,0,0
-0.8410018086433411,-0.37158989906311035,-1.785815715789795,0.49627566354773817,0.5025987725960924,0,0
-0.8440856337547302,-0.37357109785079956,-1.785815715789795,0.5006847468893516,0.4902496654845349,0,0
-0.8471694588661194,-0.37555238604545593,-1.785815715789795,0.49501029527113344,0.49454431691110673,0,0
-0.8502532243728638,-0.37753355503082275,-1.785815715789795,0.5087936352646832,0.5061179142362765,0,0
-0.8533372282981873,-0.3795146942138672,-1.785815715789795,0.48594381505965567,0.47927166582139824,0,0
-0.8564209342002869,-0.38149598240852356,-1.785815715789795,0.4985032817246616,0.4958563716297671,0,0
-0.8595046401023865,-0.38347718119621277,-1.785815715789795,0.4954972002988474,0.4950992286026076,0,0
-0.8625887036323547,-0.3854583203792572,-1.785815715789795,0.48095524062682443,0.47653263190815176,0,0
-0.8656724691390991,-0.3874395191669464,-1.785815715789795,0.4921925005447226,0.5101374790370469,0,0
-0.8687561750411987,-0.3894207775592804,-1.785815715789795,0.5015574978705621,0.4977042749453438,0,0
-0.8718400597572327,-0.39140188694000244,-1.785815715789795,0.504885753111262,0.5145101183297913,0,0
-0.8749237656593323,-0.3933830261230469,-1.785815715789795,0.49770598026847124,0.4985182620503203,0,0
-0.8780076503753662,-0.39536425471305847,-1.785815715789795,0.5107002583819968,0.4842910636562596,0,0
-0.8810915350914001,-0.3973453938961029,-1.785815715789795,0.5125286250825377,0.4977583736497833,0,0
-0.8841752409934998,-0.39932647347450256,-1.785815715789795,0.49451476898060104,0.4729959520264653,0,0
-0.8872591257095337,-0.4013076424598694,-1.785815715789795,0.5038247776623281,0.49580831838165945,0,0
-0.8903428316116333,-0.4032888412475586,-1.785815715789795,0.4959190035825454,0.5108721814707748,0,0
-0.8934265375137329,-0.40526995062828064,-1.785815715789795,0.5009750726479609,0.5033621437697808,0,0
-0.8965106010437012,-0.4072510004043579,-1.785815715789795,0.5005601935425267,0.4924328543300482,0,0
-0.8995943665504456,-0.4092321991920471,-1.785815715789795,0.48428821752903983,0.493903737831743,0,0
-0.9026781320571899,-0.41121330857276917,-1.785815715789795,0.501098968242758,0.5052968681401389,0,0
-0.9057621955871582,-0.41319435834884644,-1.785815715789795,0.48944945612127966,0.49206501011990766,0,0
-0.9088459610939026,-0.4151754081249237,-1.785815715789795,0.48950424548520477,0.4949722132717544,0,0
-0.9119298458099365,-0.41715651750564575,-1.785815715789795,0.49544255053981096,0.5063184174508917,0,0
-0.9150137901306152,-0.41913753747940063,-1.785815715789795,0.5180286130481513,0.5109955987220621,0,0
-0.9180975556373596,-0.4211186170578003,-1.785815715789795,0.5089566189828141,0.4945367753008983,0,0
-0.9211814999580383,-0.42309969663619995,-1.785815715789795,0.4940586526022982,0.5032096115394493,0,0
-0.924265444278717,-0.4250808358192444,-1.785815715789795,0.5077149473877128,0.5059388268326799,0,0
-0.9273492097854614,-0.4270618259906769,-1.785815715789795,0.4835556326946887,0.5002604122924109,0,0
-0.9304331541061401,-0.42904287576675415,-1.785815715789795,0.49355408810629714,0.5055836535206585,0,0
-0.9335170984268188,-0.4310239553451538,-1.785815715789795,0.5120860402537462,0.5147528826425491,0,0
-0.9366008639335632,-0.43300509452819824,-1.785815715789795,0.4887421918499026,0.4847764008760638,0,0
-0.9396849274635315,-0.43498608469963074,-1.785815715789795,0.4980117347755418,0.503725631681977,0,0
-0.9427688717842102,-0.436967134475708,-1.785815715789795,0.4895587864630894,0.49968575573273344,0,0
-0.9458526968955994,-0.4389481842517853,-1.785815715789795,0.5085099192055628,0.4972890789341321,0,0
-0.9489366412162781,-0.44092923402786255,-1.785815715789795,0.49795375062987196,0.4948685405705993,0,0
-0.9520204663276672,-0.44291019439697266,-1.785815715789795,0.5153910817781697,0.4907581753881194,0,0
-0.9551042914390564,-0.44489115476608276,-1.785815715789795,0.5065925684879489,0.49956952344579025,0,0
-0.9581884741783142,-0.4468722343444824,-1.785815715789795,0.5230302122700585,0.4961258394329271,0,0
-0.9612722992897034,-0.4488532245159149,-1.785815715789795,0.5120503548513938,0.4954205498307206,0,0
-0.9643561840057373,-0.45083412528038025,-1.785815715789795,0.497507354117235,0.5012282790027209,0,0
-0.9674403667449951,-0.45281511545181274,-1.785815715789795,0.5014705397625491,0.516678078987215,0,0
-0.9705241918563843,-0.45479616522789,-1.785815715789795,0.4919402750756978,0.4999822327009582,0,0
-0.9736080169677734,-0.4567771852016449,-1.785815715789795,0.49611395374841216,0.5134205651173191,0,0
-0.9766921997070312,-0.458758145570755,-1.785815715789795,0.5013991388740149,0.516078061800607,0,0
-0.9797760248184204,-0.4607390761375427,-1.785815715789795,0.48750487963993233,0.48406806284056847,0,0
-0.9828598499298096,-0.4627200663089752,-1.785815715789795,0.4949540630454623,0.49831504747347705,0,0
-0.9859440326690674,-0.4647010266780853,-1.785815715789795,0.5101042614462609,0.5019627113554789,0,0
-0.9890278577804565,-0.4666820466518402,-1.785815715789795,0.49047864584352363,0.5043693156760186,0,0
-0.9921116828918457,-0.4686630368232727,-1.785815715789795,0.5008033895352038,0.4984327849626734,0,0
-0.9951958060264587,-0.47064393758773804,-1.785815715789795,0.4911683000762635,0.5011149294387284,0,0
-0.9982796311378479,-0.47262489795684814,-1.785815715789795,0.48762950110979264,0.5210605447548404,0,0
-1.0013636350631714,-0.47460588812828064,-1.785815715789795,0.5121831383888985,0.492792183402627,0,0
-1.0044478178024292,-0.4765867292881012,-1.785815715789795,0.498071406751986,0.5080680904149718,0,0
-1.0075316429138184,-0.47856763005256653,-1.785815715789795,0.5029821638800496,0.5157469706038857,0,0
-1.0106154680252075,-0.48054856061935425,-1.785815715789795,0.4896392835007463,0.49735292039251827,0,0
-1.0136995315551758,-0.4825294613838196,-1.785815715789795,0.5080301674548232,0.5081180692623457,0,0
-1.016783356666565,-0.4845103919506073,-1.785815715789795,0.499892650442623,0.4942611678580218,0,0
-1.019867181777954,-0.48649126291275024,-1.785815715789795,0.5026845658879182,0.502714769788655,0,0
-1.0229512453079224,-0.4884721338748932,-1.785815715789795,0.508469627525133,0.5131956132931453,0,0
-1.0260350704193115,-0.4904530942440033,-1.785815715789795,0.489635951209072,0.4933154457132201,0,0
-1.0291191339492798,-0.49243399500846863,-1.785815715789795,0.49476810953374517,0.503436824567277,0,0
-1.032203197479248,-0.4944148361682892,-1.785815715789795,0.484893675448899,0.5016361578217847,0,0
-1.0352870225906372,-0.49639570713043213,-1.785815715789795,0.49014788659136294,0.5020785987430207,0,0
-1.0383710861206055,-0.4983765482902527,-1.785815715789795,0.49228339839219826,0.5230137872185469,0,0
-1.0414552688598633,-0.5003575086593628,-1.785815715789795,0.49990912301733076,0.48088319247245076,0,0
-1.044539213180542,-0.5023383498191833,-1.785815715789795,0.5112794541577768,0.5023845609063576,0,0
-1.0476231575012207,-0.5043191909790039,-1.785815715789795,0.5114273636000819,0.4934672575945568,0,0
-1.050707221031189,-0.5063000321388245,-1.785815715789795,0.48684562957112176,0.4896554246363505,0,0
-1.0537911653518677,-0.508280873298645,-1.785815715789795,0.5001168966933527,0.5020317181110331,0,0
-1.0568751096725464,-0.5102617740631104,-1.785815715789795,0.5055541063316458,0.4871877125919238,0,0
-1.0599591732025146,-0.5122426152229309,-1.785815715789795,0.5018587288051536,0.5044576223326728,0,0
-1.0630431175231934,-0.5142234563827515,-1.785815715789795,0.5017994777619038,0.5061552390507305,0,0
-1.0661271810531616,-0.516204297542572,-1.785815715789795,0.489564752917668,0.4943579786093276,0,0
-1.0692112445831299,-0.5181850790977478,-1.785815715789795,0.4959563314787462,0.5036626578295789,0,0
-1.0722951889038086,-0.5201659202575684,-1.785815715789795,0.496289271942441,0.498537699524648,0,0
-1.0753791332244873,-0.5221467614173889,-1.785815715789795,0.4879563154788753,0.5020501385250172,0,0
-1.0784631967544556,-0.5241276025772095,-1.785815715789795,0.474331573695272,0.49894998319316314,0,0
-1.0815471410751343,-0.5261083841323853,-1.785815715789795,0.4950017600826174,0.4798034190487961,0,0
-1.084631085395813,-0.5280891060829163,-1.785815715789795,0.5036486560555988,0.5005706731077205,0,0
-1.0877151489257812,-0.5300699472427368,-1.785815715789795,0.5089935297309075,0.48934751145653294,0,0
-1.09079909324646,-0.5320507287979126,-1.785815715789795,0.49228165343589275,0.4978627257320735,0,0
-1.0938830375671387,-0.5340315699577332,-1.785815715789795,0.49985608102586526,0.4671715220874555,0,0
-1.096967101097107,-0.5360123515129089,-1.785815715789795,0.49164682527256154,0.49815460481208873,0,0
-1.1000510454177856,-0.5379931330680847,-1.785815715789795,0.4953591001392975,0.48671529090325594,0,0
-1.1031349897384644,-0.5399738550186157,-1.785815715789795,0.5103548851536251,0.4819381945619575,0,0
-1.1062190532684326,-0.5419546365737915,-1.785815715789795,0.4938129117121212,0.4985775880118338,0,0
-1.1093029975891113,-0.5439354777336121,-1.785815715789795,0.5087265069980045,0.49886485461743857,0,0
-1.1123870611190796,-0.5459162592887878,-1.785815715789795,0.5083312460103767,0.48476612230849764,0,0
-1.1154712438583374,-0.5478970408439636,-1.785815715789795,0.5011710849303873,0.49130887497184306,0,0
-1.1185553073883057,-0.5498777627944946,-1.785815715789795,0.48899788340068695,0.49488043577157415,0,0
-1.1216392517089844,-0.5518584847450256,-1.785815715789795,0.4976932526483813,0.5252361793229454,0,0
-1.1247235536575317,-0.5538392663002014,-1.785815715789795,0.5022547702526517,0.515070183635504,0,0
-1.1278076171875,-0.5558199882507324,-1.785815715789795,0.47858397640760575,0.49660284096349294,0,0
-1.1308916807174683,-0.5578007102012634,-1.785815715789795,0.4811851898833921,0.49356314588316774,0,0
-1.1339759826660156,-0.5597814321517944,-1.785815715789795,0.4983299235087949,0.48829520549644534,0,0
-1.1370600461959839,-0.5617621541023254,-1.785815715789795,0.4958877341768893,0.5057455238766936,0,0
-1.1401439905166626,-0.5637428760528564,-1.785815715789795,0.504708186979988,0.4968746668956593,0,0
-1.1432281732559204,-0.5657235980033875,-1.785815715789795,0.5014667131119463,0.49706546193655426,0,0
-1.1463122367858887,-0.5677043199539185,-1.785815715789795,0.5376225072773833,0.5035026752448543,0,0
-1.1493961811065674,-0.5696850419044495,-1.785815715789795,0.4985861984921297,0.4942541009449957,0,0
-1.1524803638458252,-0.5716657042503357,-1.785815715789795,0.48748217523280024,0.507915339516038,0,0
-1.1555644273757935,-0.5736464262008667,-1.785815715789795,0.7786199335388809,0.5095651035729195,0,0
-1.1586483716964722,-0.5756271481513977,-1.785815715789795,0.801929914300509,0.4932074784139406,0,0
-1.1617324352264404,-0.5776078701019287,-1.785815715789795,0.7893544016898614,0.4798699923658045,0,0
-1.1648166179656982,-0.5795885920524597,-1.785815715789795,0.7833549760501473,0.5044140196528805,0,0
-1.167900562286377,-0.581569254398346,-1.785815715789795,0.7936718054454478,0.5077417628531647,0,0
-1.1709846258163452,-0.583549976348877,-1.785815715789795,0.7864327625273873,0.5179007312741695,0,0
-1.1740686893463135,-0.5855305790901184,-1.785815715789795,0.7959829034165945,0.502201518966257,0,0
-1.1771527528762817,-0.5875111818313599,-1.785815715789795,0.7862630810545964,0.508401696304473,0,0
-1.180237054824829,-0.5894917845726013,-1.785815715789795,0.7762891456491099,0.49502167333915376,0,0
-1.1833213567733765,-0.5914724469184875,-1.785815715789795,0.7796814903692293,0.4844077927126698,0,0
-1.1864054203033447,-0.5934531092643738,-1.785815715789795,0.7521343329064847,0.7876689416088546,0,0
-1.1894896030426025,-0.5954338312149048,-1.785815715789795,0.7497531936875781,0.7698522482061859,0,0
-1.1925740242004395,-0.597414493560791,-1.785815715789795,0.7416592570874305,0.7733782239355841,0,0
-1.1956582069396973,-0.5993951559066772,-1.785815715789795,0.7458521938433416,0.7827719198474054,0,0
-1.1987422704696655,-0.6013758182525635,-1.785815715789795,0.7501401789766006,0.772803301489189,0,0
-1.2018264532089233,-0.6033564209938049,-1.785815715789795,0.7503373433966272,0.7917773050526222,0,0
-1.2049107551574707,-0.6053370833396912,-1.785815715789795,0.7415162761005893,0.7938672693023872,0,0
-1.207994818687439,-0.6073177456855774,-1.785815715789795,0.7385213238185288,0.7803835681487085,0,0
-1.2110791206359863,-0.6092984080314636,-1.785815715789795,0.751420993950635,0.8035508911961811,0,0
-1.2141634225845337,-0.6112790107727051,-1.785815715789795,0.7505862981712463,0.7643528882174622,0,0
-1.217247486114502,-0.6132596135139465,-1.785815715789795,0.6921214970956877,0.7406209996860043,0,0
-1.2203315496444702,-0.6152400970458984,-1.785815715789795,0.7023354768758129,0.75168423699594,0,0
-1.2234159708023071,-0.6172207593917847,-1.785815715789795,0.708163907946724,0.7399696779098998,0,0
-1.2265000343322754,-0.6192013025283813,-1.785815715789795,0.7226527787844708,0.7373849658531522,0,0
-1.2295840978622437,-0.6211819052696228,-1.785815715789795,0.7212170440068136,0.7427884169631329,0,0
-1.2326682806015015,-0.6231625080108643,-1.785815715789795,0.707090754543572,0.7541475827392728,0,0
-1.2357525825500488,-0.6251431703567505,-1.785815715789795,0.7251819932318557,0.7475855866141491,0,0
-1.238836646080017,-0.6271237730979919,-1.785815715789795,0.7107958539219976,0.7295126487151455,0,0
-1.2419209480285645,-0.6291044354438782,-1.785815715789795,0.7195359211839126,0.7456078819715979,0,0
-1.2450052499771118,-0.6310850381851196,-1.785815715789795,0.7140791323231079,0.7405313825556562,0,0
-1.24808931350708,-0.6330656409263611,-1.785815715789795,0.6714818326455357,0.7010210221420057,0,0
-1.2511733770370483,-0.6350461840629578,-1.785815715789795,0.706547050606191,0.7115534749067091,0,0
-1.2542576789855957,-0.6370267868041992,-1.785815715789795,0.6744194910224407,0.6963241649939893,0,0
-1.2573418617248535,-0.6390073299407959,-1.785815715789795,0.6848975617575994,0.6975239163471609,0,0
-1.2604259252548218,-0.6409879326820374,-1.785815715789795,0.6703385957392959,0.7033303457705615,0,0
-1.2635103464126587,-0.6429685354232788,-1.785815715789795,0.6716460840173153,0.6975650934960286,0,0
-1.266594648361206,-0.6449490785598755,-1.785815715789795,0.6728821879590813,0.7207002751554272,0,0
-1.2696787118911743,-0.6469295620918274,-1.785815715789795,0.6655175723918392,0.6853767625919956,0,0
-1.2727630138397217,-0.6489101052284241,-1.785815715789795,0.6970601725531077,0.6970428501714823,0,0
-1.275847315788269,-0.6508907079696655,-1.785815715789795,0.6658173377244628,0.7125056518280568,0,0
-1.2789313793182373,-0.6528711915016174,-1.785815715789795,0.6344564611302786,0.669094302271918,0,0
-1.2820154428482056,-0.6548517346382141,-1.785815715789795,0.6357125764170847,0.6782310895784878,0,0
-1.2850998640060425,-0.6568322777748108,-1.785815715789795,0.6426610662700164,0.6698159351444847,0,0
-1.2881839275360107,-0.6588128805160522,-1.785815715789795,0.6373782019352014,0.6606858040965864,0,0
-1.291267991065979,-0.6607934832572937,-1.785815715789795,0.6342462507682174,0.6597589213808271,0,0
-1.2943522930145264,-0.6627740263938904,-1.785815715789795,0.6531608492661143,0.683412190630571,0,0
-1.2974363565444946,-0.6647545695304871,-1.785815715789795,0.6361873366895208,0.6561888592477316,0,0
-1.300520420074463,-0.6667349934577942,-1.785815715789795,0.6300301271403013,0.6792536150702714,0,0
-1.3036047220230103,-0.6687155365943909,-1.785815715789795,0.6382558037012463,0.6768154277893583,0,0
-1.3066890239715576,-0.6706961393356323,-1.785815715789795,0.6461286313702796,0.6562854312678185,0,0
-1.3097730875015259,-0.6726765632629395,-1.785815715789795,0.6000273566707288,0.6243772174921031,0,0
-1.3128573894500732,-0.6746570467948914,-1.785815715789795,0.5934062110188535,0.631121645008763,0,0
-1.3159416913986206,-0.6766375303268433,-1.785815715789795,0.6300837786751254,0.6465584231955381,0,0
-1.3190257549285889,-0.6786180138587952,-1.785815715789795,0.6081656110436232,0.6487079795749401,0,0
-1.3221099376678467,-0.6805985569953918,-1.785815715789795,0.6143711690853327,0.6367009631598717,0,0
-1.3251943588256836,-0.6825790405273438,-1.785815715789795,0.5920376790256489,0.62678856925748,0,0
-1.3282784223556519,-0.6845595836639404,-1.785815715789795,0.6025321900748195,0.6609072733090328,0,0
-1.3313624858856201,-0.6865400671958923,-1.785815715789795,0.5948919871772983,0.6233292485141183,0,0
-1.3344467878341675,-0.6885204911231995,-1.785815715789795,0.6051176433659001,0.6263438360878554,0,0
-1.3375310897827148,-0.6905009746551514,-1.785815715789795,0.6223211493397156,0.6185685378055508,0,0
-1.3406152725219727,-0.6924814581871033,-1.785815715789795,0.5708053424559074,0.5813809406827021,0,0
-1.34369957447052,-0.6944618821144104,-1.785815715789795,0.5657342614612897,0.5824465218108732,0,0
-1.3467841148376465,-0.6964423060417175,-1.785815715789795,0.5589430369319469,0.5985095195280393,0,0
-1.3498682975769043,-0.6984228491783142,-1.785815715789795,0.553815873356032,0.6010593576118916,0,0
-1.352952480316162,-0.7004034519195557,-1.785815715789795,0.5626086478063859,0.5959244370785606,0,0
-1.3560367822647095,-0.7023839950561523,-1.785815715789795,0.5331875643207376,0.6028455232758473,0,0
-1.3591212034225464,-0.7043644785881042,-1.785815715789795,0.5616199488080509,0.6111728641098909,0,0
-1.3622053861618042,-0.7063449621200562,-1.785815715789795,0.5913390402118622,0.6007026472844601,0,0
-1.3652896881103516,-0.7083253264427185,-1.785815715789795,0.5651286007380049,0.5918975411352506,0,0
-1.368374228477478,-0.7103057503700256,-1.785815715789795,0.5565272964993613,0.5981116395639506,0,0
-1.3714585304260254,-0.7122861742973328,-1.785815715789795,0.5218137621938749,0.5736376665680304,0,0
-1.3745427131652832,-0.7142665982246399,-1.785815715789795,0.5490518145991571,0.5632845820753747,0,0
-1.3776270151138306,-0.7162470817565918,-1.785815715789795,0.5319915009738568,0.5605099581037242,0,0
-1.380711317062378,-0.7182275056838989,-1.785815715789795,0.5208706707733347,0.5566963175670576,0,0
-1.3837954998016357,-0.720207929611206,-1.785815715789795,0.5280352855817176,0.5569989830557867,0,0
-1.386879801750183,-0.7221883535385132,-1.785815715789795,0.5036535945592088,0.5706513382833353,0,0
-1.3899643421173096,-0.7241688370704651,-1.785815715789795,0.5444700593795591,0.5471804908126378,0,0
-1.393048644065857,-0.7261492609977722,-1.785815715789795,0.5267711317533191,0.5583043380455373,0,0
-1.3961328268051147,-0.7281298041343689,-1.785815715789795,0.5253367556310313,0.5707770842378809,0,0
-1.399217128753662,-0.730110228061676,-1.785815715789795,0.5438512607820913,0.5656726898926584,0,0
-1.4023014307022095,-0.7320905923843384,-1.785815715789795,0.48520815033130976,0.5232875115188371,0,0
-1.4053856134414673,-0.7340709567070007,-1.785815715789795,0.48723196966482807,0.532393305524385,0,0
-1.4084699153900146,-0.7360514402389526,-1.785815715789795,0.48082146998958303,0.519540081605073,0,0
-1.4115543365478516,-0.7380319237709045,-1.785815715789795,0.4905985485931269,0.5239827282300576,0,0
-1.4146387577056885,-0.7400123476982117,-1.785815715789795,0.50309733462793,0.5318458250808349,0,0
-1.4177229404449463,-0.7419927716255188,-1.785815715789795,0.48913877038237785,0.5226952205116224,0,0
-1.4208072423934937,-0.7439732551574707,-1.785815715789795,0.4974978776399906,0.5307137397805064,0,0
-1.4238916635513306,-0.7459536790847778,-1.785815715789795,0.47803331657945164,0.5251445602267455,0,0
-1.426976203918457,-0.7479340434074402,-1.785815715789795,0.497045254947639,0.5225196680224982,0,0
-1.430060625076294,-0.7499144077301025,-1.785815715789795,0.5151464540564197,0.5189888214381471,0,0
-1.4331450462341309,-0.7518947124481201,-1.785815715789795,0.45576255671975646,0.4876749039323949,0,0
-1.4362295866012573,-0.7538750767707825,-1.7856216430664062,0.44338312966350873,0.4976876909723176,0,0
-1.4393121004104614,-0.7558548450469971,-1.7851269245147705,0.447753191552457,0.4880947427121707,0,0
-1.4423859119415283,-0.7578315138816833,-1.7844672203063965,0.46276728688036234,0.48334170217227906,0,0
-1.445443034172058,-0.7598029375076294,-1.7837274074554443,0.46547151266385905,0.4733824693110766,0,0
-1.4484764337539673,-0.7617666125297546,-1.7829474210739136,0.45602175173557646,0.4761223902246591,0,0
-1.4514800310134888,-0.7637205719947815,-1.7821545600891113,0.4536673927384413,0.4917461812807882,0,0
-1.4544494152069092,-0.765663743019104,-1.7813844680786133,0.4569375294922515,0.46027646578587833,0,0
-1.4573837518692017,-0.7675953507423401,-1.7806396484375,0.45980653472171296,0.48316143691386804,0,0
-1.4602830410003662,-0.7695155143737793,-1.7799221277236938,0.47748601822223324,0.488067245107812,0,0
-1.4631497859954834,-0.7714247107505798,-1.7790390253067017,0.41619157187433653,0.4656184302796756,0,0
-1.4660048484802246,-0.7733262777328491,-1.7781565189361572,0.41097340076473204,0.4409006103430811,0,0
-1.46882963180542,-0.7752172946929932,-1.777186632156372,0.41952576882929976,0.44390218726453234,0,0
-1.4716230630874634,-0.7770941257476807,-1.7761833667755127,0.4295479322177263,0.449425435464023,0,0
-1.474385380744934,-0.7789478898048401,-1.7751779556274414,0.4301203536340851,0.44741670164504316,0,0
-1.4771151542663574,-0.7807636260986328,-1.774213433265686,0.43470857639844096,0.43992587293096463,0,0
-1.4798107147216797,-0.7825219035148621,-1.7733345031738281,0.42479075084400797,0.44964194982303185,0,0
-1.4824717044830322,-0.784200131893158,-1.7725428342819214,0.4243487296481236,0.43616934643936395,0,0
-1.485097885131836,-0.7857744693756104,-1.77179753780365,0.42573955410173947,0.4470764635174379,0,0
-1.4876911640167236,-0.7872228026390076,-1.7710270881652832,0.42262718959671897,0.44234394354205314,0,0
-1.4902546405792236,-0.7885255813598633,-1.770154595375061,0.4099243047310433,0.4079850508360933,0,0
-1.4927915334701538,-0.7896663546562195,-1.76895010471344,0.3938008269418104,0.42910354867950157,0,0
-1.4953047037124634,-0.7906340956687927,-1.7675989866256714,0.3932184547391153,0.4136700774761902,0,0
-1.4977937936782837,-0.7914245128631592,-1.7661316394805908,0.3972787105800538,0.3971069699025888,0,0
-1.5002546310424805,-0.7920394539833069,-1.7644189596176147,0.38128885814367575,0.41827800400964865,0,0
-1.5026819705963135,-0.792486310005188,-1.7624037265777588,0.3935544309430969,0.4130923503238731,0,0
-1.5050678253173828,-0.7927772402763367,-1.7600473165512085,0.3912288339864223,0.40746240766400066,0,0
-1.50740385055542,-0.7929303050041199,-1.7573167085647583,0.38866544971374983,0.40865204704172325,0,0
-1.5096850395202637,-0.7929665446281433,-1.754437804222107,0.40095585612323703,0.4210453752673943,0,0
-1.5119078159332275,-0.792904794216156,-1.7513624429702759,0.37344709985199737,0.407730716048941,0,0
-1.5140695571899414,-0.7927631735801697,-1.7481886148452759,0.36317177401402734,0.3760920738899094,0,0
-1.5161662101745605,-0.792559027671814,-1.745105504989624,0.3499437129746411,0.3834207997100296,0,0
-1.5181916952133179,-0.7923077344894409,-1.7420238256454468,0.36713530423036267,0.4027817452231964,0,0
-1.5201416015625,-0.792023777961731,-1.7388412952423096,0.33072908763485775,0.3970595227468519,0,0
-1.5220109224319458,-0.7917181849479675,-1.7357131242752075,0.3625707860201938,0.3885434745619095,0,0
-1.5237940549850464,-0.7913994789123535,-1.7326358556747437,0.37017757865649814,0.3726518747937867,0,0
-1.5254871845245361,-0.7910732626914978,-1.729638934135437,0.35623178498583946,0.39426112317858797,0,0
-1.5270838737487793,-0.7907424569129944,-1.7267457246780396,0.3838605471950566,0.35890272825006825,0,0
-1.5285789966583252,-0.7904085516929626,-1.7239694595336914,0.3751911900513155,0.3941440435201645,0,0
-1.5299676656723022,-0.7900717258453369,-1.7213178873062134,0.37661908705806413,0.3940605315694846,0,0
-1.531245231628418,-0.7897319197654724,-1.7187820672988892,0.3495129107147119,0.3850663104348618,0,0
-1.5324090719223022,-0.7893884778022766,-1.7163602113723755,0.3611382109372534,0.3920940870764102,0,0
-1.5334563255310059,-0.7890402674674988,-1.714043140411377,0.3623934862404972,0.38695971754281067,0,0
-1.5343879461288452,-0.7886859178543091,-1.7118310928344727,0.3677973451759369,0.3734395474191087,0,0
-1.5352044105529785,-0.788324236869812,-1.7097175121307373,0.3577448806611051,0.3688987307163736,0,0
-1.5359083414077759,-0.7879543900489807,-1.7077019214630127,0.35556544856485967,0.3538953833022406,0,0
-1.5365039110183716,-0.7875750064849854,-1.705781102180481,0.35322747540242166,0.3720053852268049,0,0
-1.5369954109191895,-0.7871857285499573,-1.7039495706558228,0.3570528864153307,0.3753500194673042,0,0
-1.5373884439468384,-0.7867861390113831,-1.7022016048431396,0.3534727567379017,0.3646053160389424,0,0
-1.5376886129379272,-0.7863763570785522,-1.70053231716156,0.3400116062952824,0.36505988168672854,1,1
-1.5379018783569336,-0.7859564423561096,-1.6989296674728394,0.3660106628086421,0.37617737977866067,0,0
-1.538033127784729,-0.7855267524719238,-1.6973915100097656,0.33790722324575195,0.3412972396196318,0,0
-1.5380890369415283,-0.7850871086120605,-1.6959235668182373,0.35199638136205424,0.35766460713089127,0,0
-1.5380744934082031,-0.7846381068229675,-1.6945204734802246,0.3429891246264671,0.3639087333603621,0,0
-1.537995457649231,-0.784180223941803,-1.693188190460205,0.3746539956659447,0.37930185896011687,0,0
-1.5378566980361938,-0.7837142944335938,-1.6919186115264893,0.34802719778366004,0.36393450472388844,0,0
-1.5376641750335693,-0.7832410931587219,-1.6907073259353638,0.34526560268928513,0.3751132553144464,0,0
-1.5374228954315186,-0.782761812210083,-1.6895445585250854,0.3833242157648699,0.3701064630245627,0,0
-1.537136435508728,-0.7822768092155457,-1.6884318590164185,0.35866518346577014,0.3720758668175971,0,0
-1.5368096828460693,-0.7817869186401367,-1.687371015548706,0.3526455578977737,0.37449535533976175,0,0
-1.5364460945129395,-0.7812920808792114,-1.6863590478897095,0.3486516076248756,0.361681046680764,0,0
-1.536049485206604,-0.7807924747467041,-1.68539297580719,0.36293373921707467,0.3685723494104227,0,0
-1.5356230735778809,-0.7802886366844177,-1.6844689846038818,0.37016927748699807,0.358838980998988,0,0
-1.5351696014404297,-0.7797806262969971,-1.6835880279541016,0.3436442374271601,0.37485317243925664,0,0
-1.5346918106079102,-0.7792689204216003,-1.682746171951294,0.35367647006374314,0.37906046992237297,0,0
-1.5341918468475342,-0.7787536978721619,-1.6819387674331665,0.3611085839292822,0.3778924523750773,0,0
-1.533671498298645,-0.7782350182533264,-1.6811705827713013,0.35984545291649206,0.378176132876667,0,0
-1.5331330299377441,-0.7777130603790283,-1.6804344654083252,0.3534175059466047,0.36261573589448615,0,0
-1.5325777530670166,-0.7771880030632019,-1.67972993850708,0.3541948546521226,0.36033623674561627,0,0
-1.5320074558258057,-0.7766596078872681,-1.6790616512298584,0.35636659223818395,0.3724504026401915,0,0
-1.5314230918884277,-0.7761285305023193,-1.6784218549728394,0.3787192132472253,0.37086427608985817,0,0
-1.5308265686035156,-0.7755945324897766,-1.6778115034103394,0.3436353771537447,0.3766866331358594,0,0
-1.5302186012268066,-0.7750580310821533,-1.6772269010543823,0.37169005872175187,0.3829836328474686,0,0
-1.5296005010604858,-0.774519145488739,-1.6766667366027832,0.35148631229895716,0.37836576550414175,0,0
-1.5289727449417114,-0.7739777565002441,-1.6761335134506226,0.37368378903570265,0.3965619449024968,0,0
-1.5283366441726685,-0.7734341025352478,-1.6756260395050049,0.3694998053421399,0.3879112178008888,0,0
-1.527693271636963,-0.77288818359375,-1.6751384735107422,0.3635427328347792,0.35971026021335606,0,0
-1.527042269706726,-0.7723401188850403,-1.6746712923049927,0.3798136747036206,0.3825554725536541,0,0
-1.5263850688934326,-0.7717900276184082,-1.6742298603057861,0.3690709039870038,0.38612054641595767,0,0
-1.5257223844528198,-0.7712380886077881,-1.6738085746765137,0.3639940158064662,0.38262336025734095,0,0
-1.5250543355941772,-0.7706843018531799,-1.6732115745544434,0.3714412347684721,0.4027470278650841,0,0
-1.524382472038269,-0.7701291441917419,-1.6723308563232422,0.3670143106255799,0.4008967539561331,0,0
-1.523708701133728,-0.769573450088501,-1.6713048219680786,0.36914371393165507,0.3847087130851812,0,0
-1.5230350494384766,-0.76901775598526,-1.6702144145965576,0.37570494913891,0.3822361768654187,0,0
-1.5223634243011475,-0.7684628963470459,-1.6691088676452637,0.37542082385890757,0.38116809953828995,0,0
-1.521695852279663,-0.7679093480110168,-1.668014407157898,0.36916007248863536,0.3643127292369098,0,0
-1.5210336446762085,-0.767357587814331,-1.6669502258300781,0.377826968331787,0.3687291623260125,0,0
-1.5203778743743896,-0.7668076753616333,-1.6659159660339355,0.38028932347654665,0.3892795295450565,0,0
-1.519728183746338,-0.7662597298622131,-1.6649236679077148,0.3695990821494371,0.3801091836741918,0,0
-1.5190849304199219,-0.7657137513160706,-1.6639717817306519,0.35813122095134403,0.3904601286916273,1,1
-1.518447756767273,-0.7651693224906921,-1.6630604267120361,0.3831917665722612,0.37598408094322383,0,0
-1.5178147554397583,-0.7646259069442749,-1.6619937419891357,0.38841235329937684,0.40121712558869327,0,0
-1.517185926437378,-0.7640836834907532,-1.6606630086898804,0.3842292009874412,0.4012200399979387,0,0
-1.516561508178711,-0.7635427713394165,-1.6592074632644653,0.3701258186432399,0.38697098728320106,0,0
-1.515942096710205,-0.7630036473274231,-1.6575127840042114,0.39647585067866153,0.401607096045246,0,0
-1.5153288841247559,-0.7624672651290894,-1.6557105779647827,0.35980660716279583,0.38762936929441716,0,0
-1.5147234201431274,-0.7619343400001526,-1.6536892652511597,0.38771737038224396,0.4022451363262875,0,0
-1.5141267776489258,-0.7614055275917053,-1.6513830423355103,0.382878419766727,0.4040812723367735,0,0
-1.5135408639907837,-0.7608823776245117,-1.6487586498260498,0.39227555541313763,0.41130276957135536,0,0
-1.5129681825637817,-0.7603661417961121,-1.6460074186325073,0.37812370370910037,0.38487202468256465,0,0
-1.5124106407165527,-0.7598580718040466,-1.6430344581604004,0.39245834721163847,0.41103841095533594,0,0
-1.5118699073791504,-0.7593593597412109,-1.639796257019043,0.39359480699718474,0.4001454440301678,0,0
-1.5113475322723389,-0.758871853351593,-1.6364684104919434,0.4069699012268434,0.41509753837774144,0,0
-1.5108466148376465,-0.7583943605422974,-1.6329573392868042,0.391436689430443,0.41704188638031026,0,0
-1.5103715658187866,-0.7579253315925598,-1.6294128894805908,0.3876370237657797,0.3887299523236465,0,0
-1.509925127029419,-0.757462739944458,-1.625899076461792,0.38605717981109594,0.3963350738936534,0,0
-1.5095089673995972,-0.757003903388977,-1.6222790479660034,0.3923139631630523,0.4062707616876069,0,0
-1.5091238021850586,-0.7565467357635498,-1.618857741355896,0.40854077294168445,0.39078298895539965,0,0
-1.5087695121765137,-0.7560898065567017,-1.6154175996780396,0.39538691370223145,0.4076703693716097,0,0
-1.508445143699646,-0.7556328177452087,-1.6120268106460571,0.39158409579129794,0.3994802000979512,0,0
-1.508149266242981,-0.7551758289337158,-1.60872483253479,0.38828436044855114,0.38963207979683867,0,0
-1.5078788995742798,-0.7547189593315125,-1.6053427457809448,0.38475157520143793,0.411100023218392,0,0
-1.5076308250427246,-0.7542629837989807,-1.6017736196517944,0.39836959655721516,0.40776255633043396,0,0
-1.5074023008346558,-0.7538090944290161,-1.5981673002243042,0.3906253234817799,0.3984519011791531,0,0
-1.5071905851364136,-0.753358006477356,-1.5946028232574463,0.39134896902492133,0.3927178392454449,0,0
-1.506991982460022,-0.7529107928276062,-1.5909373760223389,0.39955330066291667,0.415704308126499,0,0
-1.506803274154663,-0.7524681687355042,-1.5870847702026367,0.391969222271746,0.40737098496887103,0,0
-1.5066215991973877,-0.7520307302474976,-1.5829943418502808,0.3861208981464997,0.4111789897916857,0,0
-1.5064446926116943,-0.7516002058982849,-1.5786519050598145,0.3987545637265184,0.40633401624101556,0,0
-1.5062710046768188,-0.7511780858039856,-1.5742430686950684,0.389566525599366,0.3882611464846694,0,0
-1.5060991048812866,-0.7507653832435608,-1.569879412651062,0.4079973480959881,0.4111155618536412,0,0
-1.5059300661087036,-0.7503612041473389,-1.5656243562698364,0.41205175494447593,0.4064470106595025,0,0
-1.5057681798934937,-0.7499611377716064,-1.5616966485977173,0.40989633943027687,0.39654026887823257,0,0
-1.5056178569793701,-0.7495607733726501,-1.5580294132232666,0.4071575186000628,0.40050873306981194,0,0
-1.5054868459701538,-0.7491539120674133,-1.5545861721038818,0.40210481674500187,0.41329062695290586,0,0
-1.5053844451904297,-0.7487318515777588,-1.551145315170288,0.39288503138762915,0.40618870819548564,0,0
-1.5053205490112305,-0.7482880353927612,-1.5475208759307861,0.39466528547137397,0.41811227844085325,0,0
-1.5053030252456665,-0.747819185256958,-1.5441170930862427,0.4205410046340355,0.39728757723186614,0,0
-1.5053380727767944,-0.7473244071006775,-1.5410699844360352,0.40006776246102405,0.38664217944438867,0,0
-1.5054279565811157,-0.7468052506446838,-1.538283109664917,0.42672667619860066,0.4110956811889766,1,1
-1.5055748224258423,-0.7462624907493591,-1.5358843803405762,0.4100974112830844,0.3977536759885039,0,0
-1.5057775974273682,-0.7456969618797302,-1.5339425802230835,0.4113613053268105,0.39986775448155176,0,0
-1.5060349702835083,-0.7451103925704956,-1.5324891805648804,0.4368774874092354,0.3994899696488425,0,0
-1.5063424110412598,-0.7445056438446045,-1.5313453674316406,0.42374926056455303,0.41179857924968366,0,0
-1.5066953897476196,-0.7438841462135315,-1.5304040908813477,0.41172214226734755,0.41472371332784713,0,0
-1.507091999053955,-0.743245542049408,-1.5295946598052979,0.4295817529805014,0.40026581504755415,0,0
-1.5075325965881348,-0.7425875663757324,-1.5286846160888672,0.39924625723981166,0.4129159860076544,0,0
-1.5080180168151855,-0.7419069409370422,-1.5279145240783691,0.41457196316747863,0.3984878932810653,0,0
-1.5085477828979492,-0.7412019371986389,-1.5272462368011475,0.4033249463218829,0.42337263954001725,0,0
-1.5091218948364258,-0.7404701709747314,-1.5266491174697876,0.41166362023128905,0.41204473252403595,0,0
-1.5097424983978271,-0.7397091388702393,-1.5262912511825562,0.4219451286528216,0.39930359736201626,0,0
-1.5104093551635742,-0.7389172911643982,-1.5260756015777588,0.4060679643252353,0.4264384431028515,0,0
-1.5111238956451416,-0.7380921840667725,-1.5261390209197998,0.4158957054897844,0.3855647824886996,0,0
-1.511885643005371,-0.7372329235076904,-1.5265470743179321,0.40407287392009256,0.3995040527019719,0,0
-1.5126917362213135,-0.7363401055335999,-1.5271471738815308,0.408300064067041,0.4048823029090572,0,0
-1.5135389566421509,-0.7354143261909485,-1.5278520584106445,0.432069723344895,0.41429466726801034,0,0
-1.5144261121749878,-0.7344554662704468,-1.528602123260498,0.4174049992301472,0.4203896391199011,0,0
-1.5153521299362183,-0.7334626913070679,-1.5293679237365723,0.41430552192348397,0.4051456927419456,0,0
-1.516318917274475,-0.7324339151382446,-1.5301198959350586,0.41975802396548606,0.4149434831358475,0,0
-1.5173289775848389,-0.7313659191131592,-1.5308459997177124,0.4041646781544343,0.41168853496655716,0,0
-1.5183868408203125,-0.730255126953125,-1.5315330028533936,0.4116222184436482,0.41998851768258305,0,0
-1.5194977521896362,-0.7290977239608765,-1.532179594039917,0.42564051098418376,0.41862195073057984,0,0
-1.5206674337387085,-0.727890133857727,-1.532987356185913,0.42295764324191726,0.39180331984407313,0,0
-1.521898865699768,-0.7266309857368469,-1.5336620807647705,0.3985394352918177,0.4163909188032721,0,0
-1.523190975189209,-0.725322425365448,-1.5342528820037842,0.41932390018059423,0.41132708851054706,0,0
-1.5245416164398193,-0.7239675521850586,-1.5347875356674194,0.40777739388560796,0.42827523800433787,0,0
-1.5259480476379395,-0.7225703001022339,-1.5352725982666016,0.4128730834890898,0.41298213112838605,0,0
-1.5274072885513306,-0.7211341857910156,-1.5357223749160767,0.4117265513847665,0.40918195145064296,0,0
-1.5289170742034912,-0.7196621894836426,-1.536144733428955,0.41284635456242585,0.4121429622923834,0,0
-1.5304763317108154,-0.7181556224822998,-1.5367395877838135,0.4162551303556987,0.3963448304766355,0,0
-1.5320812463760376,-0.7166163325309753,-1.5374222993850708,0.42158570369615816,0.40936453984692284,0,0
-1.5337283611297607,-0.7150463461875916,-1.5381442308425903,0.407085717973701,0.4100906946331633,0,0
-1.5354135036468506,-0.7134461402893066,-1.5388727188110352,0.4096544137945275,0.40984607887922,0,0
-1.5371352434158325,-0.711816668510437,-1.5395926237106323,0.4332922263130641,0.41528757946634615,0,0
-1.5388908386230469,-0.7101576924324036,-1.5404889583587646,0.4151107745208153,0.39755897798973666,0,0
-1.5406780242919922,-0.7084707021713257,-1.5414726734161377,0.40826577355976706,0.4166197978682976,0,0
-1.5424933433532715,-0.7067570090293884,-1.5424884557724,0.43475107888501535,0.4007113486769564,0,0
-1.5443339347839355,-0.7050176858901978,-1.5435056686401367,0.4191440236385262,0.41689268845825334,0,0
-1.5461976528167725,-0.7032532095909119,-1.5445126295089722,0.4397170093169359,0.4243873344687075,0,0
-1.5480839014053345,-0.7014631628990173,-1.5456831455230713,0.40884373564032644,0.391472221846622,1,1
-1.5499908924102783,-0.6996484398841858,-1.547116756439209,0.4191012270926366,0.3952128036424305,0,0
-1.5519137382507324,-0.6978119611740112,-1.54887056350708,0.4241186160282316,0.3982488105335108,0,0
-1.5538439750671387,-0.6959583163261414,-1.5507839918136597,0.41228357470523824,0.4077986087966947,0,0
-1.5557729005813599,-0.6940921545028687,-1.552950143814087,0.41435844661171783,0.3990753886542043,0,0
-1.5576908588409424,-0.6922187805175781,-1.555230975151062,0.41706648251950545,0.4094750010032629,0,0
-1.5595881938934326,-0.6903436779975891,-1.5575789213180542,0.4183353114408289,0.40766496056590995,0,0
-1.561458706855774,-0.6884706616401672,-1.5598386526107788,0.42513501663243347,0.4136117475274779,0,0
-1.5632981061935425,-0.6866024732589722,-1.562025785446167,0.4206062178936268,0.4119328016313665,0,0
-1.565106987953186,-0.6847394704818726,-1.5641306638717651,0.421573367993529,0.43745911582181196,0,0
-1.5668879747390747,-0.6828807592391968,-1.5661555528640747,0.420218243030166,0.40784726167713636,0,0
-1.5686465501785278,-0.6810234189033508,-1.5679113864898682,0.3969342375330411,0.41701966030504095,0,0
-1.5703872442245483,-0.6791658401489258,-1.569482684135437,0.40874916221441276,0.4098672494628131,0,0
-1.5721147060394287,-0.6773066520690918,-1.570923089981079,0.4087664797379871,0.4222611710105272,0,0
-1.5738340616226196,-0.6754443049430847,-1.5724605321884155,0.40945821487296324,0.39592333665895074,0,0
-1.5755479335784912,-0.6735784411430359,-1.5740177631378174,0.4265585174021569,0.41300202608520736,0,0
-1.5772595405578613,-0.6717088222503662,-1.5755610466003418,0.4175324949573277,0.413848148841307,0,0
-1.5789719820022583,-0.6698344349861145,-1.5768630504608154,0.3993560256349532,0.40568843232548996,0,0
-1.5806862115859985,-0.6679559946060181,-1.578011155128479,0.4062339493142479,0.40159586043411016,0,0
-1.5824044942855835,-0.6660744547843933,-1.579052209854126,0.4057004409807805,0.4020349922892134,0,0
-1.5841283798217773,-0.6641901135444641,-1.5800107717514038,0.4063919094014411,0.4178697843115216,0,0
-1.5858604907989502,-0.6623028516769409,-1.580907940864563,0.40743346770906924,0.40217807395482097,0,0
-1.587603211402893,-0.6604113578796387,-1.581754446029663,0.4221694357405508,0.428146941973378,0,0
-1.5893605947494507,-0.6585138440132141,-1.5825599431991577,0.40133266418923574,0.4040794016534053,0,0
-1.5911352634429932,-0.656607449054718,-1.583335041999817,0.41341051122661865,0.4072983277122752,0,0
-1.592930555343628,-0.6546885967254639,-1.5840712785720825,0.40707204680976017,0.40761747383261293,0,0
-1.594749093055725,-0.6527532935142517,-1.5847656726837158,0.41311338172277506,0.4154668584417001,0,0
-1.5965938568115234,-0.650797426700592,-1.58541738986969,0.40555137692203913,0.40225219553844105,0,0
-1.5984675884246826,-0.6488174200057983,-1.5860328674316406,0.40238552949540235,0.41552778051908396,0,0
-1.6003732681274414,-0.6468104720115662,-1.586614727973938,0.40557873718603965,0.41972300632845133,0,0
-1.6023132801055908,-0.6447743773460388,-1.5871700048446655,0.40856082218157486,0.41009276266976014,0,0
-1.6042894124984741,-0.6427077651023865,-1.5875059366226196,0.3984421860559309,0.417208976420683,0,0
-1.606301188468933,-0.640612006187439,-1.587707757949829,0.4145167951447932,0.40363167783219583,0,0
-1.6083464622497559,-0.6384899616241455,-1.5878304243087769,0.4217505044621636,0.4166181117059991,0,0
-1.6104230880737305,-0.6363450884819031,-1.5879062414169312,0.4157156760569471,0.40471983319892374,0,0
-1.6125285625457764,-0.6341806650161743,-1.5879491567611694,0.3806950612497749,0.3973186272900217,0,0
-1.614657998085022,-0.6320013999938965,-1.5879740715026855,0.4036839898294857,0.4000078317330816,0,0
-1.6168055534362793,-0.6298116445541382,-1.5879886150360107,0.41987947548491766,0.4010701394031688,0,0
-1.6189650297164917,-0.6276147365570068,-1.587790608406067,0.38628428082739014,0.4227905037794142,0,0
-1.621130108833313,-0.6254152655601501,-1.5874762535095215,0.43157841700676686,0.41029068371731503,0,0
-1.6232948303222656,-0.623217761516571,-1.5872867107391357,0.42995673193130907,0.39308157368964336,1,1
-1.6254515647888184,-0.6210274696350098,-1.5871750116348267,0.4024636295781716,0.41713266356229656,0,0
-1.6275949478149414,-0.6188483834266663,-1.5868980884552002,0.39370298972300005,0.40453383649798524,0,0
-1.6297199726104736,-0.6166862845420837,-1.5865585803985596,0.42653615887412943,0.41950681619151603,0,0
-1.6318225860595703,-0.6145451068878174,-1.58638596534729,0.4270311556400313,0.3886027014827522,0,0
-1.6338990926742554,-0.612429141998291,-1.5861164331436157,0.3971489369321646,0.41391617391641444,0,0
-1.635944128036499,-0.6103435754776001,-1.5859802961349487,0.4120799974346655,0.39996956914995946,0,0
-1.6379516124725342,-0.6082943677902222,-1.5857524871826172,0.3887849743185588,0.40542146528937134,0,0
-1.6399142742156982,-0.6062890291213989,-1.585450291633606,0.41286880601358145,0.42082289519261085,0,0
-1.641826868057251,-0.6043333411216736,-1.5851163864135742,0.42727853844065367,0.41389679887031355,0,0
-1.6436877250671387,-0.602429986000061,-1.5849883556365967,0.40634265708581274,0.39249895429749176,0,0
-1.645495891571045,-0.6005808115005493,-1.5849601030349731,0.4041313891222755,0.4031435294224742,0,0
-1.647253394126892,-0.5987851619720459,-1.5849841833114624,0.4136792592749164,0.4128736260217504,0,0
-1.6489636898040771,-0.5970396995544434,-1.5850439071655273,0.41541770499270375,0.4048338490951753,0,0
-1.6506327390670776,-0.5953383445739746,-1.5851353406906128,0.4148775119241271,0.43000881939397834,0,0
-1.6522698402404785,-0.5936736464500427,-1.5852227210998535,0.4043883460546149,0.4074491243569858,0,0
-1.6538833379745483,-0.5920374393463135,-1.5852956771850586,0.4047413581052965,0.4135765342768568,0,0
-1.6554830074310303,-0.590420663356781,-1.5855635404586792,0.42284391002261595,0.3952715144347957,0,0
-1.657077431678772,-0.5888146162033081,-1.5857205390930176,0.3949585710729128,0.4102777102298177,0,0
-1.65867280960083,-0.5872130393981934,-1.585972547531128,0.40756909398871133,0.38665747248294124,0,0
-1.660271167755127,-0.5856122970581055,-1.586510419845581,0.4051796536562846,0.38824551690790293,0,0
-1.6618725061416626,-0.5840120315551758,-1.587386131286621,0.4027194372744972,0.3982498257736625,0,0
-1.6634719371795654,-0.5824147462844849,-1.5884366035461426,0.40197810829617847,0.4150605546822092,0,0
-1.6650651693344116,-0.5808229446411133,-1.5895615816116333,0.40053905968516457,0.4122557788409756,0,0
-1.6666450500488281,-0.5792387127876282,-1.59070885181427,0.4206081007818514,0.40206433055230256,0,0
-1.6681991815567017,-0.5776621699333191,-1.5918314456939697,0.3965569138521959,0.3931978680383324,0,0
-1.6697118282318115,-0.5760920643806458,-1.5928375720977783,0.39660779800942636,0.4203754328839567,0,0
-1.671162724494934,-0.5745265483856201,-1.5937098264694214,0.41727799589668135,0.40906650490274615,0,0
-1.672532081604004,-0.5729627013206482,-1.594530463218689,0.41273519282262594,0.4056113329124714,0,0
-1.6738014221191406,-0.5713958144187927,-1.5954080820083618,0.3995702647197167,0.40192492108566835,0,0
-1.6749542951583862,-0.5698175430297852,-1.5963383913040161,0.4019893257766481,0.39795795481215324,0,0
-1.6759761571884155,-0.5682168006896973,-1.5972217321395874,0.4120032890975092,0.42008835453344695,0,0
-1.6768542528152466,-0.5665829181671143,-1.5980693101882935,0.40144693581886515,0.40371531517058357,0,0
-1.6775771379470825,-0.5649089217185974,-1.5989530086517334,0.4153171946209238,0.3998837562795809,0,0
-1.678134799003601,-0.5631915330886841,-1.5998495817184448,0.4079487341767556,0.4119783437265679,0,0
-1.678519368171692,-0.5614303350448608,-1.6007071733474731,0.40511432334074254,0.41987196590847786,0,0
-1.6787259578704834,-0.5596258044242859,-1.6015300750732422,0.39897548161140645,0.4055818592153859,0,0
-1.6787521839141846,-0.5577787756919861,-1.6023309230804443,0.39693413824276763,0.41287345723867286,0,0
-1.6785989999771118,-0.5558902025222778,-1.6031038761138916,0.39734380829578225,0.4145407789108848,0,0
-1.6782684326171875,-0.553961455821991,-1.6038429737091064,0.4225204994790013,0.40973201450191127,0,0
-1.67776620388031,-0.5519939064979553,-1.6045539379119873,0.39801679537377427,0.4080504297272487,0,0
-1.6770976781845093,-0.5499891042709351,-1.6052441596984863,0.43163815887601387,0.4313466045811428,0,0
-1.676269769668579,-0.5479485392570496,-1.6059125661849976,0.42017230601138544,0.4186443889603158,0,0
-1.675291657447815,-0.5458733439445496,-1.606533169746399,0.4175148581422725,0.42712050486102193,0,0
-1.6741726398468018,-0.5437649488449097,-1.6070911884307861,0.43157932665465204,0.4002065219742584,0,0
-1.6729223728179932,-0.5416244864463806,-1.6075916290283203,0.3997742633207701,0.4262933337666053,0,0
-1.6715508699417114,-0.5394535064697266,-1.6080654859542847,0.4198901099673686,0.40342055803468624,0,0
-1.6700674295425415,-0.5372540950775146,-1.6085437536239624,0.41014369229948183,0.41762319184500857,0,0
-1.6684798002243042,-0.5350285768508911,-1.6090328693389893,0.4237369661538136,0.42011958878684846,0,0
-1.6667964458465576,-0.5327797532081604,-1.6095181703567505,0.4216197579482259,0.42827958988927617,0,0
-1.6650245189666748,-0.530509889125824,-1.609989881515503,0.41998968755517696,0.41335951251934605,0,0
-1.6631711721420288,-0.5282210111618042,-1.6104344129562378,0.45589393603753225,0.4399102719866136,0,0
-1.6612437963485718,-0.5259142518043518,-1.6108390092849731,0.43426058680665325,0.4439343211346765,0,0
-1.65924870967865,-0.5235909223556519,-1.6112060546875,0.4514215208662696,0.441080255130578,0,0
-1.6571921110153198,-0.5212520360946655,-1.6115440130233765,0.44859667068469217,0.4432805390537028,0,0
-1.6550798416137695,-0.5188989043235779,-1.611865520477295,0.4397990225892357,0.4360446952165034,0,0
-1.6529170274734497,-0.5165332555770874,-1.6121761798858643,0.456302289464109,0.43619453572365435,0,0
-1.6507073640823364,-0.5141566395759583,-1.6124879121780396,0.4368208425913094,0.447252258847559,0,0
-1.6484546661376953,-0.5117701888084412,-1.6127994060516357,0.4077073984135145,0.44534788850882867,0,0
-1.646162748336792,-0.5093752145767212,-1.6131060123443604,0.4424842820414079,0.45008966666736855,0,0
-1.6438344717025757,-0.5069722533226013,-1.613396167755127,0.4435625362602812,0.43961891994341434,0,0
-1.6414729356765747,-0.5045620203018188,-1.6136630773544312,0.4726216432658002,0.47472516398259174,0,0
-1.6390808820724487,-0.5021450519561768,-1.6139055490493774,0.4850838141783863,0.48884451876295154,0,0
-1.6366612911224365,-0.49972206354141235,-1.6141306161880493,0.46868654095497714,0.4761306300332468,0,0
-1.6342164278030396,-0.4972938001155853,-1.6143453121185303,0.4593214922841041,0.4681117295026274,0,0
-1.6317490339279175,-0.49486085772514343,-1.6145572662353516,0.4851901701661937,0.4775438695828106,0,0
-1.6292599439620972,-0.492423951625824,-1.6147704124450684,0.47523653059112947,0.48240638498971117,0,0
-1.6267516613006592,-0.4899834096431732,-1.6149791479110718,0.48407866371732605,0.48627957025397467,0,0
-1.6242254972457886,-0.4875395596027374,-1.6151782274246216,0.4699164987434279,0.491043934422891,0,0
-1.6216822862625122,-0.48509275913238525,-1.6153652667999268,0.48353347664666907,0.4630789323389222,0,0
-1.6191242933273315,-0.48264312744140625,-1.6155387163162231,0.4916754081284944,0.4918231546032453,0,0
-1.6165528297424316,-0.48019102215766907,-1.6156986951828003,0.5236917304455053,0.5294837165457851,0,0
-1.613969087600708,-0.47773662209510803,-1.6158504486083984,0.5174560786579103,0.48743507697059296,0,0
-1.6113739013671875,-0.47528043389320374,-1.6160006523132324,0.5046321453068496,0.5325057511343154,0,0
-1.6087687015533447,-0.4728226065635681,-1.6161469221115112,0.4843107342389012,0.5123129798305371,0,0
-1.6061538457870483,-0.4703633785247803,-1.6162874698638916,0.5062694416250686,0.5247613107776021,0,0
-1.6035305261611938,-0.467902809381485,-1.6164228916168213,0.5053469429244009,0.5259374204339492,0,0
-1.6008994579315186,-0.46544110774993896,-1.6165498495101929,0.49691551707075887,0.5060384158106875,0,0
-1.5982606410980225,-0.4629783630371094,-1.6166703701019287,0.5162964964520662,0.4963126541310757,0,0
-1.5956153869628906,-0.4605145752429962,-1.6167840957641602,0.501893527683962,0.5216671882631958,0,0
-1.59296452999115,-0.458050012588501,-1.616889476776123,0.5223798376853882,0.5269917107306225,0,0
-1.5903081893920898,-0.4555847644805908,-1.616994857788086,0.5441661429663106,0.5393771292944888,0,0
-1.5876471996307373,-0.4531189203262329,-1.6170934438705444,0.5342124388927019,0.5512911220379169,0,0
-1.5849813222885132,-0.4506525993347168,-1.6171910762786865,0.5413038107265087,0.5587083823608283,0,0
-1.582311749458313,-0.44818586111068726,-1.617282748222351,0.5489694752571349,0.5505029769278728,0,0
-1.5796382427215576,-0.44571876525878906,-1.6173681020736694,0.5394800796966306,0.5368354636845202,0,0
-1.5769612789154053,-0.44325125217437744,-1.6174476146697998,0.5630881547754926,0.5423357711618398,0,0
-1.5742812156677246,-0.4407835006713867,-1.6175246238708496,0.5501660681476264,0.5655400770476544,0,0
-1.571597933769226,-0.4383154809474945,-1.6175963878631592,0.548711485422923,0.5567098779169102,0,0
-1.5689127445220947,-0.4358472526073456,-1.6176677942276,0.5412935138091474,0.5501776686812774,0,0
-1.5662250518798828,-0.4333789646625519,-1.617738127708435,0.5522620033402196,0.5379858877000715,0,0
-1.563535213470459,-0.4309106171131134,-1.6178042888641357,0.5766144004818478,0.5866527727960218,0,0
-1.5608432292938232,-0.42844220995903015,-1.617864966392517,0.5852799639674265,0.5848937949294569,0,0
-1.5581494569778442,-0.4259737730026245,-1.6179258823394775,0.5928523048480157,0.5756941588168949,0,0
-1.5554540157318115,-0.4235052466392517,-1.6179797649383545,0.5803101062934631,0.5910633186116451,0,0
-1.5527571439743042,-0.4210367798805237,-1.618035078048706,0.5773522466151518,0.5875371128302864,0,0
-1.5500590801239014,-0.41856831312179565,-1.6180864572525024,0.5819108004677268,0.5822928169156351,0,0
-1.5473594665527344,-0.41609978675842285,-1.6181336641311646,0.5698510641808372,0.5753561658670657,0,0
-1.544658899307251,-0.4136314392089844,-1.6181782484054565,0.598606116888653,0.5766716585031867,0,0
-1.541957139968872,-0.4111630916595459,-1.6182228326797485,0.5732889691121253,0.5910192458335481,0,0
-1.5392544269561768,-0.4086948335170746,-1.618267297744751,0.5677906118802813,0.5933313154154171,0,0
-1.5365512371063232,-0.4062266945838928,-1.6183050870895386,0.6101830446080042,0.6147381728917746,0,0
-1.5338472127914429,-0.40375858545303345,-1.6183429956436157,0.6225399609603701,0.6302182331340497,0,0
-1.531141996383667,-0.401290625333786,-1.6183807849884033,0.619320011799703,0.6277629418389608,0,0
-1.528436303138733,-0.39882272481918335,-1.6184145212173462,0.6179591453066283,0.6177960733310871,0,0
-1.5257301330566406,-0.39635491371154785,-1.618448257446289,0.6201409154193597,0.6300557379345416,0,0
-1.523023247718811,-0.3938871920108795,-1.6184767484664917,0.6192937272216161,0.6134425743187408,0,0
-1.5203156471252441,-0.3914196193218231,-1.6185050010681152,0.6068526591464924,0.6036798900997086,0,0
-1.5176080465316772,-0.38895222544670105,-1.6185333728790283,0.6409020830904948,0.6178898515720795,0,0
-1.5148996114730835,-0.38648492097854614,-1.6185617446899414,0.6109562142693197,0.5941594358880883,0,0
-1.512190818786621,-0.3840177357196808,-1.6185845136642456,0.6142727705948475,0.6105231327049703,0,0
-1.5094817876815796,-0.3815506100654602,-1.618607521057129,0.6547943240979841,0.6527490791952998,0,0
-1.5067723989486694,-0.37908363342285156,-1.6186304092407227,0.6708821034211608,0.6648301981798768,0,0
-1.5040626525878906,-0.37661677598953247,-1.6186535358428955,0.6358178509729966,0.641290583004738,0,0
-1.5013529062271118,-0.37414997816085815,-1.6186764240264893,0.6598064235086738,0.671978621428005,0,0
-1.4986425638198853,-0.371683269739151,-1.6186938285827637,0.6475275949322683,0.6447307058104053,0,0
-1.49593186378479,-0.3692167103290558,-1.6187114715576172,0.6369939652272487,0.6632677395456025,0,0
-1.4932211637496948,-0.3667502701282501,-1.6187288761138916,0.6331627049672045,0.6594668357933258,0,0
-1.490510106086731,-0.3642839193344116,-1.6187466382980347,0.651054721955014,0.6495823079640385,0,0
-1.487798810005188,-0.3618176281452179,-1.618764042854309,0.6445530685772429,0.6589355211840724,0,0
-1.485087513923645,-0.3593515455722809,-1.6187816858291626,0.6503463957809072,0.6503835894711142,0,0
-1.4823760986328125,-0.35688552260398865,-1.6187925338745117,0.6994981126589587,0.6942362496648107,0,0
-1.4796642065048218,-0.3544195890426636,-1.6188032627105713,0.6879718221297356,0.6932934744144,0,0
-1.4769525527954102,-0.35195374488830566,-1.6188141107559204,0.6751522215974981,0.6967178399267256,0,0
-1.4742406606674194,-0.3494879901409149,-1.6188249588012695,0.6765298269105765,0.6856566504466486,0,0
-1.4715286493301392,-0.34702232480049133,-1.618835687637329,0.7203817702876875,0.6909665971754316,0,0
-1.4688162803649902,-0.3445567190647125,-1.6188465356826782,0.6970420003538625,0.6936815204565472,0,0
-1.4661037921905518,-0.34209126234054565,-1.6188573837280273,0.6803131034731313,0.6759782355141836,0,0
-1.4633911848068237,-0.33962583541870117,-1.6188682317733765,0.6753623942884156,0.6986091604580352,0,0
-1.4606785774230957,-0.33716049790382385,-1.6188735961914062,0.6895701822802215,0.6885444375963721,0,0
-1.4579660892486572,-0.3346952497959137,-1.618878960609436,0.6903952781781942,0.6913453407242545,0,0
-1.4552533626556396,-0.3322300612926483,-1.6188843250274658,0.7199777058981662,0.7400239061879015,0,0
-1.4525407552719116,-0.3297649323940277,-1.6188896894454956,0.7128017012127957,0.733592965037906,0,0
-1.4498279094696045,-0.3272998631000519,-1.618895173072815,0.7188714707364762,0.7226828883269195,0,0
-1.4471150636672974,-0.3248348832130432,-1.6189005374908447,0.7211574486615475,0.7355805365531733,0,0
-1.4444019794464111,-0.3223699629306793,-1.6189059019088745,0.7315941048466755,0.7263938731860652,0,0
-1.441688895225525,-0.3199051022529602,-1.6189112663269043,0.720941505115192,0.744766473411036,0,0
-1.4389755725860596,-0.3174402713775635,-1.6189167499542236,0.7230454974133319,0.7232639826086678,0,0
-1.4362624883651733,-0.3149755299091339,-1.6189221143722534,0.7358700996244207,0.74866645409698,0,0
-1.433549404144287,-0.3125108480453491,-1.6189274787902832,0.7622043676034643,0.7345964840911904,0,0
-1.4308362007141113,-0.3100462257862091,-1.618932843208313,0.7192473738655765,0.7248040040034932,0,0
-1.428122878074646,-0.3075816035270691,-1.6189380884170532,0.764820291027849,0.7643779466163928,0,0
-1.4254095554351807,-0.30511710047721863,-1.618943691253662,0.7500652186755022,0.7683338313430014,0,0
-1.4226962327957153,-0.30265259742736816,-1.6189491748809814,0.7517131729151404,0.7825408090799587,0,0
-1.41998291015625,-0.3001881241798401,-1.6189491748809814,0.7889649527428461,0.7632008178794756,0,0
-1.4172694683074951,-0.2977236807346344,-1.6189491748809814,0.7665265734246733,0.7733708804449168,0,0
-1.4145560264587402,-0.2952592968940735,-1.6189491748809814,0.7748004987010528,0.756769561072008,0,0
-1.4118425846099854,-0.29279497265815735,-1.6189491748809814,0.760924408269398,0.7630804386959718,0,0
-1.4091291427612305,-0.2903306484222412,-1.6189491748809814,0.7720841915214499,0.7452410569925291,0,0
-1.4064158201217651,-0.28786641359329224,-1.6189491748809814,0.7672105860375598,0.7593444453626966,0,0
-1.4037022590637207,-0.2854021489620209,-1.6189491748809814,0.7706426172132554,0.7587281045025677,0,0
-1.4009886980056763,-0.2829379439353943,-1.6189491748809814,0.48611137036812846,0.4836783432057816,0,0
-1.3982751369476318,-0.2804737985134125,-1.6189491748809814,0.5195222224495493,0.5063859875475123,0,0
-1.3955615758895874,-0.27800965309143066,-1.6189491748809814,0.4886076605880354,0.5197048430938319,0,0
-1.3928478956222534,-0.27554556727409363,-1.6189491748809814,0.5027030618600332,0.5004921868391764,0,0
-1.3901342153549194,-0.273081511259079,-1.6189491748809814,0.49368313921304346,0.5120176950479759,0,0
-1.3874205350875854,-0.2706175148487091,-1.6189491748809814,0.49052439580852913,0.49012783637767315,0,0
-1.384706974029541,-0.2681535482406616,-1.6189491748809814,0.4866980284077517,0.4938205334859525,0,0
-1.3819931745529175,-0.2656896114349365,-1.6189491748809814,0.5046208367967323,0.5043358710354178,0,0
-1.379279375076294,-0.2632257044315338,-1.6189491748809814,0.5086555398673758,0.5096283163214137,0,0
-1.3765654563903809,-0.2607617974281311,-1.6189491748809814,0.5054032814846935,0.4993461477089132,0,0
-1.3738516569137573,-0.25829797983169556,-1.6189491748809814,0.4814121410160683,0.48965853795116593,0,0
-1.3711377382278442,-0.2558341920375824,-1.6189491748809814,0.5039035158197508,0.5117562717683737,0,0
-1.3684238195419312,-0.2533704340457916,-1.6189491748809814,0.4943991564239361,0.4888632942927776,0,0
-1.365709900856018,-0.25090667605400085,-1.6189491748809814,0.5042671915435796,0.5038353483655862,0,0
-1.362995982170105,-0.24844296276569366,-1.6189491748809814,0.49550521521543345,0.4852295646798889,0,0
-1.360282063484192,-0.24597930908203125,-1.6189491748809814,0.4952125609061878,0.4988238184710216,0,0
-1.3575680255889893,-0.24351568520069122,-1.6189491748809814,0.494382893941452,0.46577723901278417,0,0
-1.3548539876937866,-0.24105209112167358,-1.6189491748809814,0.4946312544633616,0.5008173570978883,0,0
-1.3521398305892944,-0.23858854174613953,-1.6189491748809814,0.4964685959799786,0.5047475283759063,0,0
-1.3494257926940918,-0.23612502217292786,-1.6189491748809814,0.49246196976500134,0.5027663794474823,0,0
-1.3467117547988892,-0.23366153240203857,-1.6189491748809814,0.503791816294511,0.4954825639537813,0,0
-1.343997597694397,-0.23119807243347168,-1.6189491748809814,0.5007529939566433,0.49381186381453734,0,0
-1.3412833213806152,-0.22873467206954956,-1.6189491748809814,0.5059457007616566,0.5027690493972709,0,0
-1.3385690450668335,-0.22627130150794983,-1.6189491748809814,0.5062601174940747,0.5179800499704834,0,0
-1.3358547687530518,-0.22380796074867249,-1.6189491748809814,0.5074895992511818,0.4925430192028352,0,0
-1.33314049243927,-0.22134461998939514,-1.6189491748809814,0.5102455429981239,0.4923572501868913,0,0
-1.3304263353347778,-0.21888133883476257,-1.6189491748809814,0.4974948048365186,0.5177249117851739,0,0
-1.327712059020996,-0.2164180874824524,-1.6189491748809814,0.5171099625697537,0.4901997582802992,0,0
-1.3249977827072144,-0.2139548808336258,-1.6189491748809814,0.5076950032892601,0.5227460649926541,0,0
-1.322283387184143,-0.211491659283638,-1.6189491748809814,0.49276855502987243,0.5053752484333537,0,0
-1.3195689916610718,-0.20902849733829498,-1.6189491748809814,0.4959926874431374,0.5191237963340126,0,0
-1.316854476928711,-0.20656540989875793,-1.6189491748809814,0.4799249941361418,0.5003876892660492,0,0
-1.3141400814056396,-0.2041023224592209,-1.6189491748809814,0.5072008401920818,0.4831471881295942,0,0
-1.3114256858825684,-0.20163924992084503,-1.6189491748809814,0.4982711527848644,0.5100020209456224,0,0
-1.3087114095687866,-0.19917626678943634,-1.6189491748809814,0.5221133258648675,0.4856687063154648,0,0
-1.3059970140457153,-0.19671323895454407,-1.6189491748809814,0.5063825934152855,0.4981055410371458,0,0
-1.3032824993133545,-0.19425028562545776,-1.6189491748809814,0.48238960674154463,0.5189551884183942,0,0
-1.3005679845809937,-0.19178734719753265,-1.6189491748809814,0.502959048436292,0.47800856844205597,0,0
-1.2978535890579224,-0.18932443857192993,-1.6189491748809814,0.4880240196526483,0.4965779010084273,0,0
-1.2951390743255615,-0.18686160445213318,-1.6189491748809814,0.5016215419323284,0.5072228961843173,0,0
-1.2924245595932007,-0.18439878523349762,-1.6189491748809814,0.48573026565396676,0.4935207689474467,0,0
-1.2897100448608398,-0.18193601071834564,-1.6189491748809814,0.5046117566489046,0.5203675645603701,0,0
-1.2869954109191895,-0.17947323620319366,-1.6189491748809814,0.5069109563181405,0.49557685250412886,0,0
-1.284280776977539,-0.17701050639152527,-1.6189491748809814,0.49082989918835795,0.4960525370378639,0,0
-1.2815661430358887,-0.17454780638217926,-1.6189491748809814,0.485405388194287,0.49613906660356466,0,0
-1.2788513898849487,-0.17208513617515564,-1.6189491748809814,0.5144000438210691,0.4991537793896598,0,0
-1.2761365175247192,-0.1696224808692932,-1.6189491748809814,0.5181409831224746,0.49448155567043844,0,0
-1.2734216451644897,-0.16715988516807556,-1.6189491748809814,0.48503917938682717,0.5024613422383712,0,0
-1.2707070112228394,-0.1646972894668579,-1.6189491748809814,0.5027292361460893,0.4894989966970875,0,0
-1.2679922580718994,-0.16223473846912384,-1.6189491748809814,0.5037164306196387,0.5000567210226413,0,0
-1.2652775049209595,-0.15977221727371216,-1.6189491748809814,0.4879332190515598,0.5193838934059485,0,0
-1.2625627517700195,-0.15730974078178406,-1.6189491748809814,0.5134331466407182,0.5079296771015199,0,0
-1.25984787940979,-0.15484726428985596,-1.6189491748809814,0.5045466875363896,0.49918568835543803,0,0
-1.2571330070495605,-0.15238484740257263,-1.6189491748809814,0.5120589024050816,0.5090030229525273,0,0
-1.2544182538986206,-0.1499224305152893,-1.6189491748809814,0.5100028573051452,0.4968824809604714,0,0
-1.2517033815383911,-0.14746005833148956,-1.6189491748809814,0.4879419185992284,0.5130131793493691,0,0
-1.2489885091781616,-0.1449977159500122,-1.6189491748809814,0.5048579507154374,0.5076662863952363,0,0
-1.2462735176086426,-0.14253541827201843,-1.6189491748809814,0.5074209342400379,0.5025121649965656,0,0
-1.243558406829834,-0.14007315039634705,-1.6189491748809814,0.5117691276670179,0.5112008291905513,0,0
-1.240843415260315,-0.13761088252067566,-1.6189491748809814,0.5022231337417019,0.4986890754252551,0,0
-1.238128423690796,-0.13514865934848785,-1.6189491748809814,0.49938443851804604,0.49663466725831024,0,0
-1.2354133129119873,-0.13268646597862244,-1.6189491748809814,0.49771809644352044,0.4845990356761058,0,0
-1.2326982021331787,-0.1302243173122406,-1.6189491748809814,0.5105657057148939,0.5057985938536096,0,0
-1.2299829721450806,-0.12776218354701996,-1.6189491748809814,0.49532675758566136,0.49413856662182254,0,0
-1.2272677421569824,-0.1253000646829605,-1.6189491748809814,0.514151142539386,0.5018171835734818,0,0
-1.2245526313781738,-0.12283798307180405,-1.6189491748809814,0.5157764744368382,0.5020120046370138,0,0
-1.2218375205993652,-0.12037594616413116,-1.6189491748809814,0.49019447679294803,0.4990603783999076,0,0
-1.2191224098205566,-0.11791393160820007,-1.6189491748809814,0.5081182335247814,0.5087182985118119,0,0
-1.2164074182510376,-0.11545193940401077,-1.6189491748809814,0.5024445195610546,0.4935634617219057,0,0
-1.213692307472229,-0.11298998445272446,-1.6189491748809814,0.4966969386407423,0.5060888489585653,0,0
-1.2109770774841309,-0.11052805930376053,-1.6189491748809814,0.4995799107218899,0.4967989840235182,0,0
-1.2082617282867432,-0.10806615650653839,-1.6189491748809814,0.49477031090491663,0.5070770807731381,0,0
-1.2055463790893555,-0.10560429096221924,-1.6189491748809814,0.48667403292993144,0.5147684012862515,0,0
-1.2028310298919678,-0.10314242541790009,-1.6189491748809814,0.5022571425426615,0.5006831756368384,0,0
-1.20011568069458,-0.10068060457706451,-1.6189491748809814,0.5259767478464843,0.4988631282598074,0,0
-1.1974003314971924,-0.09821881353855133,-1.6189491748809814,0.5109746873010503,0.5050699258652953,0,0
-1.1946849822998047,-0.09575705230236053,-1.6189491748809814,0.5065178983850039,0.49059097575078253,0,0
-1.191969633102417,-0.09329531341791153,-1.6189491748809814,0.49592158068216263,0.5174993758497806,0,0
-1.1892542839050293,-0.09083360433578491,-1.6189491748809814,0.5040700045527997,0.4801079741154947,0,0
-1.1865389347076416,-0.08837192505598068,-1.6189491748809814,0.49388961423116534,0.4914428538405437,0,0
-1.183823585510254,-0.08591026067733765,-1.6189491748809814,0.500549691862698,0.48560291982429643,0,0
-1.1811081171035767,-0.0834486186504364,-1.6189491748809814,0.49659157356230943,0.5012854265283607,0,0
-1.1783928871154785,-0.08098695427179337,-1.6189491748809814,0.4701739528654918,0.5126990038009765,0,0
-1.1756776571273804,-0.07852526754140854,-1.6189491748809814,0.5032578880890284,0.4850671140155399,0,0
-1.1729623079299927,-0.07606353610754013,-1.6189491748809814,0.47682955074753386,0.4973944573461502,0,0
-1.170246958732605,-0.07360178977251053,-1.6189491748809814,0.49490402541570283,0.4887436177809416,0,0
-1.1675316095352173,-0.07114000618457794,-1.6189491748809814,0.5104158788870045,0.49136889400600603,0,0
-1.1648162603378296,-0.06867818534374237,-1.6189491748809814,0.4839490842647034,0.5020619876277547,0,0
-1.162100911140442,-0.06621632725000381,-1.6189491748809814,0.5065630259600546,0.5193215650051426,0,0
-1.1593858003616333,-0.06375444680452347,-1.6189491748809814,0.5144024071720403,0.49423780918013777,0,0
-1.1566705703735352,-0.06129254028201103,-1.6189491748809814,0.4666987779700853,0.5062986978419214,0,0
-1.1539552211761475,-0.05883059278130531,-1.6189491748809814,0.49233372914089174,0.48601086352913997,0,0
-1.1512399911880493,-0.0563686229288578,-1.6189491748809814,0.4833672571858102,0.48690954242576456,0,0
-1.1485247611999512,-0.05390661954879761,-1.6189491748809814,0.48883247009679803,0.4908020934851529,0,0
-1.145809531211853,-0.051444586366415024,-1.6189491748809814,0.5005519875085815,0.5015983439789251,0,0
-1.1430944204330444,-0.048982519656419754,-1.6189491748809814,0.48387375345885636,0.5077834902050283,0,0
-1.1403794288635254,-0.0465204231441021,-1.6189491748809814,0.5037214167002239,0.5001948045404953,0,0
-1.1376643180847168,-0.04405829682946205,-1.6189491748809814,0.49811875810218764,0.5029343128288937,0,0
-1.1349492073059082,-0.04159614443778992,-1.6189491748809814,0.4885234850415001,0.5060117489690032,0,0
-1.1322342157363892,-0.0391339547932148,-1.6189491748809814,0.490829081545718,0.4909052802211189,0,0
-1.1295192241668701,-0.03667174279689789,-1.6189491748809814,0.5015592133900169,0.5001513226684788,0,0
-1.126804232597351,-0.03420949727296829,-1.6189491748809814,0.508424695344071,0.5058238978909634,0,0
-1.124089241027832,-0.03174721822142601,-1.6189491748809814,0.5110339566222938,0.504750565231906,0,0
-1.1213743686676025,-0.029284916818141937,-1.6189491748809814,0.5018261293212066,0.4826766966317022,0,0
-1.1186593770980835,-0.026822583749890327,-1.6189491748809814,0.4834151685403027,0.5116950608348514,0,0
-1.1159443855285645,-0.02436021901667118,-1.6189491748809814,0.5000059319285858,0.5048650431117805,0,0
-1.1132293939590454,-0.021897826343774796,-1.6189491748809814,0.49472867889058614,0.49798227616567486,0,0
-1.1105142831802368,-0.019435405731201172,-1.6189491748809814,0.5102809635859635,0.48608352304110103,0,0
-1.1077992916107178,-0.01697295531630516,-1.6189491748809814,0.5033136153731339,0.5097003201243316,0,0
-1.1050843000411987,-0.014510475099086761,-1.6189491748809814,0.5044181251216119,0.49188362440137984,0,0
-1.1023693084716797,-0.012047969736158848,-1.6189491748809814,0.4834238289401653,0.4987329374376481,0,0
-1.0996545553207397,-0.009585434570908546,-1.6189491748809814,0.5384708888115652,0.5007572914603508,0,0
-1.0969396829605103,-0.007122871465981007,-1.6189491748809814,0.5013619043296293,0.5068265818668726,0,0
-1.0942248106002808,-0.004660277161747217,-1.6189491748809814,0.49984853774350296,0.49701522934173187,0,0
-1.0915099382400513,-0.0021976560819894075,-1.6189491748809814,0.5040833582598448,0.49977043843037633,0,0
-1.0887950658798218,0.00026499232626520097,-1.6189491748809814,0.4992677823705203,0.5047012195412799,0,0
-1.0860803127288818,0.00272766943089664,-1.6189491748809814,0.5071175072398819,0.5076333286247623,0,0
-1.0833656787872314,0.00519037339836359,-1.6189491748809814,0.4856927250633159,0.5079912300938076,0,0
-1.080651044845581,0.007653106469660997,-1.6189491748809814,0.5059153652436447,0.5046388703309331,0,0
-1.0779361724853516,0.010115865617990494,-1.6189491748809814,0.5022977653068836,0.5038724945943368,0,0
-1.0752214193344116,0.01257865410298109,-1.6189491748809814,0.5014957324686509,0.5058712465616497,0,0
-1.0725065469741821,0.015041470527648926,-1.6189491748809814,0.5015271848417139,0.5043286926027503,-1,-1
-1.0697917938232422,0.01750452257692814,-1.6194097995758057,0.5042273703620948,0.5026075122245962,0,0
-1.0670770406723022,0.01996549405157566,-1.6196696758270264,0.5155074375606035,0.49341599913701284,0,0
-1.0643647909164429,0.02242114767432213,-1.619351863861084,0.49737753676278357,0.49643090568649406,0,0
-1.061660885810852,0.024868018925189972,-1.6182531118392944,0.4845655542606348,0.5125722410868772,0,0
-1.0589746236801147,0.02730288729071617,-1.6162742376327515,0.5014654998985217,0.4921902304277037,0,0
-1.056317687034607,0.029723849147558212,-1.6133756637573242,0.48964187857106173,0.4936518781053127,0,0
-1.0537041425704956,0.032129380851984024,-1.609552025794983,0.5085533765310175,0.48870679416885376,0,0
-1.0511469841003418,0.0345185324549675,-1.60482919216156,0.49433206865027857,0.5153290986408939,0,0
-1.048661231994629,0.03688952326774597,-1.5992032289505005,0.5111504717979133,0.49520654467806025,0,0
-1.0462608337402344,0.03924092650413513,-1.5927308797836304,0.4977661500796395,0.5023107074439711,0,0
-1.0439599752426147,0.04157162457704544,-1.585419774055481,0.48791425605386746,0.5259527723613814,0,0
-1.0417699813842773,0.04387933760881424,-1.5773266553878784,0.5006842606394261,0.49524331696243357,0,0
-1.039701223373413,0.046160757541656494,-1.5684627294540405,0.4998754768865584,0.4834999769336954,0,0
-1.0377628803253174,0.04841131344437599,-1.5588734149932861,0.5021285323058053,0.5167064444318279,0,0
-1.0359623432159424,0.050625819712877274,-1.548581838607788,0.4953536335532051,0.49061687109048113,0,0
-1.0343053340911865,0.05279811844229698,-1.5376341342926025,0.49540178521059935,0.4963567708715383,0,0
-1.032796025276184,0.05492117628455162,-1.5260525941848755,0.49742184783310356,0.49895394513311786,0,0
-1.0314359664916992,0.056987423449754715,-1.513870358467102,0.5222972627720267,0.5021110777563809,0,0
-1.0302258729934692,0.058988846838474274,-1.5011186599731445,0.5285496278826151,0.48312895301081143,0,0
-1.0291645526885986,0.060916922986507416,-1.487825870513916,0.5091389230468146,0.4871397646841363,0,0
-1.02824866771698,0.0627632588148117,-1.4740266799926758,0.4958258103692933,0.48789953536380626,0,0
-1.027474045753479,0.06451910734176636,-1.4597293138504028,0.5014200175402618,0.4982592572689187,0,0
-1.0268352031707764,0.06617655605077744,-1.44501793384552,0.5025677542706652,0.49294027462960766,0,0
-1.0263251066207886,0.06772854924201965,-1.4298678636550903,0.5051648261953644,0.4965790961608754,0,0
-1.0259355306625366,0.06916842609643936,-1.4143247604370117,0.4941115014622245,0.4994072736130784,0,0
-1.0256580114364624,0.07049137353897095,-1.3983572721481323,0.504780459770029,0.48111683444033515,0,0
-1.025481104850769,0.07169339805841446,-1.3820877075195312,0.5006345464182964,0.5096821559920863,0,0
-1.025394082069397,0.07277094572782516,-1.3654664754867554,0.4999938361149028,0.5066700887459508,0,0
-1.0253856182098389,0.07372276484966278,-1.3485106229782104,0.5118221381499705,0.5033554053504127,0,0
-1.02544367313385,0.07454895228147507,-1.3312947750091553,0.5027573965538518,0.4953498535737167,0,0
-1.025555968284607,0.07524989545345306,-1.3137919902801514,0.49749412581229785,0.5054625589783871,0,0
-1.0257118940353394,0.07582816481590271,-1.296013593673706,0.5008557361207527,0.49966630607810186,0,0
-1.025899887084961,0.07628869265317917,-1.2780240774154663,0.5064382344960389,0.5029521704260864,0,0
-1.0261083841323853,0.07663676142692566,-1.259822964668274,0.4931747720148589,0.4893646070715859,0,0
-1.0263274908065796,0.07687853276729584,-1.2414066791534424,0.513636365135328,0.5156602613582063,0,0
-1.0265480279922485,0.07702264189720154,-1.2228245735168457,0.5057481409221523,0.513939394627863,0,0
-1.0267614126205444,0.07707908749580383,-1.2041065692901611,0.5073932519093679,0.4950961597069579,0,0
-1.0269585847854614,0.07705747336149216,-1.1852363348007202,0.4858526434734227,0.4944934526975166,0,0
-1.027133822441101,0.07696758955717087,-1.1662224531173706,0.495661178184922,0.5041884903402378,0,0
-1.0272825956344604,0.07682061195373535,-1.1471128463745117,0.48718923154241023,0.49455929373713925,0,0
-1.0274014472961426,0.07662844657897949,-1.127925157546997,0.5017615273919463,0.5132571180765759,0,0
-1.02748703956604,0.07640207558870316,-1.1086534261703491,0.5035005520708041,0.496206480812862,0,0
-1.027538537979126,0.07615101337432861,-1.0893021821975708,0.49822049573132543,0.48845614158907835,0,0
-1.0275570154190063,0.07588406652212143,-1.0699059963226318,0.50293460874982,0.5065712718149568,0,0
-1.027544617652893,0.07560954242944717,-1.0504814386367798,0.4808998828907196,0.5103070106681437,0,0
-1.027504563331604,0.07533478736877441,-1.0310394763946533,0.49735554732278997,0.5093592674052263,0,0
-1.0274388790130615,0.07506541162729263,-1.0115900039672852,0.5003259347024359,0.5154837240868585,0,0
-1.0273516178131104,0.07480541616678238,-0.9921435713768005,0.5234602182699452,0.4821535885518256,0,0
-1.027246117591858,0.07455771416425705,-0.9727228879928589,0.48699455822768384,0.4910858659067952,0,0
-1.0271259546279907,0.07432451844215393,-0.9533380270004272,0.5010277517457867,0.4984048219412821,0,0
-1.0269948244094849,0.07410746067762375,-0.9340081214904785,0.5087648114201446,0.4919110855887793,0,0
-1.0268553495407104,0.07390763610601425,-0.9147398471832275,0.517871099113329,0.5166900184732672,0,0
-1.0267099142074585,0.07372554391622543,-0.8955425024032593,0.5207061911554435,0.5006993365810022,0,0
-1.0265610218048096,0.0735611766576767,-0.8764349222183228,0.4856616859805005,0.49668730269378936,0,0
-1.0264109373092651,0.0734141618013382,-0.8574283123016357,0.4977704288571432,0.5056744744815841,0,0
-1.026261806488037,0.07328388839960098,-0.8385350704193115,0.48769729817452134,0.4989542958824888,0,0
-1.0261154174804688,0.07316963374614716,-0.8197665214538574,0.5105159172535225,0.5031625435494324,0,0
-1.0259735584259033,0.07307054847478867,-0.8011283278465271,0.5140042243687754,0.49383815650837104,0,0
-1.0258374214172363,0.0729856789112091,-0.7826395630836487,0.48431514990088353,0.5115963818064672,0,0
-1.0257076025009155,0.07291395217180252,-0.7643061280250549,0.5020429437812569,0.4876104482485166,0,0
-1.0255851745605469,0.07285413891077042,-0.7461345195770264,0.5064602476651127,0.4935304528804398,0,0
-1.0254707336425781,0.07280489057302475,-0.728142261505127,0.5019967374415217,0.5008089963226209,0,0
-1.0253642797470093,0.07276485860347748,-0.7103292942047119,0.513502965339525,0.49360405771879445,0,0
-1.025266170501709,0.07273268699645996,-0.6927137970924377,0.4930908940423571,0.5016783001953014,0,0
-1.0251765251159668,0.0727071687579155,-0.6753016710281372,0.47377036486775265,0.4977835852517924,0,0
-1.0250952243804932,0.07268723845481873,-0.6580989956855774,0.49735521981478475,0.4996516956682083,0,0
-1.0250221490859985,0.07267197221517563,-0.6411116123199463,0.48749058517271593,0.5005337566889482,0,0
-1.0249569416046143,0.07266058027744293,-0.6243518590927124,0.5126263632914592,0.48660220049522795,0,0
-1.0248993635177612,0.07265238463878632,-0.6078258156776428,0.49402210150948006,0.49437716250024155,0,0
-1.0248486995697021,0.07264673709869385,-0.591539740562439,0.4842056583022573,0.4912506404000153,0,0
-1.0248043537139893,0.07264310121536255,-0.5754991173744202,0.49140599988534855,0.48744128380978535,0,0
-1.0247656106948853,0.07264096289873123,-0.5597101449966431,0.48569462599078145,0.5069030242939643,0,0
-1.0247318744659424,0.07263987511396408,-0.5441727638244629,0.502972051757956,0.5011158732894525,0,0
-1.0247024297714233,0.07263939827680588,-0.5288984775543213,0.504798951813351,0.49406632739211426,0,0
-1.0246766805648804,0.07263916730880737,-0.5138937830924988,0.5107293028762505,0.5007708180859503,0,0
-1.0246542692184448,0.07263883948326111,-0.4991588294506073,0.49503813688439297,0.47488701962362356,0,0
-1.024634599685669,0.07263819873332977,-0.4846994876861572,0.49451877567461094,0.5028878916074858,0,0
-1.0246174335479736,0.07263705134391785,-0.4705156981945038,0.5010265635868063,0.4950864033542456,0,0
-1.0246026515960693,0.07263530045747757,-0.45661962032318115,0.5042263237540475,0.5165050055627166,0,0
-1.0245897769927979,0.07263288646936417,-0.44300493597984314,0.4975287564213267,0.505881583379595,0,0
-1.0245784521102905,0.07262983173131943,-0.4296780526638031,0.5006666043739021,0.48508028270132186,0,0
-1.024568796157837,0.07262618094682693,-0.41663867235183716,0.5031940399074216,0.4968390732488388,0,0
-1.024560570716858,0.07262205332517624,-0.40389284491539,0.49117926089450714,0.5009312286736733,0,0
-1.0245537757873535,0.0726175606250763,-0.3914346694946289,0.4921950771293787,0.48051713008769864,0,0
-1.024547815322876,0.07261281460523605,-0.37927010655403137,0.4985704777036509,0.4989810747429735,0,0
-1.0245429277420044,0.07260794937610626,-0.3674054443836212,0.5054042456804501,0.4808695812976916,0,0
-1.0245388746261597,0.07260309904813766,-0.35583436489105225,0.4911801233179374,0.4833352819683905,0,0
-1.0245356559753418,0.07259836792945862,-0.3445569574832916,0.49918209628704263,0.5026759831137291,0,0
-1.0245329141616821,0.07259386032819748,-0.3335731327533722,0.49381763632148074,0.4835609455725905,0,0
-1.0245307683944702,0.07258965820074081,-0.32288292050361633,0.48660866395467534,0.5100031580117702,0,0
-1.0245287418365479,0.0725858211517334,-0.3124862611293793,0.5127295058476301,0.5057371015604258,0,0
-1.0245270729064941,0.07258236408233643,-0.3023831844329834,0.4981276478822178,0.5042912917756951,0,0
-1.0245256423950195,0.07257932424545288,-0.2925737500190735,0.49118610788654027,0.48927053572858764,0,0
-1.024524450302124,0.07257671654224396,-0.2830519676208496,0.4946121076390211,0.5061067920264085,0,0
-1.0245232582092285,0.07257453352212906,-0.2738175690174103,0.49449312640397586,0.4996906485669588,0,0
-1.024522304534912,0.0725727379322052,-0.2648710012435913,0.5089622133125505,0.4908032861252502,0,0
-1.0245212316513062,0.07257129997015,-0.25620579719543457,0.5010369058260616,0.5081584041312824,0,0
-1.0245202779769897,0.07257021963596344,-0.24782244861125946,0.5002218828920111,0.5138683253368944,0,0
-1.0245190858840942,0.07256942987442017,-0.23971480131149292,0.5149428123159169,0.49145252688608937,0,0
-1.0245180130004883,0.07256890833377838,-0.23188279569149017,0.5044210338421252,0.49521967482527446,0,0
-1.0245168209075928,0.0725686252117157,-0.2243264615535736,0.4933675188515967,0.5080491669988159,0,0
-1.0245157480239868,0.07256855070590973,-0.21703971922397614,0.4847377807320642,0.5151305062030899,0,0
-1.0245145559310913,0.0725686326622963,-0.21001668274402618,0.4896389288417101,0.5009418370947039,0,0
-1.0245132446289062,0.0725688561797142,-0.20325729250907898,0.4791788227953908,0.5095585311540483,0,0
-1.0245121717453003,0.07256919890642166,-0.19675558805465698,0.49258911684975154,0.5158121209365313,0,0
-1.0245108604431152,0.07256963104009628,-0.1905115246772766,0.5086741695850471,0.5014987430300304,0,0
-1.0245097875595093,0.07257040590047836,-0.18452440202236176,0.5087108388497277,0.4938500685662388,0,0
-1.0245078802108765,0.07256940007209778,-0.17879150807857513,0.48924196874959175,0.5056857954935025,0,0
-1.0245004892349243,0.07256098836660385,-0.1733032613992691,0.5001386459600089,0.5012616338057969,0,0
-1.0244814157485962,0.07253625988960266,-0.16804994642734528,0.5059198807018468,0.4991289972781449,0,0
-1.0244420766830444,0.07248412817716599,-0.16300395131111145,0.4962434127290542,0.5231920551208603,0,0
-1.0243732929229736,0.0723915696144104,-0.15815597772598267,0.5149786588488304,0.48044687480583315,0,0
-1.024264931678772,0.07224349677562714,-0.15352469682693481,0.5066771188869293,0.5056823557902608,0,0
-1.024105429649353,0.07202499359846115,-0.14910855889320374,0.5115098567442599,0.5140902118968828,0,0
-1.023881435394287,0.07172396779060364,-0.14486050605773926,0.5181354254197174,0.503432219539377,0,0
-1.0235817432403564,0.07133101671934128,-0.14076434075832367,0.49409318362159604,0.48206998047339966,0,0
-1.0231976509094238,0.07083773612976074,-0.1368459016084671,0.5000308342635549,0.5078144534721699,0,0
-1.022721529006958,0.07023616135120392,-0.13312578201293945,0.5008937528665206,0.4858703470792171,0,0
-1.022147297859192,0.06951984763145447,-0.12959474325180054,0.4879253011591728,0.5037655402687023,0,0
-1.0214707851409912,0.06868446618318558,-0.12623503804206848,0.4953624663810338,0.4971328759044979,0,0
-1.020689606666565,0.06772764027118683,-0.12303503602743149,0.5048123497854506,0.5020185012644087,0,0
-1.0198038816452026,0.06664873659610748,-0.11998974531888962,0.493107634274928,0.5188940598304973,0,0
-1.018815040588379,0.06544864177703857,-0.11709486693143845,0.4726628650141569,0.5094419222882328,0,0
-1.017726182937622,0.06412960588932037,-0.11433960497379303,0.5052727077637933,0.5189640727501791,0,0
-1.016541600227356,0.06269502639770508,-0.11171708256006241,0.4907025266974299,0.5008621614650904,0,0
-1.0152658224105835,0.06114949658513069,-0.10922154784202576,0.5004254954203461,0.48522638046182687,0,0
-1.0139055252075195,0.05949871987104416,-0.10685618966817856,0.49502853459473156,0.5017419891025925,0,0
-1.0124671459197998,0.057748954743146896,-0.10460887849330902,0.48981844562721294,0.496161596737777,0,0
-1.0109572410583496,0.055906690657138824,-0.10244976729154587,0.4864770992371954,0.49112093429352255,0,0
-1.0093810558319092,0.053978607058525085,-0.10036968439817429,0.49591181972340204,0.4968755034479025,0,0
-1.007743239402771,0.05197172611951828,-0.09837672859430313,0.5127802774164817,0.511049191147002,0,0
-1.0060476064682007,0.04989302530884743,-0.09647323936223984,0.5230918282069162,0.5122563827709868,0,0
-1.0042978525161743,0.047748830169439316,-0.09464679658412933,0.5090439754208226,0.5053027794028837,0,0
-1.002497673034668,0.04554436728358269,-0.09288880974054337,0.49533505321364485,0.5101575644450164,0,0
-1.0006511211395264,0.043283890932798386,-0.09119846671819687,0.5067222765618862,0.5037117746717009,0,0
-0.9987614750862122,0.04097117483615875,-0.08957916498184204,0.4941283245472671,0.4987462417165636,0,0
-0.9968326091766357,0.03860994428396225,-0.0880320817232132,0.49208243969381377,0.5155582363312695,0,0
-0.9948676228523254,0.036204177886247635,-0.08656713366508484,0.48717040998055317,0.5169515094722089,0,0
-0.9928701519966125,0.033757999539375305,-0.08517607301473618,0.48954677345604003,0.5147550566856003,0,0
-0.9908433556556702,0.031275488436222076,-0.08385249972343445,0.5061356097267924,0.5069531470978814,0,0
-0.988789975643158,0.028760403394699097,-0.08258175849914551,0.5014759540442586,0.49515957121088405,0,0
-0.9867120385169983,0.026216089725494385,-0.08136330544948578,0.5039572094984763,0.4937947732907963,0,0
-0.9846112132072449,0.023645542562007904,-0.08019393682479858,0.492091979504401,0.5127214884448147,0,0
-0.9824889302253723,0.021051453426480293,-0.07907270640134811,0.49048109400721157,0.4874201440308,0,0
-0.9803465604782104,0.018436215817928314,-0.07800385355949402,0.49161844057802806,0.49681297871070773,0,0
-0.9781849980354309,0.0158019308000803,-0.07698284834623337,0.49654816617630393,0.4961552336145029,0,0
-0.9760058522224426,0.01315048523247242,-0.0760049894452095,0.49903823213789067,0.5070232949188304,0,0
-0.9738108515739441,0.01048359740525484,-0.07507316768169403,0.4797390952636483,0.5193750583058617,0,0
-0.971601128578186,0.0078029027208685875,-0.07418157160282135,0.5066319548775965,0.4946600490892064,0,0
-0.9693775177001953,0.0051099699921905994,-0.07333103567361832,0.5081843349026854,0.485833853002268,0,0
-0.967140793800354,0.002406301209703088,-0.07252103835344315,0.5128365736510193,0.4937495232462139,0,0
-0.9648922681808472,-0.00030672806315124035,-0.07174445688724518,0.497612098040418,0.4856106746537368,0,0
-0.9626322388648987,-0.0030279047787189484,-0.07100225985050201,0.49400153871970653,0.49666695400927513,0,0
-0.9603615403175354,-0.005756210070103407,-0.07029213756322861,0.4904087161222334,0.4924916763283273,0,0
-0.9580809473991394,-0.008490786887705326,-0.06961749494075775,0.4957478943530372,0.4857833712020566,0,0
-0.9557909369468689,-0.01123087853193283,-0.06896917521953583,0.513972176320279,0.5020284549188865,0,0
-0.953492283821106,-0.013975783251225948,-0.06835391372442245,0.5053923334346039,0.4980966485412894,0,0
-0.951185405254364,-0.01672481559216976,-0.06776579469442368,0.5090792412870959,0.5073589797044353,0,0
-0.9488710761070251,-0.019477322697639465,-0.06720351427793503,0.5032612347567815,0.49848835471575476,0,0
-0.9465495347976685,-0.022232696413993835,-0.06666584312915802,0.48665178670911563,0.5115230679282476,0,0
-0.9442213773727417,-0.024990413337945938,-0.06615279614925385,0.4977594296194343,0.5172715389895035,0,0
-0.9418867230415344,-0.027750035747885704,-0.06565986573696136,0.49523150219935114,0.5010263539590398,0,0
-0.9395463466644287,-0.03051121160387993,-0.06518860161304474,0.4913464114902432,0.5016767463132236,0,0
-0.9372003674507141,-0.033273644745349884,-0.06473994255065918,0.4952172099435477,0.4943342947195976,0,0
-0.934849202632904,-0.03603704273700714,-0.0643143579363823,0.5080556655532591,0.5086646301285896,0,0
-0.9324930906295776,-0.038801152259111404,-0.06390587985515594,0.5010519652806623,0.510008391951894,0,0
-0.9301324486732483,-0.04156571626663208,-0.06351406127214432,0.5154369575410335,0.5065165224093079,0,0
-0.9277673959732056,-0.04433050379157066,-0.06314445286989212,0.49105723312443283,0.4952631348503095,0,0
-0.9253983497619629,-0.04709533229470253,-0.06279124319553375,0.49508769897266963,0.49870990361223105,0,0
-0.9230254292488098,-0.04986003041267395,-0.06244887411594391,0.4906950589882543,0.4949601484489534,0,0
-0.9206488728523254,-0.05262449011206627,-0.062123995274305344,0.5088567336544167,0.49726721828537906,0,0
-0.9182687401771545,-0.05538861081004143,-0.061816610395908356,0.5022343441260282,0.4973112406996997,0,0
-0.9158853888511658,-0.05815230682492256,-0.06152097135782242,0.4989505635246718,0.5081928378602991,0,0
-0.9134991765022278,-0.060915496200323105,-0.061236992478370667,0.5072225253924476,0.5178451739933466,0,0
-0.911109983921051,-0.06367810815572739,-0.06096462160348892,0.50975432140012,0.5119061772363798,0,0
-0.908717930316925,-0.06644004583358765,-0.0607096403837204,0.4963826004745613,0.5052224160250163,0,0
-0.9063234925270081,-0.0692012831568718,-0.06046626716852188,0.4961696953470191,0.4863214213945381,0,0
-0.9039266109466553,-0.07196177542209625,-0.060228653252124786,0.49682704016411944,0.5084950851406115,0,0
-0.9015271067619324,-0.07472150772809982,-0.060002852231264114,0.5029845053333678,0.5097537502511219,0,0
-0.8991255164146423,-0.07748046517372131,-0.05978894978761673,0.5138991264327923,0.48766357797375876,0,0
-0.8967219591140747,-0.08023864775896072,-0.059586893767118454,0.49742689089129327,0.5064024294575016,0,0
-0.8943162560462952,-0.08299601078033447,-0.05939069017767906,0.5035222887960483,0.5010007283610942,0,0
-0.8919088840484619,-0.08575256913900375,-0.059206388890743256,0.48835855693839625,0.5113696406172507,0,0
-0.8894994854927063,-0.08850830793380737,-0.05902792513370514,0.4994507013442545,0.5026507375579977,0,0
-0.8870884776115417,-0.09126322716474533,-0.05885541811585426,0.49501946072152203,0.4940229836351321,0,0
-0.8846758604049683,-0.09401734173297882,-0.05869482457637787,0.5117635078057441,0.5149856982097435,0,0
-0.8822616338729858,-0.09677067399024963,-0.05854023993015289,0.5146979204419919,0.4985884568165075,0,0
-0.8798460960388184,-0.09952319413423538,-0.058391544967889786,0.49786024982646876,0.4968062641523472,0,0
-0.8774289488792419,-0.10227496176958084,-0.058248769491910934,0.5200689078823878,0.48366810157467094,0,0
-0.8750106692314148,-0.10502596944570541,-0.05811186507344246,0.48770481410055316,0.5152708560433111,0,0
-0.8725910186767578,-0.10777625441551208,-0.057980943471193314,0.48572182465257774,0.5006609431427326,0,0
-0.8701702952384949,-0.11052580177783966,-0.05785595625638962,0.5039637632672416,0.5039704720975959,0,0
-0.8677483797073364,-0.11327464878559113,-0.05773692950606346,0.4976021938585568,0.4950297510386806,0,0
-0.8653254508972168,-0.11602281033992767,-0.057623859494924545,0.5139494165815947,0.47953964023328666,0,0
-0.8629013895988464,-0.11877027153968811,-0.05751681327819824,0.4817490312591567,0.5083350039351097,0,0
-0.8604763746261597,-0.12151709944009781,-0.05741565302014351,0.4881995849028154,0.5073300904942633,0,0
-0.8580506443977356,-0.12426330894231796,-0.05732046812772751,0.5003935345759245,0.503642931525116,0,0
-0.8556238412857056,-0.12700891494750977,-0.057225264608860016,0.5087146265037046,0.49866987341044616,0,0
-0.8531964421272278,-0.1297539323568344,-0.057135969400405884,0.5031909980477043,0.48922296537177146,0,0
-0.850767970085144,-0.1324983686208725,-0.057052623480558395,0.48001538721644466,0.48776354538055,0,0
-0.848338782787323,-0.1352422535419464,-0.05697529390454292,0.5072209763669988,0.5056370078586677,0,0
-0.8459089398384094,-0.13798561692237854,-0.056898023933172226,0.5131839283221106,0.502800524700413,0,0
-0.8434783220291138,-0.1407284289598465,-0.056826721876859665,0.4925157481324533,0.5052716654202858,0,0
-0.8410470485687256,-0.14347074925899506,-0.05675533786416054,0.49692785851235477,0.49994861293108384,0,0
-0.8386152982711792,-0.1462126076221466,-0.05668993294239044,0.5024167795794497,0.4963767545004504,0,0
-0.8361828923225403,-0.14895398914813995,-0.056624460965394974,0.5114774538340294,0.49549367588922777,0,0
-0.8337497711181641,-0.15169493854045868,-0.05656495317816734,0.5000134540793134,0.5070069501891337,0,0
-0.8313162922859192,-0.15443547070026398,-0.05650549381971359,0.48482781213849846,0.4931515240502599,0,0
-0.8288822174072266,-0.15717557072639465,-0.05645200237631798,0.5100449218850183,0.5003340389469295,0,0
-0.8264477849006653,-0.15991529822349548,-0.05639855936169624,0.4861186938350293,0.5116491418130544,0,0
-0.8240126967430115,-0.16265462338924408,-0.05635102465748787,0.5086561444230656,0.4987285355897631,0,0
-0.8215773105621338,-0.16539360582828522,-0.0563034750521183,0.4964807598494805,0.503979217841157,0,0
-0.8191412687301636,-0.1681322306394577,-0.05625594034790993,0.5073058308957423,0.49939110096673645,0,0
-0.816705048084259,-0.17087054252624512,-0.05621429905295372,0.4968960575496839,0.5100858977895073,0,0
-0.8142683506011963,-0.17360851168632507,-0.05617264658212662,0.5067547173871567,0.5000270198091167,0,0
-0.8118312358856201,-0.17634618282318115,-0.05613100528717041,0.5003939259217176,0.5106857170870092,0,0
-0.8093937635421753,-0.17908354103565216,-0.05609532818198204,0.5153489369567585,0.48844216416137787,0,0
-0.8069559335708618,-0.18182064592838287,-0.05605969950556755,0.5060345065136128,0.5045220450594926,0,0
-0.8045178055763245,-0.1845574676990509,-0.05602406710386276,0.48305489628896014,0.5097005825648118,0,0
-0.8020793795585632,-0.18729402124881744,-0.055994391441345215,0.4912879497525548,0.4901399339015391,0,0
-0.7996405959129333,-0.19003036618232727,-0.05596473440527916,0.4920889948450982,0.505810773064485,0,0
-0.7972016334533691,-0.1927664428949356,-0.05593505874276161,0.5092578118949279,0.4934552488274624,0,0
-0.794762372970581,-0.19550229609012604,-0.05590539425611496,0.5084415327371451,0.5130768803704046,0,0
-0.7923228144645691,-0.19823792576789856,-0.05588169023394585,0.5006064386719952,0.5050217894985031,0,0
-0.7898830771446228,-0.20097336173057556,-0.05585796758532524,0.5173775182446657,0.4924322890092074,0,0
-0.7874430418014526,-0.20370857417583466,-0.05583425983786583,0.48447259099365336,0.5173429263764028,0,0
-0.7850027084350586,-0.20644360780715942,-0.05581055209040642,0.490917416038094,0.5016675309505776,0,0
-0.7825623750686646,-0.20917846262454987,-0.055786844342947006,0.4758414017792203,0.49821455793703406,0,0
-0.7801217436790466,-0.21191315352916718,-0.05576902627944946,0.504445778411378,0.5012600886393782,0,0
-0.7776809334754944,-0.21464763581752777,-0.055751215666532516,0.4862788751538084,0.4967820822376514,0,0
-0.7752400040626526,-0.21738199889659882,-0.05573339760303497,0.49924244159673276,0.5266354880259367,0,0
-0.7727988958358765,-0.22011618316173553,-0.055715642869472504,0.5099526869020281,0.5109520279125198,0,0
-0.7703575491905212,-0.2228502333164215,-0.05569789186120033,0.503525607257349,0.5069693387557807,0,0
-0.7679160237312317,-0.22558416426181793,-0.05568013712763786,0.4717863700977804,0.48541559888651015,0,0
-0.765474259853363,-0.2283179610967636,-0.05566835403442383,0.48685183837701035,0.48738468448684097,0,0
-0.7630324959754944,-0.23105160892009735,-0.05565648898482323,0.4948962579004866,0.49430883537875586,0,0
-0.7605905532836914,-0.23378515243530273,-0.055644623935222626,0.5025827482471188,0.4906699553475282,0,0
-0.7581485509872437,-0.23651859164237976,-0.05563277751207352,0.4867116269225595,0.49741780684537046,0,0
-0.7557063102722168,-0.23925189673900604,-0.05562091991305351,0.49766033869664156,0.4897429264260475,0,0
-0.7532640099525452,-0.24198511242866516,-0.05560913309454918,0.5044244332378607,0.4847870944686306,0,0
-0.750821590423584,-0.24471820890903473,-0.05559733137488365,0.49129535150361064,0.5026720583988004,0,0
-0.748379111289978,-0.24745120108127594,-0.055585525929927826,0.5132159373874357,0.5084213557154551,0,0
-0.7459364533424377,-0.2501841187477112,-0.05557373911142349,0.5218699403237894,0.511837347382169,0,0
-0.7434936761856079,-0.25291693210601807,-0.055561941117048264,0.4983991695913284,0.5004641065602653,0,0
-0.7410507798194885,-0.2556496858596802,-0.0555560439825058,0.5040985991194985,0.4971424960499652,0,0
-0.7386079430580139,-0.2583823800086975,-0.055550139397382736,0.5101121927423907,0.4924214180248984,0,0
-0.7361650466918945,-0.2611149847507477,-0.05554424598813057,0.4954268526779276,0.5043158105725689,0,0
-0.7337220311164856,-0.26384755969047546,-0.0555383525788784,0.48730325031929267,0.4971128942095844,0,0
-0.7312788963317871,-0.2665800452232361,-0.055532459169626236,0.5045304829321767,0.49405572380797147,0,0
-0.7288358211517334,-0.2693125009536743,-0.05552654713392258,0.4963362314734015,0.4939987671232239,0,0
-0.7263925075531006,-0.2720448672771454,-0.05552065372467041,0.4928543587060629,0.4964948447951669,0,0
-0.7239492535591125,-0.2747771441936493,-0.05551476031541824,0.4969183496074042,0.4952900606165687,0,0
-0.7215058207511902,-0.2775094211101532,-0.05550885945558548,0.5007528889838211,0.5077043000378901,0,0
-0.7190622687339783,-0.28024160861968994,-0.05550296604633331,0.4931795312164972,0.497812394163839,0,0
-0.7166186571121216,-0.2829737365245819,-0.05549706891179085,0.4995379322699417,0.5028155119368095,0,0
-0.7141751050949097,-0.2857058346271515,-0.055491164326667786,0.5020926602096571,0.4842574348976354,0,0
-0.7117314338684082,-0.2884378433227539,-0.055485326796770096,0.5023358213836391,0.5007433683650592,0,0
-0.7092878222465515,-0.2911698520183563,-0.055479492992162704,0.5087398262443,0.4858537089440599,0,0
-0.70684415102005,-0.29390183091163635,-0.05547364428639412,0.5017949009072179,0.5106873812758717,0,0
-0.704400360584259,-0.2966337502002716,-0.05547364428639412,0.5197433874786215,0.48958717312427585,0,0
-0.7019565105438232,-0.29936566948890686,-0.05547364428639412,0.4889286641967586,0.5162367389969812,0,0
-0.699512779712677,-0.30209752917289734,-0.05547364428639412,0.5000898664216354,0.5105555555466423,0,0
-0.6970689296722412,-0.3048293888568878,-0.05547364428639412,0.49866455756240813,0.49763176418003596,0,0
-0.6946250200271606,-0.3075612187385559,-0.05547364428639412,0.492127590957041,0.4917915420507265,0,0
-0.6921811103820801,-0.3102929890155792,-0.05547364428639412,0.49338947848195697,0.4980484585800485,0,0
-0.6897371411323547,-0.31302472949028015,-0.05547364428639412,0.5063968183124596,0.4816767025934336,0,0
-0.6872931122779846,-0.3157564401626587,-0.05547364428639412,0.5035454293080444,0.5116928292501876,0,0
-0.6848490238189697,-0.31848809123039246,-0.05547364428639412,0.5114213538275765,0.48125258039406776,0,0
-0.6824048757553101,-0.32121968269348145,-0.05547364428639412,0.4862999774154215,0.5070933180006615,0,0
-0.6799608469009399,-0.32395127415657043,-0.05547364428639412,0.49234277672458737,0.49977332826033594,0,0
-0.677516758441925,-0.32668283581733704,-0.05547364428639412,0.5006670185129237,0.48356248718824385,0,0
-0.6750725507736206,-0.329414427280426,-0.05547364428639412,0.5034688353179143,0.494022890828519,0,0
-0.6726283431053162,-0.33214595913887024,-0.05547364428639412,0.49254535510893294,0.5233313559421048,0,0
-0.6701840758323669,-0.3348774015903473,-0.05547364428639412,0.4982160099315399,0.4906772327512938,0,0
-0.667739748954773,-0.33760884404182434,-0.05547364428639412,0.49886910138426455,0.5095869534978897,0,0
-0.665295422077179,-0.340340256690979,-0.05547364428639412,0.48238195542553286,0.5044051115091757,0,0
-0.6628509759902954,-0.3430716395378113,-0.05547364428639412,0.49922086716019315,0.49326161453793665,0,0
-0.6604066491127014,-0.3458029627799988,-0.05547364428639412,0.49383259718893036,0.49611686438911334,0,0
-0.6579622030258179,-0.34853431582450867,-0.05547364428639412,0.5071541597669822,0.5023104027875148,0,0
-0.6555177569389343,-0.3512656092643738,-0.05547364428639412,0.5174354664161526,0.506777945201318,0,0
-0.653073251247406,-0.3539968729019165,-0.05547364428639412,0.50390556849156,0.5067955398468581,0,0
-0.6506287455558777,-0.35672807693481445,-0.05547364428639412,0.5124361275207692,0.5079014036041752,0,0
-0.6481842398643494,-0.3594592213630676,-0.05547364428639412,0.4983261108333183,0.4952326099917552,0,0
-0.6457396149635315,-0.36219045519828796,-0.05547364428639412,0.49311859421520676,0.5101899365967787,0,0
-0.6432949304580688,-0.36492154002189636,-0.05547364428639412,0.4998281065830882,0.49534284951886426,0,0
-0.6408501863479614,-0.36765262484550476,-0.05547364428639412,0.49215544025572056,0.503697884364823,0,0
-0.6384055018424988,-0.37038367986679077,-0.05547364428639412,0.5077105975398223,0.4942959029876578,0,0
-0.6359608173370361,-0.3731147050857544,-0.05547364428639412,0.4853359394270822,0.5183701407654048,0,0
-0.6335160136222839,-0.37584567070007324,-0.05547364428639412,0.4809279549833886,0.5160821407879829,0,0
-0.6310712695121765,-0.3785766065120697,-0.05547364428639412,0.514890025775502,0.5233380308120364,0,0
-0.6286264657974243,-0.38130757212638855,-0.05547364428639412,0.49028010712332004,0.47510706555591126,0,0
-0.6261815428733826,-0.38403844833374023,-0.05547364428639412,0.518290660316839,0.5018983152660839,0,0
-0.6237366199493408,-0.3867693841457367,-0.05547364428639412,0.48386688733716865,0.4917606982050388,0,0
-0.6212916970252991,-0.3895002007484436,-0.05547364428639412,0.5045194081584115,0.5288410088814498,0,0
-0.618846595287323,-0.3922310471534729,-0.05547364428639412,0.5033811985498998,0.5231617095344251,0,0
-0.6164016127586365,-0.3949618637561798,-0.05547364428639412,0.5017042107399033,0.5225701732942165,0,0
-0.6139565706253052,-0.39769262075424194,-0.05547364428639412,0.49467659331414154,0.49486701807927214,0,0
-0.6115115284919739,-0.4004233479499817,-0.05547364428639412,0.49227981719208175,0.4788591052462861,0,0
-0.6090665459632874,-0.40315407514572144,-0.05547364428639412,0.4994463412025035,0.49975585701948083,0,0
-0.6066214442253113,-0.405884712934494,-0.05547364428639412,0.5054814039005999,0.47907905508926824,0,0
-0.6041762828826904,-0.4086153507232666,-0.05547364428639412,0.5113876667886217,0.5095005821785467,0,0
-0.6017310619354248,-0.4113459885120392,-0.05547364428639412,0.4893183414111093,0.5047699361941722,0,0
-0.5992858409881592,-0.4140765964984894,-0.05547364428639412,0.5001077840997215,0.48505550852664486,0,0
-0.5968405604362488,-0.4168071746826172,-0.05547364428639412,0.49116492684397955,0.504496743375194,0,0
-0.5943951606750488,-0.4195377230644226,-0.05547364428639412,0.502297687308767,0.5172305555440794,0,0
-0.5919498801231384,-0.42226818203926086,-0.05547364428639412,0.5085899499898814,0.49255554313257305,0,0
-0.5895044803619385,-0.4249986708164215,-0.05547364428639412,0.4886992020529095,0.49581315475805166,0,0
-0.5870591402053833,-0.42772912979125977,-0.05547364428639412,0.4890720630426935,0.5177223345708292,0,0
-0.5846137404441833,-0.430459588766098,-0.05547364428639412,0.5035678471163989,0.5003896633818261,0,0
-0.5821683406829834,-0.4331899881362915,-0.05547364428639412,0.5100354814452008,0.5049595962636974,0,0
-0.5797228217124939,-0.4359203577041626,-0.05547364428639412,0.48731684910643175,0.5086093255368097,0,0
-0.5772773623466492,-0.4386506974697113,-0.05547364428639412,0.5082214621229274,0.5005885472869702,0,0
-0.5748318433761597,-0.4413810074329376,-0.05547364428639412,0.5207506894330111,0.4887907685794624,0,0
-0.5723862648010254,-0.44411128759384155,-0.05547364428639412,0.5155240626884723,0.5146703373909968,0,0
-0.5699405670166016,-0.4468415081501007,-0.05547364428639412,0.49623528446652204,0.4946119613646237,0,0
-0.5674950480461121,-0.44957172870635986,-0.05547364428639412,0.4890549153634669,0.49083203936191566,0,0
-0.5650492906570435,-0.45230191946029663,-0.05547364428639412,0.5008166328287905,0.5045629941635001,0,0
-0.5626035928726196,-0.4550321102142334,-0.05547364428639412,0.49915659211400437,0.4984457734067258,0,0
-0.5601578950881958,-0.4577622413635254,-0.05547364428639412,0.5093320298680084,0.5135301071428224,0,0
-0.5577121376991272,-0.46049240231513977,-0.05547364428639412,0.4814819042142251,0.48798756643704216,0,0
-0.5552664399147034,-0.46322253346443176,-0.05547364428639412,0.5022277312619647,0.498691511825661,0,0
-0.5528205633163452,-0.465952605009079,-0.05547364428639412,0.5052394699735937,0.5101530328769884,0,0
-0.5503748059272766,-0.4686826467514038,-0.05547364428639412,0.5012211777608307,0.5048642871398383,0,0
-0.5479289293289185,-0.47141262888908386,-0.05547364428639412,0.4997977014784002,0.48771747358952433,0,0
-0.5454829931259155,-0.47414258122444153,-0.05547364428639412,0.4880707089911489,0.493666233169736,0,0
-0.5430371165275574,-0.4768725335597992,-0.05547364428639412,0.4943405141394744,0.4938432412301429,0,0
-0.5405911207199097,-0.47960251569747925,-0.05547364428639412,0.5226477809518912,0.5053255501978915,0,0
-0.5381450653076172,-0.4823324680328369,-0.05547364428639412,0.4977614880359267,0.5130158501478419,0,0
-0.5356990694999695,-0.4850623309612274,-0.05547364428639412,0.5024275806168103,0.4873037122414741,0,0
-0.533253014087677,-0.48779216408729553,-0.05547364428639412,0.5046823412356968,0.5099570272409488,0,0
-0.5308068990707397,-0.49052199721336365,-0.05547364428639412,0.5094657322797925,0.5017777108109427,0,0
-0.5283608436584473,-0.49325183033943176,-0.05547364428639412,0.5169275662931523,0.4802340713625968,0,0
-0.52591472864151,-0.4959816336631775,-0.05547364428639412,0.5131534371101324,0.48337019904091705,0,0
-0.5234686136245728,-0.49871137738227844,-0.05547364428639412,0.4973234550190617,0.4799858868962888,0,0
-0.5210224986076355,-0.5014410614967346,-0.05547364428639412,0.49036352606605926,0.49910573315516404,0,0
-0.518576443195343,-0.5041707754135132,-0.05547364428639412,0.5119181016826656,0.4934687557486068,0,0
-0.5161301493644714,-0.5069004893302917,-0.05547364428639412,0.4822954266952539,0.5018428464125805,0,0
-0.5136839151382446,-0.5096301436424255,-0.05547364428639412,0.5021301175158426,0.5174058722842936,0,0
-0.5112376809120178,-0.5123597979545593,-0.05547364428639412,0.4963148554460551,0.49035508890928653,0,0
-0.508791446685791,-0.5150893926620483,-0.05547364428639412,0.4823577704118931,0.5010316187778958,0,0
-0.5063450932502747,-0.5178189873695374,-0.05547364428639412,0.5089532786259924,0.5044092737462299,0,0
-0.5038986802101135,-0.5205485224723816,-0.05547334626317024,0.5074386790578147,0.49660982294847483,0,0
-0.5014523863792419,-0.5232780575752258,-0.05547304451465607,0.5120649676681253,0.4975812548189953,0,0
-0.4990060031414032,-0.5260075926780701,-0.05547275021672249,0.4767941787827352,0.498657804420986,0,0
-0.49655961990356445,-0.5287371873855591,-0.05547275021672249,0.5196694139305418,0.4959156969480684,0,0
-0.49411332607269287,-0.5314667820930481,-0.05547275021672249,0.48836832296714233,0.4874336062080489,0,0
-0.4916670620441437,-0.5341964364051819,-0.05547275021672249,0.5146276536472497,0.5007895299052154,0,0
-0.48922082781791687,-0.5369260311126709,-0.05547275021672249,0.5217315308923469,0.5010911336292287,0,0
-0.4867745339870453,-0.5396556854248047,-0.05547275021672249,0.5043185572451373,0.5111075690524121,0,0
-0.4843282997608185,-0.5423853993415833,-0.05547275021672249,0.48877693467495276,0.5023595936952404,0,0
-0.48188209533691406,-0.5451151132583618,-0.05547275021672249,0.48570769251346935,0.4997375000272412,0,0
-0.4794360101222992,-0.5478448867797852,-0.05547275021672249,0.5043463511332448,0.49739535147901287,0,0
-0.47698983550071716,-0.5505746006965637,-0.05547275021672249,0.48829008960771547,0.4983802323958698,0,0
-0.4745437204837799,-0.5533043742179871,-0.05547275021672249,0.5075688486281043,0.5159478241977246,0,0
-0.4720977246761322,-0.5560342073440552,-0.05547275021672249,0.5081736463930755,0.5121838191734505,0,0
-0.46965157985687256,-0.5587640404701233,-0.05547275021672249,0.5213035091354078,0.510712958857715,0,0
-0.4672054946422577,-0.5614938735961914,-0.05547275021672249,0.49105419933739375,0.48502293838139354,0,0
-0.46475949883461,-0.5642237663269043,-0.05547275021672249,0.500387588034311,0.4966701072062584,0,0
-0.4623134434223175,-0.566953718662262,-0.05547275021672249,0.49521833916781627,0.5162020941652927,0,0
-0.4598674774169922,-0.5696836709976196,-0.05547275021672249,0.5007300650042622,0.484501138373852,0,0
-0.45742157101631165,-0.5724136233329773,-0.05547275021672249,0.4935314333114346,0.4838690211526689,0,0
-0.45497557520866394,-0.5751435160636902,-0.05547275021672249,0.5010578472697721,0.5035308453004214,0,0
-0.452529639005661,-0.5778735280036926,-0.05547275021672249,0.508025795221924,0.5233892281297474,0,0
-0.45008382201194763,-0.5806034803390503,-0.05547275021672249,0.49354611559230077,0.5088785988180214,0,0
-0.4476379156112671,-0.5833334922790527,-0.05547275021672249,0.5106094831578889,0.4707761208846679,0,0
-0.4451920688152313,-0.5860636234283447,-0.05547275021672249,0.5014685073030476,0.4910931904057898,0,0
-0.44274625182151794,-0.5887936949729919,-0.05547275021672249,0.4954220143505748,0.4939624153470529,0,0
-0.4403004050254822,-0.5915237665176392,-0.05547275021672249,0.4838780702980054,0.5076825545084039,0,0
-0.43785470724105835,-0.5942538976669312,-0.05547275021672249,0.4966510948903868,0.5038184670208222,0,0
-0.43540894985198975,-0.5969840884208679,-0.05547275021672249,0.5148840024412868,0.5029197551820882,0,0
-0.43296316266059875,-0.5997141599655151,-0.05547275021672249,0.5025835475497749,0.49907915429449057,0,0
-0.4305175244808197,-0.6024443507194519,-0.05547275021672249,0.4980290738179262,0.5025973613139001,0,0
-0.4280717968940735,-0.6051745414733887,-0.05547275021672249,0.5104942305981165,0.4921025089517594,0,0
-0.4256261885166168,-0.6079047322273254,-0.05547275021672249,0.4908794022842118,0.5090276705887371,0,0
-0.4231805205345154,-0.610634982585907,-0.05547275021672249,0.5023924285559853,0.49756915899862975,0,0
-0.4207349419593811,-0.6133652329444885,-0.05547275021672249,0.505624463112883,0.5052789671479837,0,0
-0.41828930377960205,-0.6160955429077148,-0.05547275021672249,0.5227578844851931,0.5047683335078069,0,0
-0.4158437252044678,-0.6188257932662964,-0.05547275021672249,0.49248468219161545,0.5003343040107378,0,0
-0.4133981168270111,-0.6215561032295227,-0.05547275021672249,0.5014718451200633,0.5043873151830909,0,0
-0.4109525978565216,-0.6242864727973938,-0.05547275021672249,0.4816934265587808,0.4956562668180205,0,0
-0.4085070490837097,-0.6270168423652649,-0.05547275021672249,0.5084803467433427,0.49590115822935027,0,0
-0.4060615301132202,-0.629747211933136,-0.05547275021672249,0.4897790640253811,0.4753034419778755,0,0
-0.40361613035202026,-0.6324776411056519,-0.05547275021672249,0.5178112252676367,0.48707606879454957,0,0
-0.4011707007884979,-0.6352080702781677,-0.05547275021672249,0.5141158679151948,0.4991659953479177,0,0
-0.3987252414226532,-0.6379384398460388,-0.05547275021672249,0.5011043000466965,0.5033506404279338,0,0
-0.39627984166145325,-0.6406689286231995,-0.05547275021672249,0.49861321502201544,0.4998161910165829,0,0
-0.39383450150489807,-0.6433994174003601,-0.05547275021672249,0.5014344293085726,0.4962905204406158,0,0
-0.3913891017436981,-0.6461299061775208,-0.05547275021672249,0.5071722047216206,0.5073735246559212,0,0
-0.38894376158714294,-0.6488603949546814,-0.05547275021672249,0.4985354980137441,0.49777431510845627,0,0
-0.38649842143058777,-0.6515909433364868,-0.05547275021672249,0.5050463856352172,0.5061969496595151,0,0
-0.384053111076355,-0.6543214917182922,-0.05547275021672249,0.5095366961978381,0.49809770659194996,0,0
-0.3816078007221222,-0.6570520401000977,-0.05547275021672249,0.5125976359661953,0.4951734151940747,0,0
-0.3791625499725342,-0.6597827076911926,-0.05547275021672249,0.49720835389429596,0.4827990936277508,0,0
-0.37671732902526855,-0.6625133156776428,-0.05547275021672249,0.494344025792589,0.504411537284395,0,0
-0.37427204847335815,-0.6652439832687378,-0.05547275021672249,0.50644453109084,0.4868576398097802,0,0
-0.3718268871307373,-0.6679746508598328,-0.05547275021672249,0.5102763185817941,0.5077781174495374,0,0
-0.3693816661834717,-0.6707053184509277,-0.05547275021672249,0.4939331581237316,0.5031281054953061,0,0
-0.3669365346431732,-0.6734359860420227,-0.05547275021672249,0.4888291883711343,0.49178844981064773,0,0
-0.36449137330055237,-0.6761667132377625,-0.05547275021672249,0.507974823212454,0.4852678576809874,0,0
-0.3620462119579315,-0.6788974404335022,-0.05547275021672249,0.5149903821618722,0.4986468351620491,0,0
-0.35960114002227783,-0.6816281676292419,-0.05547275021672249,0.4963287374993018,0.4952024839220905,0,0
-0.35715600848197937,-0.6843589544296265,-0.05547275021672249,0.4979251936805112,0.4883687600846167,0,0
-0.35471096634864807,-0.687089741230011,-0.05547275021672249,0.5322350711910553,0.5020730022045182,0,0
-0.3522658944129944,-0.6898205280303955,-0.05547275021672249,0.5035850969290535,0.5025575982462969,0,0
-0.34982091188430786,-0.6925513744354248,-0.05547275021672249,0.5075183587258242,0.48069948037462645,0,0
-0.34737589955329895,-0.6952822208404541,-0.05547275021672249,0.517641456294379,0.4902750558247194,0,0
-0.3449309170246124,-0.6980130672454834,-0.05547275021672249,0.49607284796906476,0.4989933890600953,0,0
-0.3424859642982483,-0.7007439136505127,-0.05547275021672249,0.4992744626349545,0.5012939886536213,0,0
-0.34004101157188416,-0.7034748792648315,-0.05547275021672249,0.4866189024382393,0.4860296703756476,0,0
-0.3375960886478424,-0.7062057852745056,-0.05547275021672249,0.5003825056677601,0.4926794567794117,0,0
-0.33515119552612305,-0.7089366316795349,-0.05547275021672249,0.5019274093789132,0.5044110971954,0,0
-0.3327063024044037,-0.7116675972938538,-0.05547275021672249,0.48194664094260975,0.47732932821240615,0,0
-0.3302614390850067,-0.7143986225128174,-0.05547275021672249,0.4983216923776217,0.5132335017690729,0,0
-0.3278166353702545,-0.7171294689178467,-0.05547275021672249,0.497208068413438,0.5094758202332735,0,0
-0.32537180185317993,-0.7198604941368103,-0.05547275021672249,0.4929742782233432,0.5058347365349511,0,0
-0.32292699813842773,-0.7225915193557739,-0.05547275021672249,0.5013497339190782,0.49379575042713963,0,0
-0.3204822540283203,-0.7253225445747375,-0.05547275021672249,0.49075017659759745,0.5066204158986799,0,0
-0.3180374205112457,-0.7280537486076355,-0.05547275021672249,0.501978180197297,0.5043691716022991,0,0
-0.3155927062034607,-0.7307846546173096,-0.05547275021672249,0.4997056295832028,0.492416444862502,0,0
-0.31314796209335327,-0.733515739440918,-0.05547275021672249,0.5065030608715977,0.48461673520474746,0,0
-0.31070324778556824,-0.7362468242645264,-0.05547275021672249,0.4907690128966936,0.5068851334969128,0,0
-0.3082585632801056,-0.7389779686927795,-0.05547275021672249,0.5194032915441648,0.4968319732806512,0,0
-0.30581387877464294,-0.7417091131210327,-0.05547275021672249,0.5112576655535971,0.506357905498943,0,0
-0.3033692538738251,-0.7444402575492859,-0.05547275021672249,0.49697748855320173,0.499355474660339,0,0
-0.3009245693683624,-0.7471713423728943,-0.05547275021672249,0.5044927332159983,0.49782719323116575,0,0
-0.29847997426986694,-0.7499025464057922,-0.05547275021672249,0.5179500921076853,0.5123638657852619,0,0
-0.2960353493690491,-0.7526336312294006,-0.05547275021672249,0.48921009167156065,0.505385952702175,0,0
-0.2935907542705536,-0.7553648948669434,-0.05547275021672249,0.4799088622005225,0.5019575450347847,0,0
-0.2911461889743805,-0.7580962181091309,-0.05547275021672249,0.4865952468576762,0.5012692436483832,0,0
-0.2887016236782074,-0.7608274221420288,-0.05547275021672249,0.48790829766898103,0.5029730276785075,0,0
-0.2862570881843567,-0.7635588049888611,-0.05547275021672249,0.5106138478769366,0.510036220025279,0,0
-0.283812552690506,-0.7662900686264038,-0.05547275021672249,0.4873675270965908,0.49330609373142476,0,0
-0.28136804699897766,-0.7690215110778809,-0.05547275021672249,0.5136653180262936,0.49656332343028015,0,0
-0.27892354130744934,-0.7717527747154236,-0.05547275021672249,0.5035099681745598,0.5105751314320074,0,0
-0.2764790952205658,-0.7744840979576111,-0.05547275021672249,0.4840161859324439,0.5025627094660897,0,0
-0.27403464913368225,-0.7772154211997986,-0.05547275021672249,0.48974120375498253,0.49763354348170435,0,0
-0.2715902030467987,-0.7799468040466309,-0.05547275021672249,0.5053062545647153,0.5055913471780664,0,0
-0.26914578676223755,-0.7826782464981079,-0.05547275021672249,0.5131071165844424,0.4978110705791919,0,0
-0.266701340675354,-0.7854094505310059,-0.05547275021672249,0.5066171646871419,0.4859790623369166,0,0
-0.26425695419311523,-0.7881408333778381,-0.05547275021672249,0.49411196478538255,0.500249739239313,0,0
-0.26181259751319885,-0.7908722758293152,-0.05547275021672249,0.48801873818592,0.47963355373037214,0,0
-0.2593682110309601,-0.7936036586761475,-0.05547275021672249,0.4956363196658169,0.5004996038014985,0,0
-0.2569239139556885,-0.7963352203369141,-0.05547275021672249,0.5014801307576436,0.505578780312839,0,0
-0.2544795870780945,-0.7990667223930359,-0.05547275021672249,0.5071804786139613,0.49742707753498794,0,0
-0.2520352900028229,-0.8017982244491577,-0.05547275021672249,0.4969428514683605,0.498525907186607,0,0
-0.24959100782871246,-0.8045296669006348,-0.05547275021672249,0.5271323174798334,0.4966596887051312,0,0
-0.24714674055576324,-0.8072611689567566,-0.05547275021672249,0.5095125770591609,0.5099299488580706,0,0
-0.24470244348049164,-0.8099927306175232,-0.05547275021672249,0.5101710742929986,0.5102457324518388,0,0
-0.2422582507133484,-0.8127242922782898,-0.05547275021672249,0.5018696025513458,0.507162810204816,0,0
-0.23981405794620514,-0.8154559135437012,-0.05547275021672249,0.49605284258894333,0.5054317116583878,0,0
-0.2373698353767395,-0.8181872963905334,-0.05547275021672249,0.4948886702338365,0.49202467864571475,0,0
-0.23492564260959625,-0.8209189176559448,-0.05547275021672249,0.5074237677788717,0.49262587452360307,0,0
-0.2324814647436142,-0.8236504793167114,-0.05547275021672249,0.4959233295824674,0.5114639248707704,0,0
-0.23003733158111572,-0.8263821005821228,-0.05547275021672249,0.4711837316726773,0.47865428532681353,0,0
-0.22759321331977844,-0.8291137218475342,-0.05547275021672249,0.5225776604371374,0.5001687063131388,0,0
-0.22514908015727997,-0.8318454623222351,-0.05547275021672249,0.4930284808413005,0.49332292261141614,0,0
-0.2227049469947815,-0.8345770835876465,-0.05547275021672249,0.49879415733192534,0.509698369096215,0,0
-0.2202608436346054,-0.8373088240623474,-0.05547275021672249,0.491930028404566,0.49990114332479174,0,0
-0.2178167700767517,-0.8400404453277588,-0.05547275021672249,0.507377650035374,0.4987036296815315,0,0
-0.2153727263212204,-0.8427721858024597,-0.05547275021672249,0.5113496599856655,0.5103467185596295,0,0
-0.2129286825656891,-0.8455038666725159,-0.05547275021672249,0.5212964298734143,0.4984176296810538,0,0
-0.21048462390899658,-0.8482356071472168,-0.05547275021672249,0.5048417125469397,0.49769103057594355,0,0
-0.20804062485694885,-0.8509674668312073,-0.05547275021672249,0.49675364267092587,0.5184340880212719,0,0
-0.20559661090373993,-0.8536991477012634,-0.05547275021672249,0.498578538492191,0.5014218141794172,0,0
-0.2031526416540146,-0.8564310073852539,-0.05547275021672249,0.48951312696839866,0.4953216947768928,0,0
-0.20070867240428925,-0.8591628074645996,-0.05547275021672249,0.4906050618317299,0.5155574962191787,0,0
-0.1982647329568863,-0.8618946671485901,-0.05547275021672249,0.4836207882733284,0.4925430200701853,0,0
-0.19582080841064453,-0.8646264672279358,-0.05547275021672249,0.5160188517567309,0.4927361670869876,0,0
-0.19337686896324158,-0.867358386516571,-0.05547275021672249,0.4830330526019537,0.5151214087174132,0,0
-0.190932959318161,-0.8700902462005615,-0.05547275021672249,0.48510650611878187,0.49415688270852826,0,0
-0.18848906457424164,-0.872822105884552,-0.05547275021672249,0.5082892007833258,0.49269735201302994,0,0
-0.18604518473148346,-0.8755540251731873,-0.05547275021672249,0.5062349630104963,0.5086124626340413,0,0
-0.18360131978988647,-0.8782859444618225,-0.05547275021672249,0.49769143030143165,0.5036744056784878,0,0
-0.18115746974945068,-0.881017804145813,-0.05547275021672249,0.507094284594575,0.48691439742305426,0,0
-0.1787136346101761,-0.883749783039093,-0.05547275021672249,0.5156945429677092,0.49802053895568,0,0
-0.17626984417438507,-0.8864817023277283,-0.05547275021672249,0.4965911146417739,0.5077869962258527,0,0
-0.17382602393627167,-0.8892137408256531,-0.05547275021672249,0.4811239556037496,0.4938692241602877,0,0
-0.17138223350048065,-0.8919457197189331,-0.05547275021672249,0.5128078951765113,0.5004846029727505,0,0
-0.16893845796585083,-0.8946776390075684,-0.05547275021672249,0.49832364683986746,0.49861993545482247,0,0
-0.1664946973323822,-0.8974096179008484,-0.05547275021672249,0.5014772491701429,0.48832355241757625,0,0
-0.16405095160007477,-0.9001415967941284,-0.05547275021672249,0.5221665840180859,0.5005212880128708,0,0
-0.16160722076892853,-0.9028737545013428,-0.05547275021672249,0.4942081519746685,0.5011482885490475,0,0
-0.15916350483894348,-0.9056057929992676,-0.05547275021672249,0.491410983965384,0.4806047632229216,0,0
-0.15671980381011963,-0.9083379507064819,-0.05547275021672249,0.5033823075650716,0.5158391688886746,0,0
-0.15427611768245697,-0.911069929599762,-0.05547275021672249,0.5093072523405829,0.500150070357221,0,0
-0.1518324464559555,-0.9138020277023315,-0.05547275021672249,0.5078954377983631,0.4966818216592356,0,0
-0.14938877522945404,-0.9165341854095459,-0.05547275021672249,0.5118120546286581,0.49150766115429223,0,0
-0.14694510400295258,-0.9192663431167603,-0.05547275021672249,0.49315446220534503,0.4896616437904319,0,0
-0.1445014625787735,-0.9219983816146851,-0.05547275021672249,0.5029366613485233,0.5001647570030264,0,0
-0.14205783605575562,-0.9247307181358337,-0.05547275021672249,0.4846933668517538,0.4947991873139884,0,0
-0.13961422443389893,-0.9274628162384033,-0.05547275021672249,0.4721860337469238,0.5120383059875567,0,0
-0.13717062771320343,-0.9301950335502625,-0.05547275021672249,0.5183619107793828,0.4827601528835011,0,0
-0.13472704589366913,-0.9329271912574768,-0.05547275021672249,0.5057388944656634,0.5096780602396438,0,0
-0.1322835087776184,-0.9356592297554016,-0.05547275021672249,0.5008922658032476,0.4874762758389959,0,0
-0.1298399567604065,-0.9383914470672607,-0.05547275021672249,0.49819189798060953,0.4938453654340392,0,0
-0.12739641964435577,-0.9411234855651855,-0.05547275021672249,0.49823355109116685,0.4953751303490945,0,0
-0.12495289742946625,-0.9438558220863342,-0.05547275021672249,0.4974501457769238,0.49635543337512394,0,0
-0.12250936776399612,-0.9465879797935486,-0.05547275021672249,0.5038096906263594,0.5224198775643168,0,0
-0.12006586790084839,-0.9493201971054077,-0.05547275021672249,0.5063606483003584,0.5093950361128413,0,0
-0.11762238293886185,-0.9520524144172668,-0.05547275021672249,0.4911783816753156,0.4895927304846292,0,0
-0.1151789054274559,-0.9547848105430603,-0.05547275021672249,0.5165969342208107,0.5005016510568256,0,0
-0.11273544281721115,-0.9575170278549194,-0.05547275021672249,0.4839867419265655,0.5074014740533993,0,0
-0.1102919951081276,-0.9602493643760681,-0.05547275021672249,0.4914996283718447,0.5002360925750295,0,0
-0.10784856230020523,-0.9629817008972168,-0.05547275021672249,0.49904831237389735,0.48595164262389284,0,0
-0.10540515184402466,-0.9657139182090759,-0.05547275021672249,0.49454006321540406,0.5159709238110914,0,0
-0.10296174883842468,-0.9684463739395142,-0.05547275021672249,0.49885842509353334,0.5077366300760922,0,0
-0.1005183532834053,-0.9711787104606628,-0.05547275021672249,0.5284382490970059,0.49769481941413674,0,0
-0.09807498753070831,-0.9739111065864563,-0.05547275021672249,0.49570284918650676,0.513348035232435,0,0
-0.09563160687685013,-0.976643443107605,-0.05547275021672249,0.49471701563888615,0.5058447609216443,0,0
-0.09318824857473373,-0.9793758392333984,-0.05547275021672249,0.5007240597642365,0.495479432871473,0,0
-0.09074489772319794,-0.9821082949638367,-0.05547275021672249,0.4920443143928796,0.49286763763010083,0,0
-0.08830156922340393,-0.9848405718803406,-0.05547275021672249,0.49333080601269463,0.502802035092643,0,0
-0.08585825562477112,-0.987572968006134,-0.05547275021672249,0.48697154889990507,0.5239007180758579,0,0
-0.0834149494767189,-0.9903053641319275,-0.05547275021672249,0.49671616680670455,0.4940814518979456,0,0
-0.08097165077924728,-0.9930379390716553,-0.05547275021672249,0.5160564570992382,0.5101483991174075,0,0
-0.07852836698293686,-0.9957703351974487,-0.05547275021672249,0.5105732600978877,0.4938856865223317,0,0
-0.07608509808778763,-0.998502790927887,-0.05547275021672249,0.4919675190116851,0.49641646147248913,0,0
-0.07364184409379959,-1.0012353658676147,-0.05547275021672249,0.5063889691180876,0.4980479299332106,0,0
-0.07119859009981155,-1.0039677619934082,-0.05547275021672249,0.500702972896796,0.5023745534893292,0,0
-0.06875535845756531,-1.0067002773284912,-0.05547275021672249,0.4932553777004411,0.5082024657973804,0,0
-0.06631214171648026,-1.0094327926635742,-0.05547275021672249,0.5099016859437498,0.5003009570964815,0,0
-0.0638689324259758,-1.0121653079986572,-0.05547275021672249,0.49714060268574595,0.49636693010425825,0,0
-0.06142575293779373,-1.0148979425430298,-0.05547275021672249,0.4910542887709999,0.5046605027848399,0,0
-0.05898255854845047,-1.0176303386688232,-0.05547275021672249,0.4967215202816727,0.49076656553295395,0,0
-0.056539393961429596,-1.0203628540039062,-0.05547275021672249,0.4774659111884609,0.497875256839634,0,0
-0.05409622564911842,-1.0230953693389893,-0.05547275021672249,0.4704294614998401,0.4986966181640876,0,0
-0.051653098315000534,-1.0258280038833618,-0.05547275021672249,0.500092904322635,0.4785474149952262,0,0
-0.04920995607972145,-1.028560757637024,-0.05547275021672249,0.5329977849275878,0.5153590258501004,0,0
-0.04676683247089386,-1.031293272972107,-0.05547275021672249,0.505782501918587,0.49336691846828923,0,0
-0.04432372748851776,-1.0340259075164795,-0.05547275021672249,0.503975211871615,0.5042355527881154,0,0
-0.04188062623143196,-1.036758542060852,-0.05547275021672249,0.5122314338163327,0.4925178799521549,0,0
-0.039437539875507355,-1.0394911766052246,-0.05547275021672249,0.4873991286990525,0.47864285816706686,0,0
-0.036994464695453644,-1.0422238111495972,-0.05547275021672249,0.507780994054655,0.4923588997199779,0,0
-0.03455140069127083,-1.0449564456939697,-0.05547275021672249,0.5044000011593798,0.5067674792495555,0,0
-0.03210834413766861,-1.0476890802383423,-0.05547275021672249,0.4971443709926162,0.4947634759839486,0,0
-0.029665308073163033,-1.0504218339920044,-0.05547275021672249,0.5080662514573108,0.49392946172935487,0,0
-0.027222277596592903,-1.0531543493270874,-0.05547275021672249,0.4818459398971559,0.5182680896162256,0,0
-0.024779262021183968,-1.0558871030807495,-0.05547275021672249,0.4892961879201219,0.49409684390689057,0,0
-0.02233625203371048,-1.0586198568344116,-0.05547275021672249,0.4839021178288999,0.48715950177697753,0,0
-0.019893256947398186,-1.0613526105880737,-0.05547275021672249,0.4925739852699482,0.5105049395421156,0,0
-0.017450271174311638,-1.0640854835510254,-0.05547275021672249,0.48882729943510217,0.497965936622681,0,0
-0.015007300302386284,-1.0668182373046875,-0.05547275021672249,0.4953352375324637,0.5094864783200297,0,0
-0.01256433967500925,-1.0695509910583496,-0.05547275021672249,0.49315909165353655,0.4990781997393244,0,0
-0.010121391154825687,-1.0722837448120117,-0.05547275021672249,0.5028590304019637,0.48096607114441614,0,0
-0.0076784538105130196,-1.0750163793563843,-0.05547275021672249,0.4880252659578828,0.5064167230197946,0,0
-0.0052355253137648106,-1.0777491331100464,-0.05547275021672249,0.49972943325302754,0.4908335469818925,0,0
-0.0027926091570407152,-1.0804818868637085,-0.05547275021672249,0.4967835005783598,0.5124334835515749,0,0
-0.00034970397246070206,-1.0832146406173706,-0.05547275021672249,0.5216136730265336,0.5170634648209383,0,0
0.002093191957101226,-1.0859475135803223,-0.05547275021672249,0.4968209219324552,0.49999072019887025,0,0
0.004536076448857784,-1.088680386543274,-0.05547275021672249,0.49143283298242435,0.4996242356902243,0,0
0.006978950928896666,-1.0914132595062256,-0.05547275021672249,0.49689342263375674,0.5062542868125529,0,0
0.009421813301742077,-1.0941462516784668,-0.05547275021672249,0.48832933861776434,0.49110674652189096,0,0
0.01186466496437788,-1.0968791246414185,-0.05547275021672249,0.5050125089776548,0.4881592164119804,0,0
0.014307506382465363,-1.0996119976043701,-0.05547275021672249,0.503132429608751,0.4856436311648941,0,0
0.016750335693359375,-1.1023449897766113,-0.05547275021672249,0.4907393169610204,0.5037694930016249,0,0
0.01919315569102764,-1.1050777435302734,-0.05547275021672249,0.49283535933194367,0.5029533557876523,0,0
0.02163596637547016,-1.107810616493225,-0.05547275021672249,0.49135893916279527,0.5129257714530051,0,0
0.024078769609332085,-1.1105434894561768,-0.05547275021672249,0.4991351326886913,0.5099324260483494,0,0
0.026521554216742516,-1.1132763624191284,-0.05547275021672249,0.5183445977417168,0.5019149119893315,0,0
0.0289643332362175,-1.11600923538208,-0.05547275021672249,0.4889253580101483,0.48535262263190826,0,0
0.03140709921717644,-1.1187422275543213,-0.05547275021672249,0.484285791192745,0.4924064625202442,0,0
0.03384985402226448,-1.121475100517273,-0.05547275021672249,0.5078679629909185,0.5003152399952076,0,0
0.03629260137677193,-1.1242080926895142,-0.05547275021672249,0.49538589061281196,0.5077226046621683,0,0
0.03873533755540848,-1.1269410848617554,-0.05547275021672249,0.5076151107783281,0.5025757633491806,0,0
0.04117806255817413,-1.1296740770339966,-0.05547275021672249,0.5154409944122168,0.49582779029640695,0,0
0.043620772659778595,-1.1324071884155273,-0.05547275021672249,0.49605367734494976,0.532841477330939,0,0
0.04606348276138306,-1.135140299797058,-0.05547275021672249,0.4896150646571601,0.5119244429642343,0,0
0.048506177961826324,-1.1378732919692993,-0.05547275021672249,0.5060361743871189,0.4915292580912109,0,0
0.0509488545358181,-1.1406062841415405,-0.05547275021672249,0.5043280136165545,0.5064807257068313,0,0
0.053391534835100174,-1.1433392763137817,-0.05547275021672249,0.4967065784381317,0.499308867716756,0,0
0.05583420768380165,-1.146072268486023,-0.05547275021672249,0.4936618218710248,0.5016293975472257,0,0
0.05827685818076134,-1.1488052606582642,-0.05547275021672249,0.511362733884368,0.49467542390758185,0,0
0.06071950122714043,-1.1515382528305054,-0.05547275021672249,0.520942275289066,0.518234856779217,0,0
0.06316214054822922,-1.1542712450027466,-0.05547275021672249,0.48460514758626405,0.4952555977398722,0,0
0.06560476869344711,-1.157004475593567,-0.05547275021672249,0.48644198087186963,0.4951449997328628,0,0
0.06804738193750381,-1.1597375869750977,-0.05547275021672249,0.5015302523867136,0.5065645336621861,0,0
0.07048998028039932,-1.1624706983566284,-0.05547275021672249,0.4919538374553648,0.48571524841815267,0,0
0.07293258607387543,-1.1652038097381592,-0.05547275021672249,0.5072362569921564,0.5013527028302915,0,0
0.07537516206502914,-1.1679370403289795,-0.05547275021672249,0.5158437558445313,0.5086576699773002,0,0
0.07781774550676346,-1.1706701517105103,-0.05547275021672249,0.5143185223268475,0.4925605591181954,0,0
0.08026032149791718,-1.173403263092041,-0.05547275021672249,0.5067278236798874,0.49598558570480317,0,0
0.0827028825879097,-1.1761364936828613,-0.05547275021672249,0.5115311040142853,0.48488666941944397,0,0
0.08514543622732162,-1.1788694858551025,-0.05547275021672249,0.4997367467088905,0.49118820565365945,0,0
0.08758797496557236,-1.1816025972366333,-0.05547275021672249,0.4971304409459362,0.5001397215740047,0,0
0.09003050625324249,-1.184335708618164,-0.05547275021672249,0.4943308263444998,0.5017340178998939,0,0
0.09247301518917084,-1.1870687007904053,-0.05547275021672249,0.5047424162648166,0.5092085060819693,0,0
0.09491551667451859,-1.1898016929626465,-0.05547275021672249,0.4964046601665814,0.4984481503323968,0,0
0.09735801815986633,-1.1925350427627563,-0.05547275021672249,0.5088038852664,0.5121270071312797,0,0
0.09980051219463348,-1.1952683925628662,-0.05547275021672249,0.5063626267931062,0.5090106073165209,0,0
0.10224299877882004,-1.1980016231536865,-0.05547275021672249,0.5075309341076085,0.5105102470158048,0,0
0.10468549281358719,-1.2007348537445068,-0.05547275021672249,0.49539280600735164,0.5035325850557695,0,0
0.10712795704603195,-1.2034680843353271,-0.05547275021672249,0.512062345949683,0.4992841426908947,0,0
0.10957040637731552,-1.2062013149261475,-0.05547275021672249,0.501017008399323,0.49995094282081026,0,0
0.11201285570859909,-1.2089345455169678,-0.05547275021672249,0.4988301912254582,0.4953386240282247,0,0
0.11445529013872147,-1.2116678953170776,-0.05547275021672249,0.4903609441064248,0.49933849747271153,0,0
0.11689773201942444,-1.214401125907898,-0.05547275021672249,0.5111399421328723,0.48878236216005116,0,0
0.11934014409780502,-1.2171342372894287,-0.05547275021672249,0.5114555502509736,0.4921438547272367,0,0
0.1217825636267662,-1.219867467880249,-0.05547275021672249,0.4965752239289848,0.5128152361007616,0,0
0.12422497570514679,-1.2226006984710693,-0.05547275021672249,0.5144041816456234,0.5038166707962256,0,0
0.12666736543178558,-1.2253339290618896,-0.05547275021672249,0.4963101522672859,0.49703510812703916,0,0
0.12910975515842438,-1.22806715965271,-0.05547275021672249,0.4971133639392203,0.5115762205720932,0,0
0.13155211508274078,-1.2308005094528198,-0.05547275021672249,0.48838945375071235,0.5021633021165449,0,0
0.1339944750070572,-1.2335338592529297,-0.05547275021672249,0.5196264113393401,0.49451232258096706,0,0
0.1364368349313736,-1.23626708984375,-0.05547275021672249,0.5110036926126903,0.5013056217761163,0,0
0.1388791799545288,-1.2390005588531494,-0.05547275021672249,0.49217577522548434,0.5187762525755133,0,0
0.14132153987884521,-1.2417339086532593,-0.05547275021672249,0.4969557743042054,0.5005836607220739,0,0
0.14376385509967804,-1.2444672584533691,-0.05547275021672249,0.48833671012118535,0.4944756159760232,0,0
0.14620620012283325,-1.2472004890441895,-0.05547275021672249,0.49092701306337977,0.5146085558933722,0,0
0.14864851534366608,-1.2499339580535889,-0.05547275021672249,0.4988225907603344,0.5034814800170094,0,0
0.1510908156633377,-1.2526673078536987,-0.05547275021672249,0.49624472666547337,0.4935444409254649,0,0
0.15353311598300934,-1.255400538444519,-0.05547275021672249,0.49998688911650474,0.5142395473373864,0,0
0.15597540140151978,-1.258133888244629,-0.05547275021672249,0.49793277191012636,0.49489428380963363,0,0
0.1584177017211914,-1.2608672380447388,-0.05547275021672249,0.4785926965934439,0.5149306534637285,0,0
0.16085995733737946,-1.2636005878448486,-0.05547275021672249,0.49360039024548874,0.4941153089544786,0,0
0.1633022278547287,-1.2663339376449585,-0.05547275021672249,0.5033937659724931,0.48709751139358315,0,0
0.16574449837207794,-1.269067406654358,-0.05547275021672249,0.4971060266260869,0.507192313709894,0,0
0.1681867241859436,-1.2718009948730469,-0.05547275021672249,0.49743305436557883,0.49502735348270793,0,0
0.17062896490097046,-1.2745344638824463,-0.05547275021672249,0.5020371241837398,0.5015884154585633,0,0
0.17307119071483612,-1.2772679328918457,-0.05547275021672249,0.5124058189093974,0.5014579833259415,0,0
0.17551341652870178,-1.2800015211105347,-0.05547275021672249,0.5009070579242237,0.5082166938009666,0,0
0.17795564234256744,-1.2827351093292236,-0.05547275021672249,0.509412860933305,0.4940738210101838,0,0
0.1803978681564331,-1.285468578338623,-0.05547275021672249,0.5072774091494144,0.5059408476332876,0,0
0.182840034365654,-1.2882020473480225,-0.05547275021672249,0.4970687834481409,0.5032716407836879,0,0
0.18528224527835846,-1.2909356355667114,-0.05547275021672249,0.5132834125949476,0.4994720013006265,0,0
0.18772442638874054,-1.2936692237854004,-0.05547275021672249,0.5203337444438049,0.49113522148938743,0,0
0.19016659259796143,-1.2964026927947998,-0.05547275021672249,0.49765399822587025,0.49752929253115524,0,0
0.1926087737083435,-1.2991361618041992,-0.05547275021672249,0.5217956514807323,0.5084327667453629,0,0
0.195050910115242,-1.3018697500228882,-0.05547275021672249,0.5006149726114898,0.4998735485856143,0,0
0.1974930614233017,-1.3046033382415771,-0.05547275021672249,0.5089011096132082,0.5031584199449098,0,0
0.1999351978302002,-1.3073368072509766,-0.05547275021672249,0.5082757447063164,0.5086342787504649,0,0
0.2023773342370987,-1.310070276260376,-0.05547275021672249,0.4780967332053082,0.5171955117534017,0,0
0.204819455742836,-1.312803864479065,-0.05547275021672249,0.5004962507065905,0.49507138498261893,0,0
0.2072615772485733,-1.3155375719070435,-0.05547275021672249,0.5162633578015459,0.5114421385185246,0,0
0.2097036987543106,-1.3182711601257324,-0.05547275021672249,0.5139776673455376,0.4978625468958856,0,0
0.21214580535888672,-1.3210047483444214,-0.05547275021672249,0.4816215253929728,0.5147251814710545,0,0
0.21458791196346283,-1.3237383365631104,-0.05547275021672249,0.4989054948374971,0.48983506252925235,0,0
0.21703000366687775,-1.3264719247817993,-0.05547275021672249,0.5043723764792611,0.49881063692413646,0,0
0.21947206556797028,-1.3292055130004883,-0.05547275021672249,0.4884254076867758,0.5051298753562111,0,0
0.221914142370224,-1.3319391012191772,-0.05547275021672249,0.5034968665104766,0.5082615380475832,0,0
0.22435620427131653,-1.3346726894378662,-0.05547275021672249,0.5057776802676829,0.49250383030275324,0,0
0.22679826617240906,-1.3374062776565552,-0.05547275021672249,0.4946385588461353,0.5139314669940866,0,0
0.2292403131723404,-1.3401398658752441,-0.05547275021672249,0.4908192511104736,0.4964866772661115,0,0
0.23168236017227173,-1.342873454093933,-0.05547275021672249,0.4918869159302249,0.4882867194674587,0,0
0.23412437736988068,-1.345607042312622,-0.05547275021672249,0.5244627663362449,0.47698026631758156,0,0
0.23656640946865082,-1.348340630531311,-0.05547275021672249,0.49923221756455555,0.4835628241005235,0,0
0.23900841176509857,-1.35107421875,-0.05547275021672249,0.49482094441251245,0.5045243790110946,0,0
0.2414504438638687,-1.3538076877593994,-0.05547275021672249,0.5019626835659539,0.4942960441861141,0,0
0.24389243125915527,-1.3565412759780884,-0.05547275021672249,0.5062227617467141,0.49555916140529876,0,0
0.24633443355560303,-1.3592751026153564,-0.05547275021672249,0.49436421143874937,0.5109303535557995,0,0
0.24877645075321198,-1.362008810043335,-0.05547275021672249,0.5178196625555795,0.4866972332867391,0,0
0.2512184679508209,-1.364742398262024,-0.05547275021672249,0.5055602673435496,0.48856106336056854,0,0
0.2536604106426239,-1.3674761056900024,-0.05547275021672249,0.4954015140693991,0.49894927447882365,0,0
0.25610238313674927,-1.370209813117981,-0.05547275021672249,0.5036129467919029,0.510947488030835,0,0
0.25854435563087463,-1.372943639755249,-0.05547275021672249,0.4948164692483521,0.5088590715807078,0,0
0.2609862983226776,-1.3756773471832275,-0.05547275021672249,0.48694288843622285,0.49768793942966855,0,0
0.2634282112121582,-1.378411054611206,-0.05547275021672249,0.5001294763889116,0.4982677787645891,0,0
0.26587018370628357,-1.3811447620391846,-0.05547275021672249,0.4965155790809204,0.4944209020138434,0,0
0.26831212639808655,-1.3838785886764526,-0.05547275021672249,0.5162228145244995,0.5050800494235029,0,0
0.2707540690898895,-1.3866122961044312,-0.05547275021672249,0.5060587685869523,0.5035162977136289,0,0
0.2731960117816925,-1.3893458843231201,-0.05547275021672249,0.4991235293126668,0.506407209643769,0,0
0.2756379246711731,-1.3920795917510986,-0.05547275021672249,0.478829970863607,0.502994859224643,0,0
0.2780798375606537,-1.3948132991790771,-0.05547275021672249,0.5046385789255169,0.5010369821841396,0,0
0.2805217504501343,-1.3975470066070557,-0.05547275021672249,0.4934227323316538,0.4929207768053628,0,0
0.2829636335372925,-1.4002805948257446,-0.05547275021672249,0.5136177620922312,0.4959539927019324,0,0
0.2854055166244507,-1.4030144214630127,-0.05547275021672249,0.511660898404005,0.4921837782777864,0,0
0.2878473699092865,-1.4057482481002808,-0.05547275021672249,0.4870827551800058,0.49372649714036837,0,0
0.2902892827987671,-1.4084821939468384,-0.05547275021672249,0.5031007558425852,0.4960722282306546,0,0
0.2927311360836029,-1.4112160205841064,-0.05547275021672249,0.5115255629833998,0.4987837833561377,0,0
0.2951729893684387,-1.413949728012085,-0.05547275021672249,0.7587108191067924,0.49623454916668525,0,0
0.29761484265327454,-1.416683554649353,-0.05547275021672249,0.780939296009161,0.49501721218590367,0,0
0.30005669593811035,-1.4194176197052002,-0.05547275021672249,0.7677322255068354,0.505675324187274,0,0
0.3024985194206238,-1.4221513271331787,-0.05547275021672249,0.7759912494486916,0.49040469944892623,0,0
0.3049403727054596,-1.4248850345611572,-0.05547275021672249,0.7719411855372019,0.47720782261979877,0,0
0.307382196187973,-1.4276188611984253,-0.05547275021672249,0.7709284011002162,0.4895710881556201,0,0
0.30982401967048645,-1.4303526878356934,-0.05547275021672249,0.7685796283126121,0.4901948636917355,0,0
0.3122658133506775,-1.4330865144729614,-0.05547275021672249,0.7769567509812235,0.49817493453285405,0,0
0.31470760703086853,-1.4358201026916504,-0.05547275021672249,0.774654327290689,0.489771620883461,0,0
0.31714943051338196,-1.438554048538208,-0.05547275021672249,0.7779375523456471,0.5046406735640664,0,0
0.319591224193573,-1.4412881135940552,-0.05547275021672249,0.7193115685442194,0.5016604744169011,0,0
0.32203301787376404,-1.4440218210220337,-0.05547275021672249,0.7380599313728272,0.49041565687462696,0,0
0.3244747519493103,-1.4467557668685913,-0.05547275021672249,0.7317923807186817,0.4935447702341784,0,0
0.32691651582717896,-1.4494894742965698,-0.05547275021672249,0.7448356251607827,0.506779824227905,0,0
0.32935830950737,-1.4522234201431274,-0.05547275021672249,0.7333188610425956,0.504243980255184,0,0
0.33180007338523865,-1.4549572467803955,-0.05547257140278816,0.7434274580152956,0.506940515157601,0,0
0.3342418074607849,-1.457690954208374,-0.05547257140278816,0.7394518723520301,0.4966927110822674,0,0
0.33668363094329834,-1.4604244232177734,-0.05547257140278816,0.7570222971980513,0.4930051223861485,0,0
0.339125394821167,-1.463158369064331,-0.05547257140278816,0.7491845180619983,0.4956275009442662,0,0
0.34156718850135803,-1.4658920764923096,-0.05547257140278816,0.7251225805436315,0.48794317580874097,0,0
0.34400904178619385,-1.4686260223388672,-0.05547257140278816,0.6978370518713218,0.4998244329045227,0,0
0.3464508652687073,-1.4713597297668457,-0.05547257140278816,0.6969273211545179,0.5004455870846539,0,0
0.3488926589488983,-1.4740934371948242,-0.05547257140278816,0.7008473654924556,0.48759935141775157,0,0
0.35133451223373413,-1.4768273830413818,-0.05547257140278816,0.708948734733759,0.49221725298230945,0,0
0.35377636551856995,-1.47956120967865,-0.05547257140278816,0.6956550692783035,0.5132809229382038,0,0
0.3562181890010834,-1.4822951555252075,-0.05547257140278816,0.7154748914311717,0.5000166284037071,0,0
0.3586600422859192,-1.485028862953186,-0.05547257140278816,0.7072059208666687,0.48117618708827986,0,0
0.3611019253730774,-1.4877625703811646,-0.05547257140278816,0.7067962891204531,0.5139044419335524,0,0
0.363543838262558,-1.4904963970184326,-0.05547257140278816,0.6946287838468355,0.5166840344282869,0,0
0.3659857511520386,-1.4932299852371216,-0.05547257140278816,0.7149386034540216,0.5038639992502082,0,0
0.36842766404151917,-1.4959638118743896,-0.05547257140278816,0.6720197995899941,0.49021373327225815,0,0
0.37086954712867737,-1.4986975193023682,-0.05547257140278816,0.6489153146393529,0.4929319598364284,0,0
0.37331148982048035,-1.5014312267303467,-0.05547257140278816,0.6690031228131311,0.4959183773406391,0,0
0.3757534325122833,-1.5041651725769043,-0.05547257140278816,0.657403255086389,0.4910561404623814,0,0
0.3781953454017639,-1.5068987607955933,-0.05547257140278816,0.6454204810261643,0.49211815974091366,0,0
0.3806373178958893,-1.5096325874328613,-0.05547257140278816,0.6696818235286442,0.502593015194208,0,0
0.38307929039001465,-1.5123662948608398,-0.05547257140278816,0.6677113438252062,0.4948957433881571,0,0
0.38552126288414,-1.5151000022888184,-0.05547257140278816,0.6572370930019023,0.5076523403455643,0,0
0.387963205575943,-1.5178335905075073,-0.05547257140278816,0.6602457775334536,0.5086758619640668,0,0
0.39040520787239075,-1.5205670595169067,-0.05547257140278816,0.6501479661573045,0.49967393714355196,0,0
0.3928471803665161,-1.5233005285263062,-0.05547257140278816,0.6355130490049637,0.5034771938479603,0,0
0.39528918266296387,-1.5260342359542847,-0.05547257140278816,0.6122208333576805,0.5112201051439276,0,0
0.3977312743663788,-1.528767704963684,-0.05547257140278816,0.6342011163667708,0.4957027543310562,0,0
0.40017321705818176,-1.5315014123916626,-0.05547257140278816,0.6372158776581629,0.49488571098412865,0,0
0.40261533856391907,-1.534234881401062,-0.05547257140278816,0.6331220893604548,0.5021991161683983,0,0
0.4050574004650116,-1.5369683504104614,-0.05547257140278816,0.6253893434643528,0.48023194484391857,0,0
0.4074995219707489,-1.5397021770477295,-0.05547257140278816,0.6330784411369883,0.513809114890776,0,0
0.40994155406951904,-1.542435884475708,-0.05547257140278816,0.6262670602276911,0.4989277076668882,0,0
0.41238364577293396,-1.545169472694397,-0.05547257140278816,0.6198373099783449,0.4967940380579368,0,0
0.4148256480693817,-1.547903060913086,-0.05547257140278816,0.62597053274945,0.49396199963909987,0,0
0.4172677993774414,-1.5506365299224854,-0.05547257140278816,0.594303569743564,0.5162929297874701,0,0
0.41970983147621155,-1.5533701181411743,-0.05547257140278816,0.603750967880307,0.49696940365272463,0,0
0.42215195298194885,-1.5561034679412842,-0.05547257140278816,0.5976782863982719,0.49703317479058495,0,0
0.42459404468536377,-1.558836817741394,-0.05547257140278816,0.5921236641535815,0.4965592284132575,0,0
0.42703619599342346,-1.5615705251693726,-0.05547257140278816,0.5759905481420784,0.4934397737398806,0,0
0.42947831749916077,-1.5643041133880615,-0.05547257140278816,0.6098033797242408,0.48941351544779843,0,0
0.43192052841186523,-1.567037582397461,-0.05547257140278816,0.5944940051178745,0.49440444961934765,0,0
0.43436262011528015,-1.5697710514068604,-0.05547257140278816,0.5871372465710131,0.5042276995707424,0,0
0.436804860830307,-1.5725044012069702,-0.05547257140278816,0.5974015416447592,0.5008534620730628,0,0
0.4392470121383667,-1.5752378702163696,-0.05547257140278816,0.6073135274364083,0.4938043732489547,0,0
0.4416891634464264,-1.5779712200164795,-0.05547257140278816,0.559910764738603,0.4903155544066999,0,0
0.4441312849521637,-1.5807045698165894,-0.05547257140278816,0.5404191674043178,0.48202047899072886,0,0
0.44657352566719055,-1.5834382772445679,-0.05547257140278816,0.5606090082103772,0.49654556587280235,0,0
0.44901561737060547,-1.5861716270446777,-0.05547257140278816,0.5424980405026913,0.5093845524344929,0,0
0.4514578580856323,-1.588904857635498,-0.05547257140278816,0.5686901429295955,0.5014186867072854,0,0
0.45389994978904724,-1.591638207435608,-0.05547257140278816,0.5551019339748957,0.5010594602134723,0,0
0.45634225010871887,-1.5943714380264282,-0.05547257140278816,0.5506837516427122,0.49500080515513994,0,0
0.4587844908237457,-1.5971049070358276,-0.05547257140278816,0.5614926285148496,0.4777346050653692,0,0
0.4612267315387726,-1.599838376045227,-0.05547257140278816,0.5551922016293419,0.4980859574700811,0,0
0.4636690020561218,-1.602571725845337,-0.05547257140278816,0.5655839345923653,0.5033347782951582,0,0
0.46611127257347107,-1.6053050756454468,-0.05547257140278816,0.5122622724390484,0.504191483964355,0,0
0.4685535430908203,-1.608038306236267,-0.05547257140278816,0.5253507665807712,0.4932816431376441,0,0
0.47099581360816956,-1.6107715368270874,-0.05547257140278816,0.519037462417397,0.49509937700648293,0,0
0.4734381437301636,-1.6135051250457764,-0.05547257140278816,0.5055646533393132,0.503414653983355,0,0
0.4758804440498352,-1.6162384748458862,-0.05547257140278816,0.512896907082774,0.5119455932430033,0,0
0.4783228039741516,-1.618971824645996,-0.05547257140278816,0.5124169873442458,0.5113550013955223,0,0
0.48076507449150085,-1.6217052936553955,-0.05547257140278816,0.5030158131110644,0.49349144024296815,0,0
0.4832073748111725,-1.6244386434555054,-0.05547257140278816,0.521443941016795,0.5044173171254557,0,0
0.48564964532852173,-1.6271719932556152,-0.05547257140278816,0.5324824446770554,0.5031532681365425,0,0
0.48809200525283813,-1.629905343055725,-0.05547257140278816,0.5121189976728363,0.5024145123079131,0,0
0.49053436517715454,-1.6326384544372559,-0.05547257140278816,0.4769963819150417,0.49278826205855236,0,0
0.49297672510147095,-1.6353718042373657,-0.05547257140278816,0.47167515087840944,0.5063951779551362,0,0
0.49541911482810974,-1.6381051540374756,-0.05547257140278816,0.48601453713670595,0.493119187457678,0,0
0.49786147475242615,-1.640838384628296,-0.05547257140278816,0.4924004210533558,0.5065101389478012,0,0
0.5003038644790649,-1.6435717344284058,-0.05547257140278816,0.479041683514774,0.5297119447388946,0,0
0.5027461647987366,-1.6463048458099365,-0.05547257140278816,0.4707167321352724,0.4939235435121201,0,0
0.5051886439323425,-1.6490379571914673,-0.05547257140278816,0.4773675625988829,0.5013984893245981,0,0
0.5076310038566589,-1.6517715454101562,-0.05547257140278816,0.4980528530916574,0.48848404687084884,0,0
0.5100734829902649,-1.654504656791687,-0.05547257140278816,0.4778063453212924,0.5063836269195068,0,0
0.5125159025192261,-1.6572378873825073,-0.05547257140278816,0.48094710032254157,0.5138011259113167,0,0
0.5149585008621216,-1.6599715948104858,-0.05527881160378456,0.41865217915881076,0.49242533012217404,0,0
0.5174000859260559,-1.6627027988433838,-0.05478391796350479,0.4402235442533597,0.4947070496607187,0,0
0.5198375582695007,-1.66542649269104,-0.053928155452013016,0.44259332733442047,0.4923788648036333,0,0
0.5222655534744263,-1.6681320667266846,-0.05287865176796913,0.4572416091475659,0.5046514241364092,0,0
0.5246788859367371,-1.6708101034164429,-0.051559749990701675,0.4308203341324885,0.4882502299875471,0,0
0.5270702242851257,-1.6734501123428345,-0.049884673207998276,0.44863083416533023,0.48502559462403455,0,0
0.5294302105903625,-1.6760393381118774,-0.047793734818696976,0.44380830636063395,0.5126560499301517,0,0
0.5317498445510864,-1.6785639524459839,-0.045325957238674164,0.42799444254518293,0.4999783491338854,0,0
0.5340197682380676,-1.681011438369751,-0.04250650107860565,0.44969209916254554,0.5069294037260511,0,0
0.5362284183502197,-1.6833688020706177,-0.03926007077097893,0.441041778414284,0.5245204785090588,0,0
0.5383651852607727,-1.6856234073638916,-0.03579581528902054,0.3969160226204538,0.5016633986176755,0,0
0.5404197573661804,-1.687761664390564,-0.032126136124134064,0.4117909961241669,0.49188701136797175,0,0
0.5423806309700012,-1.6897732019424438,-0.02819403074681759,0.40505589634927075,0.4986577468418542,0,0
0.5442361235618591,-1.6916497945785522,-0.02390049397945404,0.421965613256095,0.5029918005508806,0,0
0.5459762215614319,-1.6933850049972534,-0.019311286509037018,0.41923360989515907,0.49929710830886864,0,0
0.5475940704345703,-1.6949763298034668,-0.014478563331067562,0.4214002724310796,0.5156786251587653,0,0
0.5490854382514954,-1.696424126625061,-0.00940683577209711,0.4115149522957583,0.506519990092935,0,0
0.5504491329193115,-1.6977320909500122,-0.004288058262318373,0.3992778264200147,0.48526557700928247,0,0
0.5516839027404785,-1.6989047527313232,0.0009525674977339804,0.4077917754368466,0.5109118927146513,0,0
0.5527898073196411,-1.699947714805603,0.006354543846100569,0.4304166353944818,0.5013409698706129,0,0
0.553769052028656,-1.7008674144744873,0.011762741953134537,0.383046815951942,0.5010061019988348,0,0
0.554623544216156,-1.7016714811325073,0.017066242173314095,0.38003468578952104,0.5025750968251438,0,0
0.555354654788971,-1.7023646831512451,0.02222421020269394,0.39645100823485085,0.4986211186153735,0,0
0.5559622049331665,-1.7029495239257812,0.027396773919463158,0.4048796883221809,0.5030917601261192,0,0
0.5564464330673218,-1.703428864479065,0.03248880058526993,0.38470456544458115,0.4944791104181442,0,0
0.5568071007728577,-1.70380437374115,0.03744414448738098,0.39498379198947964,0.5025147177469895,0,0
0.5570437908172607,-1.7040762901306152,0.04223283752799034,0.38346422861029694,0.5116408012230731,0,0
0.5571551322937012,-1.7042436599731445,0.04684581980109215,0.3938453331493193,0.49661809304988114,0,0
0.5571395754814148,-1.7043049335479736,0.05127072334289551,0.3913671104741237,0.5084103531069746,0,0
0.5569955706596375,-1.704257607460022,0.055511221289634705,0.3960804048827994,0.4995379111862566,0,0
0.5567218661308289,-1.7040988206863403,0.059563349932432175,0.3967582954218652,0.4831611340243108,0,0
0.5563176274299622,-1.7038265466690063,0.06362059712409973,0.4008369568533315,0.5170195434225238,0,0
0.5557839870452881,-1.7034411430358887,0.06760294735431671,0.37028663114073934,0.5005861239234063,0,0
0.5551237463951111,-1.7029448747634888,0.07147396355867386,0.3869395187200379,0.5005383760367691,0,0
0.554340660572052,-1.7023413181304932,0.07520855963230133,0.3831115352288487,0.5024861578654024,0,0
0.5534387826919556,-1.701634168624878,0.07879804074764252,0.38046472675961374,0.5130612320817172,0,0
0.5524223446846008,-1.7008270025253296,0.08224814385175705,0.39076629823750514,0.47868326663851113,0,0
0.5512958765029907,-1.6999231576919556,0.08555836975574493,0.3907347820008423,0.5011299040455576,0,0
0.5500631928443909,-1.6989264488220215,0.08872774988412857,0.39956252582108714,0.49516441192511906,0,0
0.5487284660339355,-1.6978397369384766,0.0917552188038826,0.39112018804140125,0.49973309150748835,0,0
0.5472959876060486,-1.6966664791107178,0.09482724964618683,0.390663231334683,0.4179340853869311,0,0
0.5457716584205627,-1.6954129934310913,0.09806258231401443,0.3943100331906629,0.4105177251156738,0,0
0.5442534685134888,-1.694164514541626,0.10129237174987793,0.40067489771045356,0.425573442598479,0,0
0.5426581501960754,-1.6928508281707764,0.10454089939594269,0.39248228062135104,0.3934128951803568,0,0
0.5409939885139465,-1.6914823055267334,0.10786888003349304,0.4147601461234944,0.4436796936376448,0,0
0.5392692685127258,-1.6900722980499268,0.11125752329826355,0.40182823969402065,0.4098233815168162,0,0
0.5374907851219177,-1.6886391639709473,0.11462759226560593,0.4014851949928803,0.42798300117538124,0,0
0.5356642007827759,-1.6872048377990723,0.11790131032466888,0.4296868010733296,0.42433906005985844,0,0
0.5337948799133301,-1.6857943534851074,0.12087391316890717,0.41022197056214627,0.3974732187109443,0,0
0.531891942024231,-1.6844303607940674,0.12364844232797623,0.41640731459436436,0.4213918533980247,1,1
0.5299647450447083,-1.6831316947937012,0.12635250389575958,0.43049689968855304,0.4075860620017605,0,0
0.5280212163925171,-1.6819137334823608,0.12903083860874176,0.42226818817959494,0.4057256579843721,0,0
0.5260661244392395,-1.6807900667190552,0.13164502382278442,0.4032680534576807,0.404501244211749,0,0
0.5241013169288635,-1.6797739267349243,0.13396555185317993,0.4409316423389526,0.3986230067880701,0,0
0.522129476070404,-1.6788759231567383,0.13606640696525574,0.43643109889194703,0.41699111857984544,0,0
0.520153284072876,-1.6781045198440552,0.1380133479833603,0.4396521413876693,0.40805322331404054,0,0
0.5181750059127808,-1.6774649620056152,0.1398509442806244,0.43741933018321333,0.4163073254737352,0,0
0.5161957144737244,-1.6769614219665527,0.1414135992527008,0.4355284985927419,0.3841450299771322,0,0
0.5142167806625366,-1.6765953302383423,0.14259971678256989,0.4111772027021702,0.3972762599247709,0,0
0.5122409462928772,-1.6763639450073242,0.14354459941387177,0.4108793792521459,0.4224811251414322,0,0
0.5102708339691162,-1.6762620210647583,0.14415019750595093,0.4712160566731713,0.4367470942512998,0,0
0.5083106160163879,-1.6762837171554565,0.14436744153499603,0.4551237691686768,0.4215287602468043,0,0
0.5063660144805908,-1.6764191389083862,0.14433544874191284,0.4412645364403869,0.4274086944404246,0,0
0.5044426918029785,-1.6766579151153564,0.1439269781112671,0.4579396181181554,0.4206397745220648,0,0
0.5025458931922913,-1.6769869327545166,0.14331568777561188,0.44040780422281406,0.43375214284980323,0,0
0.5006793141365051,-1.6773960590362549,0.1426202803850174,0.44886735506109793,0.4266633109559346,0,0
0.49884557723999023,-1.677877426147461,0.14169003069400787,0.4537697003297092,0.443082212597024,0,0
0.4970477521419525,-1.6784254312515259,0.1404404640197754,0.4506706013560177,0.4175984643519837,0,0
0.4952892065048218,-1.679032564163208,0.13882789015769958,0.46281966283958753,0.43415897556071464,0,0
0.49357330799102783,-1.6796904802322388,0.13684310019016266,0.45769404950535886,0.42705109282282155,0,0
0.4919032156467438,-1.6803900003433228,0.1348893791437149,0.44201077929521687,0.4820543456275741,0,0
0.490283727645874,-1.681120753288269,0.13322435319423676,0.4434771793318317,0.4921182572800376,0,0
0.4887212812900543,-1.681873083114624,0.13175351917743683,0.47089746825331386,0.46379844615300947,0,0
0.48722371459007263,-1.6826382875442505,0.13041165471076965,0.45527132778161494,0.4752577863392168,0,0
0.485798716545105,-1.6834088563919067,0.12915334105491638,0.4540691242015085,0.4705294223292402,0,0
0.4844527244567871,-1.6841778755187988,0.12796618044376373,0.45594569124923623,0.482866032898554,0,0
0.4831908047199249,-1.6849387884140015,0.12686392664909363,0.4519541432402417,0.46989456993140283,0,0
0.4820172190666199,-1.6856848001480103,0.1258542537689209,0.4667563193926112,0.4845174961588947,0,0
0.48093563318252563,-1.6864107847213745,0.12491240352392197,0.4578678040073555,0.4822729866347734,0,0
0.47994881868362427,-1.6871143579483032,0.12401624768972397,0.47046055354939514,0.4623630503800654,0,0
0.47905874252319336,-1.6877943277359009,0.12315480411052704,0.46750418457795817,0.6095354695966746,0,0
0.47826650738716125,-1.6884516477584839,0.12233678996562958,0.4624334825941272,0.6311835856494223,0,0
0.4775698781013489,-1.6890888214111328,0.12155909836292267,0.4684119299600129,0.6165628266057599,0,0
0.47696229815483093,-1.6897130012512207,0.12081309407949448,0.4679136951407311,0.6328808829601047,0,0
0.4764333665370941,-1.6903350353240967,0.12010509520769119,0.45457504962709944,0.6160362948500141,0,0
0.4759691655635834,-1.6909668445587158,0.11942677944898605,0.4547674170926911,0.65045456936788,0,0
0.47555163502693176,-1.6916217803955078,0.11877785623073578,0.48160496578141476,0.60952644125139,0,0
0.4751586318016052,-1.6923106908798218,0.11820171028375626,0.44173635969924435,0.6276123341205109,0,0
0.47476616501808167,-1.6930439472198486,0.1177249327301979,0.4537968928036309,0.6294736525874881,0,0
0.4743516743183136,-1.693831205368042,0.11731138825416565,0.4580038745561778,0.6236350375965836,0,0
0.4738967716693878,-1.694682240486145,0.11691110581159592,0.4639238621811116,0.5041135602569486,0,0
0.473387211561203,-1.6956084966659546,0.11651448160409927,0.4521653476126215,0.4917695252974036,0,0
0.47281238436698914,-1.6966224908828735,0.1161486953496933,0.4481876948587682,0.5110180718079194,0,0
0.47216475009918213,-1.6977338790893555,0.11582066863775253,0.4597344637249461,0.49955091670915897,0,0
0.4714384078979492,-1.6989502906799316,0.11550970375537872,0.45109577343384216,0.4904694531645694,0,0
0.47062888741493225,-1.7002748250961304,0.11520516127347946,0.4628194691542261,0.512494192554931,0,0
0.4697331190109253,-1.7017086744308472,0.11492190510034561,0.4644394693986376,0.4924771937829091,0,0
0.4687497913837433,-1.7032502889633179,0.11466553807258606,0.4528188947257707,0.5040221717912576,0,0
0.46767911314964294,-1.7048953771591187,0.11444373428821564,0.4554252639780222,0.5014555851002098,0,0
0.4665224552154541,-1.7066398859024048,0.11425579339265823,0.45010847169878515,0.48190496869315647,0,0
0.4652822017669678,-1.7084779739379883,0.11410219967365265,0.458388710488675,0.5111753346285929,0,0
0.4639624059200287,-1.7104030847549438,0.11398166418075562,0.4561092517961185,0.5092844183761324,0,0
0.46256810426712036,-1.7124093770980835,0.11388764530420303,0.4486903794894475,0.5092578209991583,0,0
0.46110472083091736,-1.714491367340088,0.11380382627248764,0.4552410959721804,0.5066674527108381,0,0
0.4595775902271271,-1.7166438102722168,0.11370828002691269,0.45924185168204845,0.4732166214407841,0,0
0.45799124240875244,-1.7188619375228882,0.11358445882797241,0.45228039302455086,0.4875537597312457,0,0
0.45634955167770386,-1.7211405038833618,0.11343671381473541,0.4586463648246367,0.49862236104909563,0,0
0.45465588569641113,-1.723474144935608,0.11329227685928345,0.4515053365307497,0.49478924391050555,0,0
0.4529135823249817,-1.7258564233779907,0.11317035555839539,0.46149944430124284,0.506425532533992,0,0
0.4511263370513916,-1.7282830476760864,0.11307398974895477,0.46358517399296933,0.49892381866693175,0,0
0.44929811358451843,-1.7307496070861816,0.11299803107976913,0.45227245552257506,0.49355263376036723,0,0
0.4474327862262726,-1.7332521677017212,0.11293117702007294,0.44030369476308157,0.5128086223525662,0,0
0.4455338418483734,-1.7357888221740723,0.11285781115293503,0.45420872534561085,0.5073172019431251,0,0
0.44360440969467163,-1.738356351852417,0.11276586353778839,0.4461940118067849,0.496687134589274,0,0
0.4416467249393463,-1.7409530878067017,0.1126554012298584,0.4399938426696839,0.4897612532653744,0,0
0.43966278433799744,-1.743576169013977,0.11254572868347168,0.47598923952943656,0.5096439425139729,0,0
0.4376544654369354,-1.746222972869873,0.11245208233594894,0.4576069731089634,0.5043591982530883,0,0
0.43562373518943787,-1.7488915920257568,0.11237647384405136,0.4576349471812238,0.49574615950299045,0,0
0.4335724711418152,-1.7515789270401,0.11231331527233124,0.44497293842952135,0.5033923566295868,0,0
0.43150240182876587,-1.754284143447876,0.11225533485412598,0.450489645805426,0.5027738502529915,0,0
0.42941534519195557,-1.7570058107376099,0.11219321191310883,0.45508094726184983,0.48964611185972,0,0
0.4273126423358917,-1.7597426176071167,0.11212015897035599,0.4402451552038407,0.4996403968493498,0,0
0.425195574760437,-1.7624934911727905,0.11203911900520325,0.4255318933801731,0.49103484263998703,0,0
0.42306482791900635,-1.765256404876709,0.11196241527795792,0.43542097037750127,0.49955843186365845,0,0
0.4209215044975281,-1.7680312395095825,0.11189665645360947,0.4391108709370368,0.4897725217357111,0,0
0.41876646876335144,-1.7708157300949097,0.11184139549732208,0.4438227691499591,0.49193180620285454,0,0
0.4166005551815033,-1.7736092805862427,0.11179309338331223,0.45277505597650397,0.5004222758258909,0,0
0.414424866437912,-1.776410698890686,0.11174728721380234,0.45467440818323906,0.5034276578268876,0,0
0.4122401177883148,-1.7792192697525024,0.11169876903295517,0.44525020398765097,0.5089406352689293,0,0
0.4100472033023834,-1.7820347547531128,0.11164466291666031,0.4308936141785906,0.5133925710670701,0,0
0.407846599817276,-1.7848560810089111,0.11158708482980728,0.49034338611056594,0.499758819420661,0,0
0.4056389331817627,-1.7876832485198975,0.11153164505958557,0.49970152678899526,0.4820503744788382,0,0
0.40342462062835693,-1.7905149459838867,0.11148399114608765,0.49704199020879575,0.5089525892482579,0,0
0.40120410919189453,-1.7933508157730103,0.11144235730171204,0.5040093424851362,0.4981248337756792,0,0
0.3989779055118561,-1.7961902618408203,0.11140505969524384,0.4964741155322244,0.49666133395473927,0,0
0.39674660563468933,-1.7990334033966064,0.11136994510889053,0.4732543045576146,0.49993900667893404,0,0
0.3945105969905853,-1.8018791675567627,0.11133498698472977,0.4977778490903332,0.48397391640525983,0,0
0.39227038621902466,-1.8047279119491577,0.11129680275917053,0.48317855198268966,0.4990714313401797,0,0
0.39002612233161926,-1.8075791597366333,0.11125703155994415,0.49811160780123875,0.505896004392928,0,0
0.3877783417701721,-1.8104320764541626,0.11122024804353714,0.5009474194741174,0.4939813255043095,0,0
0.38552701473236084,-1.8132869005203247,0.11118606477975845,0.47962383786959256,0.514858108739148,0,0
0.38327255845069885,-1.8161433935165405,0.11115580052137375,0.5074532346363468,0.4965607183771161,0,0
0.3810151219367981,-1.8190007209777832,0.11112764477729797,0.5006821326807172,0.48838566304741005,0,0
0.37875503301620483,-1.8218597173690796,0.11110161989927292,0.49241619412678034,0.5116984581326621,0,0
0.37649258971214294,-1.8247196674346924,0.1110764816403389,0.4952090609962187,0.4983111293306237,0,0
0.3742278814315796,-1.827580451965332,0.11105005443096161,0.503596785088462,0.497163552700295,0,0
0.37196117639541626,-1.8304420709609985,0.11102467030286789,0.5157604911573931,0.49409074319035673,0,0
0.36969247460365295,-1.8333044052124023,0.11099964380264282,0.49332390117863945,0.49522207352150516,0,0
0.3674219846725464,-1.8361672163009644,0.11097616702318192,0.49162599572073645,0.4941566864871454,0,0
0.3651497960090637,-1.8390307426452637,0.11095399409532547,0.5076396885106831,0.489107686420509,0,0
0.36287611722946167,-1.8418949842453003,0.1109347864985466,0.47847537732728973,0.5038568452491187,0,0
0.360601007938385,-1.844759225845337,0.11091462522745132,0.5102028421164598,0.5018039165668752,0,0
0.3583245873451233,-1.847623586654663,0.11089541018009186,0.487024599188229,0.49548342722534294,0,0
0.3560470938682556,-1.850488305091858,0.11087724566459656,0.4936606952333909,0.504638687425749,0,0
0.35376855731010437,-1.8533531427383423,0.11086156964302063,0.5132615488151561,0.5094910581175677,0,0
0.35148897767066956,-1.8562180995941162,0.1108459085226059,0.5052916160780522,0.501676680241364,0,0
0.3492085635662079,-1.8590831756591797,0.11083092540502548,0.503360120666989,0.49763092214918414,0,0
0.3469271659851074,-1.8619487285614014,0.11081669479608536,0.497970075652807,0.5259989337757451,0,0
0.34464502334594727,-1.8648139238357544,0.11080268025398254,0.4877027474627223,0.49783243001144484,0,0
0.3423621952533722,-1.867679238319397,0.11078832298517227,0.512423537405324,0.49301350280555795,0,0
0.3400787115097046,-1.8705443143844604,0.11077670007944107,0.5114306088234778,0.5014208133584295,0,0
0.33779460191726685,-1.873409390449524,0.11076398193836212,0.5013927339994949,0.5036658622132644,0,0
0.3355099856853485,-1.876274585723877,0.11075495183467865,0.4802214482786528,0.4765739927194903,0,0
0.3332248628139496,-1.8791396617889404,0.11074579507112503,0.5084128139264487,0.4959727226820114,0,0
0.33093929290771484,-1.882004737854004,0.11073687672615051,0.5021187736905969,0.49771639249428196,0,0
0.3286532163619995,-1.8848696947097778,0.11072833091020584,0.5023131342156395,0.4920000262778242,0,0
0.32636675238609314,-1.8877347707748413,0.11072001606225967,0.49877368133563765,0.4932502628610746,0,0
0.3240799009799957,-1.8905994892120361,0.11071169376373291,0.4965049851754809,0.47739772570234196,0,0
0.32179269194602966,-1.8934643268585205,0.1107030138373375,0.49363851503466266,0.5010080073823919,0,0
0.3195052146911621,-1.8963292837142944,0.11069385707378387,0.5008184482747335,0.5008919484197087,0,0
0.3172174394130707,-1.899193525314331,0.11068910360336304,0.5018110129969929,0.5009106967721932,0,0
0.31492942571640015,-1.9020580053329468,0.11068425327539444,0.48517303419659474,0.5116059049665855,0,0
0.3126411437988281,-1.904922366142273,0.110679492354393,0.5015961167194342,0.518694078519515,0,0
0.310352623462677,-1.9077866077423096,0.11067486554384232,0.5079996579984195,0.48495032801941307,0,0
0.3080638349056244,-1.9106504917144775,0.11067045480012894,0.5015710962156031,0.5094829903981964,0,0
0.30577486753463745,-1.9135143756866455,0.11066605895757675,0.48890655713567305,0.508434331005573,0,0
0.3034856915473938,-1.916378378868103,0.11066166311502457,0.5023132707217748,0.4962899298863078,0,0
0.3011963665485382,-1.9192421436309814,0.11065702140331268,0.49418791817931274,0.49927095200106253,0,0
0.2989068925380707,-1.9221057891845703,0.11065226048231125,0.5022025135375958,0.5216695717461066,0,0
0.2966172397136688,-1.9249694347381592,0.11064738780260086,0.5022681318461439,0.5051223354937295,0,0
0.2943274974822998,-1.9278327226638794,0.11064250022172928,0.5008142074937789,0.4981814632083898,0,0
0.29203709959983826,-1.9306964874267578,0.11063885688781738,0.4919744103134049,0.5033119765595536,0,0
0.28974977135658264,-1.933559536933899,0.11063874512910843,0.49654485387022423,0.49899860526163015,0,0
0.2874751091003418,-1.936421275138855,0.11064150184392929,0.4981935864242016,0.48536174491241085,0,0
0.28522804379463196,-1.9392808675765991,0.11064812541007996,0.49882904556325736,0.5013105884100606,0,0
0.28302666544914246,-1.9421367645263672,0.1106613352894783,0.4878243387141376,0.4962080058316337,0,0
0.28089165687561035,-1.9449899196624756,0.11068341135978699,0.5021817407918758,0.4990115094641034,0,0
0.27884724736213684,-1.9478421211242676,0.11071427911520004,0.4947350511630336,0.49874795487028917,0,0
0.27692076563835144,-1.950692057609558,0.11074894666671753,0.4935094238368512,0.4956382512038943,0,0
0.2751407325267792,-1.9535361528396606,0.11077912896871567,0.4699006275187349,0.5137338363443469,0,0
0.27353352308273315,-1.9563686847686768,0.11079922318458557,0.48468837804940973,0.5154005346783155,0,0
0.27211993932724,-1.959183931350708,0.11080975085496902,0.5079773406772972,0.5056901295300167,0,0
0.270914226770401,-1.9619777202606201,0.11081456393003464,0.5085801143724336,0.5105423091643605,0,0
0.2699252963066101,-1.964747428894043,0.1108175665140152,0.5120570329625302,0.49150576933232676,0,0
0.2691587507724762,-1.9674909114837646,0.11082088947296143,0.506082778783247,0.4960141201042427,0,0
0.26861771941185,-1.9702056646347046,0.11082399636507034,0.4866636011378437,0.5029331254004734,0,0
0.2683026194572449,-1.972890853881836,0.11082430928945541,0.5078299806785747,0.5031584593530624,0,0
0.2682105302810669,-1.9755454063415527,0.1108243390917778,0.4869553376748537,0.5006228900520485,0,0
0.2683357298374176,-1.9781700372695923,0.11082366853952408,0.481865078483362,0.5147065029607073,0,0
0.26867011189460754,-1.9807649850845337,0.11082273721694946,0.4994722680197047,0.5098723340763223,0,0
0.2692040205001831,-1.9833309650421143,0.1108221635222435,0.49845696055593225,0.49984738460540795,0,0
0.269927054643631,-1.9858678579330444,0.11082199215888977,0.48040311389987445,0.4905126935813998,0,0
0.2708284258842468,-1.9883766174316406,0.11082152277231216,0.49022648588769874,0.4981510884631141,0,0
0.2718972861766815,-1.9908591508865356,0.11081939935684204,0.48502610954635655,0.5005731749345266,0,0
0.27312228083610535,-1.9933205842971802,0.11081506311893463,0.5103603645845963,0.5032737906260886,0,0
0.27449214458465576,-1.9957653284072876,0.11080875247716904,0.50418682942615,0.5056095484008389,0,0
0.2759956121444702,-1.9981975555419922,0.11080189794301987,0.48977956693547425,0.4911595078532636,0,0
0.2776213586330414,-2.000617742538452,0.11079584807157516,0.4981114562440076,0.5040661498971001,0,0
0.2793583571910858,-2.003026247024536,0.1107916608452797,0.4925657500271831,0.5099836901788164,0,0
0.28119680285453796,-2.0054216384887695,0.11078914254903793,0.49013749080834035,0.5023460422407423,0,0
0.2831282317638397,-2.007803201675415,0.11078745126724243,0.5069347908587539,0.5037618866674032,0,0
0.28514495491981506,-2.010171890258789,0.11078594624996185,0.49913548821006615,0.4946020156913126,0,0
0.28723952174186707,-2.012528896331787,0.11078406125307083,0.4929962233821647,0.501445945687618,0,0
0.28940457105636597,-2.0148770809173584,0.11078187078237534,0.4946179234896053,0.4846125459982513,0,0
0.2916334569454193,-2.0172178745269775,0.11077972501516342,0.49240828442754225,0.4960548603152508,0,0
0.29391995072364807,-2.0195517539978027,0.11077798902988434,0.4943607866617802,0.5121282707945415,0,0
0.2962585985660553,-2.0218796730041504,0.11077678948640823,0.4840078515445867,0.5069772667572635,0,0
0.2986446022987366,-2.024200439453125,0.11077631264925003,0.5041271675895278,0.5117949708300401,0,0
0.30107393860816956,-2.0265140533447266,0.11077627539634705,0.5029691020632893,0.5149770268214418,0,0
0.30354300141334534,-2.0288209915161133,0.11077644675970078,0.5164065329848548,0.49097482969319906,0,0
0.3060482144355774,-2.0311219692230225,0.11077652871608734,0.49418966739003095,0.496438286168709,0,0
0.3085862100124359,-2.0334184169769287,0.11077635735273361,0.5054362420581577,0.4920452106724001,0,0
0.3111538887023926,-2.0357110500335693,0.11077604442834854,0.4838741097262808,0.48899039187559334,0,0
0.3137485086917877,-2.0380001068115234,0.1107758954167366,0.4871832570311344,0.5043847410647634,0,0
0.31636756658554077,-2.0402865409851074,0.11077596992254257,0.4963715327145463,0.4837419051874476,0,0
0.31900903582572937,-2.0425703525543213,0.11077628284692764,0.5004694817648413,0.49205160254797614,0,0
0.3216709792613983,-2.0448505878448486,0.11077698320150375,0.501671918229205,0.4995435608307282,0,0
0.3243516683578491,-2.047128677368164,0.11077770590782166,0.5149077678494179,0.5115965039432673,0,0
0.3270494043827057,-2.049405097961426,0.11077823489904404,0.4938793161977887,0.5125737977089926,0,0
0.3297625482082367,-2.051680564880371,0.1107785701751709,0.4931460322067018,0.4869005136497479,0,0
0.33248966932296753,-2.053954839706421,0.11077871918678284,0.5089869935606585,0.5232438865190927,0,0
0.33522945642471313,-2.0562286376953125,0.1107790395617485,0.5031069599332151,0.4984672401371867,0,0
0.3379807472229004,-2.058502674102783,0.11077946424484253,0.5148087095500599,0.49330277321876403,0,0
0.3407425582408905,-2.0607762336730957,0.11078009009361267,0.489719312047202,0.4994060893797977,0,0
0.34351396560668945,-2.063049077987671,0.11078096926212311,0.50110111817148,0.5018640124154761,0,0
0.346294105052948,-2.0653223991394043,0.11078193783760071,0.5006104856901724,0.513205654240621,0,0
0.34908217191696167,-2.0675954818725586,0.11078280210494995,0.5106972327656631,0.5010988653054124,0,0
0.3518774211406708,-2.069868564605713,0.11078345775604248,0.5113495619383196,0.517142580818255,0,0
0.35467907786369324,-2.0721426010131836,0.11078394949436188,0.48858263744831837,0.4921478533979852,0,0
0.3574866056442261,-2.0744166374206543,0.11078433692455292,0.49781955343708906,0.5083997467265741,0,0
0.36029937863349915,-2.076691150665283,0.1107848510146141,0.5232283869753949,0.4889523783706831,0,0
0.36311691999435425,-2.0789666175842285,0.11078548431396484,0.49743220001660465,0.5105745085814082,0,0
0.3659389615058899,-2.081242561340332,0.11078628152608871,0.5109602310834392,0.49216733283068165,0,0
0.3687649071216583,-2.0835187435150146,0.11078722029924393,0.49861668023148303,0.5187757063292019,0,0
0.37159445881843567,-2.0857954025268555,0.11078806221485138,0.49857794556772367,0.4958593287572757,0,0
0.37442731857299805,-2.0880727767944336,0.11078877747058868,0.4944914286848933,0.5166119137717308,0,0
0.3772631287574768,-2.09035062789917,0.11078927665948868,0.5106098595574633,0.5120368483471295,0,0
0.38010159134864807,-2.0926289558410645,0.11078975349664688,0.49998770173985746,0.4900966800205707,0,0
0.38294243812561035,-2.094907760620117,0.11079024523496628,0.5105445107919577,0.5011352922274824,0,0
0.38578546047210693,-2.0971875190734863,0.11079086363315582,0.49604560760686445,0.5118899016820828,0,0
0.3886304795742035,-2.0994675159454346,0.11079153418540955,0.49748302699944674,0.49641447503179076,0,0
0.3914773166179657,-2.101747989654541,0.11079217493534088,0.5071825780778493,0.5027766296778207,0,0
0.39432576298713684,-2.1040287017822266,0.11079282313585281,0.5084458670132123,0.4995853389940047,0,0
0.39717572927474976,-2.1063101291656494,0.11079335957765579,0.4976350573003102,0.5018054236122407,0,0
0.40002697706222534,-2.1085922718048096,0.11079377681016922,0.5088313615200726,0.5016582241417115,0,0
0.402879536151886,-2.110874652862549,0.11079420894384384,0.47630675674514544,0.48154344069335203,0,0
0.40573304891586304,-2.113157272338867,0.11079452186822891,0.506930451884892,0.4927051117491615,0,0
0.4085876941680908,-2.115440845489502,0.11079484224319458,0.4930081090005798,0.5148081689950481,0,0
0.41144323348999023,-2.1177241802215576,0.1107952892780304,0.5035408875838877,0.4911612998651006,0,0
0.41429954767227173,-2.1200084686279297,0.11079584807157516,0.5055852848839505,0.49002554719490066,0,0
0.41715672612190247,-2.1222925186157227,0.11079640686511993,0.493174256674285,0.4932213162430181,0,0
0.4200146496295929,-2.124577522277832,0.11079686135053635,0.4982651951478233,0.5041926753633063,0,0
0.4228731393814087,-2.1268625259399414,0.11079730838537216,0.4999657604399885,0.48724756912371103,0,0
0.42573222517967224,-2.129148006439209,0.11079750955104828,0.4904699428273647,0.5045059149970675,0,0
0.4285917580127716,-2.1314337253570557,0.11079785227775574,0.49622789219904356,0.5072373092225338,0,0
0.43145179748535156,-2.1337196826934814,0.110798180103302,0.5210453802173701,0.5117374538326762,0,0
0.43431228399276733,-2.1360056400299072,0.11079854518175125,0.5070408204717671,0.5205616941934417,0,0
0.43717312812805176,-2.1382923126220703,0.11079900711774826,0.49307682757002386,0.4929630418963595,0,0
0.44003432989120483,-2.1405787467956543,0.11079946160316467,0.5065643292432557,0.5019957029895576,0,0
0.4428958594799042,-2.1428654193878174,0.11079991608858109,0.4871779870775636,0.4922560010332641,0,0
0.44575756788253784,-2.1451525688171387,0.11080014705657959,0.5010411016836085,0.5168038000676647,0,0
0.44861963391304016,-2.147440195083618,0.1108003705739975,0.5059518216451335,0.501355985724221,0,0
0.45148172974586487,-2.1497278213500977,0.110800601541996,0.5088534048436244,0.49095614766316603,0,0
0.4543440341949463,-2.1520156860351562,0.11080082505941391,0.4961472829467076,0.5199336220539652,0,0
0.4572066068649292,-2.1543033123016357,0.11080114543437958,0.501599047179685,0.5083707883351736,0,0
0.4600692391395569,-2.1565911769866943,0.11080148816108704,0.5156093152712246,0.5038325071243314,0,0
0.4629320204257965,-2.158879280090332,0.11080196499824524,0.4832319945722348,0.5042175257130478,0,0
0.46579480171203613,-2.161167621612549,0.11080242693424225,0.4908489019903477,0.49795782384494136,0,0
0.46865782141685486,-2.1634559631347656,0.11080242693424225,0.49360596217815167,0.5042362416045345,0,0
0.4715207815170288,-2.1657440662384033,0.11080242693424225,0.5073649906202536,0.5203489243558502,0,0
0.4743838608264923,-2.16803240776062,0.11080242693424225,0.4803153198035365,0.49482510419458386,0,0
0.477247029542923,-2.170321226119995,0.11080242693424225,0.4934181104567621,0.5086319338654522,0,0
0.48011016845703125,-2.17261004447937,0.11080242693424225,0.49217680498526717,0.5013270048817009,0,0
0.48297348618507385,-2.174898862838745,0.11080242693424225,0.5081580332817002,0.4922147473160205,0,0
0.485836923122406,-2.177187919616699,0.11080242693424225,0.4943093952671832,0.5005162804056359,0,0
0.48870036005973816,-2.1794769763946533,0.11080242693424225,0.5044065475483389,0.5028776089721512,0,0
0.49156391620635986,-2.1817665100097656,0.11080242693424225,0.5070017385717757,0.49663003197842404,0,0
0.49442756175994873,-2.184055805206299,0.11080242693424225,0.48583771351304966,0.5030893174296849,0,0
0.4972912669181824,-2.186345100402832,0.11080242693424225,0.5039500700322417,0.4909652786824557,0,0
0.5001550316810608,-2.1886346340179443,0.11080242693424225,0.516795175657321,0.5030362849852531,0,0
0.503018856048584,-2.1909239292144775,0.11080242693424225,0.5131026383385605,0.4847639883772202,0,0
0.5058826804161072,-2.19321346282959,0.11080242693424225,0.49342566217928746,0.5009169119905083,0,0
0.5087467432022095,-2.1955034732818604,0.11080242693424225,0.5097373701966676,0.5063881438540566,0,0
0.5116108059883118,-2.19779372215271,0.11080276221036911,0.47905507643859946,0.501328340162983,0,0
0.5144749283790588,-2.2000834941864014,0.11080299317836761,0.4927957780301349,0.4773562447864943,0,0
0.5173391103744507,-2.202373504638672,0.11080322414636612,0.5146954956692373,0.5089822080522359,0,0
0.5202032327651978,-2.2046639919281006,0.11080345511436462,0.4989641579539896,0.4970834811455867,0,0
0.5230673551559448,-2.2069544792175293,0.11080345511436462,0.48275898408996126,0.5041322764815825,0,0
0.5259314775466919,-2.209244728088379,0.11080345511436462,0.5076397711405767,0.4885218886354767,0,0
0.5287956595420837,-2.2115349769592285,0.11080345511436462,0.50869450791454,0.49964575415417384,0,0
0.5316598415374756,-2.213824987411499,0.11080345511436462,0.5058570620000262,0.5039483064980779,0,0
0.5345239043235779,-2.2161149978637695,0.11080345511436462,0.501047252155754,0.4761232083376342,0,0
0.5373879671096802,-2.2184057235717773,0.11080345511436462,0.5105904431531212,0.5132069601497795,0,0
0.5402520895004272,-2.220696449279785,0.11080345511436462,0.49843490974906174,0.4889025457412181,0,0
0.5431161522865295,-2.222987174987793,0.11080345511436462,0.5166106627491017,0.4921179798582837,0,0
0.5459802150726318,-2.2252776622772217,0.11080345511436462,0.503180984894516,0.5070003065596327,0,0
0.5488443374633789,-2.2275679111480713,0.11080345511436462,0.49345402958730517,0.4978179834891663,0,0
0.5517085194587708,-2.2298583984375,0.11080345511436462,0.5052986319747689,0.5024932738881293,0,0
0.5545727014541626,-2.232149362564087,0.11080345511436462,0.48450263025165086,0.4992602155588647,0,0
0.5574368238449097,-2.234440326690674,0.11080345511436462,0.4932417900796721,0.502462532809272,0,0
0.5603010058403015,-2.2367312908172607,0.11080345511436462,0.5100842381130698,0.4970327644982146,0,0
0.5631651878356934,-2.2390222549438477,0.11080345511436462,0.4876012850693834,0.4898043308323361,0,0
0.5660293698310852,-2.2413129806518555,0.11080345511436462,0.49797793362398135,0.5091145896642103,0,0
0.568893551826477,-2.243603229522705,0.11080345511436462,0.5054658881147246,0.48790370520977366,0,0
0.5717576146125793,-2.245894432067871,0.11080345511436462,0.5163190188059504,0.5167446438773445,0,0
0.5746216773986816,-2.248185396194458,0.11080345511436462,0.49583277348244764,0.4921430641440789,0,0
0.5774857997894287,-2.250476360321045,0.11080345511436462,0.496503268723746,0.4963461107380338,0,0
0.5803499221801758,-2.252767324447632,0.11080345511436462,0.5039093212222681,0.487667520321267,0,0
0.5832139849662781,-2.2550582885742188,0.11080345511436462,0.4898889961699682,0.5006040011512017,0,0
0.5860781073570251,-2.2573492527008057,0.11080345511436462,0.4977830383911692,0.5082508171036825,0,0
0.5889421701431274,-2.2596404552459717,0.11080345511436462,0.49584323628598154,0.5145407496543329,0,0
0.5918062329292297,-2.261931896209717,0.11080345511436462,0.49330772298814085,0.5108397606661305,0,0
0.594670295715332,-2.264223337173462,0.11080345511436462,0.4928578528129283,0.507030038855089,0,0
0.5975342988967896,-2.266514539718628,0.11080345511436462,0.4970915445765929,0.49976366821339785,0,0
0.6003983616828918,-2.268805742263794,0.11080345511436462,0.4914103507385347,0.5021571578865875,0,0
0.6032624840736389,-2.271097183227539,0.11080345511436462,0.49347884766606953,0.5084557757709057,0,0
0.6061265468597412,-2.273388624191284,0.11080345511436462,0.49159854023827176,0.519448379559172,0,0
0.6089906096458435,-2.2756800651550293,0.11080345511436462,0.5097967305152303,0.4840514474553841,0,0
0.6118546724319458,-2.2779715061187744,0.11080345511436462,0.49666821313462656,0.4965514009681013,0,0
0.6147187352180481,-2.2802629470825195,0.11080345511436462,0.506380403809724,0.49253703197658527,0,0
0.6175827383995056,-2.2825543880462646,0.11080345511436462,0.5109729604944168,0.49707783546457207,0,0
0.6204468011856079,-2.2848458290100098,0.11080345511436462,0.5080013462692392,0.5029438095129004,0,0
0.6233108043670654,-2.287137269973755,0.11080345511436462,0.49114438529650467,0.49627041896875446,0,0
0.626174807548523,-2.289428949356079,0.11080345511436462,0.4815909054419609,0.4792739536425561,0,0
0.6290388703346252,-2.2917208671569824,0.11080345511436462,0.4890937864471365,0.4946359473904262,0,0
0.6319029331207275,-2.2940125465393066,0.11080367863178253,0.4885962033476839,0.4972900483280048,0,0
0.6347669959068298,-2.296304225921631,0.11080367863178253,0.504463144160977,0.4936550133780216,0,0
0.6376310586929321,-2.298595905303955,0.11080367863178253,0.5124451674569267,0.4904368855563248,0,0
0.6404950022697449,-2.3008878231048584,0.11080367863178253,0.5185263243691146,0.4933657757151244,0,0
0.6433589458465576,-2.3031795024871826,0.11080367863178253,0.4977712226132239,0.5053067345167194,0,0
0.6462229490280151,-2.305471181869507,0.11080367863178253,0.5155112672038503,0.5055236256052995,0,0
0.6490868926048279,-2.307762861251831,0.11080367863178253,0.5108074668973845,0.49520491997571303,0,0
0.6519508361816406,-2.3100545406341553,0.11080367863178253,0.5107660588768446,0.4944509123256368,0,0
0.6548147201538086,-2.3123462200164795,0.11080367863178253,0.5028423225563694,0.4862557036291796,0,0
0.6576787233352661,-2.314638137817383,0.11080367863178253,0.49074946286585436,0.5059644321923655,0,0
0.6605426669120789,-2.3169302940368652,0.11080367863178253,0.49647298350440583,0.49256160124075826,0,0
0.6634066104888916,-2.3192224502563477,0.11080367863178253,0.5000230760808724,0.5048690979787218,0,0
0.6662704348564148,-2.321514368057251,0.11080367863178253,0.509026797361651,0.5014860246702922,0,0
0.6691343188285828,-2.323806047439575,0.11080367863178253,0.5058434921367475,0.4974442923976822,0,0
0.671998143196106,-2.3260977268218994,0.11080367863178253,0.5086069051126414,0.4938294136884747,0,0
0.6748620271682739,-2.3283891677856445,0.11080367863178253,0.5026502501613456,0.48857259825584676,0,0
0.6777258515357971,-2.3306806087493896,0.11080367863178253,0.48659525325445496,0.49934689120992465,0,0
0.6805896162986755,-2.3329720497131348,0.11080367863178253,0.5027574490990622,0.5032528908222147,0,0
0.6834535002708435,-2.335263729095459,0.11080367863178253,0.4945552998903699,0.4955317682467116,0,0
0.6863173246383667,-2.337555170059204,0.11080367863178253,0.49799021956369616,0.5065777092382866,0,0
0.6891811490058899,-2.339846611022949,0.11080367863178253,0.4845318541588594,0.5137178555942425,0,0
0.6920449137687683,-2.3421380519866943,0.11080367863178253,0.48636445111096527,0.5109049479010833,0,0
0.694908618927002,-2.3444294929504395,0.11080367863178253,0.4936767732337917,0.49846941729484723,0,0
0.6977723836898804,-2.3467209339141846,0.11080367863178253,0.5153201603345963,0.4999096890849742,0,0
0.7006361484527588,-2.3490123748779297,0.11080367863178253,0.49859737181831754,0.4940830173610522,0,0
0.7034999132156372,-2.351304054260254,0.11080367863178253,0.5063621219308915,0.4920451989501467,0,0
0.7063635587692261,-2.3535959720611572,0.11080367863178253,0.5057469148224429,0.511892843165657,0,0
0.7092272043228149,-2.3558878898620605,0.11080367863178253,0.48244301311563687,0.5014959041693816,0,0
0.7120909690856934,-2.358180046081543,0.11080367863178253,0.5032889288008554,0.511626510145696,0,0
0.7149547338485718,-2.3604722023010254,0.11080367863178253,0.49592007189697035,0.4968106486850591,0,0
0.7178182005882263,-2.362764358520508,0.11080367863178253,0.5157484580543689,0.5017043499218894,0,0
0.72068190574646,-2.3650565147399902,0.11080367863178253,0.5118505612071848,0.492169285511826,0,0
0.7235455513000488,-2.3673486709594727,0.11080367863178253,0.5002353299929315,0.5164355559844768,0,0
0.7264091372489929,-2.369640588760376,0.11080367863178253,0.5020250950377932,0.5098049479385273,0,0
0.7292727828025818,-2.3719325065612793,0.11080367863178253,0.5013721334560003,0.49490112079776477,0,0
0.7321363091468811,-2.3742244243621826,0.11080367863178253,0.49621661647625553,0.49793570466100573,0,0
0.73499995470047,-2.376516580581665,0.11080367863178253,0.49563113481470944,0.4944705333330378,0,0
0.7378635406494141,-2.3788087368011475,0.11080367863178253,0.49559913857229915,0.490120244643229,0,0
0.7407270669937134,-2.38110089302063,0.11080367863178253,0.5034716723302699,0.4978735575195728,0,0
0.7435905933380127,-2.3833932876586914,0.11080367863178253,0.4702545172838531,0.5040739947539831,0,0
0.746454119682312,-2.385685682296753,0.11080367863178253,0.5137274808326998,0.5022548786829931,0,0
0.7493177056312561,-2.3879778385162354,0.11080367863178253,0.5027490840397645,0.4946441445589959,0,0
0.7521811723709106,-2.390270233154297,0.11080367863178253,0.4842849887978242,0.5027616090672562,0,0
0.7550446391105652,-2.3925626277923584,0.11080367863178253,0.48812246280314303,0.4938181672160089,0,0
0.7579082250595093,-2.39485502243042,0.11080367863178253,0.5127156269996251,0.5014147511615179,0,0
0.760771632194519,-2.3971469402313232,0.11080367863178253,0.49257379339506624,0.48826277697594367,0,0
0.7636350989341736,-2.3994390964508057,0.11080367863178253,0.49166184027786203,0.4987633645884283,0,0
0.7664985060691833,-2.401731491088867,0.11080367863178253,0.5065737360336222,0.49496725567191735,0,0
0.7693620324134827,-2.4040238857269287,0.11080390959978104,0.49280549363715853,0.5142453227178653,0,0
0.772225558757782,-2.4063162803649902,0.11080390959978104,0.5066712619085221,0.49317690577187706,0,0
0.7750890254974365,-2.4086086750030518,0.11080390959978104,0.49960163933726004,0.5171151843490258,0,0
0.7779525518417358,-2.410900831222534,0.11080390959978104,0.5002057025509248,0.49134966764384774,0,0
0.7808160781860352,-2.4131929874420166,0.11080390959978104,0.5009530986038544,0.4915281139314656,0,0
0.7836794257164001,-2.4154856204986572,0.11080390959978104,0.5190658965375238,0.5221673190069541,0,0
0.7865426540374756,-2.4177780151367188,0.11080390959978104,0.5134344154067282,0.49833181289434303,0,0
0.7894060611724854,-2.4200706481933594,0.11080390959978104,0.5048519015249169,0.49363053666849865,0,0
0.7922694087028503,-2.422363042831421,0.11080390959978104,0.4982409835705306,0.49684518209398176,0,0
0.795132577419281,-2.4246554374694824,0.11080390959978104,0.48800115877886757,0.49539494905503056,0,0
0.7979960441589355,-2.426947593688965,0.11080390959978104,0.5251960274922903,0.49863342297738833,0,0
0.8008593320846558,-2.4292399883270264,0.11080390959978104,0.49814741539508084,0.4963260996007713,0,0
0.8037225008010864,-2.431532144546509,0.11080390959978104,0.5056402788297495,0.4916750750174908,0,0
0.8065857887268066,-2.433824062347412,0.11080390959978104,0.4987200556381491,0.5022153598707568,0,0
0.8094490766525269,-2.4361162185668945,0.11080390959978104,0.49990613637014114,0.4913500585014387,0,0
0.8123122453689575,-2.438408374786377,0.11080390959978104,0.4970573642082951,0.5215207872795182,0,0
0.8151754140853882,-2.4407007694244385,0.11080390959978104,0.49065403157427767,0.48679752828441736,0,0
0.8180385828018188,-2.442992925643921,0.11080390959978104,0.4807548368740671,0.4955477707140916,0,0
0.82090163230896,-2.4452850818634033,0.11080390959978104,0.5062208700084444,0.48317265376321644,0,0
0.8237648010253906,-2.4475769996643066,0.11080390959978104,0.5130809699792274,0.5189215679653516,0,0
0.8266278505325317,-2.44986891746521,0.11080390959978104,0.4807056144692823,0.5070476693950223,0,0
0.8294909596443176,-2.452160596847534,0.11080390959978104,0.5065194157748593,0.4927931858064795,0,0
0.8323540687561035,-2.4544527530670166,0.11080390959978104,0.49482662624965873,0.4955948758763489,0,0
0.8352169990539551,-2.456745147705078,0.11080390959978104,0.5015017506032737,0.5034656798788514,0,0
0.8380800485610962,-2.4590373039245605,0.11080390959978104,0.5107909239355549,0.48574468318545955,0,0
0.8409430384635925,-2.461329460144043,0.11080390959978104,0.4997455466643762,0.48540160376131164,0,0
0.8438060879707336,-2.4636216163635254,0.11080390959978104,0.49313920539796735,0.5159832744621081,0,0
0.8466690182685852,-2.465913772583008,0.11080390959978104,0.508570327750196,0.4955871721097973,0,0
0.8495320081710815,-2.4682059288024902,0.11080390959978104,0.5083953845281823,0.48086224351153756,0,0
0.8523950576782227,-2.4704980850219727,0.11080390959978104,0.49243907259844166,0.5066682016090867,0,0
0.8552579879760742,-2.472790241241455,0.11080390959978104,0.4967856959884991,0.5034941644195464,0,0
0.858120858669281,-2.4750823974609375,0.11080390959978104,0.4932596356172538,0.49109184791690913,0,0
0.8609838485717773,-2.477374315261841,0.11080390959978104,0.4990334517831721,0.4993866277929418,0,0
0.8638466596603394,-2.479665994644165,0.11080390959978104,0.48699425909363825,0.49666702886218134,0,0
0.8667096495628357,-2.4819579124450684,0.11080390959978104,0.5047502428718872,0.5082823833031104,0,0
0.8695725202560425,-2.4842498302459717,0.11080390959978104,0.5073317079083248,0.4927810763092955,0,0
0.8724353909492493,-2.486541986465454,0.11080390959978104,0.4691987820805066,0.5068016331829971,0,0
0.8752982020378113,-2.4888341426849365,0.11080390959978104,0.5162607767714206,0.49168415879297,0,0
0.8781610131263733,-2.491126298904419,0.11080390959978104,0.49433249420006464,0.492193058692454,0,0
0.8810239434242249,-2.4934182167053223,0.11080390959978104,0.48762147007683265,0.5046988371678902,0,0
0.8838866949081421,-2.4957101345062256,0.11080390959978104,0.4914023931890222,0.5101888571743217,0,0
0.8867495656013489,-2.498002052307129,0.11080390959978104,0.5026913468377683,0.4913692864691875,0,0
0.8896122574806213,-2.500293731689453,0.11080390959978104,0.5127144560684335,0.5228142740201887,0,0
0.8924751877784729,-2.5025856494903564,0.11080390959978104,0.49158080218045314,0.5108543053531889,0,0
0.8953378200531006,-2.5048773288726807,0.11080390959978104,0.4956983325077418,0.5087472860424556,0,0
0.8982004523277283,-2.507169008255005,0.11080390959978104,0.49660796476024044,0.502425027791491,0,0
0.9010631442070007,-2.509460926055908,0.11080390959978104,0.49558053968368776,0.48967550978921864,0,0
0.903925895690918,-2.5117528438568115,0.11080390959978104,0.4934566665379034,0.48532262168752477,0,0
0.9067885279655457,-2.514044761657715,0.11080390959978104,0.48957581337560147,0.48473240490993547,0,0
0.9096511602401733,-2.5163369178771973,0.11080390959978104,0.5038824071844012,0.4941057903793743,0,0
0.9125139117240906,-2.5186290740966797,0.11080390959978104,0.4994556312479554,0.5032466882101205,0,0
0.9153766632080078,-2.520921230316162,0.11080390959978104,0.5163501580308557,0.507566684460273,0,0
0.9182392358779907,-2.5232131481170654,0.11080390959978104,0.5229436269200679,0.495426418832521,0,0
0.9211017489433289,-2.5255050659179688,0.11080390959978104,0.5191873194852857,0.496614318337683,0,0
0.9239642024040222,-2.527796983718872,0.11080390959978104,0.49937421044957087,0.49993851708230685,0,0
0.9268268346786499,-2.5300889015197754,0.11080390959978104,0.48237677133529344,0.4961228537605467,0,0
0.9296892881393433,-2.5323808193206787,0.11080390959978104,0.5092554690066455,0.5017327990525062,0,0
0.9325518012046814,-2.534672737121582,0.11080390959978104,0.48922686406626426,0.5065662368148627,0,0
0.9354142546653748,-2.5369646549224854,0.11080390959978104,0.510154109115776,0.5071246295384506,0,0
0.9382767677307129,-2.5392568111419678,0.11080390959978104,0.5097193041344149,0.5012735660656388,0,0
0.941139280796051,-2.541548728942871,0.11080390959978104,0.4946529015629366,0.4912631145415993,0,0
0.9440016150474548,-2.543840169906616,0.11080390959978104,0.48603775866127436,0.5185275630458315,0,0
0.9468640685081482,-2.5461316108703613,0.11080390959978104,0.4850963221067244,0.4993564984066023,0,0
0.9497264623641968,-2.5484230518341064,0.11080390959978104,0.5233055027679471,0.48241427300908396,0,0
0.9525889754295349,-2.5507144927978516,0.11080390959978104,0.49988573417319215,0.5061890901092501,0,0
0.9554513692855835,-2.5530059337615967,0.11080390959978104,0.483769052024125,0.5093049810017894,0,0
0.9583136439323425,-2.555297374725342,0.11080390959978104,0.506955088988057,0.4975284645918484,0,0
0.9611760973930359,-2.557588815689087,0.11080390959978104,0.5115866908020614,0.4950824123384185,0,0
0.9640384316444397,-2.559880256652832,0.11080390959978104,0.5006081161189349,0.5094587177967985,0,0
0.9669008851051331,-2.5621719360351562,0.11080390959978104,0.49402032872064855,0.5075631720159097,0,0
0.9697633385658264,-2.5644631385803223,0.11080390959978104,0.5063763349259467,0.5130405566444775,0,0
0.9726256728172302,-2.5667545795440674,0.11080390959978104,0.5020754940423438,0.5037341925232335,0,0
0.9754880666732788,-2.5690460205078125,0.11080390959978104,0.48714822700928073,0.5035537229981216,0,0
0.9783503413200378,-2.5713376998901367,0.11080390959978104,0.4924949030789111,0.5042500657784607,0,0
0.9812126755714417,-2.5736289024353027,0.11080390959978104,0.4751589079392748,0.5066594704231858,0,0
0.9840750098228455,-2.575920581817627,0.11080390959978104,0.48458309411350686,0.5044500809820465,0,0
0.9869372248649597,-2.578211784362793,0.11080390959978104,0.4769669967677805,0.48644005703080073,0,0
0.9897994995117188,-2.580503463745117,0.11080390959978104,0.5067196534339256,0.5025040613255529,0,0
0.9926616549491882,-2.5827949047088623,0.11080390959978104,0.49979972623754876,0.48526957564595435,0,0
0.9955239295959473,-2.5850863456726074,0.11080390959978104,0.516537022635182,0.48827145956003853,0,0
0.9983862042427063,-2.5873777866363525,0.11080390959978104,0.5101314138163769,0.49315657189899387,0,0
1.0012482404708862,-2.5896692276000977,0.11080390959978104,0.48539862358587044,0.48588366299882285,0,0
1.00411057472229,-2.591960906982422,0.11080390959978104,0.4952670883848884,0.5047592446114556,0,0
1.0069727897644043,-2.594252109527588,0.11080390959978104,0.48966599134829647,0.4820838331587771,0,0
1.0098350048065186,-2.596543788909912,0.11080390959978104,0.5022912830034433,0.47898069251849973,0,0
1.0126972198486328,-2.598834991455078,0.11080390959978104,0.5025054418820725,0.4852790123495006,0,0
1.015559196472168,-2.6011266708374023,0.11080390959978104,0.5023097557056376,0.4967450219420309,0,0
1.0184211730957031,-2.6034178733825684,0.11080390959978104,0.49341455311467697,0.5210986111846749,0,0
1.0212831497192383,-2.6057095527648926,0.11080390959978104,0.5127527297896258,0.5167575998689878,0,0
1.024145245552063,-2.6080009937286377,0.11080390959978104,0.4942292350635448,0.4933216710769791,0,0
1.0270073413848877,-2.610292434692383,0.11080390959978104,0.5031020343987762,0.510591970296009,0,0
1.029869556427002,-2.612584114074707,0.11080390959978104,0.5159836244039405,0.5013690004688507,0,0
1.0327316522598267,-2.614875316619873,0.11080390959978104,0.49356080997363055,0.4898107159733389,0,0
1.0355936288833618,-2.6171669960021973,0.11080390959978104,0.4989745621772516,0.47348657510270814,0,0
1.0384557247161865,-2.6194581985473633,0.11080390959978104,0.5140647583569609,0.4983258062500191,0,0
1.0413175821304321,-2.6217498779296875,0.11080390959978104,0.5083189165408275,0.5041451741087634,0,0
1.0441794395446777,-2.6240410804748535,0.11080390959978104,0.495848794725903,0.49029615974945456,0,0
1.0470412969589233,-2.6263327598571777,0.11080390959978104,0.4974615929111043,0.4859370561036131,0,0
1.049903392791748,-2.628624200820923,0.11080390959978104,0.5070416007346553,0.5112285125455212,0,0
1.0527654886245728,-2.630915880203247,0.11080390959978104,0.5123581336843369,0.49757735144327964,0,0
1.055627465248108,-2.633207082748413,0.11080390959978104,0.5080708209607248,0.5084225892378688,0,0
1.058489441871643,-2.6354987621307373,0.11080390959978104,0.5027999616757404,0.5023729207225386,0,0
1.0613514184951782,-2.6377899646759033,0.11080390959978104,0.4983579898230027,0.49004074765334366,0,0
1.0642133951187134,-2.6400816440582275,0.11080390959978104,0.5063069935928257,0.5064394610762084,0,0
1.067075252532959,-2.6423728466033936,0.11080390959978104,0.5054535805110121,0.4864288089432676,0,0
1.0699371099472046,-2.6446645259857178,0.11080390959978104,0.4952669507150029,0.500110044051081,0,0
1.0727989673614502,-2.646955966949463,0.11080390959978104,0.5140261011233218,0.500605589909643,0,0
1.0756608247756958,-2.649247169494629,0.11080390959978104,0.5025017126373221,0.5076047287668545,0,0
1.0785226821899414,-2.651538372039795,0.11080390959978104,0.5056171294205831,0.5042484124290755,0,0
1.081384539604187,-2.653830051422119,0.11080390959978104,0.5035910454964447,0.5077528061255806,0,0
1.0842463970184326,-2.656121253967285,0.11080390959978104,0.5119751883891489,0.5008291979844407,0,0
1.0871082544326782,-2.6584126949310303,0.11080390959978104,0.5219681401569585,0.5094094719696282,0,0
1.0899701118469238,-2.6607041358947754,0.11080390959978104,0.48841544832380207,0.49408962442948656,0,0
1.0928319692611694,-2.6629955768585205,0.11080390959978104,0.5273819093030502,0.4853607694368524,0,0
1.095693826675415,-2.6652870178222656,0.11080390959978104,0.5051415858503532,0.5017405789272379,0,0
1.098555564880371,-2.6675784587860107,0.11080390959978104,0.4941557372630504,0.5106633287054871,0,0
1.1014173030853271,-2.669869899749756,0.11080390959978104,0.520950012985496,0.511932854181493,0,0
1.1042790412902832,-2.67216157913208,0.11080390959978104,0.5065169587736156,0.48180751751613027,0,0
1.1071407794952393,-2.6744532585144043,0.11080390959978104,0.514867448784449,0.4843803517074579,0,0
1.1100025177001953,-2.6767444610595703,0.11080390959978104,0.510150145882344,0.5072466646088434,0,0
1.1128642559051514,-2.6790361404418945,0.11080390959978104,0.5259393464284725,0.4914095411724658,0,0
1.1157259941101074,-2.6813273429870605,0.11080390959978104,0.4805331529711091,0.5036976976420459,0,0
1.1185877323150635,-2.6836187839508057,0.11080390959978104,0.47957857007302807,0.4932414201945436,0,0
1.1214494705200195,-2.685910224914551,0.11080390959978104,0.48854276254547346,0.5183289154878759,0,0
1.1243112087249756,-2.688201665878296,0.11080390959978104,0.5034026384990152,0.51287711345369,0,0
1.127172827720642,-2.690493106842041,0.11080390959978104,0.4852504188208764,0.4889261293555636,0,0
1.1300344467163086,-2.6927847862243652,0.11080390959978104,0.5091310782679824,0.5006896972708622,0,0
1.132896065711975,-2.6950764656066895,0.11080390959978104,0.5015877922911409,0.4987795922303588,0,0
1.1357576847076416,-2.6973676681518555,0.11080390959978104,0.49637899333694124,0.5060632296952631,0,0
1.138619303703308,-2.6996593475341797,0.11080390959978104,0.4916495830938263,0.49768569160678056,0,0
1.1414809226989746,-2.7019505500793457,0.11080390959978104,0.48592802587753553,0.49737438877029094,0,0
1.1443425416946411,-2.704241991043091,0.11080390959978104,0.4895808398169129,0.5057675670932662,0,0
1.1472041606903076,-2.706533432006836,0.11080390959978104,0.4990100225246414,0.47775787601818454,0,0
1.1500657796859741,-2.708824872970581,0.11080390959978104,0.5042331123497888,0.5081622707196332,0,0
1.1529273986816406,-2.711116313934326,0.11080390959978104,0.5133154011570799,0.5013633503417267,0,0
1.1557890176773071,-2.7134079933166504,0.11080390959978104,0.4960713169480947,0.5030591728212199,0,0
1.158650517463684,-2.7156994342803955,0.11080390959978104,0.5085844968307993,0.4962040681022395,0,0
1.161512017250061,-2.7179911136627197,0.11080390959978104,0.494768674360117,0.5014416365950891,0,0
1.164373517036438,-2.7202823162078857,0.11080390959978104,0.5002764735358931,0.4866916351286306,0,0
1.167235016822815,-2.722573757171631,0.11080390959978104,0.48410307546573117,0.4979397918796912,0,0
1.170096516609192,-2.724865198135376,0.11080390959978104,0.5104365818563186,0.49919737339324005,0,0
1.1729580163955688,-2.727156639099121,0.11080390959978104,0.5066947836292497,0.4873006168856426,0,0
1.1758195161819458,-2.729448080062866,0.11080390959978104,0.5089762944698507,0.4931686372481743,0,0
1.1786810159683228,-2.7317395210266113,0.11080390959978104,0.5023275650626084,0.5093419468637335,0,0
1.1815425157546997,-2.7340312004089355,0.11080390959978104,0.4908033109777547,0.4909309858533688,0,0
1.1844040155410767,-2.7363226413726807,0.11080390959978104,0.5097564758761053,0.5007240509549971,0,0
1.1872655153274536,-2.738614320755005,0.11080390959978104,0.506172735346446,0.4900013529303714,0,0
1.1901270151138306,-2.740905523300171,0.11080390959978104,0.4911601019552192,0.5111171368523183,0,0
1.192988395690918,-2.743196964263916,0.11080390959978104,0.4953857504456101,0.48727646529385665,0,0
1.1958497762680054,-2.745488405227661,0.11080390959978104,0.5025694552248823,0.5023480287087205,0,0
1.1987111568450928,-2.747779607772827,0.11080390959978104,0.49773042197674755,0.5284364977846878,0,0
1.2015725374221802,-2.750070810317993,0.11080390959978104,0.48884732215704085,0.49107672650999135,0,0
1.2044339179992676,-2.752362012863159,0.11080390959978104,0.5004763452111846,0.49483521344770975,0,0
1.207295298576355,-2.7546534538269043,0.11080390959978104,0.49786959228569744,0.5024552227242101,0,0
1.2101566791534424,-2.7569448947906494,0.11080390959978104,0.49217638219117454,0.5073718169503292,0,0
1.2130180597305298,-2.7592363357543945,0.11080390959978104,0.4863006028955802,0.5035615678807994,0,0
1.2158794403076172,-2.7615277767181396,0.11080390959978104,0.4956737682241307,0.50026980895957,0,0
1.2187408208847046,-2.7638189792633057,0.11080390959978104,0.5021039819287233,0.5097656471545562,0,0
1.221602201461792,-2.7661101818084717,0.11080390959978104,0.5199373918360626,0.4982231341542319,0,0
1.2244635820388794,-2.768401622772217,0.11080390959978104,0.49394708830101053,0.5024551696928131,0,0
1.2273248434066772,-2.770693063735962,0.11080390959978104,0.5086730975216665,0.507040585996534,0,0
1.230186104774475,-2.772984504699707,0.11080390959978104,0.4962805317272307,0.5070471371233053,0,0
1.233047366142273,-2.775275945663452,0.11080390959978104,0.5144328827033375,0.5051188825306041,0,0
1.2359086275100708,-2.7775673866271973,0.11080390959978104,0.4772310949935746,0.4878234506475336,0,0
1.2387698888778687,-2.7798588275909424,0.11080390959978104,0.5006636121417868,0.5059014718230676,0,0
1.2416311502456665,-2.7821502685546875,0.11080390959978104,0.4958833100458818,0.48731837484892043,0,0
1.2444924116134644,-2.7844414710998535,0.11080390959978104,0.5059023766105567,0.4881170927896925,0,0
1.2473536729812622,-2.7867326736450195,0.11080390959978104,0.4986578925769939,0.49636613657863876,0,0
1.25021493434906,-2.7890241146087646,0.11080390959978104,0.5064581600725474,0.4816256181685882,0,0
1.253076195716858,-2.7913153171539307,0.11080390959978104,0.5026706477654376,0.4916029864029419,0,0
1.2559374570846558,-2.7936065196990967,0.11080390959978104,0.4963989869793446,0.48429838704087974,0,0
1.2587987184524536,-2.7958977222442627,0.11080390959978104,0.49447575475819683,0.4997832462201219,0,0
1.2616599798202515,-2.7981889247894287,0.11080390959978104,0.5267677705890158,0.48703242935858637,0,0
1.2645211219787598,-2.800480365753174,0.11080390959978104,0.4763334320950351,0.5034637570777782,0,0
