state_xs,state_ys,state_yaws,state_lasers1,state_lasers2,laser_values1,laser_values2
-3.4604045140440576e-07,6.24940366122928e-09,0.7853980660438538,0.48457920540158067,0.5010577642235564,0,0
1.453851268706785e-06,1.8654152000863178e-08,0.785400390625,0.5080377226089869,0.5150672704143164,0,0
1.1944424841203727e-05,-3.8966817328400793e-07,0.7854067087173462,0.5023881586799176,0.5117981135695717,0,0
4.186663863947615e-05,-2.67879340754007e-06,0.7854195237159729,0.4890616308736341,0.48831618074707206,0,0
0.00010536902846070006,-8.531603270967025e-06,0.7854453921318054,0.5134431676620317,0.4936701906291567,0,0
0.00021895584359299392,-1.8226450265501626e-05,0.7854890823364258,0.5194498064330456,0.5146189259481442,0,0
0.00040076172444969416,-2.980818499054294e-05,0.7855477929115295,0.4911946361839859,0.49779271106143463,0,0
0.0006693738978356123,-3.975774234277196e-05,0.7856144905090332,0.4926334041310273,0.49296990289050574,0,0
0.0010423519415780902,-4.472669024835341e-05,0.785680890083313,0.4911572602658697,0.5020255039551613,0,0
0.001535314484499395,-4.309208452468738e-05,0.7857387065887451,0.4982884484873434,0.48903713198632515,0,0
0.0021618478931486607,-3.5724922781810164e-05,0.7857840061187744,0.5306378225536975,0.4954850884733442,0,0
0.0029332893900573254,-2.549265445850324e-05,0.7858191728591919,0.48786755679246613,0.5041193894371392,0,0
0.0038579232059419155,-1.5477644410566427e-05,0.785845935344696,0.4971387816577344,0.5047291326437462,0,0
0.004940765909850597,-7.5445277616381645e-06,0.785866916179657,0.4928841526844884,0.5065051924991231,0,0
0.006184303667396307,-2.206137196480995e-06,0.7858795523643494,0.4849135997609881,0.4780936767826347,0,0
0.007589033339172602,8.666341386742715e-07,0.7858805656433105,0.49619028869033127,0.5096050565681215,0,0
0.009153245016932487,2.2636268113274127e-06,0.7858738899230957,0.48602332140772764,0.5048279633938914,0,0
0.010873207822442055,2.7206756385567132e-06,0.785862147808075,0.5090405023472864,0.4923160886666339,0,0
0.012743517756462097,3.4644392599147977e-06,0.7858472466468811,0.49782607153813485,0.5132631623317666,0,0
0.014757557772099972,6.227914127521217e-06,0.785830020904541,0.5083208065139475,0.47759182202044015,0,0
0.01690800115466118,1.2597995919350069e-05,0.7858081459999084,0.5025623675019044,0.50590975469405,0,0
0.019187074154615402,2.311467869731132e-05,0.7857785820960999,0.4973186924753424,0.4930164489070085,0,0
0.021586384624242783,3.6692443245556206e-05,0.7857446670532227,0.4982891335713237,0.49777771622140743,0,0
0.024097194895148277,5.094178777653724e-05,0.7857133746147156,0.5080240644672104,0.49073595628425887,0,0
0.02671114355325699,6.348731403704733e-05,0.785690188407898,0.49806862731084967,0.49456544740806496,0,0
0.02942037768661976,7.308065687539056e-05,0.7856748700141907,0.5112678887533417,0.5132652444069311,0,0
0.03221718221902847,8.011410682229325e-05,0.7856655716896057,0.513222806146348,0.49537969781142077,0,0
0.03509388118982315,8.635576523374766e-05,0.785659909248352,0.5025743770323827,0.5080846547834539,0,0
0.03804340213537216,9.371110354550183e-05,0.7856544256210327,0.501940950171368,0.4835808482047297,0,0
0.041059453040361404,0.00010316132829757407,0.7856473326683044,0.4803689970425094,0.49955802667780996,0,0
0.04413599520921707,0.00011431745951995254,0.7856400609016418,0.4950821263518696,0.4907428047658754,0,0
0.04726725444197655,0.0001257129479199648,0.7856338024139404,0.48424684415351005,0.5085933386588894,0,0
0.05044811591506004,0.00013580553059000522,0.7856308221817017,0.50713134816613,0.49091447927613224,0,0
0.05367419496178627,0.0001437654864275828,0.7856306433677673,0.5092531672233641,0.4969716588104052,0,0
0.05694139003753662,0.0001497456105425954,0.7856342196464539,0.49218473079104386,0.49425211517747775,0,0
0.06024575233459473,0.0001547066931379959,0.785637378692627,0.5153923463520712,0.5130866353850951,0,0
0.06358381360769272,0.00015972692926879972,0.7856409549713135,0.5012063145322083,0.5070456507857033,0,0
0.06695260107517242,0.00016540600336156785,0.7856435775756836,0.5110063107327412,0.5094319038906518,0,0
0.07034934312105179,0.00017168540216516703,0.7856464982032776,0.49442139043843814,0.4988718955464468,0,0
0.07377137988805771,0.00017794567975215614,0.7856497764587402,0.48831208035101187,0.5016736608000242,0,0
0.07721635699272156,0.00018351388280279934,0.7856529951095581,0.499588587933352,0.5046533336351101,0,0
0.08068227022886276,0.00018801998521666974,0.7856578230857849,0.4919763298840645,0.48815610570799584,0,0
0.0841672420501709,0.0001915509346872568,0.7856646776199341,0.49387093192987863,0.5068069426782696,0,0
0.0876694768667221,0.00019456485460978001,0.785670280456543,0.4993030191770683,0.5022890207312762,0,0
0.09118738025426865,0.00019756918482016772,0.785674512386322,0.5034353185141787,0.5007623287186768,0,0
0.09471960365772247,0.00020084722200408578,0.7856786847114563,0.49287275188007373,0.4933116603338448,0,0
0.09826484322547913,0.00020437731291167438,0.7856830954551697,0.5034340805559357,0.4907796067694377,0,0
0.10182186216115952,0.00020787803805433214,0.7856873273849487,0.5228632167182271,0.5047329901468196,0,0
0.10538957267999649,0.00021103127801325172,0.7856919169425964,0.48871852713765157,0.4910951606869928,0,0
0.10896700620651245,0.00021366764849517494,0.785697340965271,0.49967569287755015,0.5028470919212127,0,0
0.11255321651697159,0.0002158356219297275,0.7857025861740112,0.5175386616045545,0.502371770808932,0,0
0.11614740639925003,0.00021775657660327852,0.7857081294059753,0.4987144660125545,0.4948138056570609,0,0
0.11974877119064331,0.00021967728389427066,0.7857128381729126,0.5012209011228969,0.49407975742887833,0,0
0.1233566552400589,0.00022174148762132972,0.7857175469398499,0.5142590831388993,0.5025956428826553,0,0
0.12697045505046844,0.0002239359891973436,0.7857232093811035,0.499160633656366,0.5062774760968959,0,0
0.1305895745754242,0.00022612109023611993,0.7857280373573303,0.4954853598320449,0.4942412590395872,0,0
0.13421346247196198,0.00022815115517005324,0.7857329249382019,0.5155159632888726,0.49939047777040824,0,0
0.13784168660640717,0.0002299437765032053,0.7857377529144287,0.49578108462530407,0.5007146525258964,0,0
0.14147384464740753,0.00023152161156758666,0.7857427597045898,0.5050571138749462,0.494436553482235,0,0
0.14510950446128845,0.0002329916605958715,0.7857478260993958,0.5155859446585229,0.5198932162443153,0,0
0.14874833822250366,0.00023446451814379543,0.7857517004013062,0.5085172824586264,0.49545697638762093,0,0
0.1523900330066681,0.00023600610438734293,0.78575599193573,0.47484436108967515,0.5064919570141563,0,0
0.15603429079055786,0.00023761032207403332,0.7857608795166016,0.49641589545245624,0.500062769449922,0,0
0.15968090295791626,0.00023921696993056685,0.7857651114463806,0.5068751400293788,0.49365468084429676,0,0
0.1633295863866806,0.00024075954570434988,0.7857691645622253,0.5185578515409238,0.49517965620229715,0,0
0.16698019206523895,0.00024220529303420335,0.7857734560966492,0.48474968561516946,0.5195970772498059,0,0
0.1706325113773346,0.00024356697394978255,0.7857785820960999,0.5021216205521333,0.49077319615407716,0,0
0.17428633570671082,0.00024489330826327205,0.7857828140258789,0.5014724309217384,0.4863800757225906,0,0
0.17794150114059448,0.00024623755598440766,0.7857869267463684,0.5036166432953881,0.4906267071710529,0,0
0.18159788846969604,0.0002476245572324842,0.7857911586761475,0.49958132380987175,0.48531980531487173,0,0
0.18525537848472595,0.0002490530605427921,0.7857955098152161,0.4905841432554997,0.4897767490486175,0,0
0.18891380727291107,0.00025049273972399533,0.7857987284660339,0.5060601920129276,0.48481412313345235,0,0
0.1925731748342514,0.0002519176050554961,0.7858021259307861,0.5187063508664806,0.5026685664137417,0,0
0.196233332157135,0.0002533116494305432,0.7858055830001831,0.524893584182548,0.4890847390512669,0,0
0.19989416003227234,0.00025467711384408176,0.7858088612556458,0.5133035088259608,0.5119530398085076,0,0
0.20355567336082458,0.0002560339926276356,0.7858123183250427,0.5089202097129224,0.47622507231638,0,0
0.2072177529335022,0.00025740268756635487,0.7858139872550964,0.4907660678208007,0.49596992296176173,0,0
0.2108803540468216,0.000258792337263003,0.7858173847198486,0.5002996399347016,0.49054151007777463,0,0
0.214543417096138,0.0002601997402962297,0.7858206629753113,0.5144522861252986,0.5074966601591531,0,0
0.21820694208145142,0.00026161360437981784,0.785824179649353,0.493292806441741,0.5117294055013113,0,0
0.22187083959579468,0.00026302013429813087,0.7858276963233948,0.5017774591204454,0.4974548744983901,0,0
0.2255350649356842,0.0002644164196681231,0.7858293056488037,0.5129536280779559,0.5028700036391883,0,0
0.2291996031999588,0.0002658009761944413,0.7858309745788574,0.5079195489889197,0.49067221623940205,0,0
0.23286445438861847,0.000267182505922392,0.7858327627182007,0.5039055570614208,0.4984236281129278,0,0
0.23652960360050201,0.00026856831391341984,0.7858344316482544,0.4940548723974371,0.49952721279022283,0,0
0.24019496142864227,0.00026996037922799587,0.7858361005783081,0.5111752367758807,0.4899898649647376,0,0
0.24386057257652283,0.00027136041899211705,0.785837709903717,0.48910136645459684,0.49703890276328944,0,0
0.2475263625383377,0.0002727591199800372,0.7858395576477051,0.4979337456058073,0.49308880812128547,0,0
0.2511923015117645,0.0002741542411968112,0.785841166973114,0.5047090923216951,0.48773957375104354,0,0
0.25485846400260925,0.0002755419409368187,0.7858428359031677,0.49417659474801534,0.48526159041979083,0,0
0.25852465629577637,0.000276928796665743,0.7858446836471558,0.4984510844321533,0.49578608138454183,0,0
0.2621910274028778,0.00027831995976157486,0.7858462929725647,0.4987030509209052,0.4879480004859569,0,0
0.2658574879169464,0.00027972334646619856,0.7858479619026184,0.5021390047450727,0.4942544627625896,0,0
0.2695240080356598,0.00028114134329371154,0.7858479619026184,0.49127754542521807,0.49941220294665384,0,0
0.27319061756134033,0.0002825738920364529,0.7858479619026184,0.49142289266278993,0.49009545904396606,0,0
0.27685728669166565,0.0002840224769897759,0.7858479619026184,0.5239703550066167,0.5064778862702581,0,0
0.28052401542663574,0.0002854848571587354,0.7858479619026184,0.4996206557642748,0.4964102853278184,0,0
0.2841908037662506,0.0002869628951884806,0.7858479619026184,0.48992633593185037,0.46917236979406934,0,0
0.28785765171051025,0.0002884550776798278,0.7858479619026184,0.5026281897817441,0.5038756563056768,0,0
0.29152458906173706,0.0002899611135944724,0.7858479619026184,0.5016113768845925,0.5049627692889475,0,0
0.29519158601760864,0.00029148359317332506,0.7858479619026184,0.49600199734836925,0.5210292983118733,0,0
0.298858642578125,0.0002930190530605614,0.7858479619026184,0.4752384190851003,0.503533032572733,0,0
0.3025257885456085,0.0002945702290162444,0.7858479619026184,0.4998099905590074,0.502329342899474,0,0
0.30619296431541443,0.00029613435617648065,0.7858479619026184,0.4959820663351775,0.49302945374453544,0,0
0.3098601996898651,0.0002977140247821808,0.7858479619026184,0.4741639544554826,0.5089785864442516,0,0
0.31352749466896057,0.0002993072266690433,0.7858479619026184,0.5086363258458793,0.49165322872430456,0,0
0.3171948194503784,0.0003009151841979474,0.7858479619026184,0.5080010598041226,0.5234519893021504,0,0
0.3208622932434082,0.0003025364421773702,0.7858479619026184,0.512551861572202,0.49026404646919325,0,0
0.32452982664108276,0.00030417321249842644,0.7858479619026184,0.501674752584623,0.5086346417000063,0,0
0.3281973898410797,0.0003058224101550877,0.7858479619026184,0.5023375531752438,0.5132247815755241,0,0
0.33186501264572144,0.00030748647986911237,0.7858479619026184,0.4976481675006426,0.5037222896138532,0,0
0.3355327248573303,0.0003091648395638913,0.7858479619026184,0.5090409038665237,0.49783995673018155,0,0
0.3392004668712616,0.0003108559176325798,0.7858479619026184,0.5014698249545808,0.48279212196541854,0,0
0.34286826848983765,0.0003125620714854449,0.7858479619026184,0.49299046170562477,0.49211099828584254,0,0
0.34653612971305847,0.00031428103102371097,0.78584885597229,0.5174063049851246,0.5004777985290746,0,0
0.3502039611339569,0.0003160191990900785,0.78584885597229,0.5019681619275388,0.49775047059654454,0,0
0.3538719117641449,0.00031777340336702764,0.78584885597229,0.5047715827005634,0.4836615416846049,0,0
0.35753992199897766,0.0003195463214069605,0.7858495712280273,0.5114030217574038,0.4822872105049538,0,0
0.36120790243148804,0.0003213302115909755,0.7858505845069885,0.5039021672591314,0.5102041512666867,0,0
0.3648758828639984,0.00032311573158949614,0.7858505845069885,0.5058383039949876,0.4884314271054093,0,0
0.3685438334941864,0.0003249051223974675,0.7858505845069885,0.4990514102862509,0.4860971549639733,0,0
0.37221184372901917,0.0003266966959927231,0.7858505845069885,0.4936672347774893,0.48633780424569406,0,0
0.37587976455688477,0.0003284896956756711,0.7858505845069885,0.5082007852202497,0.5134339495717692,0,0
0.37954771518707275,0.0003302858385723084,0.7858505845069885,0.5091104979534739,0.5004931739731555,0,0
0.3832157552242279,0.0003320843097753823,0.7858505845069885,0.48660931766451515,0.49027750486589156,0,0
0.3868837356567383,0.0003338864480610937,0.7858505845069885,0.516253814278446,0.5105514937136416,0,0
0.3905516564846039,0.0003356903907842934,0.7858505845069885,0.4971345831504338,0.4863394438910874,0,0
0.3942195475101471,0.00033749782596714795,0.7858505845069885,0.4958397434885579,0.4969278083963917,0,0
0.3978874981403351,0.0003393072111066431,0.7858505845069885,0.5209030190198074,0.5021582357630959,0,0
0.4015553891658783,0.00034111886634491384,0.7858505845069885,0.5037430536441958,0.4908498361326319,0,0
0.4052232503890991,0.00034293270437046885,0.7858505845069885,0.4906424458288578,0.5172105416824988,0,0
0.40889114141464233,0.00034475058782845736,0.7858505845069885,0.5126115911970609,0.49190905903822824,0,0
0.41255900263786316,0.0003465702757239342,0.7858505845069885,0.4922445586954195,0.4913529888828852,0,0
0.41622692346572876,0.0003483919717837125,0.7858505845069885,0.49363120372769786,0.5016643923921801,0,0
0.4198947846889496,0.0003502178587950766,0.7858505845069885,0.4947990338859838,0.5018404409262668,0,0
0.4235626459121704,0.00035204371670261025,0.7858505845069885,0.5087734966380236,0.5054817308120769,0,0
0.42723050713539124,0.0003538736782502383,0.7858505845069885,0.4940444791339016,0.5020238407362339,0,0
0.43089836835861206,0.0003557057643774897,0.7858505845069885,0.5110048470354811,0.5072603005599409,0,0
0.4345661997795105,0.00035754169221036136,0.7858505845069885,0.5011875836771191,0.4989007181280241,0,0
0.4382340610027313,0.0003593778528738767,0.7858505845069885,0.4990181702310273,0.516388923035243,0,0
0.4419018626213074,0.00036121709854342043,0.7858505845069885,0.5098429532182236,0.5037625441399127,0,0
0.4455696642398834,0.00036305925459600985,0.7858505845069885,0.4934058354443948,0.49155656253470154,0,0
0.44923752546310425,0.00036490309867076576,0.7858505845069885,0.49869215512709736,0.5119244534148238,0,0
0.4529053568840027,0.00036675154115073383,0.7858505845069885,0.5125883986748807,0.5060260203469592,0,0
0.45657309889793396,0.0003685996634885669,0.7858505845069885,0.49607550583850774,0.5072412127543366,0,0
0.4602408707141876,0.0003704517730511725,0.7858505845069885,0.4885105670211558,0.4929944021465038,0,0
0.46390867233276367,0.00037230405723676085,0.7858505845069885,0.4935215606460068,0.4931589560728876,0,0
0.46757641434669495,0.00037416195846162736,0.7858505845069885,0.5091835912874196,0.5028055545117733,0,0
0.471244215965271,0.0003760205872822553,0.7858505845069885,0.5082444836344814,0.5043522803017236,0,0
0.47491195797920227,0.0003778809623327106,0.7858505845069885,0.4992771731463138,0.49457349450893645,0,0
0.4785797595977783,0.00037974558654241264,0.7858505845069885,0.5106708229397334,0.5118952055269679,0,0
0.482247531414032,0.0003816110547631979,0.7858505845069885,0.5030127376583405,0.5253068300085713,0,0
0.48591527342796326,0.00038347876397892833,0.7858505845069885,0.5006087491404073,0.5104200719572767,0,0
0.4895830452442169,0.0003853493253700435,0.7858505845069885,0.4923184796151973,0.5043528770151473,0,0
0.4932508170604706,0.00038722233148291707,0.7858505845069885,0.4906495770709751,0.5140695227536597,0,0
0.49691852927207947,0.0003890976950060576,0.7858505845069885,0.5004476090429162,0.5103872062404367,0,0
0.5005862712860107,0.00039097556145861745,0.7858505845069885,0.4973437547964843,0.5080261945262158,0,0
0.5042539834976196,0.00039285619277507067,0.7858505845069885,0.5211683898968631,0.4986223258519451,0,0
0.5079216957092285,0.00039473711512982845,0.7858505845069885,0.519002453124498,0.498321486241997,0,0
0.5115894079208374,0.00039662205381318927,0.7858505845069885,0.5007410623752543,0.49277795440059735,0,0
0.5152571201324463,0.0003985079238191247,0.7858505845069885,0.5212729280933046,0.5116580508556636,0,0
0.5189248323440552,0.00040039699524641037,0.7858505845069885,0.5153882381518962,0.49975393957595304,0,0
0.5225925445556641,0.0004022871144115925,0.7858505845069885,0.5083206894111846,0.49804657802907987,0,0
0.5262601971626282,0.00040418110438622534,0.7858505845069885,0.49662531482863387,0.492998620800789,0,0
0.5299278497695923,0.0004060761129949242,0.7858505845069885,0.48821795213854774,0.49134679916290064,0,0
0.5335955023765564,0.00040797446854412556,0.7858505845069885,0.5275205625922682,0.4930561181067239,0,0
0.5372631549835205,0.0004098749195691198,0.7858505845069885,0.49581376920500303,0.4886419292703296,0,0
0.5409308075904846,0.0004117764765396714,0.7858505845069885,0.5055653298972876,0.5023144084937267,0,0
0.544598400592804,0.00041368106030859053,0.7858505845069885,0.4970169864824433,0.5040551543647098,0,0
0.5482661128044128,0.00041558771044947207,0.7858505845069885,0.5051221851110462,0.5073419828952339,0,0
0.551933765411377,0.00041749622323550284,0.7858505845069885,0.4919057240098946,0.5007533260539085,0,0
0.5556014776229858,0.00041940706432797015,0.7858505845069885,0.4913386857266579,0.49268351271417343,0,0
0.55926913022995,0.00042131991358473897,0.7858505845069885,0.5232853931482124,0.49281853838468065,0,0
0.5629366636276245,0.00042323555680923164,0.7858505845069885,0.4898568351992025,0.5161224696600929,0,0
0.5666042566299438,0.0004251528298482299,0.7858505845069885,0.49438414468234954,0.5050324095937043,0,0
0.5702718496322632,0.0004270726058166474,0.7858505845069885,0.5078558849240867,0.5162602710550761,0,0
0.5739394426345825,0.00042899418622255325,0.7858505845069885,0.5024651423342558,0.4877111788042883,0,0
0.5776070356369019,0.0004309181240387261,0.7858505845069885,0.4968492618055419,0.5002483429383393,0,0
0.5812746286392212,0.00043284360435791314,0.7858505845069885,0.49892331079078617,0.5022616964125421,0,0
0.5849421620368958,0.00043477118015289307,0.7858505845069885,0.4942149782510001,0.4965628142184817,0,0
0.5886097550392151,0.0004367025976534933,0.7858505845069885,0.4863329889462417,0.5159272672223648,0,0
0.5922774076461792,0.00043863317114301026,0.7858505845069885,0.5031229424987594,0.5046523023380829,0,0
0.5959450006484985,0.00044056744081899524,0.7858505845069885,0.498124418614322,0.49513882820802063,0,0
0.5996125936508179,0.00044250342762097716,0.7858505845069885,0.4869003520518669,0.5062077712249442,0,0
0.6032801270484924,0.00044444226659834385,0.7858505845069885,0.5148867709479018,0.5015949411711985,0,0
0.606947660446167,0.0004463827353902161,0.7858505845069885,0.48329672990976574,0.4829450234764836,0,0
0.6106151342391968,0.0004483248631004244,0.7858505845069885,0.5102969123142193,0.49556140509383145,0,0
0.6142826676368713,0.00045026963925920427,0.7858505845069885,0.49674838959853895,0.4866498557301189,0,0
0.6179502606391907,0.00045221575419418514,0.7858505845069885,0.5022160581280174,0.5066474487151873,0,0
0.6216177940368652,0.0004541646922007203,0.7858505845069885,0.48959492218805073,0.5137042920218412,0,0
0.6252853274345398,0.0004561149689834565,0.7858505845069885,0.5077235467672977,0.5023441957879553,0,0
0.6289528012275696,0.00045806681737303734,0.7858505845069885,0.5087961879658986,0.5160262436413664,0,0
0.6326203346252441,0.00046002204180695117,0.7858505845069885,0.4943435254241236,0.5245133904492454,0,0
0.6362878084182739,0.00046197851770557463,0.7858505845069885,0.5063044109582949,0.4983633902313227,0,0
0.6399552822113037,0.0004639365943148732,0.7858505845069885,0.4936697615304944,0.5080658518420204,0,0
0.6436227560043335,0.0004658974939957261,0.7858505845069885,0.5044724932614022,0.49432528538284454,0,0
0.6472902894020081,0.00046785984886810184,0.7858505845069885,0.5081571589190287,0.500988864218142,0,0
0.6509577631950378,0.0004698239208664745,0.7858505845069885,0.5002736044928224,0.5037304041096891,0,0
0.6546252369880676,0.0004717905248980969,0.7858505845069885,0.5084112655997705,0.4969850662904309,0,0
0.6582927107810974,0.00047375893336720765,0.7858505845069885,0.48809537743075787,0.5021275132130562,0,0
0.6619601845741272,0.0004757301358040422,0.7858505845069885,0.4923854702825903,0.5094492521408431,0,0
0.665627658367157,0.00047770136734470725,0.7858505845069885,0.5084407055379835,0.504104844048095,0,0
0.6692951321601868,0.0004796747525688261,0.7858505845069885,0.48611705450589815,0.5012751771536671,0,0
0.6729626655578613,0.0004816512227989733,0.7858505845069885,0.5080720512682998,0.5081246486624563,0,0
0.6766300797462463,0.0004836288862861693,0.7858505845069885,0.49206048034324773,0.5000856693028,0,0
0.6802974939346313,0.0004856095474679023,0.7858505845069885,0.5001337475981227,0.49482611320409725,0,0
0.6839648485183716,0.0004875908780377358,0.7858505845069885,0.5066051236043335,0.499463574710825,0,0
0.6876322627067566,0.0004895738675259054,0.7858505845069885,0.5002781727097714,0.5062861016235204,0,0
0.6912996768951416,0.0004915597382932901,0.7858505845069885,0.5190347031631876,0.5009888283326333,0,0
0.6949670910835266,0.0004935472388751805,0.7858505845069885,0.5055301183753277,0.5050669251267117,0,0
0.6986345648765564,0.0004955355543643236,0.7858505845069885,0.4935850503613877,0.5156355901908639,0,0
0.7023019790649414,0.000497526372782886,0.7858505845069885,0.5189536564556546,0.5171618323674495,0,0
0.7059694528579712,0.000499519519507885,0.7858505845069885,0.506808017064872,0.5031338180782683,0,0
0.7096368074417114,0.0005015138885937631,0.7858505845069885,0.5039370199426466,0.504294982744762,0,0
0.7133042812347412,0.0005035108770243824,0.7858505845069885,0.49299151901527904,0.4960144724410202,0,0
0.7169716358184814,0.0005055085639469326,0.7858505845069885,0.4940526103168051,0.495282844504841,0,0
0.7206390500068665,0.0005075085209682584,0.7858505845069885,0.4966742760770073,0.5085221214537315,0,0
0.7243064045906067,0.0005095113883726299,0.7858505845069885,0.5128403723815562,0.498329601896621,0,0
0.7279736995697021,0.0005115142557770014,0.7858505845069885,0.48773525642988624,0.4893560264904842,0,0
0.7316410541534424,0.0005135200335644186,0.7858505845069885,0.5170457943526214,0.4897589125278381,0,0
0.7353084087371826,0.0005155264516361058,0.7858505845069885,0.5047270578698206,0.5203865489810287,0,0
0.7389756441116333,0.0005175354308448732,0.7858505845069885,0.49227069411491825,0.5151635362576797,0,0
0.7426431179046631,0.0005195462144911289,0.7858505845069885,0.5115364077431224,0.47676479926579246,0,0
0.7463104128837585,0.0005215600831434131,0.7858505845069885,0.502948772430507,0.49459477046323064,0,0
0.7499777674674988,0.000523573427926749,0.7858505845069885,0.5000713383763684,0.5017001732703451,0,0
0.753645122051239,0.0005255897995084524,0.7858505845069885,0.5022928015703192,0.5130612710456277,0,0
0.7573125958442688,0.0005276078591123223,0.7858505845069885,0.4911719572717139,0.4885884007484893,0,0
0.7609798312187195,0.0005296265590004623,0.7858505845069885,0.49650080893387744,0.5012891243329449,0,0
0.7646471261978149,0.0005316480528563261,0.7858505845069885,0.483158873786458,0.5016623974976795,0,0
0.7683144211769104,0.0005336712347343564,0.7858505845069885,0.4984077889600885,0.4989055886499146,0,0
0.7719817161560059,0.0005356947658583522,0.7858505845069885,0.5040604145272622,0.49290602498416974,0,0
0.7756490111351013,0.0005377219640649855,0.7858505845069885,0.5121226069398075,0.4962829947435132,0,0
0.7793163061141968,0.0005397502100095153,0.7858505845069885,0.5115608143845751,0.49582313790018806,0,0
0.7829836010932922,0.0005417796783149242,0.7858505845069885,0.5031943377922505,0.5050038343103088,0,0
0.7866510152816772,0.0005438108928501606,0.7858505845069885,0.4926126355125851,0.49805625002196185,0,0
0.7903183102607727,0.0005458442028611898,0.7858505845069885,0.49507926585216894,0.4907291079265134,0,0
0.7939855456352234,0.0005478785024024546,0.7858505845069885,0.5091644611039646,0.5035712588033787,0,0
0.7976528406143188,0.0005499151884578168,0.7858505845069885,0.5092205461134485,0.4904736384557973,0,0
0.8013201951980591,0.0005519536789506674,0.7858505845069885,0.49684628665846586,0.4946905289609403,0,0
0.8049874901771545,0.0005539933335967362,0.7858505845069885,0.5196111902796726,0.5049772624549019,0,0
0.8086546659469604,0.0005560330464504659,0.7858505845069885,0.4998719395444375,0.5111401080752288,0,0
0.8123218417167664,0.0005580776487477124,0.7858505845069885,0.5047946237364782,0.4999295025386299,0,0
0.8159891366958618,0.0005601212033070624,0.7858505845069885,0.49948346955068484,0.5035215845766752,0,0
0.8196563720703125,0.000562167726457119,0.7858505845069885,0.5093064845164958,0.4965114916158664,0,0
0.8233235478401184,0.0005642153555527329,0.7858505845069885,0.46391167158089963,0.5046924160502713,0,0
0.8269908428192139,0.0005662651383318007,0.7858505845069885,0.48506370280676,0.49136189129092755,0,0
0.8306581974029541,0.0005683169583790004,0.7858505845069885,0.5060893375573484,0.4964314427916764,0,0
0.8343254327774048,0.0005703682545572519,0.7858505845069885,0.49460143431581205,0.49828322043652584,0,0
0.8379927277565002,0.0005724233924411237,0.7858505845069885,0.4924682838263599,0.49410802492112627,0,0
0.8416599035263062,0.0005744794034399092,0.7858505845069885,0.49090230467946544,0.49252779845303285,0,0
0.8453271985054016,0.0005765371024608612,0.7858505845069885,0.4979305655964305,0.5108713058508703,0,0
0.8489943742752075,0.0005785965477116406,0.7858505845069885,0.4864080982802092,0.4991751961643225,0,0
0.8526615500450134,0.0005806558183394372,0.7858505845069885,0.4917722687332338,0.5100165521851989,0,0
0.8563287258148193,0.0005827177665196359,0.7858505845069885,0.5177388137787721,0.4956883215185838,0,0
0.8599959015846252,0.000584782159421593,0.7858505845069885,0.49986621166979744,0.49724096332626316,0,0
0.8636630773544312,0.000586847250815481,0.7858505845069885,0.5059082516468494,0.5027278316964658,0,0
0.8673301935195923,0.0005889140302315354,0.7858505845069885,0.49974070332246606,0.5278280983700042,0,0
0.8709974884986877,0.0005909833125770092,0.7858505845069885,0.5085009951584009,0.492772835454758,0,0
0.8746646046638489,0.0005930526531301439,0.7858505845069885,0.5117983133575457,0.5141740795262374,0,0
0.87833172082901,0.0005951241473667324,0.7858505845069885,0.4919773561079624,0.5003056398031199,0,0
0.8819989562034607,0.000597197562456131,0.7858505845069885,0.49594090899753923,0.4906422987245628,0,0
0.8856660723686218,0.0005992718506604433,0.7858505845069885,0.5044424214307122,0.4766458068246319,0,0
0.8893332481384277,0.0006013478268869221,0.7858505845069885,0.4923661743141028,0.49744197511399857,0,0
0.8930004239082336,0.000603424443397671,0.7858505845069885,0.5031597102463616,0.4902481526121894,0,0
0.8966677188873291,0.0006055039120838046,0.7858505845069885,0.4877716167713204,0.5010690026095872,0,0
0.9003348350524902,0.0006075854762457311,0.7858505845069885,0.4813323139077975,0.4847827002287035,0,0
0.9040018916130066,0.0006096664001233876,0.7858505845069885,0.5035626553504071,0.4893108841297974,0,0
0.907668948173523,0.0006117497105151415,0.7858505845069885,0.5036473476619098,0.4962840839224777,0,0
0.9113361835479736,0.0006138343596830964,0.7858505845069885,0.5183790826927849,0.4822893300036837,0,0
0.91500324010849,0.0006159208714962006,0.7858505845069885,0.4980534751066025,0.48184245927634206,0,0
0.9186704158782959,0.0006180094787850976,0.7858505845069885,0.5056654223580763,0.49846208692575766,0,0
0.9223376512527466,0.0006200984353199601,0.7858505845069885,0.5040605519253748,0.4922886603874176,0,0
0.9260048866271973,0.0006221887888386846,0.7858505845069885,0.48697980168611416,0.5072147882896936,0,0
0.9296719431877136,0.0006242815288715065,0.7858505845069885,0.5005898710612989,0.502568329259863,0,0
0.9333390593528748,0.0006263744435273111,0.7858505845069885,0.5022566890367207,0.491044530986091,0,0
0.9370062351226807,0.0006284690462052822,0.7858505845069885,0.4927423255454944,0.5024660670441919,0,0
0.940673291683197,0.0006305661518126726,0.7858505845069885,0.5030181011412853,0.500909617866378,0,0
0.9443404078483582,0.000632663257420063,0.7858505845069885,0.5091807046946644,0.49635727941961655,0,0
0.9480074644088745,0.0006347635062411427,0.7858505845069885,0.508789676216737,0.4956927090784477,0,0
0.9516746401786804,0.0006368636386469007,0.7858505845069885,0.495933023641976,0.4872824529679661,0,0
0.9553418159484863,0.0006389660411514342,0.7858505845069885,0.4990069942618748,0.5190418504159232,0,0
0.9590088725090027,0.0006410683854483068,0.7858505845069885,0.4950799242066148,0.49318113911160066,0,0
0.962675929069519,0.0006431739311665297,0.7858505845069885,0.4969650898562328,0.5002208967620648,0,0
0.9663429260253906,0.0006452792440541089,0.7858505845069885,0.5051949757547359,0.5108215829009103,0,0
0.9700099229812622,0.0006473874673247337,0.7858505845069885,0.47964780230897275,0.49608276697899123,0,0
0.9736769795417786,0.0006494958652183414,0.7858505845069885,0.5049288759522881,0.49627988854089083,0,0
0.9773440957069397,0.0006516071152873337,0.7858505845069885,0.5131349175891444,0.4942320370959748,0,0
0.9810110926628113,0.0006537193548865616,0.7858505845069885,0.4852385823581733,0.4888825535930163,0,0
0.9846780896186829,0.0006558322347700596,0.7858505845069885,0.4929018436305888,0.4967170271187559,0,0
0.9883452653884888,0.0006579463952220976,0.7858505845069885,0.49681690821172403,0.48754434878059405,0,0
0.9920123219490051,0.000660063000395894,0.7858505845069885,0.49533672849529325,0.5076335117840606,0,0
0.9956793785095215,0.0006621794309467077,0.7858505845069885,0.4944564313574523,0.4938826040244522,0,0
0.9993464350700378,0.0006642985390499234,0.7858505845069885,0.5042328932496845,0.48932308603415464,0,0
1.0030134916305542,0.0006664174725301564,0.7858505845069885,0.4941045239597586,0.49346714523481977,0,0
1.0066804885864258,0.0006685388507321477,0.7858505845069885,0.5092762642424168,0.491966881610432,0,0
1.0103473663330078,0.0006706612184643745,0.7858505845069885,0.4863505725765881,0.4967197040917566,0,0
1.0140143632888794,0.0006727842264808714,0.7858505845069885,0.5087675833619202,0.4819027875072298,0,0
1.017681360244751,0.0006749103195033967,0.7858505845069885,0.4943333059808235,0.50679776010031,0,0
1.021348476409912,0.0006770369363948703,0.7858505845069885,0.5014978871166039,0.5086164185765522,0,0
1.0250154733657837,0.0006791649502702057,0.7858505845069885,0.48829927045121885,0.5042136558088549,0,0
1.0286824703216553,0.0006812928477302194,0.7858505845069885,0.501445732574122,0.5088835012559215,0,0
1.0323494672775269,0.0006834232481196523,0.7858505845069885,0.48928206079110964,0.4965116222905107,0,0
1.0360164642333984,0.0006855542887933552,0.7858505845069885,0.503165742193477,0.5095423872403422,0,0
1.0396833419799805,0.0006876870174892247,0.7858505845069885,0.49902578653780655,0.4902778443461301,0,0
1.043350338935852,0.0006898224237374961,0.7858505845069885,0.4774218118372184,0.5197276913779046,0,0
1.0470173358917236,0.000691957538947463,0.7858505845069885,0.5045702993840485,0.4965801207279938,0,0
1.0506843328475952,0.0006940941675566137,0.7858505845069885,0.5122723326004532,0.4984100464809043,0,0
1.0543514490127563,0.0006962312618270516,0.7858505845069885,0.49768598549933496,0.5074787561807482,0,0
1.0580185651779175,0.0006983711500652134,0.7858505845069885,0.4934610288290445,0.5205431631800138,0,0
1.061685562133789,0.0007005108054727316,0.7858505845069885,0.49751780710571913,0.5120832297300545,0,0
1.0653525590896606,0.0007026527891866863,0.7858505845069885,0.49976393441751865,0.5082412718653052,0,0
1.0690195560455322,0.0007047953549772501,0.7858505845069885,0.4960494223084177,0.49343689394705886,0,0
1.0726865530014038,0.0007069396669976413,0.7858505845069885,0.5086627061110096,0.4846546818541914,0,0
1.0763534307479858,0.0007090858416631818,0.7858505845069885,0.49575889342808166,0.5091091337746227,0,0
1.0800204277038574,0.0007112313178367913,0.7858505845069885,0.48345627234071137,0.49381509078057184,0,0
1.083687424659729,0.0007133790059015155,0.7858505845069885,0.5127887187690096,0.504579776954506,0,0
1.0873545408248901,0.0007155282073654234,0.7858505845069885,0.49865536394856746,0.501632276977731,0,0
1.0910215377807617,0.0007176782237365842,0.7858505845069885,0.49915286786203167,0.49214406290233464,0,0
1.0946886539459229,0.0007198300445452332,0.7858505845069885,0.4997222337604781,0.4972869009291674,0,0
1.0983556509017944,0.0007219824474304914,0.7858505845069885,0.49542945786553994,0.4972415415947479,0,0
1.102022647857666,0.0007241356652230024,0.7858505845069885,0.5096152564644637,0.5007806766334798,0,0
1.105689525604248,0.0007262910949066281,0.7858505845069885,0.49953802282275744,0.4925717070329017,0,0
1.1093565225601196,0.0007284479797817767,0.7858505845069885,0.4943864676157086,0.5128861108925411,0,0
1.1130234003067017,0.0007306048064492643,0.7858505845069885,0.4853408448045087,0.49214589212624676,0,0
1.1166901588439941,0.0007327640196308494,0.7858505845069885,0.4999866986749786,0.4932725736932371,0,0
1.1203570365905762,0.0007349230581894517,0.7858505845069885,0.49279355583612383,0.49685239895554933,0,0
1.1240239143371582,0.0007370838429778814,0.7858505845069885,0.5001563866128296,0.4989690778652151,0,0
1.1276907920837402,0.0007392460247501731,0.7858505845069885,0.4927001379031598,0.5007846373318986,0,0
1.1313575506210327,0.0007414091960527003,0.7858505845069885,0.5018518884960267,0.5149474696693538,0,0
1.1350244283676147,0.0007435724255628884,0.7858505845069885,0.48962771309039704,0.5124733689785338,0,0
1.1386911869049072,0.0007457387982867658,0.7858505845069885,0.4985898773568529,0.49850229537819674,0,0
1.1423579454421997,0.0007479055202566087,0.7858505845069885,0.5107857948528148,0.4939655939441603,0,0
1.1460248231887817,0.0007500732317566872,0.7858505845069885,0.5166461832749737,0.4976977630300494,0,0
1.1496917009353638,0.0007522418163716793,0.7858505845069885,0.5091311049532721,0.5121109234426645,0,0
1.1533585786819458,0.0007544121472164989,0.7858505845069885,0.49217047226267024,0.4822761922143257,0,0
1.1570254564285278,0.000756582769099623,0.7858505845069885,0.49530852130637626,0.5182380856999844,0,0
1.1606923341751099,0.0007587556610815227,0.7858505845069885,0.48786295262368384,0.5105605054223382,0,0
1.1643593311309814,0.0007609283202327788,0.7858505845069885,0.5125098653836866,0.48782428003369793,0,0
1.1680262088775635,0.000763102900236845,0.7858505845069885,0.49788174285500103,0.49422522686108816,0,0
1.1716930866241455,0.0007652780041098595,0.7858505845069885,0.5022265001053726,0.5092452649406175,0,0
1.175360083580017,0.0007674540975131094,0.7858505845069885,0.49157173263816933,0.4898153348557121,0,0
1.1790271997451782,0.0007696322281844914,0.7858505845069885,0.5069632688779604,0.4951666694656465,0,0
1.1826940774917603,0.0007718114648014307,0.7858505845069885,0.504780107160115,0.4918244660740816,0,0
1.1863609552383423,0.000773991399910301,0.7858505845069885,0.5053957845298,0.4870340057295702,0,0
1.1900278329849243,0.0007761713932268322,0.7858505845069885,0.5046344709865035,0.49612234868227,0,0
1.1936945915222168,0.000778354296926409,0.7858505845069885,0.5036388533967102,0.509285882952128,0,0
1.1973613500595093,0.0007805373170413077,0.7858505845069885,0.4965366465876905,0.5205400275275134,0,0
1.2010282278060913,0.0007827212102711201,0.7858505845069885,0.497796686361146,0.49367210380011767,0,0
1.2046949863433838,0.0007849071407690644,0.7858505845069885,0.5081914623826097,0.4700895687645102,0,0
1.2083617448806763,0.0007870933040976524,0.7858505845069885,0.5000401923604509,0.5070048047686102,0,0
1.2120286226272583,0.0007892798748798668,0.7858505845069885,0.5026791544171647,0.5045046817907338,0,0
1.2156953811645508,0.0007914688903838396,0.7858505845069885,0.5077736788005972,0.4819828400531411,0,0
1.2193622589111328,0.0007936592446640134,0.7858505845069885,0.5061678875488957,0.5000509880089078,0,0
1.2230291366577148,0.0007958485512062907,0.7858505845069885,0.4886499020143711,0.5083583853242306,0,0
1.2266958951950073,0.0007980401860550046,0.7858505845069885,0.5174926756762747,0.5139212904915667,0,0
1.2303627729415894,0.000800232810433954,0.7858505845069885,0.4973640518129122,0.5039398851880527,0,0
1.2340296506881714,0.0008024272974580526,0.7858505845069885,0.5021189153393986,0.5021046355729173,0,0
1.2376964092254639,0.0008046204457059503,0.7858505845069885,0.5120427009054787,0.509339927834866,0,0
1.2413631677627563,0.00080681691179052,0.7858505845069885,0.49646896569972815,0.5107682150141182,0,0
1.2450300455093384,0.0008090136107057333,0.7858505845069885,0.49649218174952797,0.5147869430121986,0,0
1.2486968040466309,0.000811210717074573,0.7858505845069885,0.5063671967889863,0.5156781620009975,0,0
1.2523634433746338,0.0008134102681651711,0.7858505845069885,0.5273278431118763,0.5134197106642026,0,0
1.2560302019119263,0.0008156097610481083,0.7858505845069885,0.5037918211843857,0.5029129043962027,0,0
1.2596968412399292,0.0008178104180842638,0.7858505845069885,0.5121227582939146,0.5053617842339583,0,0
1.2633635997772217,0.0008200118318200111,0.7858505845069885,0.5063414483023438,0.5026700899114197,0,0
1.2670303583145142,0.000822215573862195,0.7858505845069885,0.4934654989398677,0.5086933683541738,0,0
1.2706971168518066,0.0008244180353358388,0.7858505845069885,0.4969797009289831,0.49325710144608076,0,0
1.2743638753890991,0.0008266238146461546,0.7858505845069885,0.49350167337557616,0.4874173778031703,0,0
1.2780306339263916,0.000828829943202436,0.7858505845069885,0.505238004075563,0.48592308535554357,0,0
1.281697392463684,0.0008310360717587173,0.7858505845069885,0.515963320321125,0.49042255624987763,0,0
1.2853641510009766,0.0008332444122061133,0.7858505845069885,0.5007812179280366,0.4950522655317765,0,0
1.289030909538269,0.0008354528690688312,0.7858505845069885,0.7838162053131192,0.5074860170380455,0,0
1.2926976680755615,0.0008376624900847673,0.7858505845069885,0.7742209383694272,0.5039663623150775,0,0
1.296364426612854,0.0008398731588385999,0.7858505845069885,0.7687755389910883,0.5035633818794306,0,0
1.300031304359436,0.0008420852245762944,0.7858505845069885,0.7787988052879325,0.5103142947935929,0,0
1.3036980628967285,0.0008442975231446326,0.7858505845069885,0.7687188847229985,0.4907783259543816,0,0
1.307364821434021,0.0008465107530355453,0.7858505845069885,0.7733565946945642,0.5012706580635282,0,0
1.311031699180603,0.0008487247978337109,0.7858505845069885,0.762378200178395,0.5047588174221195,0,0
1.3146984577178955,0.0008509406470693648,0.7858505845069885,0.7727398626930763,0.49056392195200976,0,0
1.318365216255188,0.0008531570783816278,0.7858505845069885,0.7838896281810691,0.49328412968896873,0,0
1.322031855583191,0.0008553743828088045,0.7858505845069885,0.7568319181482848,0.5147484611026553,0,0
1.3256986141204834,0.000857591861858964,0.7858505845069885,0.7334740706762671,0.7685409426452802,0,0
1.3293653726577759,0.0008598126005381346,0.7858505845069885,0.749699084409177,0.766298654807274,0,0
1.3330321311950684,0.0008620316511951387,0.7858505845069885,0.7264552899870398,0.7632183591848338,0,0
1.3366988897323608,0.0008642527973279357,0.7858505845069885,0.7476773389315471,0.7875931838335891,0,0
1.3403656482696533,0.0008664749911986291,0.7858505845069885,0.7235350482254828,0.7701742931029524,0,0
1.3440325260162354,0.0008686974178999662,0.7858505845069885,0.7395437096679084,0.7723049000194349,0,0
1.3476992845535278,0.0008709211833775043,0.7858505845069885,0.7361429430241481,0.7854206672199823,0,0
1.3513660430908203,0.0008731462294235826,0.7858505845069885,0.7352204070810741,0.7623464406588645,0,0
1.3550328016281128,0.0008753717411309481,0.7858505845069885,0.7308547763620971,0.7627004935515469,0,0
1.3586995601654053,0.0008775987080298364,0.7858505845069885,0.7444882422767174,0.7745484762762238,0,0
1.3623663187026978,0.0008798252674750984,0.7858505845069885,0.6947702959669422,0.7358700532471412,0,0
1.3660333156585693,0.0008820537477731705,0.7858505845069885,0.6867024262058584,0.7166425886664805,0,0
1.3697000741958618,0.000884282635524869,0.7858505845069885,0.6899585733960105,0.7201803134864262,0,0
1.3733668327331543,0.0008865119307301939,0.7858505845069885,0.695902136561026,0.7437880183136516,0,0
1.3770335912704468,0.0008887430303730071,0.7858505845069885,0.6877648668609462,0.7243610615545203,0,0
1.3807003498077393,0.0008909740718081594,0.7858505845069885,0.6932807189036836,0.7361040402841034,0,0
1.3843671083450317,0.0008932080236263573,0.7858505845069885,0.7125481776164838,0.7386955852720946,0,0
1.3880339860916138,0.0008954406948760152,0.7858505845069885,0.6912465590996532,0.7336878097511904,0,0
1.3917007446289062,0.0008976759272627532,0.7858505845069885,0.6984220035819394,0.7305008143941193,0,0
1.3953675031661987,0.0008999110432341695,0.7858505845069885,0.6847690060237992,0.7310772769157121,0,0
1.3990341424942017,0.0009021470905281603,0.7858505845069885,0.6601175414587481,0.7070467862049773,0,0
1.4027007818222046,0.0009043840109370649,0.7858505845069885,0.6395825157321843,0.6929975280912851,0,0
1.4063677787780762,0.000906621920876205,0.7858505845069885,0.6547219179306406,0.683761064701444,0,0
1.4100345373153687,0.0009088608785532415,0.7858505845069885,0.6529594776415087,0.7026197612522697,0,0
1.413701057434082,0.0009110996616072953,0.7858505845069885,0.6803913018587525,0.7099781206819258,0,0
1.4173678159713745,0.0009133410640060902,0.7858505845069885,0.6699955397887744,0.695011306337972,0,0
1.421034574508667,0.0009155816514976323,0.7858505845069885,0.6547706795642443,0.6866531331450153,0,0
1.4247010946273804,0.0009178244508802891,0.7858505845069885,0.6486332504423866,0.6977018035587932,0,0
1.4283677339553833,0.0009200681233778596,0.7858505845069885,0.6620593317557989,0.6960783807070411,0,0
1.4320342540740967,0.0009223101078532636,0.7858505845069885,0.6560634545916826,0.6889107569104966,0,0
1.4357010126113892,0.0009245549445040524,0.7858505845069885,0.6226294893766174,0.668120589634837,0,0
1.4393677711486816,0.0009268004214391112,0.7858505845069885,0.62369269229872,0.6510468352095944,0,0
1.443034291267395,0.0009290461312048137,0.7858505845069885,0.633616329623443,0.6478315136128431,0,0
1.4467010498046875,0.0009312935289926827,0.7858505845069885,0.6465236670170958,0.6617936281680811,0,0
1.4503679275512695,0.0009335412760265172,0.7858505845069885,0.621418876181877,0.6684169085955343,0,0
1.4540349245071411,0.00093579146778211,0.7858505845069885,0.6234764117476465,0.6458331072988673,0,0
1.4577016830444336,0.0009380397386848927,0.7858505845069885,0.612822111571798,0.6470515105483113,0,0
1.461368203163147,0.0009402913856320083,0.7858505845069885,0.6251213366735583,0.6342734995657378,0,0
1.4650347232818604,0.0009425418102182448,0.7858505845069885,0.6158333506952334,0.6405019143466286,0,0
1.4687014818191528,0.0009447939810343087,0.7858505845069885,0.6168474137801726,0.6445536506639911,0,0
1.4723682403564453,0.0009470458026044071,0.7858505845069885,0.5813397577042754,0.6324851933843547,0,0
1.4760348796844482,0.0009493000106886029,0.7858505845069885,0.5824183043417629,0.6309143438583571,0,0
1.4797013998031616,0.0009515525889582932,0.7858505845069885,0.5768879939155778,0.6198063552043236,0,0
1.483367919921875,0.0009538090089336038,0.7858505845069885,0.563311622139431,0.6325363804370775,0,0
1.487034559249878,0.000956064322963357,0.7858505845069885,0.5829461068650432,0.622322484338652,0,0
1.4907011985778809,0.0009583211503922939,0.7858505845069885,0.5784101192539106,0.6334823466188235,0,0
1.494368076324463,0.0009605793748050928,0.7858505845069885,0.580156009305732,0.6156927544666048,0,0
1.4980345964431763,0.0009628362604416907,0.7858505845069885,0.5917062167969164,0.6085692950485093,0,0
1.5017011165618896,0.0009650962892919779,0.7858505845069885,0.5782353010236664,0.6208938290187624,0,0
1.505367636680603,0.0009673561435192823,0.7858505845069885,0.5900490379105546,0.6405654357756199,0,0
1.509034514427185,0.000969614484347403,0.7858505845069885,0.552224595788321,0.5907280193468935,0,0
1.5127012729644775,0.000971876666881144,0.7858505845069885,0.5585708732046283,0.5815293010026724,0,0
1.5163681507110596,0.0009741384419612586,0.7858505845069885,0.5492656543255303,0.5927157742708103,0,0
1.520034670829773,0.0009764014394022524,0.7858505845069885,0.5343600092407808,0.5773444726272302,0,0
1.5237011909484863,0.0009786650771275163,0.7858505845069885,0.5452269523190573,0.5893312770493866,0,0
1.5273679494857788,0.0009809304028749466,0.7858505845069885,0.5394952487210022,0.5882731183941737,0,0
1.5310348272323608,0.000983194331638515,0.7858505845069885,0.5486533520493424,0.5884210140729457,0,0
1.5347017049789429,0.0009854602394625545,0.7858505845069885,0.5413384708732479,0.5859992300919453,0,0
1.538368582725525,0.000987726147286594,0.7858505845069885,0.5544647688729644,0.5828312194089421,0,0
1.5420349836349487,0.0009899928700178862,0.7858505845069885,0.550521136418397,0.585022616740807,0,0
1.5457013845443726,0.0009922621538862586,0.7858505845069885,0.5015726355446567,0.5278932008768811,0,0
1.5493680238723755,0.0009945302736014128,0.7858505845069885,0.5236088421007143,0.5563756536591533,0,0
1.5530346632003784,0.000996799673885107,0.7858505845069885,0.506656247466497,0.555111376159115,0,0
1.5567011833190918,0.0009990697726607323,0.7858505845069885,0.5143152830978325,0.5319904545409642,0,0
1.5603677034378052,0.0010013406863436103,0.7858505845069885,0.5174676938753161,0.5554039105265288,0,0
1.5640342235565186,0.0010036132298409939,0.7858505845069885,0.5088331465067234,0.5282174658054997,0,0
1.567700982093811,0.00100588402710855,0.7858505845069885,0.5363352826418842,0.5356083152100227,0,0
1.571367859840393,0.0010081565706059337,0.7858505845069885,0.5255300946205529,0.5560741524067033,0,0
1.575034737586975,0.001010431325994432,0.7858505845069885,0.4870125384917528,0.553361133921433,0,0
1.578701376914978,0.0010127053828909993,0.7858505845069885,0.5142807134600649,0.551957828946692,0,0
1.5823681354522705,0.0010149802546948195,0.7858505845069885,0.48554965663488564,0.5195669521557482,0,0
1.5860346555709839,0.0010172572219744325,0.7858505845069885,0.47954455051263095,0.5067918058429295,0,0
1.5897014141082764,0.0010195329086855054,0.7858505845069885,0.46794489883915347,0.5115868538139541,0,0
1.5933682918548584,0.0010218097595497966,0.7858505845069885,0.4812876810671218,0.5257109374274966,0,0
1.5970351696014404,0.001024087774567306,0.7858505845069885,0.4785760377606707,0.5105397435643053,0,0
1.6007018089294434,0.0010263670701533556,0.7858505845069885,0.46805404242300347,0.5014068917468747,0,0
1.6043683290481567,0.0010286463657394052,0.7858505845069885,0.4841681027021522,0.5178024971441348,0,0
1.6080347299575806,0.0010309257777407765,0.7858505845069885,0.4790945388065135,0.516988650128644,0,0
1.6117013692855835,0.0010332070523872972,0.7858505845069885,0.4767607253618831,0.4956782746957616,0,0
1.6153677701950073,0.001035488210618496,0.7858505845069885,0.4899538003195091,0.50752318029463,0,0
1.6190345287322998,0.0010376814752817154,0.7860437631607056,0.4437304756478,0.4760373708696477,0,0
1.6226990222930908,0.001040470669977367,0.7863448262214661,0.45583604922053594,0.46052950392537495,0,0
1.6263575553894043,0.0010452730348333716,0.7868955731391907,0.4258701650670352,0.4813813650280392,0,0
1.630003571510315,0.001054318156093359,0.7877750396728516,0.4368741877584772,0.4790765875814819,0,0
1.6336274147033691,0.0010701207211241126,0.7890368700027466,0.434645258691507,0.4796488946681494,0,0
1.637213945388794,0.0010964659741148353,0.7907288074493408,0.4310009954034049,0.46545937454877717,0,0
1.6407465934753418,0.0011391654843464494,0.7928333282470703,0.4436925396506122,0.47270880806021265,0,0
1.6442073583602905,0.001204098341986537,0.7951263785362244,0.4579568992710318,0.4915315795740717,0,0
1.6475800275802612,0.0012965117348358035,0.7977704405784607,0.4365493913161568,0.4725494109373179,0,0
1.6508493423461914,0.001421628287062049,0.8008069396018982,0.43723971936709,0.47864506839000776,0,0
1.6540021896362305,0.0015847928589209914,0.804180920124054,0.41024890599432706,0.456664451864487,0,0
1.6570274829864502,0.0017892207251861691,0.807864248752594,0.38782689739547693,0.42528439242722454,0,0
1.6600408554077148,0.0019926580134779215,0.8115816116333008,0.4028321941249068,0.4475431661003125,0,0
1.6629023551940918,0.0022414925042539835,0.8154603242874146,0.408903223718893,0.44897291717425114,0,0
1.6656023263931274,0.002534887520596385,0.8193621039390564,0.4028435439495818,0.43924441607271886,0,0
1.6681339740753174,0.0028647989965975285,0.8233939409255981,0.3993712587114222,0.43964454528127095,0,0
1.6704938411712646,0.0032195537351071835,0.8274158835411072,0.39786067581425416,0.4522845877548541,0,0
1.672680139541626,0.003587057814002037,0.8313860893249512,0.40714556760413445,0.44326019390080273,0,0
1.6746946573257446,0.003952595870941877,0.8354491591453552,0.3878464519451045,0.4318862509434256,0,0
1.6765398979187012,0.0043013133108615875,0.8396701216697693,0.3921076822900043,0.4325771207021763,1,1
1.6782206296920776,0.004619536455720663,0.8440766930580139,0.36384350392418036,0.4030756532873343,0,0
1.6797419786453247,0.00489631574600935,0.8486352562904358,0.3795388229158585,0.4184238424306035,0,0
1.6811096668243408,0.00512435007840395,0.8531578183174133,0.3783839466547751,0.39042864592284243,0,0
1.6823316812515259,0.0053001283667981625,0.8578398823738098,0.3776030486949098,0.41238022247702655,0,0
1.6834156513214111,0.005423097871243954,0.8625081777572632,0.3591928650479359,0.394763844171726,0,0
1.6843713521957397,0.005495323799550533,0.8670831918716431,0.36285285299200765,0.3905123173773018,0,0
1.6852062940597534,0.005521295592188835,0.8717191815376282,0.36972528418945727,0.40007975474543456,0,0
1.6859285831451416,0.005506916902959347,0.8765016794204712,0.37002480880986893,0.40419552359419886,0,0
1.686545491218567,0.005458843428641558,0.8812813758850098,0.3897797176468613,0.3992024070035281,0,0
1.6870646476745605,0.005384273827075958,0.8861685991287231,0.37553638694186736,0.4081740720587884,0,0
1.6874916553497314,0.005289760418236256,0.891058623790741,0.36711320170549266,0.39099755298516375,0,0
1.6878331899642944,0.005181000102311373,0.8960615396499634,0.3738118991351017,0.4004458823440548,0,0
1.6880944967269897,0.005061905365437269,0.901264488697052,0.34189373783320687,0.4047992479206537,0,0
1.6882823705673218,0.004934684373438358,0.9064682126045227,0.3796417672129496,0.3923618918507344,0,0
1.6884031295776367,0.0048003732226789,0.9115768074989319,0.37562581409650453,0.37798500559902753,0,0
1.6884623765945435,0.004659364465624094,0.9165332913398743,0.3538033800829556,0.3980212214865782,0,0
1.6884664297103882,0.004512282554060221,0.9213132262229919,0.35378029030058683,0.388538104386923,0,0
1.688420295715332,0.004360397346317768,0.925910472869873,0.3695805480196446,0.38947073009440486,0,0
1.688326358795166,0.004205403383821249,0.9303199648857117,0.3663200812303344,0.3888404362395074,0,0
1.688187599182129,0.004048909991979599,0.9345447421073914,0.39039186121496794,0.379886736239062,0,0
1.6880050897598267,0.0038921490777283907,0.938588559627533,0.3705316879455425,0.3832282233673155,0,0
1.6877806186676025,0.003735966281965375,0.9424566030502319,0.36159835019733244,0.3769628156805641,0,0
1.6875150203704834,0.003581014694646001,0.9461532831192017,0.35125152510677127,0.3908646889333508,0,0
1.6872096061706543,0.0034278552047908306,0.9496845006942749,0.37708887316792583,0.38763976657353094,0,0
1.6868653297424316,0.003276916453614831,0.9530609846115112,0.35566587284930057,0.3718987760797715,0,0
1.6864832639694214,0.0031283909920603037,0.9562854766845703,0.3409211455609893,0.3755176299559586,0,0
1.686064600944519,0.0029822178184986115,0.9593660831451416,0.3712896081199186,0.3771012329754743,0,0
1.6856106519699097,0.0028382025193423033,0.9623084664344788,0.371163776986139,0.3962384884990245,0,0
1.6851227283477783,0.0026961599942296743,0.9651161432266235,0.350587512269309,0.37324569071238567,0,0
1.6846028566360474,0.0025559235364198685,0.9678033590316772,0.34908141631538714,0.3789375893029955,0,0
1.6840527057647705,0.0024172270204871893,0.9703676700592041,0.35472499854480416,0.3727677575130623,0,0
1.6834737062454224,0.002279590582475066,0.9728212952613831,0.3620542236993994,0.37203626855469407,0,0
1.6828675270080566,0.0021423865109682083,0.97515869140625,0.3797155083420537,0.3849014591326906,0,0
1.6822361946105957,0.002005018061026931,0.9773939847946167,0.37269615192474115,0.3763860449581382,0,0
1.681581735610962,0.0018671057187020779,0.9795282483100891,0.36733871330300133,0.38418346251964425,0,0
1.680905818939209,0.0017284972127526999,0.9815690517425537,0.37698141187519435,0.3702629958543165,0,0
1.680209755897522,0.0015891442308202386,0.9835196137428284,0.3629876387131082,0.3730145045649885,0,0
1.6794947385787964,0.001448970753699541,0.9853848218917847,0.36452480112946034,0.3624227717751295,0,0
1.6787621974945068,0.0013078072806820273,0.9871665239334106,0.3536599421659653,0.3850278956538153,0,0
1.6780139207839966,0.0011654774425551295,0.9888638854026794,0.35473347422566115,0.369798518194196,1,1
1.6772511005401611,0.0010218893876299262,0.9906790852546692,0.39079195991014354,0.4003699245702128,0,0
1.6764761209487915,0.0008770147105678916,0.9925317168235779,0.3878728769838685,0.3960602781490745,0,0
1.6756908893585205,0.0007308985805138946,0.9943734407424927,0.3761088794417123,0.3681998891630181,0,0
1.6748980283737183,0.0005836459458805621,0.9961761236190796,0.37600948515817273,0.3957255272698381,0,0
1.6740988492965698,0.0004353203112259507,0.9979256987571716,0.37404125255539367,0.3836992373493092,0,0
1.6732944250106812,0.0002858442603610456,0.9996126294136047,0.38220159035980245,0.39159596305120653,0,0
1.6724857091903687,0.00013505617971532047,1.001232624053955,0.37586879269536794,0.3974581923018457,0,0
1.6716735363006592,-1.7230637240572833e-05,1.002785086631775,0.3748325705269847,0.38700486685922364,0,0
1.6708581447601318,-0.00017111851775553077,1.0042684078216553,0.3895768370495638,0.38401020356829624,0,0
1.6700400114059448,-0.0003266654384788126,1.0056885480880737,0.38557594424262065,0.36844540984630797,0,0
1.669219732284546,-0.0004839048197027296,1.0070488452911377,0.3745283480114525,0.3895514982993201,0,0
1.6683964729309082,-0.000642885104753077,1.0083489418029785,0.37674548495123494,0.3812940710928634,0,0
1.6675705909729004,-0.0008036548388190567,1.0095884799957275,0.3864710459398161,0.3741715402295508,0,0
1.6667420864105225,-0.0009662511292845011,1.010966181755066,0.3856642425004007,0.4144862890293464,0,0
1.6659108400344849,-0.0011307173408567905,1.012399435043335,0.3991144818224907,0.37722024971057994,0,0
1.6650782823562622,-0.0012970867101103067,1.0138404369354248,0.3845898636203462,0.3836203314765507,0,0
1.66424560546875,-0.001465320703573525,1.0152541399002075,0.37056058433987293,0.38677702918287465,0,0
1.663413405418396,-0.001635281485505402,1.0166280269622803,0.3872712378538748,0.39627688146385537,0,0
1.662582278251648,-0.001806807005777955,1.0179557800292969,0.3928710017760694,0.3764117944657874,0,0
1.6617529392242432,-0.0019797722343355417,1.0192317962646484,0.38774580086341287,0.3911451008596583,0,0
1.6609247922897339,-0.002154122805222869,1.0204591751098633,0.39554410075275853,0.3887077982886014,0,0
1.6600978374481201,-0.00232952949590981,1.0216315984725952,0.41658278213931055,0.40080953037239514,0,0
1.6592731475830078,-0.0025086665991693735,1.0229518413543701,0.3968031601776842,0.4180566272361797,0,0
1.6584526300430298,-0.0026951238978654146,1.0243182182312012,0.3916462704289759,0.38502515215109656,0,0
1.6576379537582397,-0.002892148680984974,1.0256577730178833,0.3892280099431265,0.3887792587155274,0,0
1.6568310260772705,-0.0031023798510432243,1.0270054340362549,0.37677937164668335,0.39240979575460166,0,0
1.656032681465149,-0.0033277140464633703,1.0281243324279785,0.4017734377959987,0.39516588384013906,0,0
1.6552441120147705,-0.003569010877981782,1.0290926694869995,0.3796594980648091,0.3905563760231866,0,0
1.6544660329818726,-0.0038262363523244858,1.0299618244171143,0.3919666991430527,0.37926201320533925,0,0
1.6536986827850342,-0.004098564386367798,1.0307517051696777,0.3763912958991594,0.3823858413878492,0,0
1.652941346168518,-0.004384244326502085,1.0314867496490479,0.4214536394341231,0.41634891606223046,0,0
1.6521952152252197,-0.004683733452111483,1.0321729183197021,0.40268704190469773,0.412205994610859,0,0
1.6514619588851929,-0.005001186393201351,1.033015251159668,0.39548795581137036,0.40739102035664776,0,0
1.6507443189620972,-0.005342125426977873,1.0337395668029785,0.4011316951230164,0.3977096118304462,0,0
1.6500449180603027,-0.005711437668651342,1.0343830585479736,0.38985518136537756,0.39250231836962796,0,0
1.6493667364120483,-0.006112031638622284,1.034961223602295,0.4022827674088983,0.41132891579987935,0,0
1.6487135887145996,-0.006547329481691122,1.0354866981506348,0.4085550169565813,0.42109885747896625,0,0
1.6480900049209595,-0.007022414356470108,1.0361769199371338,0.38815847121313274,0.4153854453416491,0,0
1.6475000381469727,-0.007541594561189413,1.0367475748062134,0.4089727134387558,0.39000885140399255,0,0
1.6469473838806152,-0.00810742937028408,1.0374493598937988,0.3993634386823229,0.412741343584779,1,1
1.6464335918426514,-0.008720118552446365,1.0381977558135986,0.4176192402604537,0.4073849582949063,0,0
1.6459605693817139,-0.009380356408655643,1.039151668548584,0.39971027888425775,0.4014373922349576,0,0
1.6455292701721191,-0.010087314061820507,1.0402024984359741,0.407790602031041,0.4102763892993395,0,0
1.6451404094696045,-0.010841197334229946,1.0412874221801758,0.416016971865362,0.4218834512960755,0,0
1.644795536994934,-0.01164452638477087,1.0425806045532227,0.3875432391134696,0.40352197631338815,0,0
1.6444964408874512,-0.012498723343014717,1.0439646244049072,0.4130406969465648,0.4170499325679161,0,0
1.6442440748214722,-0.013406042009592056,1.0453678369522095,0.41227876005426034,0.4005495838139932,0,0
1.6440398693084717,-0.014369795098900795,1.0467721223831177,0.4160879631735443,0.4019264571507475,0,0
1.6438848972320557,-0.015394375659525394,1.0481698513031006,0.4303262937335413,0.4094117457263285,0,0
1.6437801122665405,-0.016485122963786125,1.0495326519012451,0.4087403314270608,0.4103610213688727,0,0
1.6437262296676636,-0.017648354172706604,1.0508379936218262,0.4042696323681661,0.4248504625556511,0,0
1.643723964691162,-0.01889129914343357,1.0520617961883545,0.4142637555722227,0.417378383352829,0,0
1.6437747478485107,-0.020221609622240067,1.0531978607177734,0.42091502402146924,0.4216358063389115,0,0
1.6438802480697632,-0.021646561101078987,1.0542645454406738,0.4089357782382158,0.418343027567051,0,0
1.6440409421920776,-0.02317221835255623,1.0552877187728882,0.42133893708508735,0.41918803417572276,0,0
1.644256830215454,-0.024803051725029945,1.0562796592712402,0.4207269706167717,0.4059568764339562,0,0
1.6445269584655762,-0.026542063802480698,1.0572290420532227,0.40880461156066344,0.4150816379315614,0,0
1.6448489427566528,-0.028391016647219658,1.058136224746704,0.4224424358950438,0.41878787482339547,0,0
1.6452206373214722,-0.030350279062986374,1.0590111017227173,0.40780484621210555,0.4255347321258622,0,0
1.6456395387649536,-0.03241870179772377,1.0598552227020264,0.4103552028415749,0.4109024562008687,0,0
1.6461026668548584,-0.03459370136260986,1.0606578588485718,0.42327691663341377,0.43155534021372954,0,0
1.6466073989868164,-0.036871787160634995,1.0614210367202759,0.4200789755984815,0.426957847265414,0,0
1.6471505165100098,-0.03924905136227608,1.0621652603149414,0.40074133155396746,0.406321718066958,0,0
1.6477292776107788,-0.04172118380665779,1.062903642654419,0.4257611017699849,0.43307508346276363,0,0
1.6483416557312012,-0.04428315535187721,1.0636169910430908,0.41486340911383013,0.43143340128944807,0,0
1.648985505104065,-0.04692905768752098,1.0642762184143066,0.42684933393734364,0.41654624587204847,0,0
1.6496587991714478,-0.049652427434921265,1.0648689270019531,0.4199808376625652,0.4139668522336323,0,0
1.6503592729568481,-0.05244695395231247,1.065413475036621,0.4238690687017561,0.41655880598173844,0,0
1.6510835886001587,-0.05530696362257004,1.0659427642822266,0.4299987699446251,0.4215899418134359,0,0
1.651829481124878,-0.05822756513953209,1.066483497619629,0.4292770890914136,0.41468230690243835,0,0
1.6525943279266357,-0.06120431795716286,1.0670305490493774,0.4187276654992133,0.41486940128002614,0,0
1.6533774137496948,-0.06423281878232956,1.0675604343414307,0.4039452096617632,0.423453751190952,0,0
1.6541774272918701,-0.06730847805738449,1.0680458545684814,0.434080376735414,0.43015477689797843,0,0
1.6549938917160034,-0.0704265832901001,1.0684823989868164,0.42802975416281436,0.4073142501074077,0,0
1.655825138092041,-0.07358283549547195,1.068887710571289,0.4277815157512055,0.43775226953038154,0,0
1.6566698551177979,-0.0767735093832016,1.0692791938781738,0.42794345202090395,0.4276932819642701,0,0
1.6575267314910889,-0.07999559491872787,1.069671869277954,0.41861865164533185,0.41055299058403516,0,0
1.6583945751190186,-0.08324658870697021,1.0700639486312866,0.43769928960342136,0.4125675457579366,0,0
1.6592727899551392,-0.08652418106794357,1.0704412460327148,0.42002899430704915,0.4084092342336955,0,0
1.660160779953003,-0.0898260548710823,1.0707963705062866,0.40696747088328034,0.42367475576895486,1,1
1.661057949066162,-0.0931498110294342,1.0711250305175781,0.432548857410076,0.4242249670950004,0,0
1.6619641780853271,-0.09649308770895004,1.071427345275879,0.41257514796938966,0.4143560722715162,0,0
1.6628787517547607,-0.09985379874706268,1.0717154741287231,0.42900095702807256,0.4309087554518981,0,0
1.663800835609436,-0.10323019325733185,1.0719990730285645,0.4289720220252157,0.445070883650497,0,0
1.6647303104400635,-0.1066209003329277,1.0722763538360596,0.42006739431550855,0.41318794041532414,0,0
1.665666103363037,-0.11002478748559952,1.0725456476211548,0.41223664870781823,0.4117893548584489,0,0
1.6666088104248047,-0.11344075202941895,1.0728063583374023,0.40969260440913857,0.41712349721048453,0,0
1.6675574779510498,-0.11686770617961884,1.073047399520874,0.44428418511488643,0.42236293072669684,0,0
1.6685121059417725,-0.12030444294214249,1.0732731819152832,0.4231762344406306,0.4216529013000755,0,0
1.669472336769104,-0.12374982982873917,1.073485255241394,0.4222018904154987,0.4302631430182296,0,0
1.6704381704330444,-0.1272028535604477,1.073689341545105,0.42195346007593526,0.4320364839592598,0,0
1.6714091300964355,-0.1306627094745636,1.073886513710022,0.4142836884819276,0.42571012121757046,0,0
1.672384262084961,-0.13412879407405853,1.0740774869918823,0.44113840485530814,0.4225044986428585,0,0
1.6733644008636475,-0.13760051131248474,1.0742617845535278,0.43630112119880937,0.41379350026626954,0,0
1.6743487119674683,-0.14107739925384521,1.0744366645812988,0.41962605511160633,0.4087683280174916,0,0
1.6753371953964233,-0.14455890655517578,1.0746045112609863,0.4086796985347606,0.42230665264218215,0,0
1.6763291358947754,-0.14804449677467346,1.0747615098953247,0.420977471833795,0.4103018112561704,0,0
1.6773250102996826,-0.15153361856937408,1.0749123096466064,0.4464928305077409,0.42326546736687176,0,0
1.678324580192566,-0.15502581000328064,1.0750561952590942,0.4354108596449074,0.4289957531633306,0,0
1.6793270111083984,-0.15852071344852448,1.075193166732788,0.4386849683477902,0.4114811017704458,0,0
1.680332899093628,-0.1620180457830429,1.0753259658813477,0.43337076594589274,0.4124728609219819,0,0
1.6813414096832275,-0.16551758348941803,1.0754551887512207,0.42773354108728734,0.40952736270524875,0,0
1.6823527812957764,-0.16901908814907074,1.075576663017273,0.42306226237949274,0.4236218180941546,0,0
1.6833666563034058,-0.17252233624458313,1.0756913423538208,0.4216358841242701,0.4234554729372404,0,0
1.6843830347061157,-0.1760270893573761,1.0757993459701538,0.41553544289626637,0.4123769461248998,0,0
1.6854019165039062,-0.17953310906887054,1.0759038925170898,0.42333402451581187,0.41070846674433875,0,0
1.68642258644104,-0.18304024636745453,1.0760048627853394,0.434766172767372,0.42045673946337153,0,0
1.6874454021453857,-0.18654826283454895,1.0760982036590576,0.4068798896933239,0.41392429091141636,0,0
1.6884701251983643,-0.19005712866783142,1.0761871337890625,0.4276082328844414,0.4070981703706369,0,0
1.6894969940185547,-0.19356669485569,1.0762710571289062,0.4212008001362525,0.4223444112343829,0,0
1.6905252933502197,-0.1970769315958023,1.07635498046875,0.40500475180064077,0.4090304106290733,0,0
1.6915555000305176,-0.20058800280094147,1.076241374015808,0.42397994941586303,0.3966984992044925,0,0
1.6925859451293945,-0.20409731566905975,1.076016902923584,0.42957188836811067,0.4255303487429282,0,0
1.6936149597167969,-0.20760132372379303,1.0757341384887695,0.4304019873478309,0.41944261614519396,0,0
1.6946396827697754,-0.211096853017807,1.0754367113113403,0.42543607969866815,0.41769801421785063,0,0
1.6956595182418823,-0.2145816683769226,1.0749588012695312,0.42386826285669277,0.39859919212440653,0,0
1.696671962738037,-0.21805137395858765,1.0743731260299683,0.4182163058351032,0.4219262425102319,0,0
1.697675347328186,-0.22150106728076935,1.0737206935882568,0.42840665465282923,0.4139117624382274,0,0
1.6986674070358276,-0.22492638230323792,1.0730265378952026,0.44813785268813827,0.42999999616829093,0,0
1.699645757675171,-0.22832462191581726,1.0723384618759155,0.41678162926464457,0.42075155469654935,1,1
1.7006101608276367,-0.23169513046741486,1.07166588306427,0.4166940105025359,0.4066410259608598,0,0
1.7015599012374878,-0.23503869771957397,1.071010947227478,0.4129698612625726,0.4196752405927856,0,0
1.7024961709976196,-0.23835797607898712,1.0705775022506714,0.3940581440731242,0.4139468716091619,0,0
1.7034193277359009,-0.24165350198745728,1.0702755451202393,0.4177501391845105,0.4146269364859135,0,0
1.7043299674987793,-0.24492551386356354,1.0700500011444092,0.43035977165685524,0.41973924889910524,0,0
1.7052292823791504,-0.2481745183467865,1.0698741674423218,0.41253102381908413,0.4116309043319155,0,0
1.7061189413070679,-0.25140178203582764,1.0697299242019653,0.40490220514837066,0.40961888849882805,0,0
1.7070008516311646,-0.2546095550060272,1.0696182250976562,0.4024657612318262,0.413494034839543,0,0
1.7078770399093628,-0.2578010857105255,1.0695440769195557,0.42562654929244076,0.4038334006797605,0,0
1.7087503671646118,-0.2609798312187195,1.0694873332977295,0.414930093671968,0.42684274272864176,0,0
1.709623098373413,-0.26414954662323,1.0694217681884766,0.41619025636128176,0.4139917224795463,0,0
1.7104966640472412,-0.26731371879577637,1.0693295001983643,0.40823755994523186,0.42094969000577004,0,0
1.7113728523254395,-0.27047598361968994,1.0692164897918701,0.4274303627600599,0.4197738979992602,0,0
1.7122527360916138,-0.27364039421081543,1.069105863571167,0.4260771237971526,0.4190922364080338,0,0
1.7131363153457642,-0.27681055665016174,1.0690128803253174,0.4220127431406962,0.4242252245722788,0,0
1.7140254974365234,-0.2799900770187378,1.068943738937378,0.41219040504115845,0.40923842055806553,0,0
1.714921474456787,-0.2831817865371704,1.0688928365707397,0.4256776709208575,0.42026744610970745,0,0
1.715825080871582,-0.28638771176338196,1.0688480138778687,0.404243229518063,0.40900410845680657,0,0
1.7167367935180664,-0.2896091938018799,1.068794846534729,0.41426074177627503,0.41580091741097763,0,0
1.717657208442688,-0.2928469777107239,1.0687294006347656,0.41209502634259726,0.421473617271948,0,0
1.7185866832733154,-0.2961016595363617,1.068662405014038,0.40733968466324366,0.4201920225572705,0,0
1.7195241451263428,-0.2993733584880829,1.0686001777648926,0.4216806121867795,0.4313847776147035,0,0
1.7204698324203491,-0.3026619255542755,1.0685405731201172,0.41529273198567856,0.4198811801073169,0,0
1.7214235067367554,-0.3059670925140381,1.0684831142425537,0.42225650624349875,0.40960933883762884,0,0
1.722383737564087,-0.3092881441116333,1.0684317350387573,0.42194420514110875,0.4194166167794453,0,0
1.7233504056930542,-0.31262439489364624,1.068385362625122,0.4093481547553234,0.4033724431464031,0,0
1.724323034286499,-0.3159750699996948,1.0683380365371704,0.41250528102424283,0.4231527653478928,0,0
1.7253010272979736,-0.31933948397636414,1.068286657333374,0.4287797436859583,0.41227446360598147,0,0
1.7262831926345825,-0.32271695137023926,1.0682294368743896,0.4119886519959684,0.4303905666086,0,0
1.7272698879241943,-0.32610657811164856,1.0681726932525635,0.4250376834848757,0.40824289130764235,0,0
1.7282601594924927,-0.32950788736343384,1.0683176517486572,0.4177910080328132,0.49135247276545635,0,0
1.729253888130188,-0.3329170346260071,1.068572759628296,0.42782262677490407,0.4869373554018595,0,0
1.7302494049072266,-0.3363291323184967,1.0688921213150024,0.4163408990412739,0.4980958378767785,0,0
1.7312456369400024,-0.3397391438484192,1.0692439079284668,0.41243866466762275,0.507398813966055,0,0
1.7322412729263306,-0.34314313530921936,1.069591760635376,0.4011642872656141,0.5051456979277306,0,0
1.7332342863082886,-0.3465384244918823,1.0699436664581299,0.40920124396904467,0.4999602830893364,0,0
1.7342243194580078,-0.34992361068725586,1.0703086853027344,0.429761480981568,0.49065121523305155,0,0
1.7352101802825928,-0.35329827666282654,1.070664405822754,0.419792551884531,0.47986258144336513,0,0
1.736192226409912,-0.35666289925575256,1.0710090398788452,0.4260923358965247,0.512701601505367,0,0
1.7371704578399658,-0.360018789768219,1.0713376998901367,0.41828599306124437,0.49319461216831884,0,0
1.7381454706192017,-0.36336803436279297,1.0716444253921509,0.41249283458859,0.481486992556525,0,0
1.7391178607940674,-0.3667127788066864,1.0719335079193115,0.4117213920034912,0.4954619806046365,0,0
1.740088939666748,-0.3700551986694336,1.072220802307129,0.40026408838532385,0.504316337796287,0,0
1.7410597801208496,-0.3733971118927002,1.072509765625,0.4239496710103019,0.5120213597139798,0,0
1.742031216621399,-0.3767401874065399,1.0727990865707397,0.40956051576326086,0.49289209583890237,0,0
1.7430044412612915,-0.3800857365131378,1.0730795860290527,0.39783952294995567,0.5092558970968206,0,0
1.7439796924591064,-0.38343527913093567,1.0733437538146973,0.4363432151933106,0.4962872432792233,0,0
1.7449573278427124,-0.38679006695747375,1.0735849142074585,0.4269667483128893,0.5084589021891828,0,0
1.7459385395050049,-0.39015161991119385,1.0738073587417603,0.411087912058812,0.49573343701879957,0,0
1.7469229698181152,-0.3935208320617676,1.0740225315093994,0.4256529640588304,0.49631041844585333,0,0
1.7479113340377808,-0.3968985974788666,1.0742274522781372,0.4164775447224563,0.5073506588378381,0,0
1.7489032745361328,-0.4002850353717804,1.0744233131408691,0.41602251976068816,0.5109301489765212,0,0
1.7498995065689087,-0.40368011593818665,1.0746139287948608,0.42027564916883775,0.5049644711632595,0,0
1.750899314880371,-0.4070838987827301,1.0747939348220825,0.4187191847404652,0.5001040106366672,0,0
1.7519030570983887,-0.4104960262775421,1.0749651193618774,0.41713296317949716,0.49154811185834263,0,0
1.7529104948043823,-0.4139161705970764,1.0751304626464844,0.421616579981161,0.4936264354720265,0,0
1.7539211511611938,-0.4173436760902405,1.0752875804901123,0.39499469783471997,0.5188501454076797,0,0
1.7549347877502441,-0.4207783043384552,1.0754365921020508,0.4205849355298042,0.49741332726754733,0,0
1.7559514045715332,-0.4242193102836609,1.0755805969238281,0.4134430314902058,0.5167636560205097,0,0
1.7569701671600342,-0.4276665151119232,1.075720191001892,0.42103741741929607,0.5069993958359449,0,0
1.7579913139343262,-0.4311193823814392,1.0758546590805054,0.43600933211588944,0.4849230783161967,0,0
1.759014368057251,-0.4345776438713074,1.0759801864624023,0.43345042148928675,0.49757308036307224,0,0
1.7600396871566772,-0.4380408227443695,1.0761018991470337,0.41763567676471275,0.4933073459758526,0,0
1.7610666751861572,-0.44150853157043457,1.0762150287628174,0.4280757139090133,0.5000666974831384,0,0
1.762095332145691,-0.44498029351234436,1.0763213634490967,0.4228830599416802,0.5121981288336586,0,0
1.7631254196166992,-0.4484557807445526,1.0764206647872925,0.4220061393824919,0.5213126705336224,0,0
1.7641568183898926,-0.45193466544151306,1.0765191316604614,0.40808754241426115,0.4967060269541049,0,0
1.7651896476745605,-0.45541664958000183,1.0766160488128662,0.42732490888549574,0.5105396468864098,0,0
1.766223430633545,-0.4589014947414398,1.0767093896865845,0.4391341598829146,0.49378537666684136,0,0
1.7672585248947144,-0.4623889923095703,1.0767959356307983,0.43664762744330476,0.5180522810151837,0,0
1.7682949304580688,-0.4658789038658142,1.0768779516220093,0.4951349056137185,0.506291141292889,0,0
1.7693320512771606,-0.46937093138694763,1.0769559144973755,0.5066993724553478,0.5056008788006262,0,0
1.7703702449798584,-0.47286486625671387,1.0770289897918701,0.5055872700528656,0.4836880643902685,0,0
1.771409511566162,-0.47636064887046814,1.077099084854126,0.4890496697017993,0.5076771592211278,0,0
1.7724493741989136,-0.47985807061195374,1.0771675109863281,0.4979173144513741,0.5056018053351565,0,0
1.773490309715271,-0.48335686326026917,1.0772343873977661,0.5168949067534044,0.501760735210777,0,0
1.7745318412780762,-0.4868570566177368,1.0772933959960938,0.49671041398977755,0.5076399788826217,0,0
1.7755742073059082,-0.49035847187042236,1.0773508548736572,0.5094143060954729,0.5215211112617869,0,0
1.7766175270080566,-0.4938609302043915,1.0774080753326416,0.5105690933320929,0.49044579013502526,0,0
1.7776614427566528,-0.49736446142196655,1.0774592161178589,0.4929404742561316,0.4957985960062005,0,0
1.7787065505981445,-0.5008688569068909,1.0775126218795776,0.504535846265337,0.5129103275400111,0,0
1.7797516584396362,-0.5043739676475525,1.077561378479004,0.513037680753608,0.4877608339726781,0,0
1.7807977199554443,-0.5078796744346619,1.0776057243347168,0.5156298557546294,0.500279154230165,0,0
1.7818443775177002,-0.5113861560821533,1.0776500701904297,0.4884597807651667,0.4801175288551324,0,0
1.7828917503356934,-0.5148931741714478,1.0776896476745605,0.5023496350292024,0.5033582656674007,0,0
1.783939242362976,-0.5184006690979004,1.0777289867401123,0.48287287075048985,0.49941386486075995,0,0
1.7849878072738647,-0.5219085812568665,1.077765703201294,0.5122426862250495,0.4988928398779742,0,0
1.7860368490219116,-0.5254167914390564,1.0778026580810547,0.4976385944695018,0.49177985436778815,0,0
1.787086009979248,-0.528925359249115,1.0778361558914185,0.5048421053159082,0.5143942666746101,0,0
1.7881360054016113,-0.5324342250823975,1.0778695344924927,0.5069285491711945,0.493486964052578,0,0
1.7891862392425537,-0.5359432697296143,1.0778985023498535,0.5186157534312709,0.5150523788266338,0,0
1.7902369499206543,-0.5394526124000549,1.0779277086257935,0.4892439336015506,0.4958668866246175,0,0
1.791288137435913,-0.5429620742797852,1.0779566764831543,0.5030854895738707,0.49665449947951446,0,0
1.792339563369751,-0.5464717745780945,1.0779858827590942,0.48673115085580787,0.5039396635794418,0,0
1.793391466140747,-0.5499815940856934,1.0780080556869507,0.48328797163837245,0.48810440438456904,0,0
1.7944443225860596,-0.5534915924072266,1.0780303478240967,0.4917368977311637,0.49509910042999583,0,0
1.7954965829849243,-0.557001531124115,1.0780525207519531,0.5036778152066982,0.4745874124442996,0,0
1.796549677848816,-0.5605117082595825,1.0780748128890991,0.5143750052551993,0.48762483488642433,0,0
1.7976031303405762,-0.5640217661857605,1.0780987739562988,0.5127965952107902,0.4998139373190229,0,0
1.7986565828323364,-0.5675320625305176,1.078116774559021,0.527739550247035,0.5070626948879497,0,0
1.7997103929519653,-0.5710422396659851,1.078134536743164,0.5004885225507225,0.49568457231721813,0,0
1.8007646799087524,-0.5745525360107422,1.0781527757644653,0.501893812960579,0.49420700961722247,0,0
1.8018189668655396,-0.5780627727508545,1.078170657157898,0.507734151094154,0.5012306928912953,0,0
1.8028736114501953,-0.5815730690956116,1.0781885385513306,0.497555484400775,0.48656069133964164,0,0
1.8039286136627197,-0.5850833654403687,1.0782066583633423,0.48837705461114445,0.5126336291462152,0,0
1.8049836158752441,-0.588593602180481,1.0782177448272705,0.5001614622803244,0.4942212303531447,0,0
1.8060389757156372,-0.592103898525238,1.0782288312911987,0.5102543725259953,0.4944943505417587,0,0
1.8070944547653198,-0.5956140756607056,1.078239917755127,0.5013340559737984,0.48773970927355975,0,0
1.808150053024292,-0.5991243124008179,1.0782511234283447,0.5117611913286856,0.5136389258590451,0,0
1.8092063665390015,-0.6026344895362854,1.078262209892273,0.4957989102731434,0.4915492360409177,0,0
1.8102623224258423,-0.6061447262763977,1.0782732963562012,0.5065230248067952,0.5002641585113327,0,0
1.8113183975219727,-0.6096548438072205,1.0782843828201294,0.4950073308656122,0.506192843986408,0,0
1.8123748302459717,-0.6131649613380432,1.0782954692840576,0.49347868269996625,0.4902438941130452,0,0
1.8134311437606812,-0.6166750192642212,1.0783066749572754,0.519740500433305,0.5046650422444043,0,0
1.814488172531128,-0.6201850175857544,1.0783137083053589,0.4963665307162547,0.4930522437034369,0,0
1.8155450820922852,-0.6236950755119324,1.0783205032348633,0.5193535310819585,0.4944128216696783,0,0
1.8166022300720215,-0.627204954624176,1.0783271789550781,0.4796933624728084,0.5038815750585213,0,0
1.8176594972610474,-0.6307148933410645,1.078334093093872,0.5020479613951331,0.4977389039091976,0,0
1.8187168836593628,-0.6342248320579529,1.078341007232666,0.5175405128099305,0.49848409648696607,0,0
1.8197740316390991,-0.6377346515655518,1.0783478021621704,0.4964749258463045,0.5043475347181321,0,0
1.8208314180374146,-0.6412444710731506,1.0783545970916748,0.5103887660509455,0.49465110084855524,0,0
1.8218889236450195,-0.64475417137146,1.0783613920211792,0.5161870893744485,0.5036167760397888,0,0
1.822946548461914,-0.6482639312744141,1.0783684253692627,0.5069841356064007,0.48822833104741364,0,0
1.8240041732788086,-0.6517736315727234,1.078375220298767,0.5092253977900647,0.5140556164695463,0,0
1.8250619173049927,-0.6552833318710327,1.0783820152282715,0.49744527377894676,0.4867304766005072,0,0
1.8261197805404663,-0.6587929725646973,1.0783886909484863,0.5081338123093817,0.4920973345724941,0,0
1.8271775245666504,-0.6623026132583618,1.0783958435058594,0.5091064567845411,0.5198000762310766,0,0
1.8282358646392822,-0.6658121943473816,1.0784025192260742,0.49574775960506273,0.498574593628478,0,0
1.829293966293335,-0.6693217158317566,1.0784025192260742,0.4902841306557538,0.4960170264482946,0,0
1.8303524255752563,-0.6728312969207764,1.0784025192260742,0.5008205508588869,0.5054892767670558,0,0
1.831410527229309,-0.6763407588005066,1.0784025192260742,0.48828004352778187,0.49849178944370565,0,0
1.8324687480926514,-0.6798507571220398,1.07840895652771,0.5157807026532388,0.48810511028357567,0,0
1.8335280418395996,-0.6833578944206238,1.0784165859222412,0.497118603129979,0.4804735253301299,0,0
1.834593653678894,-0.6868538856506348,1.078428030014038,0.5114231029617862,0.5040906627549712,0,0
1.8356704711914062,-0.6903249621391296,1.0784413814544678,0.5092138194084279,0.501312242638365,0,0
1.836766242980957,-0.6937530636787415,1.078453779220581,0.5041496193465911,0.4808231324616039,0,0
1.837890863418579,-0.6971158981323242,1.0784637928009033,0.5050168275595495,0.4935440310510317,0,0
1.8390556573867798,-0.7003893852233887,1.0784698724746704,0.49545308054354426,0.48606772547386123,0,0
1.8402724266052246,-0.7035498023033142,1.0784761905670166,0.49878163898474237,0.5082081944871071,0,0
1.8415526151657104,-0.7065764665603638,1.0784841775894165,0.4895955431972832,0.5067851639202868,0,0
1.842908263206482,-0.7094517350196838,1.0784952640533447,0.4957400623964647,0.4984270147735248,0,0
1.8443511724472046,-0.7121610045433044,1.078507423400879,0.47442499649751135,0.5039537559101114,0,0
1.8458893299102783,-0.7146915793418884,1.078519582748413,0.5070669470628447,0.48835678917710257,0,0
1.847528100013733,-0.7170336246490479,1.0785295963287354,0.4959040491874517,0.49741270098274276,0,0
1.8492722511291504,-0.7191802263259888,1.0785386562347412,0.4963066905165187,0.5186459150988276,0,0
1.8511238098144531,-0.7211278080940247,1.0785439014434814,0.4989254018574382,0.4889093327399765,0,0
1.853083848953247,-0.7228759527206421,1.0785431861877441,0.491140735017831,0.5017266111205098,0,0
1.8551526069641113,-0.7244274616241455,1.0785408020019531,0.4906625844160859,0.5021271289017173,0,0
1.8573276996612549,-0.725787341594696,1.0785349607467651,0.5078150987737388,0.502974157373197,0,0
1.8596060276031494,-0.7269623875617981,1.078527808189392,0.4957740575478516,0.4866029744079428,0,0
1.861984372138977,-0.7279611825942993,1.0785181522369385,0.49144276487514965,0.49795761675198974,0,0
1.8644601106643677,-0.7287933230400085,1.078507423400879,0.4932914289632484,0.5147865158706099,0,0
1.8670287132263184,-0.7294689416885376,1.0784947872161865,0.49231621285979194,0.5084844182068271,0,0
1.8696844577789307,-0.7299986481666565,1.0784825086593628,0.4998245666280412,0.4967683877171737,0,0
1.8724201917648315,-0.7303927540779114,1.0784711837768555,0.48659805974502973,0.49246750686488705,0,0
1.8752281665802002,-0.730661153793335,1.078462839126587,0.5101648468925176,0.5072576200081854,0,0
1.8781019449234009,-0.7308136224746704,1.0784558057785034,0.49746265528318245,0.5050093936361166,0,0
1.8810352087020874,-0.7308590412139893,1.0784491300582886,0.492397567565552,0.49565347126881054,0,0
1.8840234279632568,-0.7308063507080078,1.0784413814544678,0.5121005996016675,0.49777668885749293,0,0
1.8870632648468018,-0.7306642532348633,1.0784342288970947,0.49220671609299327,0.4710462075086031,0,0
1.8901503086090088,-0.7304408550262451,1.0784271955490112,0.5134865616170935,0.5080793141115397,0,0
1.8932808637619019,-0.7301437258720398,1.0784214735031128,0.5004108919313103,0.5089281234637157,0,0
1.8964488506317139,-0.7297793030738831,1.0784175395965576,0.5026855486015742,0.5109648429753332,0,0
1.8996503353118896,-0.7293536067008972,1.0784142017364502,0.49938059592958883,0.4849470983219124,0,0
1.9028807878494263,-0.7288720607757568,1.0784128904342651,0.5124474464828234,0.483681861463885,0,0
1.9061379432678223,-0.728339433670044,1.078410029411316,0.49464113680610555,0.4914281850101898,0,0
1.9094187021255493,-0.7277603149414062,1.0784072875976562,0.47934051209017864,0.5180137168356702,0,0
1.912723183631897,-0.7271388173103333,1.0784062147140503,0.5068887380850571,0.4851607680491162,0,0
1.9160490036010742,-0.7264790534973145,1.0784066915512085,0.508827757280216,0.49769645823615616,0,0
1.9193944931030273,-0.7257841229438782,1.0784025192260742,0.5092060527491392,0.4741934344643114,0,0
1.9227575063705444,-0.7250574231147766,1.078402042388916,0.5090130926730487,0.488307847585002,0,0
1.926135778427124,-0.7243015170097351,1.0784012079238892,0.5046931704285871,0.5080258417438078,0,0
1.9295278787612915,-0.7235190272331238,1.078399419784546,0.4860843829982844,0.4982027275408948,0,0
1.9329320192337036,-0.7227120995521545,1.0783987045288086,0.5041044340097132,0.5051782822459193,0,0
1.9363477230072021,-0.7218828201293945,1.0783990621566772,0.509165205178015,0.5078150083522162,0,0
1.9397740364074707,-0.7210330963134766,1.0783993005752563,0.4904317201331248,0.4843716152567293,0,0
1.943210244178772,-0.7201648354530334,1.0783991813659668,0.5009076383987714,0.5117369502013652,0,0
1.9466558694839478,-0.7192796468734741,1.0784000158309937,0.5108762442479675,0.5006442653410715,0,0
1.9501091241836548,-0.7183788418769836,1.078399658203125,0.49759224579861705,0.5233513907953522,0,0
1.9535694122314453,-0.7174639701843262,1.078399896621704,0.5036943305147417,0.48757424530042587,0,0
1.9570355415344238,-0.7165360450744629,1.0783984661102295,0.5087330361126816,0.491723217863521,0,0
1.9605069160461426,-0.7155962586402893,1.0783973932266235,0.5155106469299694,0.47799112696488727,0,0
1.9639829397201538,-0.7146456837654114,1.0783963203430176,0.4979994404850788,0.492734320642074,0,0
1.967463731765747,-0.7136852741241455,1.078395128250122,0.49574845359363334,0.49952046071542583,0,0
1.970948576927185,-0.7127158641815186,1.0783939361572266,0.505714287182333,0.4891943220887571,0,0
1.97443687915802,-0.7117382884025574,1.0783926248550415,0.4885164259722213,0.4909802352450681,0,0
1.9779287576675415,-0.710753321647644,1.0783923864364624,0.4975669535100345,0.5003004293391113,0,0
1.9814231395721436,-0.7097616195678711,1.0783913135528564,0.5127077200085158,0.499289900720709,0,0
1.984919786453247,-0.7087637782096863,1.078390121459961,0.5031352996474545,0.4981700563408017,0,0
1.9884183406829834,-0.7077600955963135,1.0783891677856445,0.48640482249844674,0.502042275467412,0,0
1.991918683052063,-0.7067514061927795,1.078389048576355,0.5189218025735219,0.5029957124509635,0,0
1.9954204559326172,-0.7057380676269531,1.078389048576355,0.5066183464972329,0.5111343358621858,0,0
1.9989241361618042,-0.7047204971313477,1.0783886909484863,0.5021532047253523,0.49530252600382746,0,0
2.0024287700653076,-0.703698992729187,1.0783886909484863,0.5197187807211973,0.5165314005248979,0,0
2.005934953689575,-0.7026739716529846,1.0783885717391968,0.5153692324680983,0.5135664357219768,0,0
2.00944185256958,-0.7016458511352539,1.0783874988555908,0.49945043056777055,0.5058258046117446,0,0
2.0129494667053223,-0.7006146907806396,1.0783874988555908,0.504443132576467,0.49901997763435396,0,0
2.0164577960968018,-0.6995809078216553,1.0783873796463013,0.4968921094702461,0.5066776890180772,0,0
2.0199666023254395,-0.6985446810722351,1.0783872604370117,0.4950991217829226,0.5049000634691871,0,0
2.0234758853912354,-0.6975063681602478,1.0783871412277222,0.5017071497859299,0.4837694590230642,0,0
2.0269854068756104,-0.6964660882949829,1.0783872604370117,0.5008529410124714,0.5127843282414486,0,0
2.0304956436157227,-0.6954238414764404,1.0783871412277222,0.4997135386269596,0.5044625503045336,0,0
2.034006357192993,-0.6943800449371338,1.0783863067626953,0.519420263024553,0.499637925932953,0,0
2.0375170707702637,-0.693334698677063,1.0783861875534058,0.5178941190119697,0.4881129069322254,0,0
2.041027784347534,-0.6922879815101624,1.0783860683441162,0.49183655475993315,0.476100795942183,0,0
2.044538736343384,-0.691240131855011,1.0783860683441162,0.5028147937110127,0.5019115685702097,0,0
2.0480499267578125,-0.6901910901069641,1.0783860683441162,0.5011788354610032,0.5020306874866904,0,0
2.051560878753662,-0.689141035079956,1.0783861875534058,0.4965617624642056,0.5066173078304076,0,0
2.0550718307495117,-0.6880900859832764,1.0783861875534058,0.4878783205433856,0.4926195343707555,0,0
2.0585830211639404,-0.6870381832122803,1.0783861875534058,0.5045509704981429,0.49958629324580095,0,0
2.062094211578369,-0.6859856247901917,1.0783860683441162,0.490473250129241,0.4928007426767085,0,0
2.065605401992798,-0.6849322319030762,1.0783860683441162,0.4915211046696439,0.5197881621808426,0,0
2.0691168308258057,-0.6838781833648682,1.0783860683441162,0.5026710833636787,0.5165579052501781,0,0
2.0726280212402344,-0.6828235387802124,1.0783860683441162,0.49543140460594376,0.49536907149386494,0,0
2.076139211654663,-0.6817683577537537,1.0783859491348267,0.5008594039092161,0.4959609188766159,0,0
2.0796501636505127,-0.6807127594947815,1.0783859491348267,0.49308797819618166,0.5016066128644233,0,0
2.0831611156463623,-0.6796566843986511,1.0783860683441162,0.49587082404628013,0.49718276226575,0,0
2.086672067642212,-0.6786002516746521,1.0783859491348267,0.493691211011301,0.5005568239302861,0,0
2.0901827812194824,-0.6775434613227844,1.0783859491348267,0.4859944774476117,0.48755191846266577,0,0
2.093693733215332,-0.6764863729476929,1.0783859491348267,0.5164572348485934,0.5041325126574441,0,0
2.0972044467926025,-0.6754289269447327,1.0783859491348267,0.4914450080585395,0.4834163740856156,0,0
2.100715398788452,-0.6743713021278381,1.0783859491348267,0.4955934321479888,0.515420759369111,0,0
2.1042261123657227,-0.6733133792877197,1.0783859491348267,0.5128422677750512,0.500614230559094,0,0
2.107736825942993,-0.6722552180290222,1.0783859491348267,0.5269200676673611,0.49616235679580334,0,0
2.1112473011016846,-0.6711969375610352,1.0783859491348267,0.5093721879146155,0.48746285326640354,0,0
2.114757776260376,-0.6701384782791138,1.078385829925537,0.501739125519798,0.5030227331231418,0,0
2.1182680130004883,-0.6690798997879028,1.078385829925537,0.49265676445435064,0.4756542387353463,0,0
2.1217784881591797,-0.6680210828781128,1.078385829925537,0.4925025660491213,0.5025390259528965,0,0
2.125288486480713,-0.6669622659683228,1.078385829925537,0.5065408691082889,0.47795589405807154,0,0
2.128798723220825,-0.6659033298492432,1.078385829925537,0.5143949704910584,0.5021897961849179,0,0
2.1323089599609375,-0.664844274520874,1.078385829925537,0.5009220077833269,0.49202613454266886,0,0
2.1358189582824707,-0.6637850999832153,1.078385829925537,0.506721075234148,0.5046239804405677,0,0
2.139328956604004,-0.6627258062362671,1.078385829925537,0.4983233240281555,0.5093847252558638,0,0
2.142838954925537,-0.6616664528846741,1.078385829925537,0.5083181449538174,0.5101947134649777,0,0
2.1463489532470703,-0.6606070399284363,1.078385829925537,0.4941889165537148,0.502167730437906,0,0
2.1498587131500244,-0.6595475077629089,1.078385829925537,0.5237183834322272,0.49909144630452734,0,0
2.1533684730529785,-0.6584879755973816,1.078385829925537,0.5025317087898618,0.5061839506512643,0,0
2.1568782329559326,-0.6574282646179199,1.078385829925537,0.5111465280239385,0.5153604414880506,0,0
2.1603879928588867,-0.6563684344291687,1.078385829925537,0.4919397624826444,0.492368766586489,0,0
2.1638975143432617,-0.6553086042404175,1.078385829925537,0.4898493545066354,0.5126821612101359,0,0
2.1674070358276367,-0.6542485952377319,1.078385829925537,0.5019150966190444,0.503747105320579,0,0
2.1709165573120117,-0.6531885862350464,1.078385829925537,0.5072535190781676,0.49876521557334363,0,0
2.1744258403778076,-0.6521283984184265,1.078385829925537,0.5031804404795809,0.5037515107648883,0,0
2.1779351234436035,-0.6510680913925171,1.078385829925537,0.4845953006067913,0.5085533163483958,0,0
2.1814444065093994,-0.6500077247619629,1.078385829925537,0.5080163958937902,0.48793026516117655,0,0
2.1849536895751953,-0.6489473581314087,1.078385829925537,0.504515655038806,0.5029820643870712,0,0
2.188462972640991,-0.6478869318962097,1.078385829925537,0.50633915851607,0.5064732098924813,0,0
2.191972017288208,-0.6468265056610107,1.078385829925537,0.49062521369350437,0.49884850006629194,0,0
2.195481061935425,-0.645766019821167,1.078385829925537,0.4960848883848677,0.5135849811347509,0,0
2.1989901065826416,-0.6447055339813232,1.078385829925537,0.49491773117942206,0.49458045243699195,0,0
2.2024991512298584,-0.6436449885368347,1.078385829925537,0.4931535099653449,0.5016104997284864,0,0
2.206008195877075,-0.6425844430923462,1.078385829925537,0.5063398421145282,0.4933784340364657,0,0
2.209517240524292,-0.6415238976478577,1.078385829925537,0.49355442297632823,0.48800922342471903,0,0
2.2130258083343506,-0.6404632925987244,1.078385829925537,0.5059857538634795,0.5137208769844603,0,0
2.2165346145629883,-0.6394026875495911,1.078385829925537,0.5164780526122852,0.5084838828454843,0,0
2.220043420791626,-0.638342022895813,1.078385829925537,0.5014206910792139,0.49824994985174353,0,0
2.2235519886016846,-0.6372813582420349,1.078385829925537,0.49723273050556666,0.4908844670762931,0,0
2.2270607948303223,-0.6362206935882568,1.078385829925537,0.5177646721905809,0.4976713186811589,0,0
2.230569362640381,-0.6351599097251892,1.078385829925537,0.48347373894066037,0.4999287804824863,0,0
2.2340779304504395,-0.6340991854667664,1.078385829925537,0.4897075417578798,0.4908048067336481,0,0
2.237586498260498,-0.6330384016036987,1.078385829925537,0.4869201576568163,0.49894498554007094,0,0
2.2410953044891357,-0.6319776177406311,1.078385829925537,0.48657003542685756,0.47755856175131006,0,0
2.2446038722991943,-0.6309168338775635,1.078385829925537,0.513277018323974,0.4967428605350125,0,0
2.248112201690674,-0.6298560500144958,1.078385829925537,0.4962156863549899,0.4909780054081362,0,0
2.2516205310821533,-0.6287952065467834,1.078385829925537,0.4958053338697642,0.49593743612058805,0,0
2.255128860473633,-0.6277343034744263,1.078385829925537,0.4965763510001896,0.4917799797298665,0,0
2.2586374282836914,-0.6266734004020691,1.078385829925537,0.5144584429514756,0.5050490478552415,0,0
2.262145519256592,-0.6256124973297119,1.078385829925537,0.503106841068533,0.520491889140423,0,0
2.2656538486480713,-0.62455153465271,1.078385829925537,0.4817633137157822,0.48594036298551513,0,0
2.26916241645813,-0.623490571975708,1.078385829925537,0.5030601293497289,0.5296257607810233,0,0
2.2726705074310303,-0.622429609298706,1.078385829925537,0.48974170501523806,0.4944786408019015,0,0
2.2761785984039307,-0.6213685870170593,1.078385829925537,0.5130516456292793,0.4797924492110192,0,0
2.279686689376831,-0.6203075647354126,1.078385829925537,0.48067303100293374,0.4959814100073459,0,0
2.2831947803497314,-0.6192464828491211,1.078385829925537,0.5065019209808439,0.49718631243033623,0,0
2.286702871322632,-0.6181854009628296,1.078385829925537,0.5002663686289383,0.4944606136122808,0,0
2.2902112007141113,-0.6171243190765381,1.0783859491348267,0.5082125895684261,0.5034696731954397,0,0
2.2937192916870117,-0.6160632371902466,1.0783859491348267,0.4998180787935118,0.4972600418413272,0,0
2.297227382659912,-0.6150020956993103,1.0783859491348267,0.48849923156628033,0.4970207863582058,0,0
2.3007349967956543,-0.6139410138130188,1.0783859491348267,0.5061807587750398,0.49117309156154887,0,0
2.3042428493499756,-0.6128799915313721,1.0783859491348267,0.4871327862267064,0.4883421657163282,0,0
2.307750701904297,-0.6118190288543701,1.0783859491348267,0.5065707183526464,0.49598922669818524,0,0
2.311258554458618,-0.6107580661773682,1.0783859491348267,0.49371516820124833,0.5086683753929028,0,0
2.3147664070129395,-0.609697163105011,1.0783859491348267,0.5017140962524856,0.5002143756074962,0,0
2.3182740211486816,-0.6086363792419434,1.0783859491348267,0.4843496609545208,0.5040183635502945,0,0
2.321781873703003,-0.607575535774231,1.0783859491348267,0.5162971452808296,0.5123000462166138,0,0
2.325289487838745,-0.6065147519111633,1.0783859491348267,0.5028805196186705,0.5108465680384899,0,0
2.3287975788116455,-0.6054540872573853,1.0783859491348267,0.49240283687317604,0.4951660517301389,0,0
2.332305431365967,-0.6043933629989624,1.0783859491348267,0.4944909348344735,0.49237187204314753,0,0
2.335813045501709,-0.6033326387405396,1.0783859491348267,0.49136958392560104,0.49956405371397,0,0
2.3393211364746094,-0.6022719740867615,1.0783859491348267,0.48488797172454806,0.5020570452650321,0,0
2.3428289890289307,-0.6012113690376282,1.0783859491348267,0.5033956389887807,0.5003384616795551,0,0
2.346336603164673,-0.6001508235931396,1.0783859491348267,0.5032690027249804,0.5019278003277783,0,0
2.3498446941375732,-0.5990902781486511,1.0783859491348267,0.4893965823025122,0.5204809201920652,0,0
2.3533525466918945,-0.5980297327041626,1.0783859491348267,0.4931434969694677,0.5080670306353519,0,0
2.356860399246216,-0.5969692468643188,1.0783859491348267,0.5015604286699263,0.48148446113847865,0,0
2.360368251800537,-0.5959088206291199,1.0783859491348267,0.49199892656789734,0.4985869331411946,0,0
2.3638761043548584,-0.5948484539985657,1.0783859491348267,0.5002306811737881,0.49195669391851427,0,0
2.367384195327759,-0.5937880873680115,1.0783859491348267,0.5031725141804336,0.5028281384689529,0,0
2.37089204788208,-0.592727780342102,1.0783859491348267,0.5015303259154965,0.49340480195753994,0,0
2.3744001388549805,-0.5916674733161926,1.0783859491348267,0.4879692510162673,0.5164677145698457,0,0
2.3779077529907227,-0.5906071662902832,1.0783859491348267,0.5043446050501473,0.4968643392183998,0,0
2.381415605545044,-0.5895470380783081,1.0783859491348267,0.5007186934617259,0.5033676305134702,0,0
2.384923219680786,-0.5884868502616882,1.0783859491348267,0.4914236268700671,0.4844963197424104,0,0
2.3884310722351074,-0.5874267220497131,1.0783859491348267,0.49321741936696023,0.4895945202051999,0,0
2.3919389247894287,-0.5863666534423828,1.0783859491348267,0.49834737773062765,0.4912246422367221,0,0
2.39544677734375,-0.5853065848350525,1.0783859491348267,0.5134203905670285,0.5061329387298836,0,0
2.3989546298980713,-0.5842465162277222,1.0783859491348267,0.4982110233638339,0.4830038907278119,0,0
2.4024622440338135,-0.5831865072250366,1.0783859491348267,0.5071410483208271,0.48586965706328494,0,0
2.4059700965881348,-0.5821265578269958,1.0783859491348267,0.5251492274705927,0.5002320627427846,0,0
2.409477710723877,-0.5810666680335999,1.0783859491348267,0.5013669582103436,0.5084715861452679,0,0
2.4129855632781982,-0.5800067186355591,1.0783859491348267,0.4976208142269013,0.4978069560454153,0,0
2.4164934158325195,-0.5789467692375183,1.0783859491348267,0.5156822447197573,0.49770781756587124,0,0
2.420001268386841,-0.5778869390487671,1.0783859491348267,0.49687607855110977,0.5025189734151941,0,0
2.423509359359741,-0.5768271088600159,1.0783859491348267,0.49818289499254875,0.5061454548503672,0,0
2.4270172119140625,-0.5757673382759094,1.0783859491348267,0.5075566055351942,0.4853596980943782,0,0
2.4305248260498047,-0.574707567691803,1.0783859491348267,0.501000827905622,0.49056660367520183,0,0
2.434032678604126,-0.5736479163169861,1.0783859491348267,0.5048593222297896,0.4898764201674693,0,0
2.437540292739868,-0.5725882649421692,1.0783859491348267,0.4898463378630267,0.5147837080467307,0,0
2.4410483837127686,-0.5715286135673523,1.0783859491348267,0.5092545679146723,0.5146589083961678,0,0
2.44455623626709,-0.5704689621925354,1.0783859491348267,0.5017980356340839,0.52135082601634,0,0
2.448063850402832,-0.5694093108177185,1.0783859491348267,0.4962457505427217,0.49394444727461634,0,0
2.4515717029571533,-0.5683497190475464,1.0783859491348267,0.5057082695732258,0.47918353890224247,0,0
2.4550795555114746,-0.567290186882019,1.0783859491348267,0.4971702072536849,0.4849872222019902,0,0
2.458587646484375,-0.5662306547164917,1.0783859491348267,0.5188179407115617,0.5007690017142236,0,0
2.4620954990386963,-0.5651712417602539,1.0783859491348267,0.501023402333812,0.49441667799863,0,0
2.4656033515930176,-0.5641118288040161,1.0783859491348267,0.4771973755410497,0.4796993891871996,0,0
2.469111204147339,-0.5630524158477783,1.0783859491348267,0.5034985033962847,0.5027093000442047,0,0
2.47261905670166,-0.5619931221008301,1.0783859491348267,0.494641635993912,0.4940101749856579,0,0
2.4761271476745605,-0.5609337687492371,1.0783859491348267,0.48756331569251005,0.500787330664241,0,0
2.479635000228882,-0.5598745346069336,1.0783859491348267,0.5116421952799263,0.5037262464990359,0,0
2.483142852783203,-0.5588152408599854,1.0783859491348267,0.500329977639827,0.5065104811921752,0,0
2.4866504669189453,-0.5577560067176819,1.0783859491348267,0.5153966269912248,0.5049446152364693,0,0
2.4901583194732666,-0.5566968321800232,1.0783859491348267,0.47268252226601276,0.5106837364098515,0,0
2.493665933609009,-0.5556375980377197,1.0783859491348267,0.5037452846902282,0.4901162054374283,0,0
2.49717378616333,-0.5545784831047058,1.0783859491348267,0.4881504500277581,0.506466904600103,0,0
2.5006816387176514,-0.5535193681716919,1.0783859491348267,0.5011277724252371,0.5075033891782904,0,0
2.5041897296905518,-0.552460253238678,1.0783859491348267,0.49904522087802006,0.5038212936849059,0,0
2.507697582244873,-0.5514011979103088,1.0783859491348267,0.4837223715607947,0.4984303811686655,0,0
2.5112054347991943,-0.5503421425819397,1.0783859491348267,0.49501964935921566,0.48332028059385607,0,0
2.5147130489349365,-0.5492831468582153,1.0783859491348267,0.4914272594314663,0.5180943921998631,0,0
2.518221139907837,-0.548224151134491,1.0783859491348267,0.5078635568183822,0.4942954651014498,0,0
2.521728992462158,-0.5471651554107666,1.0783859491348267,0.5010744104074362,0.5073801098856621,0,0
2.5252366065979004,-0.5461062788963318,1.0783859491348267,0.5101540968026168,0.49674494054941665,0,0
2.5287444591522217,-0.5450473427772522,1.0783859491348267,0.4897089278209435,0.4834290846052857,0,0
2.532252073287964,-0.5439884662628174,1.0783859491348267,0.5074087568449538,0.5093440470647977,0,0
2.535759925842285,-0.5429295897483826,1.0783859491348267,0.5043234522026857,0.47860233384278406,0,0
2.5392677783966064,-0.5418707728385925,1.0783859491348267,0.48995564367436184,0.49553478731441936,0,0
2.542775869369507,-0.5408120155334473,1.0783859491348267,0.5037673437143423,0.49507917405068014,0,0
2.546283721923828,-0.539753258228302,1.0783859491348267,0.4962981285900412,0.5143500579396937,0,0
2.5497915744781494,-0.5386945009231567,1.0783859491348267,0.49967358078118435,0.5076873154929478,0,0
2.5532994270324707,-0.537635862827301,1.0783859491348267,0.495943682177244,0.5076077402671003,0,0
2.556807279586792,-0.5365772247314453,1.0783859491348267,0.4944555350915179,0.48812664778808,0,0
2.5603153705596924,-0.5355186462402344,1.0783859491348267,0.5103521654288186,0.49609380466706154,0,0
2.5638232231140137,-0.5344600677490234,1.0783859491348267,0.48615108770956067,0.49612871619218796,0,0
2.567331075668335,-0.5334014296531677,1.0783859491348267,0.5062520838362063,0.5037583517900155,0,0
2.5708389282226562,-0.5323428511619568,1.0783859491348267,0.49483154185698164,0.4952177810069024,0,0
2.5743467807769775,-0.5312842726707458,1.0783859491348267,0.48992799998223385,0.5126586659515346,0,0
2.577854633331299,-0.5302258133888245,1.0783859491348267,0.5043770049496917,0.5004981844195476,0,0
2.58136248588562,-0.5291673541069031,1.0783859491348267,0.49917683438833477,0.4998018286624215,0,0
2.5848703384399414,-0.5281088948249817,1.0783859491348267,0.5158731753349796,0.5111246570204369,0,0
2.5883781909942627,-0.5270504951477051,1.0783859491348267,0.5086280036130039,0.5086771236904305,0,0
2.591885805130005,-0.5259921550750732,1.0783859491348267,0.5051512805612699,0.5105187605124121,0,0
2.595393657684326,-0.5249338746070862,1.0783859491348267,0.5199539805199475,0.4959064098455296,0,0
2.5989012718200684,-0.5238755941390991,1.0783859491348267,0.5001106146630706,0.5081161358585702,0,0
2.6024091243743896,-0.5228173136711121,1.0783859491348267,0.50257013740678,0.4970389701146473,0,0
2.605916738510132,-0.521759033203125,1.0783859491348267,0.5137137682214128,0.49483075615515637,0,0
2.6094248294830322,-0.5207006931304932,1.0783859491348267,0.4746759509907564,0.5041706518287069,0,0
2.6129326820373535,-0.5196425318717957,1.0783859491348267,0.5129495106278273,0.5133297345988604,0,0
2.6164402961730957,-0.5185843110084534,1.0783859491348267,0.49816222373713387,0.505279737845841,0,0
2.619948148727417,-0.5175261497497559,1.0783859491348267,0.5016564361516685,0.5046496644288315,0,0
2.6234560012817383,-0.5164679884910583,1.0783859491348267,0.4944367732497693,0.4957824591674803,0,0
2.6269640922546387,-0.5154098272323608,1.0783859491348267,0.4990112331940402,0.5210613894587834,0,0
2.63047194480896,-0.5143517255783081,1.0783859491348267,0.506291743747515,0.5061806856741775,0,0
2.6339797973632812,-0.5132937431335449,1.0783859491348267,0.496021695435008,0.48253161478364076,0,0
2.6374874114990234,-0.5122357606887817,1.0783859491348267,0.4991564473705841,0.48226929548988495,0,0
2.6409952640533447,-0.5111777782440186,1.0783859491348267,0.4923581576077163,0.49059779814849397,0,0
2.644503116607666,-0.5101198554039001,1.0783859491348267,0.4989951680033191,0.49172214645452583,0,0
2.6480112075805664,-0.509061872959137,1.0783859491348267,0.49529573433872937,0.5097299701330557,0,0
2.6515190601348877,-0.5080039501190186,1.0783859491348267,0.49758843147251064,0.509933210273727,0,0
2.655026912689209,-0.5069460272789001,1.0783859491348267,0.5073861987536837,0.5070466230493246,0,0
2.6585347652435303,-0.5058881640434265,1.0783859491348267,0.48714995332225414,0.5147677122432697,0,0
2.6620426177978516,-0.5048303008079529,1.0783859491348267,0.5080532172888693,0.49304747110726743,0,0
2.665550708770752,-0.5037724375724792,1.0783859491348267,0.502970343030086,0.5201323679911707,0,0
2.6690585613250732,-0.5027146339416504,1.0783859491348267,0.4851304870754023,0.5046770669373563,0,0
2.6725664138793945,-0.5016567707061768,1.0783859491348267,0.49592476544199965,0.49549179258975795,0,0
2.6760740280151367,-0.5005990266799927,1.0783859491348267,0.49317191915870146,0.4860953238792924,0,0
2.679581880569458,-0.499541312456131,1.0783859491348267,0.4915828339955446,0.49171041020254175,0,0
2.6830894947052,-0.4984836280345917,1.0783859491348267,0.5018585251374582,0.4907133318287398,0,0
2.6865973472595215,-0.49742597341537476,1.0783859491348267,0.49471371142665765,0.5101073956052513,0,0
2.6901049613952637,-0.49636825919151306,1.0783859491348267,0.5093043279260522,0.49021837861747797,0,0
2.693613052368164,-0.49531057476997375,1.0783859491348267,0.5082323800232551,0.49143169889897875,0,0
2.6971209049224854,-0.49425292015075684,1.0783859491348267,0.48822848355485166,0.495634629819156,0,0
2.7006285190582275,-0.4931953549385071,1.0783859491348267,0.5141145850055969,0.49496141119585657,0,0
2.704136371612549,-0.4921378195285797,1.0783859491348267,0.5021769707388692,0.5034948610229472,0,0
2.70764422416687,-0.49108025431632996,1.0783859491348267,0.4955736765429298,0.5128097401192876,0,0
2.7111523151397705,-0.4900226891040802,1.0783859491348267,0.5017794037622683,0.48304857309668936,0,0
2.714660167694092,-0.4889652132987976,1.0783859491348267,0.5073903299017366,0.4986622131702342,0,0
2.718168020248413,-0.4879077672958374,1.0783859491348267,0.5017747202265415,0.512813537575863,0,0
2.7216756343841553,-0.4868502616882324,1.0783859491348267,0.5017212485989242,0.4937162497342849,0,0
2.7251834869384766,-0.4857928454875946,1.0783859491348267,0.49928484339176443,0.5175666991133905,0,0
2.728691339492798,-0.4847354590892792,1.0783859491348267,0.48968847737922677,0.4883463046672046,0,0
2.7321994304656982,-0.48367807269096375,1.0783859491348267,0.5070741561318881,0.4893539278939042,0,0
2.7357072830200195,-0.4826207756996155,1.0783859491348267,0.49724971985777194,0.5039043160886971,0,0
2.739215135574341,-0.48156338930130005,1.0783859491348267,0.4655034747486332,0.5021189154879006,0,0
2.742722988128662,-0.4805060625076294,1.0783859491348267,0.4806630652033607,0.5047685095467022,0,0
2.7462308406829834,-0.47944876551628113,1.0783859491348267,0.4999322274720207,0.5123381325004523,0,0
2.749738931655884,-0.47839149832725525,1.0783859491348267,0.5115414309303877,0.4878720497272067,0,0
2.753246784210205,-0.47733429074287415,1.0783859491348267,0.482943464768735,0.4902108416012476,0,0
2.7567546367645264,-0.47627702355384827,1.0783859491348267,0.4897620094128791,0.5036467105433085,0,0
2.7602624893188477,-0.47521984577178955,1.0783859491348267,0.5008216226649393,0.49075016405463573,0,0
2.763770341873169,-0.47416260838508606,1.0783859491348267,0.49197516558139903,0.501740114092659,0,0
2.7672781944274902,-0.4731054902076721,1.0783859491348267,0.4894749362311489,0.4981245060177483,0,0
2.7707860469818115,-0.4720483422279358,1.0783859491348267,0.4824059782605881,0.5120193550091786,0,0
2.774293899536133,-0.47099122405052185,1.0783859491348267,0.5023474407022543,0.512882711366592,0,0
2.777801752090454,-0.4699341058731079,1.0783859491348267,0.505274477344324,0.5002806040826581,0,0
2.7813093662261963,-0.46887704730033875,1.0783859491348267,0.501402217993734,0.48875499438779996,0,0
2.7848172187805176,-0.4678199589252472,1.0783859491348267,0.5058227157215073,0.49556060821218556,0,0
2.7883248329162598,-0.4667629897594452,1.0783859491348267,0.5034297576981631,0.5318138968666996,0,0
2.791832685470581,-0.4657059907913208,1.0783859491348267,0.495639560295722,0.5022468084735111,0,0
2.7953405380249023,-0.4646490216255188,1.0783859491348267,0.4900549504868253,0.4984552331469945,0,0
2.7988483905792236,-0.4635920822620392,1.0783859491348267,0.49463686014213515,0.4988293179534465,0,0
2.802356481552124,-0.4625351130962372,1.0783859491348267,0.5092327847174419,0.5069862689538384,0,0
