state_xs,state_ys,state_yaws,state_lasers1,state_lasers2,laser_values1,laser_values2
-3.4604045140440576e-07,6.24940366122928e-09,0.7853980660438538,0.4884267381090991,0.5120558127075039,0,0
1.453851268706785e-06,1.8654152000863178e-08,0.785400390625,0.5071770428978525,0.5197836670334416,0,0
1.1944424841203727e-05,-3.8966817328400793e-07,0.7854067087173462,0.5099843927107279,0.5051089595952883,0,0
4.186663863947615e-05,-2.67879340754007e-06,0.7854195237159729,0.5007956346141852,0.5139246132683676,0,0
0.00010536902846070006,-8.531603270967025e-06,0.7854453921318054,0.4967482587770936,0.5086519368737151,0,0
0.00021895584359299392,-1.8226450265501626e-05,0.7854890823364258,0.517596388532982,0.510179232893665,0,0
0.00040076172444969416,-2.980818499054294e-05,0.7855477929115295,0.5116258251483423,0.494465427597171,0,0
0.0006693738978356123,-3.975774234277196e-05,0.7856144905090332,0.500590143186937,0.4964172149203249,0,0
0.0010423519415780902,-4.472669024835341e-05,0.785680890083313,0.5001471681576037,0.4937629248482824,0,0
0.001535314484499395,-4.309208452468738e-05,0.7857387065887451,0.5046417904132073,0.4793433234716011,0,0
0.0021618478931486607,-3.5724922781810164e-05,0.7857840061187744,0.5004514804222345,0.5285725934197489,0,0
0.0029332893900573254,-2.549265445850324e-05,0.7858191728591919,0.4932279590373682,0.5237227225615836,0,0
0.0038579232059419155,-1.5477644410566427e-05,0.785845935344696,0.5023487643006536,0.4880076696123683,0,0
0.004940765909850597,-7.5445277616381645e-06,0.785866916179657,0.5182793730076244,0.48272062892310913,0,0
0.006184303667396307,-2.206137196480995e-06,0.7858795523643494,0.5144896844959683,0.5035049266193495,0,0
0.007589033339172602,8.666341386742715e-07,0.7858805656433105,0.49207148683287266,0.504593836672001,0,0
0.009153245016932487,2.2636268113274127e-06,0.7858738899230957,0.5022456014943261,0.4916815738651566,0,0
0.010873207822442055,2.7206756385567132e-06,0.785862147808075,0.5026873826246763,0.5009838555508176,0,0
0.012743517756462097,3.4644392599147977e-06,0.7858472466468811,0.4931723007506374,0.48342632902781274,0,0
0.014757557772099972,6.227914127521217e-06,0.785830020904541,0.5117379133857578,0.5015762291274666,0,0
0.01690800115466118,1.2597995919350069e-05,0.7858081459999084,0.4958628348406075,0.5190647235994217,0,0
0.019187074154615402,2.311467869731132e-05,0.7857785820960999,0.4856229347958339,0.4960472536280672,0,0
0.021586384624242783,3.6692443245556206e-05,0.7857446670532227,0.4921748427207351,0.5132828195621193,0,0
0.024097194895148277,5.094178777653724e-05,0.7857133746147156,0.49133398882724805,0.508639683886727,0,0
0.02671114355325699,6.348731403704733e-05,0.785690188407898,0.48650681522337386,0.49143257692967496,0,0
0.02942037768661976,7.308065687539056e-05,0.7856748700141907,0.5000481388185013,0.5151676777164642,0,0
0.03221718221902847,8.011410682229325e-05,0.7856655716896057,0.5001861810188497,0.4864407545471535,0,0
0.03509388118982315,8.635576523374766e-05,0.785659909248352,0.4988172902012952,0.4929587371679614,0,0
0.03804340213537216,9.371110354550183e-05,0.7856544256210327,0.5011487392409986,0.5128473290506237,0,0
0.041059453040361404,0.00010316132829757407,0.7856473326683044,0.49368835984218634,0.48896546300117727,0,0
0.04413599520921707,0.00011431745951995254,0.7856400609016418,0.49285814488644286,0.506073974465969,0,0
0.04726725444197655,0.0001257129479199648,0.7856338024139404,0.49936966230198837,0.5012925608045944,0,0
0.05044811591506004,0.00013580553059000522,0.7856308221817017,0.48638408474045114,0.5003977430669699,0,0
0.05367419496178627,0.0001437654864275828,0.7856306433677673,0.49985412445082633,0.5226154748302997,0,0
0.05694139003753662,0.0001497456105425954,0.7856342196464539,0.5182095014756966,0.4892379752513579,0,0
0.06024575233459473,0.0001547066931379959,0.785637378692627,0.4823916606140325,0.49845210691886993,0,0
0.06358381360769272,0.00015972692926879972,0.7856409549713135,0.4811038425139067,0.4912381848307984,0,0
0.06695260107517242,0.00016540600336156785,0.7856435775756836,0.5156655718459593,0.4864876379012266,0,0
0.07034934312105179,0.00017168540216516703,0.7856464982032776,0.49781661021063855,0.5090568518209763,0,0
0.07377137988805771,0.00017794567975215614,0.7856497764587402,0.5005711093755184,0.4900522252257085,0,0
0.07721635699272156,0.00018351388280279934,0.7856529951095581,0.49596041170839616,0.49125880845647585,0,0
0.08068227022886276,0.00018801998521666974,0.7856578230857849,0.5004468399278905,0.4898276509786947,0,0
0.0841672420501709,0.0001915509346872568,0.7856646776199341,0.5057620169243048,0.5107939208816313,0,0
0.0876694768667221,0.00019456485460978001,0.785670280456543,0.5000758869438052,0.49776389192330917,0,0
0.09118738025426865,0.00019756918482016772,0.785674512386322,0.48797524492858946,0.5055967613894357,0,0
0.09471960365772247,0.00020084722200408578,0.7856786847114563,0.4731816952323709,0.49332021809069754,0,0
0.09826484322547913,0.00020437731291167438,0.7856830954551697,0.4940696363598945,0.47992721512925157,0,0
0.10182186216115952,0.00020787803805433214,0.7856873273849487,0.4932827945199541,0.4770995271792229,0,0
0.10538957267999649,0.00021103127801325172,0.7856919169425964,0.500171716865327,0.5039162221422094,0,0
0.10896700620651245,0.00021366764849517494,0.785697340965271,0.5026364576814479,0.48086236297566337,0,0
0.11255321651697159,0.0002158356219297275,0.7857025861740112,0.4837542826778071,0.49820231463071396,0,0
0.11614740639925003,0.00021775657660327852,0.7857081294059753,0.5111674005811221,0.49312107146008644,0,0
0.11974877119064331,0.00021967728389427066,0.7857128381729126,0.49120489641592474,0.4973618768273029,0,0
0.1233566552400589,0.00022174148762132972,0.7857175469398499,0.5014190478568096,0.512018441657634,0,0
0.12697045505046844,0.0002239359891973436,0.7857232093811035,0.49397305946263087,0.48461617212946745,0,0
0.1305895745754242,0.00022612109023611993,0.7857280373573303,0.5160717458271018,0.5089494929507296,0,0
0.13421346247196198,0.00022815115517005324,0.7857329249382019,0.5085806692930807,0.48492460515475605,0,0
0.13784168660640717,0.0002299437765032053,0.7857377529144287,0.5000839499565702,0.47434998886776825,0,0
0.14147384464740753,0.00023152161156758666,0.7857427597045898,0.4992695085962621,0.5115466248319126,0,0
0.14510950446128845,0.0002329916605958715,0.7857478260993958,0.5103622574134844,0.49934828708289253,0,0
0.14874833822250366,0.00023446451814379543,0.7857517004013062,0.5023313020524305,0.5046908597977381,0,0
0.1523900330066681,0.00023600610438734293,0.78575599193573,0.4997900134904038,0.49035547878453734,0,0
0.15603429079055786,0.00023761032207403332,0.7857608795166016,0.5067205296551183,0.5142706301198714,0,0
0.15968090295791626,0.00023921696993056685,0.7857651114463806,0.4968419870745,0.4969581407267762,0,0
0.1633295863866806,0.00024075954570434988,0.7857691645622253,0.4958628801917642,0.49820285834013456,0,0
0.16698019206523895,0.00024220529303420335,0.7857734560966492,0.5019247662944938,0.4848265479807997,0,0
0.1706325113773346,0.00024356697394978255,0.7857785820960999,0.5059322996189051,0.5167206154298688,0,0
0.17428633570671082,0.00024489330826327205,0.7857828140258789,0.49042897050832357,0.49639558247850346,0,0
0.17794150114059448,0.00024623755598440766,0.7857869267463684,0.4988762929287757,0.4860035396722774,0,0
0.18159788846969604,0.0002476245572324842,0.7857911586761475,0.509537277514934,0.499007277899402,0,0
0.18525537848472595,0.0002490530605427921,0.7857955098152161,0.4821626381195389,0.48675997674461635,0,0
0.18891380727291107,0.00025049273972399533,0.7857987284660339,0.48806416705759215,0.4985441327458192,0,0
0.1925731748342514,0.0002519176050554961,0.7858021259307861,0.5022556092792717,0.5175620971486926,0,0
0.196233332157135,0.0002533116494305432,0.7858055830001831,0.49725006671100863,0.4910310128310568,0,0
0.19989416003227234,0.00025467711384408176,0.7858088612556458,0.50727602529832,0.5028819694805828,0,0
0.20355567336082458,0.0002560339926276356,0.7858123183250427,0.4955083661518226,0.48677927447087727,0,0
0.2072177529335022,0.00025740268756635487,0.7858139872550964,0.5024753807850819,0.49547179614012127,0,0
0.2108803540468216,0.000258792337263003,0.7858173847198486,0.48888686546090865,0.4954863364274239,0,0
0.214543417096138,0.0002601997402962297,0.7858206629753113,0.5127983430147057,0.523670156149406,0,0
0.21820694208145142,0.00026161360437981784,0.785824179649353,0.4958842519162175,0.49561289605255776,0,0
0.22187083959579468,0.00026302013429813087,0.7858276963233948,0.47294941680978514,0.511284791204676,0,0
0.2255350649356842,0.0002644164196681231,0.7858293056488037,0.5026385742639831,0.4830728569616238,0,0
0.2291996031999588,0.0002658009761944413,0.7858309745788574,0.5005673284522872,0.49204689292708104,0,0
0.23286445438861847,0.000267182505922392,0.7858327627182007,0.5167136404157261,0.5081951052119117,0,0
0.23652960360050201,0.00026856831391341984,0.7858344316482544,0.5124752167653802,0.5114364509455132,0,0
0.24019496142864227,0.00026996037922799587,0.7858361005783081,0.5025320267481477,0.5035527964997338,0,0
0.24386057257652283,0.00027136041899211705,0.785837709903717,0.4887810597177957,0.4927653978548958,0,0
0.2475263625383377,0.0002727591199800372,0.7858395576477051,0.4840865252914755,0.5131110621051382,0,0
0.2511923015117645,0.0002741542411968112,0.785841166973114,0.5072692507833,0.5017375637623646,0,0
0.25485846400260925,0.0002755419409368187,0.7858428359031677,0.49385312372459444,0.49590505901084164,0,0
0.25852465629577637,0.000276928796665743,0.7858446836471558,0.4876679612041376,0.49739433969311186,0,0
0.2621910274028778,0.00027831995976157486,0.7858462929725647,0.5027145191808464,0.4958084852653167,0,0
0.2658574879169464,0.00027972334646619856,0.7858479619026184,0.4857776719389239,0.47239710598406714,0,0
0.2695240080356598,0.00028114134329371154,0.7858479619026184,0.5073066854672074,0.515204034073725,0,0
0.27319061756134033,0.0002825738920364529,0.7858479619026184,0.509522759848775,0.49793992008263965,0,0
0.27685728669166565,0.0002840224769897759,0.7858479619026184,0.5009766865491686,0.48433231484620193,0,0
0.28052401542663574,0.0002854848571587354,0.7858479619026184,0.5236267267025805,0.5121872969244369,0,0
0.2841908037662506,0.0002869628951884806,0.7858479619026184,0.5067986070342216,0.513638620785364,0,0
0.28785765171051025,0.0002884550776798278,0.7858479619026184,0.4980970180901081,0.49473102404162694,0,0
0.29152458906173706,0.0002899611135944724,0.7858479619026184,0.5185847251607484,0.4948406025268034,0,0
0.29519158601760864,0.00029148359317332506,0.7858479619026184,0.49432010675159027,0.4946623285205038,0,0
0.298858642578125,0.0002930190530605614,0.7858479619026184,0.5157552310278128,0.4900074152712393,0,0
0.3025257885456085,0.0002945702290162444,0.7858479619026184,0.49150121449398704,0.4995565325069543,0,0
0.30619296431541443,0.00029613435617648065,0.7858479619026184,0.4994078981124076,0.5058561001763761,0,0
0.3098601996898651,0.0002977140247821808,0.7858479619026184,0.5032540988586753,0.4905219857832459,0,0
0.31352749466896057,0.0002993072266690433,0.7858479619026184,0.4994760032410204,0.5186633158079587,0,0
0.3171948194503784,0.0003009151841979474,0.7858479619026184,0.48546865331888045,0.5055692120199847,0,0
0.3208622932434082,0.0003025364421773702,0.7858479619026184,0.5065216104162465,0.48123529080411154,0,0
0.32452982664108276,0.00030417321249842644,0.7858479619026184,0.5005021564042403,0.5052880219608847,0,0
0.3281973898410797,0.0003058224101550877,0.7858479619026184,0.48631250248026203,0.48831725265903964,0,0
0.33186501264572144,0.00030748647986911237,0.7858479619026184,0.48678905923792476,0.5058123124098337,0,0
0.3355327248573303,0.0003091648395638913,0.7858479619026184,0.49128443235072433,0.49796844240015514,0,0
0.3392004668712616,0.0003108559176325798,0.7858479619026184,0.49755670711902544,0.5141330209784414,0,0
0.34286826848983765,0.0003125620714854449,0.7858479619026184,0.498281855238661,0.5007769765788417,0,0
0.34653612971305847,0.00031428103102371097,0.78584885597229,0.5102528676495032,0.5198591878320201,0,0
0.3502039611339569,0.0003160191990900785,0.78584885597229,0.49204559993477803,0.4957510247985531,0,0
0.3538719117641449,0.00031777340336702764,0.78584885597229,0.49948111317186994,0.5070943283028988,0,0
0.35753992199897766,0.0003195463214069605,0.7858495712280273,0.5090088493074895,0.4903493820475473,0,0
0.36120790243148804,0.0003213302115909755,0.7858505845069885,0.4934581026278391,0.48302264586113497,0,0
0.3648758828639984,0.00032311573158949614,0.7858505845069885,0.5060852809790714,0.5099116707148639,0,0
0.3685438334941864,0.0003249051223974675,0.7858505845069885,0.494861596979803,0.5070557865911274,0,0
0.37221184372901917,0.0003266966959927231,0.7858505845069885,0.519341457713718,0.505140793011176,0,0
0.37587976455688477,0.0003284896956756711,0.7858505845069885,0.4942823246534754,0.5103015168734354,0,0
0.37954771518707275,0.0003302858385723084,0.7858505845069885,0.48966582973365336,0.5054959646468208,0,0
0.3832157552242279,0.0003320843097753823,0.7858505845069885,0.49984269986925745,0.5057169686841171,0,0
0.3868837356567383,0.0003338864480610937,0.7858505845069885,0.5079951526660799,0.5089978726835404,0,0
0.3905516564846039,0.0003356903907842934,0.7858505845069885,0.48663040272608205,0.5021422151164179,0,0
0.3942195475101471,0.00033749782596714795,0.7858505845069885,0.49661378502215436,0.4998171193446119,0,0
0.3978874981403351,0.0003393072111066431,0.7858505845069885,0.48336931868024996,0.49753608740226707,0,0
0.4015553891658783,0.00034111886634491384,0.7858505845069885,0.52052224882556,0.4870223623238088,0,0
0.4052232503890991,0.00034293270437046885,0.7858505845069885,0.50119428282827,0.509732864437675,0,0
0.40889114141464233,0.00034475058782845736,0.7858505845069885,0.5087478519988528,0.5114947394845935,0,0
0.41255900263786316,0.0003465702757239342,0.7858505845069885,0.49764339938046576,0.5197694477412941,0,0
0.41622692346572876,0.0003483919717837125,0.7858505845069885,0.5188563919743951,0.49436466549649366,0,0
0.4198947846889496,0.0003502178587950766,0.7858505845069885,0.49061200724675513,0.4931308059783948,0,0
0.4235626459121704,0.00035204371670261025,0.7858505845069885,0.5011525023814579,0.5077232463014956,0,0
0.42723050713539124,0.0003538736782502383,0.7858505845069885,0.4956618367383871,0.48484105787814996,0,0
0.43089836835861206,0.0003557057643774897,0.7858505845069885,0.493203241969887,0.5193236236995801,0,0
0.4345661997795105,0.00035754169221036136,0.7858505845069885,0.5120409805634836,0.503600797023904,0,0
0.4382340610027313,0.0003593778528738767,0.7858505845069885,0.4960123015850924,0.4781522904773514,0,0
0.4419018626213074,0.00036121709854342043,0.7858505845069885,0.4861905545003145,0.49591699120844895,0,0
0.4455696642398834,0.00036305925459600985,0.7858505845069885,0.49152038192417125,0.4896887306052134,0,0
0.44923752546310425,0.00036490309867076576,0.7858505845069885,0.49406681874804764,0.5079610912216369,0,0
0.4529053568840027,0.00036675154115073383,0.7858505845069885,0.5023382345661794,0.49178488721326913,0,0
0.45657309889793396,0.0003685996634885669,0.7858505845069885,0.5040726412275925,0.49758509218958374,0,0
0.4602408707141876,0.0003704517730511725,0.7858505845069885,0.48799499961557175,0.4998447422268385,0,0
0.46390867233276367,0.00037230405723676085,0.7858505845069885,0.5050912699144164,0.4949748517394603,0,0
0.46757641434669495,0.00037416195846162736,0.7858505845069885,0.5082674796769001,0.49693910242479006,0,0
0.471244215965271,0.0003760205872822553,0.7858505845069885,0.49537654471918924,0.5095348495379022,0,0
0.47491195797920227,0.0003778809623327106,0.7858505845069885,0.5188397118293514,0.5041478623414499,0,0
0.4785797595977783,0.00037974558654241264,0.7858505845069885,0.5049949241273501,0.49410119335856234,0,0
0.482247531414032,0.0003816110547631979,0.7858505845069885,0.50500376763036,0.5072088868374606,0,0
0.48591527342796326,0.00038347876397892833,0.7858505845069885,0.501487791248426,0.5018466416142924,0,0
0.4895830452442169,0.0003853493253700435,0.7858505845069885,0.5071269762238584,0.5044174668888329,0,0
0.4932508170604706,0.00038722233148291707,0.7858505845069885,0.48669122197156306,0.49578045170674195,0,0
0.49691852927207947,0.0003890976950060576,0.7858505845069885,0.511853105767033,0.50008129105972,0,0
0.5005862712860107,0.00039097556145861745,0.7858505845069885,0.48281611939694624,0.4969734503210224,0,0
0.5042539834976196,0.00039285619277507067,0.7858505845069885,0.48901909285532136,0.5131263673486792,0,0
0.5079216957092285,0.00039473711512982845,0.7858505845069885,0.4948778340394467,0.5010557954641516,0,0
0.5115894079208374,0.00039662205381318927,0.7858505845069885,0.5058133668671823,0.5080672497431413,0,0
0.5152571201324463,0.0003985079238191247,0.7858505845069885,0.4989170032901766,0.5089913187020593,0,0
0.5189248323440552,0.00040039699524641037,0.7858505845069885,0.5090580713601168,0.507332521029605,0,0
0.5225925445556641,0.0004022871144115925,0.7858505845069885,0.5083585245923075,0.4966921901017773,0,0
0.5262601971626282,0.00040418110438622534,0.7858505845069885,0.5074953363682955,0.49310969613444094,0,0
0.5299278497695923,0.0004060761129949242,0.7858505845069885,0.5113561744223323,0.4941029368063312,0,0
0.5335955023765564,0.00040797446854412556,0.7858505845069885,0.49783822815509,0.5056445967194079,0,0
0.5372631549835205,0.0004098749195691198,0.7858505845069885,0.4912410068470267,0.49734852995838197,0,0
0.5409308075904846,0.0004117764765396714,0.7858505845069885,0.4940580984241563,0.5010589716037664,0,0
0.544598400592804,0.00041368106030859053,0.7858505845069885,0.5112149142841902,0.49490180418631585,0,0
0.5482661128044128,0.00041558771044947207,0.7858505845069885,0.5007720445411136,0.5012505115815845,0,0
0.551933765411377,0.00041749622323550284,0.7858505845069885,0.4966193613439393,0.505166426418217,0,0
0.5556014776229858,0.00041940706432797015,0.7858505845069885,0.4973161075234663,0.5171284478828589,0,0
0.55926913022995,0.00042131991358473897,0.7858505845069885,0.4986119668064075,0.49192005231741115,0,0
0.5629366636276245,0.00042323555680923164,0.7858505845069885,0.49312294949921615,0.5252644757004028,0,0
0.5666042566299438,0.0004251528298482299,0.7858505845069885,0.5043625886424868,0.5176626660443967,0,0
0.5702718496322632,0.0004270726058166474,0.7858505845069885,0.5064889003664007,0.5049455404175207,0,0
0.5739394426345825,0.00042899418622255325,0.7858505845069885,0.5064213618225758,0.5194681865751148,0,0
0.5776070356369019,0.0004309181240387261,0.7858505845069885,0.5077595846993993,0.4973154150408679,0,0
0.5812746286392212,0.00043284360435791314,0.7858505845069885,0.4976399257593841,0.504170846227177,0,0
0.5849421620368958,0.00043477118015289307,0.7858505845069885,0.5196375353216645,0.49815838533258416,0,0
0.5886097550392151,0.0004367025976534933,0.7858505845069885,0.4942423496865848,0.49537499844178906,0,0
0.5922774076461792,0.00043863317114301026,0.7858505845069885,0.4725554761170497,0.49930373931894967,0,0
0.5959450006484985,0.00044056744081899524,0.7858505845069885,0.5015277975193375,0.505324723856256,0,0
0.5996125936508179,0.00044250342762097716,0.7858505845069885,0.5020002018081229,0.5122482744384259,0,0
0.6032801270484924,0.00044444226659834385,0.7858505845069885,0.5090694413156832,0.5065177161366564,0,0
0.606947660446167,0.0004463827353902161,0.7858505845069885,0.5062128898279891,0.4876219956485734,0,0
0.6106151342391968,0.0004483248631004244,0.7858505845069885,0.4749135765856672,0.4842991643261251,0,0
0.6142826676368713,0.00045026963925920427,0.7858505845069885,0.5058176746052079,0.49343428431828235,0,0
0.6179502606391907,0.00045221575419418514,0.7858505845069885,0.49399164869937057,0.4984383851629554,0,0
0.6216177940368652,0.0004541646922007203,0.7858505845069885,0.4736310907272591,0.5090160870232963,0,0
0.6252853274345398,0.0004561149689834565,0.7858505845069885,0.49986000525294216,0.500804180851892,0,0
0.6289528012275696,0.00045806681737303734,0.7858505845069885,0.5022729947815769,0.500155391132524,0,0
0.6326203346252441,0.00046002204180695117,0.7858505845069885,0.48624030477785324,0.5123859221516254,0,0
0.6362878084182739,0.00046197851770557463,0.7858505845069885,0.5070161111863105,0.4918600403632969,0,0
0.6399552822113037,0.0004639365943148732,0.7858505845069885,0.5056986386955289,0.49564522948623013,0,0
0.6436227560043335,0.0004658974939957261,0.7858505845069885,0.5095570193771396,0.5087024810524872,0,0
0.6472902894020081,0.00046785984886810184,0.7858505845069885,0.5176228093813389,0.47944700355663544,0,0
0.6509577631950378,0.0004698239208664745,0.7858505845069885,0.5051858146136184,0.4766651856235276,0,0
0.6546252369880676,0.0004717905248980969,0.7858505845069885,0.48848098871442025,0.5103904148123413,0,0
0.6582927107810974,0.00047375893336720765,0.7858505845069885,0.5176515996929876,0.5192955647231735,0,0
0.6619601845741272,0.0004757301358040422,0.7858505845069885,0.5208686666854493,0.5217633511420879,0,0
0.665627658367157,0.00047770136734470725,0.7858505845069885,0.489970598229661,0.5200510029219362,0,0
0.6692951321601868,0.0004796747525688261,0.7858505845069885,0.5024389040517985,0.5005544094085776,0,0
0.6729626655578613,0.0004816512227989733,0.7858505845069885,0.4917595946345552,0.4987556217119041,0,0
0.6766300797462463,0.0004836288862861693,0.7858505845069885,0.5055217571364923,0.4910693427686704,0,0
0.6802974939346313,0.0004856095474679023,0.7858505845069885,0.4967887117480473,0.49619811237252753,0,0
0.6839648485183716,0.0004875908780377358,0.7858505845069885,0.4897174976302294,0.49982455412057064,0,0
0.6876322627067566,0.0004895738675259054,0.7858505845069885,0.5008532244570431,0.5003627768343996,0,0
0.6912996768951416,0.0004915597382932901,0.7858505845069885,0.501605492564013,0.4934982810167429,0,0
0.6949670910835266,0.0004935472388751805,0.7858505845069885,0.48937328143684317,0.5063868323763534,0,0
0.6986345648765564,0.0004955355543643236,0.7858505845069885,0.492600824976144,0.512900112897612,0,0
0.7023019790649414,0.000497526372782886,0.7858505845069885,0.5051363328470718,0.4995840061862578,0,0
0.7059694528579712,0.000499519519507885,0.7858505845069885,0.5241926998650867,0.5030234710467213,0,0
0.7096368074417114,0.0005015138885937631,0.7858505845069885,0.4878522211822056,0.5039970099870309,0,0
0.7133042812347412,0.0005035108770243824,0.7858505845069885,0.4899889157555162,0.4930480413661899,0,0
0.7169716358184814,0.0005055085639469326,0.7858505845069885,0.49138624678097587,0.5043249897988338,0,0
0.7206390500068665,0.0005075085209682584,0.7858505845069885,0.5017898808727251,0.5213524808852398,0,0
0.7243064045906067,0.0005095113883726299,0.7858505845069885,0.5047589979421886,0.5093582835357829,0,0
0.7279736995697021,0.0005115142557770014,0.7858505845069885,0.49237164721402976,0.48568053477370254,0,0
0.7316410541534424,0.0005135200335644186,0.7858505845069885,0.4937024982203176,0.5085029588818778,0,0
0.7353084087371826,0.0005155264516361058,0.7858505845069885,0.48973801083803276,0.4969739767512005,0,0
0.7389756441116333,0.0005175354308448732,0.7858505845069885,0.5048982612398666,0.4938902928748465,0,0
0.7426431179046631,0.0005195462144911289,0.7858505845069885,0.4905368409164948,0.5015155510207693,0,0
0.7463104128837585,0.0005215600831434131,0.7858505845069885,0.5016663907192617,0.49608369014659914,0,0
0.7499777674674988,0.000523573427926749,0.7858505845069885,0.4978697753499653,0.48856411906924324,0,0
0.753645122051239,0.0005255897995084524,0.7858505845069885,0.5030578515103156,0.5109511798648728,0,0
0.7573125958442688,0.0005276078591123223,0.7858505845069885,0.4863285574384377,0.5084388223033299,0,0
0.7609798312187195,0.0005296265590004623,0.7858505845069885,0.4906863160467147,0.48891462484288745,0,0
0.7646471261978149,0.0005316480528563261,0.7858505845069885,0.5037714418477925,0.48390330108495505,0,0
0.7683144211769104,0.0005336712347343564,0.7858505845069885,0.5171708892309381,0.4987571724186739,0,0
0.7719817161560059,0.0005356947658583522,0.7858505845069885,0.5102329317963089,0.49752798507744356,0,0
0.7756490111351013,0.0005377219640649855,0.7858505845069885,0.5076030468336002,0.4925390205697926,0,0
0.7793163061141968,0.0005397502100095153,0.7858505845069885,0.49849520685514703,0.5013281884248902,0,0
0.7829836010932922,0.0005417796783149242,0.7858505845069885,0.5065495109091531,0.5053509049923974,0,0
0.7866510152816772,0.0005438108928501606,0.7858505845069885,0.522068980819426,0.5018582285956973,0,0
0.7903183102607727,0.0005458442028611898,0.7858505845069885,0.5045082418030582,0.5132476114449095,0,0
0.7939855456352234,0.0005478785024024546,0.7858505845069885,0.5228841578809674,0.5048867139631869,0,0
0.7976528406143188,0.0005499151884578168,0.7858505845069885,0.48987930476334385,0.4957887219465202,0,0
0.8013201951980591,0.0005519536789506674,0.7858505845069885,0.533956697340773,0.5015409515508102,0,0
0.8049874901771545,0.0005539933335967362,0.7858505845069885,0.4988994080613252,0.49681793659067164,0,0
0.8086546659469604,0.0005560330464504659,0.7858505845069885,0.5063763606355935,0.5135196671218045,0,0
0.8123218417167664,0.0005580776487477124,0.7858505845069885,0.48954852650334746,0.5073942240371687,0,0
0.8159891366958618,0.0005601212033070624,0.7858505845069885,0.5131392980899128,0.5088676572006778,0,0
0.8196563720703125,0.000562167726457119,0.7858505845069885,0.5058139352504925,0.5009217520424019,0,0
0.8233235478401184,0.0005642153555527329,0.7858505845069885,0.4998016277549974,0.5041822890086813,0,0
0.8269908428192139,0.0005662651383318007,0.7858505845069885,0.49806218928406487,0.5005722934342223,0,0
0.8306581974029541,0.0005683169583790004,0.7858505845069885,0.4981654108547198,0.5057115599517433,0,0
0.8343254327774048,0.0005703682545572519,0.7858505845069885,0.5057187643993618,0.50127020185909,0,0
0.8379927277565002,0.0005724233924411237,0.7858505845069885,0.4953865312689641,0.5065558826741419,0,0
0.8416599035263062,0.0005744794034399092,0.7858505845069885,0.5091316999943035,0.5087497432775391,0,0
0.8453271985054016,0.0005765371024608612,0.7858505845069885,0.5022662275505391,0.47528091025526137,0,0
0.8489943742752075,0.0005785965477116406,0.7858505845069885,0.5013384781394805,0.49423858366360707,0,0
0.8526615500450134,0.0005806558183394372,0.7858505845069885,0.5092236423725841,0.49023639679059605,0,0
0.8563287258148193,0.0005827177665196359,0.7858505845069885,0.5044358324327911,0.5090845249618206,0,0
0.8599959015846252,0.000584782159421593,0.7858505845069885,0.5058307497999913,0.49392112390104626,0,0
0.8636630773544312,0.000586847250815481,0.7858505845069885,0.4999404878194813,0.5003881618884342,0,0
0.8673301935195923,0.0005889140302315354,0.7858505845069885,0.5068824918848724,0.48530890107693325,0,0
0.8709974884986877,0.0005909833125770092,0.7858505845069885,0.4987939816606617,0.4905848303345287,0,0
0.8746646046638489,0.0005930526531301439,0.7858505845069885,0.49136792409704877,0.5091740943077496,0,0
0.87833172082901,0.0005951241473667324,0.7858505845069885,0.5117298791262395,0.5084650811494059,0,0
0.8819989562034607,0.000597197562456131,0.7858505845069885,0.4844421154359747,0.5020686998958657,0,0
0.8856660723686218,0.0005992718506604433,0.7858505845069885,0.4841536661770361,0.5025757352139492,0,0
0.8893332481384277,0.0006013478268869221,0.7858505845069885,0.5182615132801434,0.5079245508847665,0,0
0.8930004239082336,0.000603424443397671,0.7858505845069885,0.5138731531806452,0.5034793653418226,0,0
0.8966677188873291,0.0006055039120838046,0.7858505845069885,0.49874508825784103,0.4872568458238949,0,0
0.9003348350524902,0.0006075854762457311,0.7858505845069885,0.4822341518519606,0.498076516291011,0,0
0.9040018916130066,0.0006096664001233876,0.7858505845069885,0.4903527133741477,0.4983726133609127,0,0
0.907668948173523,0.0006117497105151415,0.7858505845069885,0.5045728071789239,0.48899995659097517,0,0
0.9113361835479736,0.0006138343596830964,0.7858505845069885,0.5000384038900063,0.4922326671477556,0,0
0.91500324010849,0.0006159208714962006,0.7858505845069885,0.48959065526687745,0.5049124099950023,0,0
0.9186704158782959,0.0006180094787850976,0.7858505845069885,0.5182750637606252,0.4932482194890808,0,0
0.9223376512527466,0.0006200984353199601,0.7858505845069885,0.5064839711468271,0.49347404079196183,0,0
0.9260048866271973,0.0006221887888386846,0.7858505845069885,0.48481087291312486,0.5144741494756011,0,0
0.9296719431877136,0.0006242815288715065,0.7858505845069885,0.4837718826944229,0.49026238535806826,0,0
0.9333390593528748,0.0006263744435273111,0.7858505845069885,0.5128634121866134,0.5013658712897207,0,0
0.9370062351226807,0.0006284690462052822,0.7858505845069885,0.4986388809236527,0.47938736463067083,0,0
0.940673291683197,0.0006305661518126726,0.7858505845069885,0.49200955966525484,0.5201344711689223,0,0
0.9443404078483582,0.000632663257420063,0.7858505845069885,0.5104859260617074,0.4954426501250862,0,0
0.9480074644088745,0.0006347635062411427,0.7858505845069885,0.4990553713889319,0.4921052626546121,0,0
0.9516746401786804,0.0006368636386469007,0.7858505845069885,0.48605945891262825,0.4967637714789706,0,0
0.9553418159484863,0.0006389660411514342,0.7858505845069885,0.4841663273487524,0.4882613977655884,0,0
0.9590088725090027,0.0006410683854483068,0.7858505845069885,0.5115471177469403,0.5110361426220982,0,0
0.962675929069519,0.0006431739311665297,0.7858505845069885,0.4972911065132323,0.5072571881273649,0,0
0.9663429260253906,0.0006452792440541089,0.7858505845069885,0.49669263847299555,0.4889867947700088,0,0
0.9700099229812622,0.0006473874673247337,0.7858505845069885,0.48591066837869373,0.5145183179580851,0,0
0.9736769795417786,0.0006494958652183414,0.7858505845069885,0.4849224466247322,0.4989291159043594,0,0
0.9773440957069397,0.0006516071152873337,0.7858505845069885,0.4850056623686238,0.5007755821482265,0,0
0.9810110926628113,0.0006537193548865616,0.7858505845069885,0.4947254479521037,0.4920661177313886,0,0
0.9846780896186829,0.0006558322347700596,0.7858505845069885,0.5224283347807982,0.5049401024987055,0,0
0.9883452653884888,0.0006579463952220976,0.7858505845069885,0.49941406828990653,0.500117366294531,0,0
0.9920123219490051,0.000660063000395894,0.7858505845069885,0.5146826793637307,0.48908794930476246,0,0
0.9956793785095215,0.0006621794309467077,0.7858505845069885,0.5086587565552733,0.5076494977575254,0,0
0.9993464350700378,0.0006642985390499234,0.7858505845069885,0.4809481900352552,0.5113393331195676,0,0
1.0030134916305542,0.0006664174725301564,0.7858505845069885,0.5094725659456124,0.48612189953144375,0,0
1.0066804885864258,0.0006685388507321477,0.7858505845069885,0.5053286244632523,0.49972797873926267,0,0
1.0103473663330078,0.0006706612184643745,0.7858505845069885,0.4999080438339429,0.4985032079606435,0,0
1.0140143632888794,0.0006727842264808714,0.7858505845069885,0.4976807635890646,0.5053095599150272,0,0
1.017681360244751,0.0006749103195033967,0.7858505845069885,0.5095453643481608,0.5079862519264381,0,0
1.021348476409912,0.0006770369363948703,0.7858505845069885,0.4957123694965616,0.5072333776992449,0,0
1.0250154733657837,0.0006791649502702057,0.7858505845069885,0.48761158656276266,0.5019940343847014,0,0
1.0286824703216553,0.0006812928477302194,0.7858505845069885,0.49369210683281195,0.4810002600249705,0,0
1.0323494672775269,0.0006834232481196523,0.7858505845069885,0.5101753670836554,0.5051842406372322,0,0
1.0360164642333984,0.0006855542887933552,0.7858505845069885,0.5097065625829013,0.5064495911835615,0,0
1.0396833419799805,0.0006876870174892247,0.7858505845069885,0.5067165266847209,0.5080526437108767,0,0
1.043350338935852,0.0006898224237374961,0.7858505845069885,0.4945941809627956,0.48583625580899575,0,0
1.0470173358917236,0.000691957538947463,0.7858505845069885,0.5011342835418354,0.5059921613015852,0,0
1.0506843328475952,0.0006940941675566137,0.7858505845069885,0.5174100729811753,0.49697381255539763,0,0
1.0543514490127563,0.0006962312618270516,0.7858505845069885,0.5086834505209751,0.5128221149368574,0,0
1.0580185651779175,0.0006983711500652134,0.7858505845069885,0.5172700895810536,0.4826203260902563,0,0
1.061685562133789,0.0007005108054727316,0.7858505845069885,0.48883678878230147,0.4801766309260797,0,0
1.0653525590896606,0.0007026527891866863,0.7858505845069885,0.5093627601685073,0.5055149695428998,0,0
1.0690195560455322,0.0007047953549772501,0.7858505845069885,0.48828173399891445,0.5010780534501774,0,0
1.0726865530014038,0.0007069396669976413,0.7858505845069885,0.5219692822566507,0.4985541362291157,0,0
1.0763534307479858,0.0007090858416631818,0.7858505845069885,0.4992757136771866,0.5023323452585204,0,0
1.0800204277038574,0.0007112313178367913,0.7858505845069885,0.507764777694693,0.5033442156444008,0,0
1.083687424659729,0.0007133790059015155,0.7858505845069885,0.5043157047272583,0.5133069499563132,0,0
1.0873545408248901,0.0007155282073654234,0.7858505845069885,0.5013916441899547,0.48832712299849057,0,0
1.0910215377807617,0.0007176782237365842,0.7858505845069885,0.5101318961641015,0.5102143381084502,0,0
1.0946886539459229,0.0007198300445452332,0.7858505845069885,0.4830093237450987,0.5077962795650699,0,0
1.0983556509017944,0.0007219824474304914,0.7858505845069885,0.5022370728627161,0.5089383914383531,0,0
1.102022647857666,0.0007241356652230024,0.7858505845069885,0.5076909345297447,0.5179730816614803,0,0
1.105689525604248,0.0007262910949066281,0.7858505845069885,0.5070668645085076,0.5130703492548123,0,0
1.1093565225601196,0.0007284479797817767,0.7858505845069885,0.5088694329698532,0.49532857257129614,0,0
1.1130234003067017,0.0007306048064492643,0.7858505845069885,0.4985106088159613,0.4992053114918165,0,0
1.1166901588439941,0.0007327640196308494,0.7858505845069885,0.5088381547268613,0.4907709295755389,0,0
1.1203570365905762,0.0007349230581894517,0.7858505845069885,0.49105912888617775,0.4966481558044302,0,0
1.1240239143371582,0.0007370838429778814,0.7858505845069885,0.5083928552855057,0.4887810785254006,0,0
1.1276907920837402,0.0007392460247501731,0.7858505845069885,0.5095783628094902,0.5201227190251932,0,0
1.1313575506210327,0.0007414091960527003,0.7858505845069885,0.49292999405545435,0.4945661884072451,0,0
1.1350244283676147,0.0007435724255628884,0.7858505845069885,0.49468148864985706,0.49851305665352746,0,0
1.1386911869049072,0.0007457387982867658,0.7858505845069885,0.516635692036884,0.49973930078217244,0,0
1.1423579454421997,0.0007479055202566087,0.7858505845069885,0.49242025251285904,0.5055884204665864,0,0
1.1460248231887817,0.0007500732317566872,0.7858505845069885,0.49916505746360473,0.49216150138347203,0,0
1.1496917009353638,0.0007522418163716793,0.7858505845069885,0.5218979758223532,0.502462061128942,0,0
1.1533585786819458,0.0007544121472164989,0.7858505845069885,0.5169387397222732,0.5047233795422242,0,0
1.1570254564285278,0.000756582769099623,0.7858505845069885,0.5006720861333213,0.5072847339960221,0,0
1.1606923341751099,0.0007587556610815227,0.7858505845069885,0.5019680861543423,0.5021405926239898,0,0
1.1643593311309814,0.0007609283202327788,0.7858505845069885,0.497076545520164,0.5081330484649693,0,0
1.1680262088775635,0.000763102900236845,0.7858505845069885,0.5108969160702193,0.5081647707010438,0,0
1.1716930866241455,0.0007652780041098595,0.7858505845069885,0.5098495075391474,0.5046780257707225,0,0
1.175360083580017,0.0007674540975131094,0.7858505845069885,0.48787664376828915,0.5074210883944924,0,0
1.1790271997451782,0.0007696322281844914,0.7858505845069885,0.5034952703873595,0.4995104458352204,0,0
1.1826940774917603,0.0007718114648014307,0.7858505845069885,0.4922390333070976,0.5125128184391218,0,0
1.1863609552383423,0.000773991399910301,0.7858505845069885,0.48360545491500173,0.4983594313153109,0,0
1.1900278329849243,0.0007761713932268322,0.7858505845069885,0.4984287140695558,0.4963418257239417,0,0
1.1936945915222168,0.000778354296926409,0.7858505845069885,0.48830085149464253,0.49485033905293135,0,0
1.1973613500595093,0.0007805373170413077,0.7858505845069885,0.508922561249762,0.5097572206492982,0,0
1.2010282278060913,0.0007827212102711201,0.7858505845069885,0.48487039777351815,0.4962654885881338,0,0
1.2046949863433838,0.0007849071407690644,0.7858505845069885,0.4908534594888715,0.5064250332814564,0,0
1.2083617448806763,0.0007870933040976524,0.7858505845069885,0.5106521103305247,0.5041351886015104,0,0
1.2120286226272583,0.0007892798748798668,0.7858505845069885,0.5013645296245773,0.4927507782210979,0,0
1.2156953811645508,0.0007914688903838396,0.7858505845069885,0.5100437399199307,0.5030715074251797,0,0
1.2193622589111328,0.0007936592446640134,0.7858505845069885,0.4743181203882149,0.507935063046293,0,0
1.2230291366577148,0.0007958485512062907,0.7858505845069885,0.5081752340333555,0.5064931877950393,0,0
1.2266958951950073,0.0007980401860550046,0.7858505845069885,0.5069758711249177,0.5049103426839353,0,0
1.2303627729415894,0.000800232810433954,0.7858505845069885,0.4964780523218458,0.4829818447707906,0,0
1.2340296506881714,0.0008024272974580526,0.7858505845069885,0.4961126890296097,0.5106975675963428,0,0
1.2376964092254639,0.0008046204457059503,0.7858505845069885,0.510339035807419,0.5103216761879991,0,0
1.2413631677627563,0.00080681691179052,0.7858505845069885,0.5098648256561676,0.49776496926130204,0,0
1.2450300455093384,0.0008090136107057333,0.7858505845069885,0.5015084930838065,0.4885335896090773,0,0
1.2486968040466309,0.000811210717074573,0.7858505845069885,0.5128192043012384,0.4879484423539013,0,0
1.2523634433746338,0.0008134102681651711,0.7858505845069885,0.4950896545158047,0.5004282599018112,0,0
1.2560302019119263,0.0008156097610481083,0.7858505845069885,0.5064322172042951,0.5036931659083063,0,0
1.2596968412399292,0.0008178104180842638,0.7858505845069885,0.514844173345012,0.4800826047581567,0,0
1.2633635997772217,0.0008200118318200111,0.7858505845069885,0.4986757677249557,0.5044851134116239,0,0
1.2670303583145142,0.000822215573862195,0.7858505845069885,0.5044648269526332,0.5011610649586821,0,0
1.2706971168518066,0.0008244180353358388,0.7858505845069885,0.5013754388093875,0.5214252632542384,0,0
1.2743638753890991,0.0008266238146461546,0.7858505845069885,0.4990465486362671,0.49463874468314034,0,0
1.2780306339263916,0.000828829943202436,0.7858505845069885,0.48823579133807316,0.50453883748751,0,0
1.281697392463684,0.0008310360717587173,0.7858505845069885,0.5022573537087267,0.4789993940457806,0,0
1.2853641510009766,0.0008332444122061133,0.7858505845069885,0.4994994937830168,0.5098018502251443,0,0
1.289030909538269,0.0008354528690688312,0.7858505845069885,0.48160899210027913,0.4765198125266614,0,0
1.2926976680755615,0.0008376624900847673,0.7858505845069885,0.49072618028131215,0.47821450615501443,0,0
1.296364426612854,0.0008398731588385999,0.7858505845069885,0.49422668532881675,0.49754218441156006,0,0
1.300031304359436,0.0008420852245762944,0.7858505845069885,0.5183835351746862,0.5091995944959569,0,0
1.3036980628967285,0.0008442975231446326,0.7858505845069885,0.499540907464858,0.4988922069103575,0,0
1.307364821434021,0.0008465107530355453,0.7858505845069885,0.49260822586840775,0.5087469121792776,0,0
1.311031699180603,0.0008487247978337109,0.7858505845069885,0.4936076169281717,0.5093876118447139,0,0
1.3146984577178955,0.0008509406470693648,0.7858505845069885,0.5030407820774374,0.5047371312097498,0,0
1.318365216255188,0.0008531570783816278,0.7858505845069885,0.484225903231308,0.5062405882381918,0,0
1.322031855583191,0.0008553743828088045,0.7858505845069885,0.4972109650776061,0.49208956863083914,0,0
1.3256986141204834,0.000857591861858964,0.7858505845069885,0.5011206449580127,0.5098786053976584,0,0
1.3293653726577759,0.0008598126005381346,0.7858505845069885,0.4998537823150551,0.49819870501527547,0,0
1.3330321311950684,0.0008620316511951387,0.7858505845069885,0.5050257026061534,0.4955292750743531,0,0
1.3366988897323608,0.0008642527973279357,0.7858505845069885,0.4954356732582538,0.5014915877884266,0,0
1.3403656482696533,0.0008664749911986291,0.7858505845069885,0.4953769268223772,0.49439815920397134,0,0
1.3440325260162354,0.0008686974178999662,0.7858505845069885,0.5066884019508645,0.4891258127923882,0,0
1.3476992845535278,0.0008709211833775043,0.7858505845069885,0.4895407193513047,0.4948555307233796,0,0
1.3513660430908203,0.0008731462294235826,0.7858505845069885,0.49837494984698,0.5048868468742294,0,0
1.3550328016281128,0.0008753717411309481,0.7858505845069885,0.4921371580462982,0.5213086983607157,0,0
1.3586995601654053,0.0008775987080298364,0.7858505845069885,0.504783678893599,0.48563094463599465,0,0
1.3623663187026978,0.0008798252674750984,0.7858505845069885,0.5130347435780136,0.506041325575094,0,0
1.3660333156585693,0.0008820537477731705,0.7858505845069885,0.49577671106025206,0.48889884737345224,0,0
1.3697000741958618,0.000884282635524869,0.7858505845069885,0.5105064560598421,0.49172411878500255,0,0
1.3733668327331543,0.0008865119307301939,0.7858505845069885,0.49367780809873557,0.5142568711869555,0,0
1.3770335912704468,0.0008887430303730071,0.7858505845069885,0.5111758939781602,0.50038967786473,0,0
1.3807003498077393,0.0008909740718081594,0.7858505845069885,0.5004090191944048,0.5131114921962014,0,0
1.3843671083450317,0.0008932080236263573,0.7858505845069885,0.5169823795167859,0.5015590742272162,0,0
1.3880339860916138,0.0008954406948760152,0.7858505845069885,0.4985890945637832,0.5003291261876355,0,0
1.3917007446289062,0.0008976759272627532,0.7858505845069885,0.501495219083282,0.4974700162597522,0,0
1.3953675031661987,0.0008999110432341695,0.7858505845069885,0.5009595524566234,0.49490689615908845,0,0
1.3990341424942017,0.0009021470905281603,0.7858505845069885,0.4936050538812849,0.4882017114403269,0,0
1.4027007818222046,0.0009043840109370649,0.7858505845069885,0.49987316819192273,0.5168169570642609,0,0
1.4063677787780762,0.000906621920876205,0.7858505845069885,0.4909778524901562,0.5074454690867619,0,0
1.4100345373153687,0.0009088608785532415,0.7858505845069885,0.49442031828001104,0.5062039029677182,0,0
1.413701057434082,0.0009110996616072953,0.7858505845069885,0.5089290756889967,0.509869253037525,0,0
1.4173678159713745,0.0009133410640060902,0.7858505845069885,0.48617707396607135,0.504214765910282,0,0
1.421034574508667,0.0009155816514976323,0.7858505845069885,0.4854164763352516,0.49658889635788545,0,0
1.4247010946273804,0.0009178244508802891,0.7858505845069885,0.5128788397688937,0.48990853038439425,0,0
1.4283677339553833,0.0009200681233778596,0.7858505845069885,0.4995106050006775,0.5030491104763188,0,0
1.4320342540740967,0.0009223101078532636,0.7858505845069885,0.49767811308320264,0.49797973852477573,0,0
1.4357010126113892,0.0009245549445040524,0.7858505845069885,0.4996779786714718,0.5218170637746357,0,0
1.4393677711486816,0.0009268004214391112,0.7858505845069885,0.5119658432071276,0.5166259536357594,0,0
1.443034291267395,0.0009290461312048137,0.7858505845069885,0.4942018962596207,0.49993083420395656,0,0
1.4467010498046875,0.0009312935289926827,0.7858505845069885,0.5146575108005049,0.49819804346043706,0,0
1.4503679275512695,0.0009335412760265172,0.7858505845069885,0.5096904836108308,0.5026515894776626,0,0
1.4540349245071411,0.00093579146778211,0.7858505845069885,0.4958105171311368,0.49609291670068634,0,0
1.4577016830444336,0.0009380397386848927,0.7858505845069885,0.504686602248606,0.5115801099273272,0,0
1.461368203163147,0.0009402913856320083,0.7858505845069885,0.4848392338376442,0.5002864296443081,0,0
1.4650347232818604,0.0009425418102182448,0.7858505845069885,0.4867700866103906,0.49656177234445,0,0
1.4687014818191528,0.0009447939810343087,0.7858505845069885,0.48792599059593733,0.4918901967698315,0,0
1.4723682403564453,0.0009470458026044071,0.7858505845069885,0.5248260052823452,0.500538446752915,0,0
1.4760348796844482,0.0009493000106886029,0.7858505845069885,0.5061147244319677,0.5032381831186952,0,0
1.4797013998031616,0.0009515525889582932,0.7858505845069885,0.4959751948022709,0.49425739090271825,0,0
1.483367919921875,0.0009538090089336038,0.7858505845069885,0.5118052390397625,0.5012238391151975,0,0
1.487034559249878,0.000956064322963357,0.7858505845069885,0.4936151906076549,0.49492703189517123,0,0
1.4907011985778809,0.0009583211503922939,0.7858505845069885,0.5065252036854389,0.49563732581227066,0,0
1.494368076324463,0.0009605793748050928,0.7858505845069885,0.4836170414436283,0.5012040048856063,0,0
1.4980345964431763,0.0009628362604416907,0.7858505845069885,0.5104732503436676,0.5026900858685969,0,0
1.5017011165618896,0.0009650962892919779,0.7858505845069885,0.5047422372252461,0.526836897979569,0,0
1.505367636680603,0.0009673561435192823,0.7858505845069885,0.5056511259540148,0.5098135736352802,0,0
1.509034514427185,0.000969614484347403,0.7858505845069885,0.4933496949405743,0.49712557443459865,0,0
1.5127012729644775,0.000971876666881144,0.7858505845069885,0.49780537392019797,0.4995908080894218,0,0
1.5163681507110596,0.0009741384419612586,0.7858505845069885,0.49429053874256745,0.48533267877543007,0,0
1.520034670829773,0.0009764014394022524,0.7858505845069885,0.5106449476921741,0.5157995865505436,0,0
1.5237011909484863,0.0009786650771275163,0.7858505845069885,0.5056042345125118,0.5019847824999011,0,0
1.5273679494857788,0.0009809304028749466,0.7858505845069885,0.5135142647781936,0.5030876411018426,0,0
1.5310348272323608,0.000983194331638515,0.7858505845069885,0.5112380877026208,0.49691603185173944,0,0
1.5347017049789429,0.0009854602394625545,0.7858505845069885,0.5102219885988645,0.5077996554990135,0,0
1.538368582725525,0.000987726147286594,0.7858505845069885,0.5221877703452588,0.5051313495998534,0,0
1.5420349836349487,0.0009899928700178862,0.7858505845069885,0.5023436538748103,0.5029493983799783,0,0
1.5457013845443726,0.0009922621538862586,0.7858505845069885,0.5189691280682165,0.48046010305877923,0,0
1.5493680238723755,0.0009945302736014128,0.7858505845069885,0.5024542002497493,0.5145990822659973,0,0
1.5530346632003784,0.000996799673885107,0.7858505845069885,0.5063559049000577,0.4883817189128354,0,0
1.5567011833190918,0.0009990697726607323,0.7858505845069885,0.5060994226963472,0.512712511585495,0,0
1.5603677034378052,0.0010013406863436103,0.7858505845069885,0.5059618781637625,0.5016487091571914,0,0
1.5640342235565186,0.0010036132298409939,0.7858505845069885,0.4900446131931015,0.4979717269490584,0,0
1.567700982093811,0.00100588402710855,0.7858505845069885,0.5020140386860181,0.49889463307319015,0,0
1.571367859840393,0.0010081565706059337,0.7858505845069885,0.5075165247486951,0.4911510638851004,0,0
1.575034737586975,0.001010431325994432,0.7858505845069885,0.4974014202113205,0.5010421911456846,0,0
1.578701376914978,0.0010127053828909993,0.7858505845069885,0.48699704575360936,0.49241878171231496,0,0
1.5823681354522705,0.0010149802546948195,0.7858505845069885,0.4894001148006199,0.49622378164945663,0,0
1.5860346555709839,0.0010172572219744325,0.7858505845069885,0.5077440115769131,0.4975222202746811,0,0
1.5897014141082764,0.0010195329086855054,0.7858505845069885,0.49025077848501075,0.5030387448842785,0,0
1.5933682918548584,0.0010218097595497966,0.7858505845069885,0.4989317785410982,0.5058865295431405,0,0
1.5970351696014404,0.001024087774567306,0.7858505845069885,0.49220373590812766,0.4985231602364823,0,0
1.6007018089294434,0.0010263670701533556,0.7858505845069885,0.50392912339589,0.5126320326957816,0,0
1.6043683290481567,0.0010286463657394052,0.7858505845069885,0.49588029553385365,0.5060318877061809,0,0
1.6080347299575806,0.0010309257777407765,0.7858505845069885,0.5105766659562523,0.5022428406873441,0,0
1.6117013692855835,0.0010332070523872972,0.7858505845069885,0.48459677128123346,0.5057082357538805,0,0
1.6153677701950073,0.001035488210618496,0.7858505845069885,0.5096390140203985,0.49796528812526697,0,0
1.6190341711044312,0.0010377696016803384,0.7858505845069885,0.49145721171402146,0.5045782692685384,0,0
1.622700572013855,0.001040052273310721,0.7858505845069885,0.5025833458482732,0.5070176226010041,0,0
1.6263668537139893,0.001042336574755609,0.7858505845069885,0.5106912119230445,0.5001631179119622,0,0
1.6300334930419922,0.0010446208762004972,0.7858505845069885,0.5226363276564571,0.4861521841624013,0,0
1.6337001323699951,0.0010469044791534543,0.7858505845069885,0.5077915199280588,0.4988329301291886,0,0
1.637366771697998,0.0010491905268281698,0.7858505845069885,0.5078829684186797,0.49945054857652715,0,0
1.641033411026001,0.0010514757595956326,0.7858505845069885,0.49433018818357727,0.49126507358892,0,0
1.6446998119354248,0.0010537630878388882,0.7858505845069885,0.47874859320109436,0.523365236976685,0,0
1.6483662128448486,0.0010560506489127874,0.7858505845069885,0.48993659839119885,0.5151953099829123,0,0
1.6520329713821411,0.001058337395079434,0.7858505845069885,0.484917789333284,0.5012142845295189,0,0
1.6556997299194336,0.0010606272844597697,0.7858505845069885,0.49754491300963105,0.5157598078289974,0,0
1.659366488456726,0.0010629155440256,0.7858505845069885,0.49880324479998267,0.4946683802434175,0,0
1.6630330085754395,0.0010652064811438322,0.7858505845069885,0.5052152868251633,0.5208894363191641,0,0
1.6666994094848633,0.0010674971854314208,0.7858505845069885,0.5121709707518474,0.5141767499805708,0,0
1.6703659296035767,0.0010697883553802967,0.7858505845069885,0.508392816977055,0.4989985090171424,0,0
1.67403244972229,0.00107207999099046,0.7858505845069885,0.48791549922186694,0.4914627450976871,0,0
1.6776988506317139,0.0010743712773546576,0.7858505845069885,0.5012832547599372,0.4969383564112459,0,0
1.6813654899597168,0.0010766650084406137,0.7858505845069885,0.4926040893222747,0.5100493153795608,0,0
1.6850318908691406,0.0010789585066959262,0.7858505845069885,0.5035334546962927,0.5131004838388747,0,0
1.6886982917785645,0.0010812538675963879,0.7858505845069885,0.5028477271206677,0.5081244231403205,0,0
1.6923649311065674,0.0010835484135895967,0.7858505845069885,0.5038316936964998,0.49655360666230586,0,0
1.6960316896438599,0.0010858437744900584,0.7858505845069885,0.4876206398294982,0.4918727658065751,0,0
1.6996984481811523,0.0010881397174671292,0.7858505845069885,0.4904907878178931,0.5067997500598206,0,0
1.7033649682998657,0.0010904374066740274,0.7858505845069885,0.49739138846660513,0.49251671383781864,0,0
1.7070313692092896,0.0010927333496510983,0.7858505845069885,0.4923059274455307,0.5006323586769764,0,0
1.7106980085372925,0.0010950309224426746,0.7858505845069885,0.5060578572965493,0.5013310810967332,0,0
1.7143646478652954,0.001097330590710044,0.7858505845069885,0.49796390006637326,0.4755064846220084,0,0
1.7180311679840088,0.0010996301425620914,0.7858505845069885,0.5165601061838302,0.49787150528825,0,0
1.7216975688934326,0.0011019300436601043,0.7858505845069885,0.4879796114134887,0.4905489576150931,0,0
1.7253637313842773,0.0011042312253266573,0.7858505845069885,0.4989965818049881,0.5083317044947459,0,0
1.7290303707122803,0.0011065325234085321,0.7858505845069885,0.530880855787022,0.5077107146469081,0,0
1.7326971292495728,0.0011088346363976598,0.7858505845069885,0.49286784561529023,0.49671157366827967,0,0
1.7363637685775757,0.0011111361673101783,0.7858505845069885,0.4992939592828201,0.5133505820847689,0,0
1.7400304079055786,0.0011134390952065587,0.7858505845069885,0.49581591091629273,0.4869659666684341,0,0
1.7436968088150024,0.001115742838010192,0.7858505845069885,0.5058099123884224,0.49599698777840023,0,0
1.7473632097244263,0.0011180478613823652,0.7858505845069885,0.49454686910382273,0.4851370952647493,0,0
1.7510298490524292,0.001120351953431964,0.7858505845069885,0.5106732746413806,0.5044730838365877,0,0
1.754696249961853,0.0011226587230339646,0.7858505845069885,0.4844166782662566,0.513491952716546,0,0
1.758362889289856,0.0011249632807448506,0.7858505845069885,0.4936896348685322,0.4982193673816329,0,0
1.7620295286178589,0.0011272691190242767,0.7858505845069885,0.5164999427559064,0.49148033662868845,0,0
1.7656959295272827,0.0011295770527794957,0.7858505845069885,0.490378263973546,0.5026078248041445,0,0
1.7693623304367065,0.0011318842880427837,0.7858505845069885,0.509080322877226,0.48841075446292054,0,0
1.77302885055542,0.0011341923382133245,0.7858505845069885,0.5010139807100769,0.48299739503175654,0,0
1.7766954898834229,0.00113650131970644,0.7858505845069885,0.4886868155947834,0.4957210337474264,0,0
1.7803620100021362,0.00113880995195359,0.7858505845069885,0.5018652758045333,0.49950630746914365,0,0
1.7840282917022705,0.0011411210289224982,0.7858505845069885,0.5064018244750187,0.500385649534549,0,0
1.7876948118209839,0.001143431174568832,0.7858505845069885,0.5012938111588783,0.5076298719365617,0,0
1.7913613319396973,0.001145741669461131,0.7858505845069885,0.5025467446070422,0.5164570313258111,0,0
1.795027732849121,0.0011480541434139013,0.7858505845069885,0.5135513949858197,0.492908053817674,0,0
1.7986942529678345,0.001150366384536028,0.7858505845069885,0.49394515195762906,0.5019599418948812,0,0
1.8023607730865479,0.0011526792077347636,0.7858505845069885,0.5101956504810888,0.49465080257233823,0,0
1.8060271739959717,0.0011549921473488212,0.7858505845069885,0.49132480106966203,0.5085662784930987,0,0
1.8096939325332642,0.0011573056690394878,0.7858505845069885,0.501461330883857,0.49216050331600014,0,0
1.8133606910705566,0.0011596200056374073,0.7858505845069885,0.5040127310806984,0.4985446174584862,0,0
1.8170274496078491,0.0011619343422353268,0.7858505845069885,0.5099733210117144,0.49621009289974544,0,0
1.820693850517273,0.0011642507743090391,0.7858505845069885,0.518358027388921,0.49046108367684854,0,0
1.8243601322174072,0.0011665669735521078,0.7858505845069885,0.5240687750093697,0.5076394928971956,0,0
1.8280267715454102,0.00116888212505728,0.7858505845069885,0.4979566246296677,0.49855123654782646,0,0
1.831693410873413,0.0011711999541148543,0.7858505845069885,0.49963306314852923,0.518272597012286,0,0
1.835360050201416,0.0011735172010958195,0.7858505845069885,0.5048672124809042,0.4822596145815192,0,0
1.839026689529419,0.001175836194306612,0.7858505845069885,0.7667277548750169,0.5005206976979029,0,0
1.8426929712295532,0.0011781541397795081,0.7858505845069885,0.7769596534397846,0.5210720806211163,0,0
1.846359372138977,0.001180472900159657,0.7858505845069885,0.7682707277597909,0.5049232944091248,0,0
1.8500261306762695,0.0011827931739389896,0.7858505845069885,0.7617641036482422,0.5116221780214277,0,0
1.853692889213562,0.0011851132148876786,0.7858505845069885,0.7880676432567357,0.49928722609432585,0,0
1.857359528541565,0.001187434303574264,0.7858505845069885,0.7730078046350796,0.5105285661893014,0,0
1.8610261678695679,0.0011897553922608495,0.7858505845069885,0.759068273202814,0.48660577707786423,0,0
1.8646925687789917,0.0011920776451006532,0.7858505845069885,0.771120927796313,0.5004466821653929,0,0
1.868359088897705,0.0011943993158638477,0.7858505845069885,0.7587368442626877,0.5071499058837928,0,0
1.8720256090164185,0.0011967228492721915,0.7858505845069885,0.7681604976456579,0.5003892785703713,0,0
1.8756921291351318,0.0011990464990958571,0.7858505845069885,0.7379216214187555,0.5049086048037461,0,0
1.8793585300445557,0.0012013699160888791,0.7858505845069885,0.740387929956998,0.5027601248660399,0,0
1.8830246925354004,0.0012036955449730158,0.7858505845069885,0.7482223896918442,0.5165610644684371,0,0
1.8866909742355347,0.0012060190783813596,0.7858505845069885,0.7334974534783102,0.4904537426015525,0,0
1.8903573751449585,0.0012083451729267836,0.7858505845069885,0.7272633230496568,0.5035374468572764,0,0
1.8940238952636719,0.001210670219734311,0.7858505845069885,0.7654437026605571,0.4882008675165583,0,0
1.8976902961730957,0.0012129959650337696,0.7858505845069885,0.7328743133313849,0.49915490030518816,0,0
1.9013566970825195,0.001215323805809021,0.7858505845069885,0.7387837896491454,0.4835960620179132,0,0
1.9050230979919434,0.001217650598846376,0.7858505845069885,0.7466531995508475,0.5168552225689315,0,0
1.9086897373199463,0.0012199792545288801,0.7858505845069885,0.735796054811955,0.48929097664777216,0,0
1.9123563766479492,0.0012223065132275224,0.7858505845069885,0.6864699599802214,0.4944257252806314,0,0
1.916022777557373,0.0012246361002326012,0.7858505845069885,0.712219297999631,0.5040259962921789,0,0
1.9196890592575073,0.0012269647559151053,0.7858505845069885,0.7036882146786578,0.4946617779951636,0,0
1.9233554601669312,0.0012292956234887242,0.7858505845069885,0.6913318252335119,0.49035049641174644,0,0
1.927022099494934,0.001231625210493803,0.7858505845069885,0.6985064247227488,0.4942096985172642,0,0
1.930688738822937,0.0012339565437287092,0.7858505845069885,0.688933169143715,0.49656819812801306,0,0
1.93435537815094,0.0012362871784716845,0.7858505845069885,0.6913911426307103,0.4911062757616539,0,0
1.9380215406417847,0.001238619675859809,0.7858505845069885,0.7086179965822539,0.48852554683197763,0,0
1.9416877031326294,0.0012409514747560024,0.7858505845069885,0.7101082718153258,0.4887738092857134,0,0
1.9453542232513428,0.0012432837393134832,0.7858505845069885,0.6911810409546548,0.48631713879240523,0,0
1.9490208625793457,0.0012456175172701478,0.7858505845069885,0.6620661827166312,0.7871585506666581,0,0
1.9526875019073486,0.0012479505967348814,0.7858505845069885,0.6572878583598569,0.7808902947999982,0,0
1.956354022026062,0.0012502844911068678,0.7858505845069885,0.6643331329448814,0.7730607451481917,0,0
1.9600201845169067,0.0012526196660473943,0.7858505845069885,0.6663104508638118,0.7855756562459889,0,0
1.9636865854263306,0.0012549543753266335,0.7858505845069885,0.6415571324639475,0.768881042946492,0,0
1.967353105545044,0.0012572905980050564,0.7858505845069885,0.6691983282224091,0.7846616441267664,0,0
1.9710196256637573,0.0012596260057762265,0.7858505845069885,0.6703838180835839,0.7849300215149541,0,0
1.9746861457824707,0.001261961879208684,0.7858505845069885,0.6876493260528993,0.7791033785454118,0,0
1.9783521890640259,0.0012642991496250033,0.7858505845069885,0.6666757233340905,0.7910048878379493,0,0
1.9820185899734497,0.0012666364200413227,0.7858505845069885,0.662648055112799,0.7959812078884135,0,0
1.985684871673584,0.0012689739232882857,0.7858505845069885,0.6313979181644704,0.7557920318579526,0,0
1.9893513917922974,0.0012713116593658924,0.7858505845069885,0.6234313609250525,0.7526951524977028,0,0
1.9930179119110107,0.0012736504431813955,0.7858505845069885,0.6315128011277923,0.7488465003299289,0,0
1.9966840744018555,0.0012759895762428641,0.7858505845069885,0.62389592377448,0.729623543465807,0,0
2.0003507137298584,0.0012783290585502982,0.7858505845069885,0.6420672823017846,0.7565085705934643,0,0
2.0040173530578613,0.0012806690065190196,0.7858505845069885,0.6057571309840923,0.7470896176326729,0,0
2.007683753967285,0.001283010351471603,0.7858505845069885,0.623396148405841,0.7625057609605577,0,0
2.011350154876709,0.001285351230762899,0.7858505845069885,0.6356362587262023,0.7651868584775025,0,0
2.0150163173675537,0.0012876922264695168,0.7858505845069885,0.6348952773974483,0.7539866054441914,0,0
2.0186824798583984,0.0012900340370833874,0.7858505845069885,0.6326618792940848,0.7345316849605037,0,0
2.0223491191864014,0.001292376546189189,0.7858505845069885,0.5956968042690848,0.7027420801402019,0,0
2.026015520095825,0.0012947185896337032,0.7858505845069885,0.5895687965980466,0.7272535265756392,0,0
2.029681921005249,0.001297060982324183,0.7858505845069885,0.5858526056627392,0.6973223125846776,0,0
2.0333480834960938,0.0012994051212444901,0.7858505845069885,0.5887126015941097,0.7037521961454756,0,0
2.0370142459869385,0.0013017490273341537,0.7858505845069885,0.5786728392749859,0.7151839640969407,0,0
2.0406808853149414,0.0013040939811617136,0.7858505845069885,0.5983075390750929,0.7250148666864498,0,0
2.0443475246429443,0.00130643870215863,0.7858505845069885,0.5795149158340465,0.711823742575947,0,0
2.048013925552368,0.0013087845873087645,0.7858505845069885,0.6030478362228892,0.7045528828079585,0,0
2.051680326461792,0.001311129191890359,0.7858505845069885,0.5867881586653165,0.7328363402560014,0,0
2.0553464889526367,0.0013134755427017808,0.7858505845069885,0.575742392734924,0.7068576753232196,0,0
2.0590131282806396,0.0013158229412510991,0.7858505845069885,0.5443176934570223,0.6740114898777508,0,0
2.0626797676086426,0.001318167895078659,0.7858505845069885,0.5616281529019643,0.670109958983314,0,0
2.0663461685180664,0.0013205159921199083,0.7858505845069885,0.549492206280433,0.6682793972803108,0,0
2.070012331008911,0.0013228636234998703,0.7858505845069885,0.5583113188050547,0.6964699037817159,0,0
2.073678493499756,0.0013252121862024069,0.7858505845069885,0.550784660568391,0.6701222031057056,0,0
2.0773448944091797,0.0013275607489049435,0.7858505845069885,0.5437423323930317,0.6723592341187676,0,0
2.0810115337371826,0.0013299105921760201,0.7858505845069885,0.5504485477114336,0.6640270039546273,0,0
2.0846779346466064,0.0013322600862011313,0.7858505845069885,0.5547834113997543,0.6842012592463211,0,0
2.088344097137451,0.0013346095802262425,0.7858505845069885,0.5541066636722034,0.663161388530358,0,0
2.092010498046875,0.001336958957836032,0.7858505845069885,0.5399893072934454,0.690446151741676,0,0
2.095676898956299,0.0013393097324296832,0.7858505845069885,0.5125942580515859,0.6459952983654735,0,0
2.0993432998657227,0.0013416605070233345,0.7858505845069885,0.5064975045419998,0.6209183309326839,0,0
2.1030097007751465,0.001344012445770204,0.7858505845069885,0.5121162858572128,0.6510218570395385,0,0
2.106675863265991,0.0013463640352711082,0.7858505845069885,0.5045855803753778,0.6319294473810277,0,0
2.110342025756836,0.0013487163232639432,0.7858505845069885,0.49968030703459426,0.653611509967687,0,0
2.114008665084839,0.001351068844087422,0.7858505845069885,0.5138492104155047,0.6482352555820344,0,0
2.1176750659942627,0.0013534222962334752,0.7858505845069885,0.5303051441118453,0.6537825362749765,0,0
2.1213414669036865,0.001355774817056954,0.7858505845069885,0.5230772349759228,0.6255317828551026,0,0
2.1250076293945312,0.0013581287348642945,0.7858505845069885,0.5112583945217419,0.6597432328135634,0,0
2.128673791885376,0.0013604823034256697,0.7858505845069885,0.5233541242206502,0.6309652780837106,0,0
2.1323401927948,0.0013628380838781595,0.7858505845069885,0.4731500556038994,0.6186760306157262,0,0
2.1360068321228027,0.0013651923509314656,0.7858505845069885,0.4655608024576575,0.5895766222985699,0,0
2.1396732330322266,0.0013675488298758864,0.7858505845069885,0.4854777929734222,0.6094254263615703,0,0
2.1433396339416504,0.0013699032133445144,0.7858505845069885,0.4712292395826787,0.6072844129433046,0,0
2.147005796432495,0.001372259110212326,0.7858505845069885,0.47706497732691167,0.601243622015347,0,0
2.15067195892334,0.0013746165204793215,0.7858505845069885,0.47036779148912977,0.5923869752462413,0,0
2.1543385982513428,0.0013769728830084205,0.7858505845069885,0.49026015824252067,0.6082370959870307,0,0
2.1580049991607666,0.001379329594783485,0.7858505845069885,0.4907134674960739,0.6122868773210883,0,0
2.1616714000701904,0.001381687936373055,0.7858505845069885,0.4915121787959769,0.606557966085745,0,0
2.165337562561035,0.001384045579470694,0.7858505845069885,0.4855308497817168,0.6046458045068311,0,0
2.16900372505188,0.0013864045031368732,0.7858505845069885,0.45480630837884045,0.5595258056122343,0,0
2.172670602798462,0.0013886765809729695,0.7860428094863892,0.4412705881331373,0.5610962594460078,0,0
2.176334857940674,0.0013915374875068665,0.7863433361053467,0.45330641021994117,0.5607297394567676,0,0
2.179993152618408,0.0013962865341454744,0.7868937253952026,0.4411396247600665,0.561860950439389,0,0
2.1836390495300293,0.0014047991717234254,0.7877737879753113,0.43166240960995017,0.5573062398319326,0,0
2.1872622966766357,0.0014191626105457544,0.7890450358390808,0.44757428032627894,0.5786868321700268,0,0
2.190847158432007,0.0014429496368393302,0.790746808052063,0.43472222531980875,0.5711864405038883,0,0
2.1943771839141846,0.001481299172155559,0.7928592562675476,0.4352438936427041,0.5681166931050715,0,0
2.197833299636841,0.001538977143354714,0.7953808307647705,0.44203998861136934,0.5795693235067417,0,0
2.201195001602173,0.0016208725282922387,0.7981456518173218,0.45730087334588965,0.5638806071623822,0,0
2.2044460773468018,0.001733135781250894,0.8010499477386475,0.39001061006338056,0.5361679784437117,0,0
2.2075722217559814,0.0018808140885084867,0.8039429783821106,0.3926204359456916,0.5102841401883659,0,0
2.210556745529175,0.0020656147971749306,0.8069911599159241,0.4161439784379266,0.5122557379702967,0,0
2.213383674621582,0.0022848909720778465,0.8103254437446594,0.41004380401336604,0.5008700979289646,0,0
2.216038703918457,0.0025334309320896864,0.8138599991798401,0.38894414567937086,0.5377494665852739,0,0
2.218507766723633,0.0028059387113898993,0.8175154328346252,0.4082944033060802,0.5322176404488594,0,0
2.2207815647125244,0.0030966440681368113,0.8211427927017212,0.39932445884501166,0.5284826264913134,0,0
2.2228519916534424,0.003397534601390362,0.8247138261795044,0.3791966234709674,0.5421699542405726,0,0
2.2247118949890137,0.0036991992965340614,0.8283179402351379,0.41087399331618785,0.5367585654083692,0,0
2.226357936859131,0.003992022480815649,0.8319029211997986,0.39263603382759865,0.5034230450558635,0,0
2.2277870178222656,0.004268835764378309,0.8354315161705017,0.37115112686295326,0.4828336953019414,0,0
2.2289981842041016,0.004524734802544117,0.8388774394989014,0.3625647362832626,0.49541788999650604,0,0
2.2299909591674805,0.004756887909024954,0.842204749584198,0.3709747634612167,0.48520414166272696,0,0
2.230764389038086,0.004963757004588842,0.8454006314277649,0.3431063513920233,0.4841375538726164,0,0
2.231318712234497,0.005144504830241203,0.8484631776809692,0.3518068744261958,0.48201495536326083,0,0
2.2316536903381348,0.00529882637783885,0.851387083530426,0.3789896603788692,0.47266442114915086,0,0
2.231769323348999,0.005426947493106127,0.8541797399520874,0.36181453467768754,0.484583570476691,0,0
2.231667995452881,0.005529513582587242,0.856843888759613,0.3711021432655579,0.46114340432484535,0,0
2.2313523292541504,0.0056074862368404865,0.8593758344650269,0.3819785771956,0.4836278965317705,0,0
2.2308261394500732,0.005662244278937578,0.8617805242538452,0.3671976871339504,0.5196716686938513,0,0
2.2300946712493896,0.005695720668882132,0.864069402217865,0.3480605422873696,0.4545561068794174,0,0
2.229163646697998,0.005710031371563673,0.8662495613098145,0.34720881783014124,0.46251756985685194,0,0
2.2280404567718506,0.005706592928618193,0.8683388233184814,0.36507625175953323,0.4722673199474532,0,0
2.2267327308654785,0.005685694515705109,0.8703165650367737,0.34483903585733006,0.45243430812446833,0,0
2.225250005722046,0.005646975245326757,0.8721692562103271,0.34273255494708327,0.458780649296074,0,0
2.223602533340454,0.005590222310274839,0.8739286661148071,0.35931865317979395,0.4606041850264548,0,0
2.221799850463867,0.005515767727047205,0.8758369088172913,0.3621869278017976,0.44334620202285596,0,0
2.2198524475097656,0.00542328879237175,0.8778578042984009,0.34845328991833074,0.4459361694011636,0,0
2.2177743911743164,0.00531177269294858,0.8799091577529907,0.3448315078043922,0.46256105568902495,0,0
2.2155799865722656,0.005179934669286013,0.8819589018821716,0.3541126109294322,0.4617224995956858,0,0
2.213285446166992,0.005025549791753292,0.8839711546897888,0.37539867286768686,0.4719071658643553,0,0
2.210904598236084,0.004845558200031519,0.8858650326728821,0.3709429312825844,0.4617607242072914,0,0
2.20845103263855,0.004637060686945915,0.8876274824142456,0.3584573067094788,0.4628277768668343,0,0
2.20593523979187,0.004398518241941929,0.8893084526062012,0.368358068881508,0.47265230898999266,0,0
2.203364372253418,0.0041303494945168495,0.890953540802002,0.38471228385025974,0.4669316944661647,0,0
2.2007434368133545,0.003834797302260995,0.8925423622131348,0.37581388347797995,0.4743251318389171,0,0
2.1980745792388916,0.0035153173375874758,0.8940605521202087,0.3570176848386152,0.45684204021549063,0,0
2.195359945297241,0.003175739897415042,0.8955099582672119,0.38031012339281817,0.459725080757624,0,0
2.192598819732666,0.0028194449841976166,0.896908700466156,0.3552517016932333,0.4690881585066054,0,0
2.189790725708008,0.0024490614887326956,0.8982544541358948,0.35560011127814734,0.46388559129282547,0,0
2.1869359016418457,0.0020666257478296757,0.8995470404624939,0.37906869733533977,0.4732937147084435,0,0
2.1840343475341797,0.0016739490674808621,0.9007836580276489,0.381348299350337,0.4833459906651124,0,0
2.1810855865478516,0.0012728687142953277,0.9019607901573181,0.39175947048764365,0.4770217638418201,0,0
2.1780900955200195,0.0008653242839500308,0.9030833840370178,0.38250523339034914,0.48024981462373056,0,0
2.175048351287842,0.00045321910874918103,0.9041481018066406,0.39812704278043276,0.4991356852100784,0,0
2.1719608306884766,3.817717151832767e-05,0.9051682949066162,0.3919925333023613,0.49057562284672745,0,0
2.1688287258148193,-0.00037855847040191293,0.9061412811279297,0.39980317598304993,0.48456512946923724,0,0
2.1656546592712402,-0.0007959672948345542,0.9070631265640259,0.3888534279888574,0.4878865113475355,0,0
2.1624412536621094,-0.001213127514347434,0.9079366326332092,0.37508737579864876,0.4896699534091604,0,0
2.1591908931732178,-0.0016293451189994812,0.908771276473999,0.3811946538735856,0.48083610185181014,0,0
2.1559064388275146,-0.0020444223191589117,0.9097660779953003,0.4213993186868432,0.5231220318193239,0,0
2.1525933742523193,-0.0024592371191829443,0.9110249876976013,0.41150367881346867,0.5009994220929204,0,0
2.149259567260742,-0.0028759597335010767,0.912604570388794,0.40661511016170193,0.5172600842872229,0,0
2.1459176540374756,-0.0032973072957247496,0.9145395159721375,0.41229094351214607,0.5048809946863695,0,0
2.142585515975952,-0.0037267308216542006,0.9168767333030701,0.4300203816445157,0.5161906360734604,0,0
2.139282464981079,-0.00416905852034688,0.9196114540100098,0.41323403424653926,0.517842116986491,0,0
2.1360294818878174,-0.004629642236977816,0.9227138161659241,0.40882451384867174,0.506003548518125,0,0
2.1328463554382324,-0.005113551393151283,0.9261763095855713,0.4207380711969045,0.5116611320396984,0,0
2.129753351211548,-0.005625245161354542,0.9299866557121277,0.41621560361150794,0.5163438577580716,0,0
2.1267683506011963,-0.00616858946159482,0.9341018199920654,0.42527256152869186,0.5186798101064403,0,0
2.1239051818847656,-0.006745546590536833,0.9384826421737671,0.43631018999151383,0.5407536955255305,0,0
2.1211764812469482,-0.007355356123298407,0.9431633949279785,0.4486051837253806,0.5371760624010989,0,0
2.11859130859375,-0.007996287196874619,0.9479409456253052,0.4524971164297884,0.5333549072768874,0,0
2.1161584854125977,-0.008664939552545547,0.9527884721755981,0.4518671604479044,0.5310448530889436,0,0
2.1138880252838135,-0.009354807436466217,0.9577595591545105,0.4364533334300019,0.5187663590748965,0,0
2.111787796020508,-0.010056559927761555,0.9628298282623291,0.42036537109738564,0.5530021525259557,0,0
2.1098644733428955,-0.010759972035884857,0.9679032564163208,0.45227493614934006,0.54107580754824,0,0
2.108123779296875,-0.011456148698925972,0.9730880856513977,0.4481593003698191,0.5393959059551447,0,0
2.1065690517425537,-0.012137125246226788,0.9784851670265198,0.43836397504165436,0.5299369883398339,0,0
2.1051995754241943,-0.012794706970453262,0.984054684638977,0.4396195134286086,0.5302711314332649,0,0
2.104011058807373,-0.013420785777270794,0.9896523356437683,0.4727747396549638,0.5298667512516,0,0
2.102999687194824,-0.014008489437401295,0.9951694011688232,0.45495325299572176,0.5410207667269334,0,0
2.1021625995635986,-0.014551916159689426,1.0005340576171875,0.47120156503029165,0.5271735462063086,0,0
2.101498603820801,-0.015046176500618458,1.005894660949707,0.44559899146119225,0.5379930586632757,0,0
2.101003885269165,-0.01548762060701847,1.0111624002456665,0.45019019893574946,0.5518695784133214,0,0
2.100675344467163,-0.015873385593295097,1.016274094581604,0.4853660509532121,0.5344350123610441,0,0
2.1005094051361084,-0.016201334074139595,1.0213968753814697,0.43826168609794913,0.5425438455136278,0,0
2.100501298904419,-0.016469892114400864,1.026432752609253,0.46129429959279417,0.542304075564697,0,0
2.100646495819092,-0.01667814515531063,1.0313384532928467,0.47739329086843113,0.5384372601782688,0,0
2.100942850112915,-0.01682579144835472,1.0360811948776245,0.45365417919627193,0.5361753701754284,0,0
2.1013872623443604,-0.01691303215920925,1.0406467914581299,0.47555658622570424,0.5433338486245116,0,0
2.1019787788391113,-0.016940604895353317,1.04502534866333,0.46527844372411564,0.5246361578892683,0,0
2.1027162075042725,-0.016909660771489143,1.049218773841858,0.4532762053331392,0.5201678088304811,0,0
2.1035985946655273,-0.01682175137102604,1.0534130334854126,0.4356400923230572,0.531260703454175,0,0
2.1046226024627686,-0.016678525134921074,1.0575337409973145,0.4622176811756233,0.5354537086656835,0,0
2.105783224105835,-0.016481632366776466,1.0615466833114624,0.4532528892711691,0.5270755166353167,0,0
2.107074499130249,-0.016232196241617203,1.0654231309890747,0.46196747540977817,0.5198145812935815,0,0
2.1084907054901123,-0.01593085192143917,1.0691490173339844,0.4619515211041114,0.5429283611462127,0,0
2.1100261211395264,-0.01557842642068863,1.0729107856750488,0.4363042347600352,0.5310316612081003,0,0
2.11167311668396,-0.015176258981227875,1.0766445398330688,0.45576456038067764,0.5362554251057627,0,0
2.113424301147461,-0.014726802706718445,1.0804965496063232,0.4274580992164367,0.4872172404793438,0,0
2.1152701377868652,-0.01423344574868679,1.0845444202423096,0.4320981454586983,0.5163869204737133,0,0
2.1171979904174805,-0.013700244948267937,1.08878755569458,0.4186508871178845,0.5063932122318501,0,0
2.119192600250244,-0.013130499981343746,1.093231439590454,0.4227333369376626,0.49768507133835715,0,0
2.1212360858917236,-0.012526282109320164,1.0976595878601074,0.4704536016193169,0.5193796762083331,0,0
2.1233127117156982,-0.01188827957957983,1.1023188829421997,0.4276793580140534,0.5127578284052645,0,0
2.12540602684021,-0.011216233484447002,1.1071780920028687,0.4394307461788639,0.501971899406921,0,0
2.1274993419647217,-0.010509684681892395,1.1123188734054565,0.4260181146110373,0.5037307625992286,0,0
2.129574775695801,-0.009768344461917877,1.1177761554718018,0.44026346878363537,0.49285440672431274,0,0
2.131615161895752,-0.00899230781942606,1.1235430240631104,0.44223866425509845,0.4942882532555343,0,0
2.133603572845459,-0.008182699792087078,1.12958824634552,0.4196651429079254,0.46918474422933587,0,0
2.1355254650115967,-0.007342461030930281,1.135736107826233,0.39977120579425557,0.4739510772871481,0,0
2.1373631954193115,-0.006477155722677708,1.1418870687484741,0.41537541172450815,0.45600015217582207,0,0
2.1391005516052246,-0.005594035144895315,1.1480695009231567,0.42172992745958776,0.4640367397370215,0,0
2.14072322845459,-0.0047009834088385105,1.1544065475463867,0.4064526943569883,0.4767848411920419,0,0
2.142221450805664,-0.003807655069977045,1.1609094142913818,0.42973979880180385,0.46176856605978134,0,0
2.1435887813568115,-0.0029259014409035444,1.1675103902816772,0.40399293996985763,0.48079534826564907,0,0
2.144822597503662,-0.0020657465793192387,1.174234390258789,0.4221116392715145,0.47963814516390335,0,0
2.1459217071533203,-0.0012352634221315384,1.1811301708221436,0.4158480230546134,0.46828276861573587,0,0
2.146890878677368,-0.00044256288674660027,1.1881309747695923,0.4204154150447852,0.47096847425125576,0,0
2.147735595703125,0.0003049803781323135,1.1950585842132568,0.3982167120547472,0.4503559384550824,0,0
2.148458957672119,0.0010001142509281635,1.2020279169082642,0.3892931055862736,0.434582618561121,0,0
2.149179458618164,0.001692452235147357,1.208959937095642,0.4135109958844723,0.43580589857289426,0,0
2.1497862339019775,0.0023183494340628386,1.2159661054611206,0.37516117349232475,0.4260090357322186,0,0
2.1502857208251953,0.0028724714647978544,1.2230370044708252,0.38171351331484393,0.44084819000898257,0,0
2.1506869792938232,0.0033510851208120584,1.230171799659729,0.3904471961182334,0.42408466626853264,0,0
2.151001214981079,0.0037521026097238064,1.237420916557312,0.3889530872193175,0.4450039775076639,0,0
2.1512391567230225,0.004075527191162109,1.2448046207427979,0.38014355203330363,0.4289696903845302,0,0
2.1514134407043457,0.004323718603700399,1.2522886991500854,0.3830239887147392,0.4369260141572956,0,0
2.151536226272583,0.004500780254602432,1.2598426342010498,0.39631838654536744,0.4371942197388361,0,0
2.151620626449585,0.004611293785274029,1.2674720287322998,0.38414787695589214,0.41673915586228794,0,0
2.1516778469085693,0.004659784492105246,1.2750279903411865,0.4000992992008815,0.4207575669844861,0,0
2.1517202854156494,0.004647635389119387,1.2826122045516968,0.38340524041613594,0.41618381999542325,0,0
2.1517577171325684,0.004575653001666069,1.2902699708938599,0.37951629021893135,0.42161349424303185,0,0
2.1517984867095947,0.004445585887879133,1.2980332374572754,0.384409439520503,0.4125664450661524,0,0
2.151848793029785,0.004261193796992302,1.3059017658233643,0.38014636368482546,0.42541570632327097,0,0
2.15191388130188,0.004028376191854477,1.3138543367385864,0.3729769161855385,0.41323003609381415,0,0
2.1519980430603027,0.0037542085628956556,1.3218971490859985,0.3931978485176305,0.4230743471708435,0,0
2.152104377746582,0.003445972688496113,1.3298593759536743,0.3900663916364156,0.3961743139555133,0,0
2.1522340774536133,0.0031102634966373444,1.3378336429595947,0.3718714253118824,0.42419022556517216,0,0
2.152385711669922,0.0027536398265510798,1.3458538055419922,0.34983749611374565,0.40990785759546766,0,0
2.152556896209717,0.0023830970749258995,1.3539328575134277,0.3689873512458877,0.4097237871120853,0,0
2.1527438163757324,0.0020062753465026617,1.3618783950805664,0.35807485797050537,0.39012462315438623,0,0
2.1529428958892822,0.0016303597949445248,1.3696123361587524,0.38676236583119883,0.3989418610233143,0,0
2.1531496047973633,0.0012612375430762768,1.3770909309387207,0.38837959863623234,0.39861816629289337,0,0
2.1533572673797607,0.0009025790495797992,1.3844833374023438,0.3803500455750624,0.404661616963638,0,0
2.1535613536834717,0.0005559613346122205,1.3916972875595093,0.3779070169975236,0.38888715685094577,0,0
2.1537559032440186,0.00022073321451898664,1.3988749980926514,0.3745938026778857,0.40388228719653496,0,0
2.1539363861083984,-0.00010497029143152758,1.4059011936187744,0.37008561483599656,0.3872141189751547,0,0
2.1540987491607666,-0.00042370567098259926,1.4129040241241455,0.3783722760756579,0.40777977897964207,1,1
2.154240131378174,-0.0007375259883701801,1.4197707176208496,0.38207970784855033,0.39743888065733335,0,0
2.15435791015625,-0.0010479362681508064,1.4266290664672852,0.37324867862632455,0.40469798086420106,0,0
2.1544504165649414,-0.001355640240944922,1.4333584308624268,0.37165411301486095,0.3683040984363404,0,0
2.154515504837036,-0.0016611764440312982,1.4398921728134155,0.3707086265456242,0.39251536781923296,0,0
2.154552459716797,-0.001965305535122752,1.4463914632797241,0.37377568654835536,0.4045725002197815,0,0
2.1545608043670654,-0.002268699463456869,1.4527536630630493,0.3761199201890257,0.38370550758925775,0,0
2.1545403003692627,-0.0025722612626850605,1.4591132402420044,0.3843625097250087,0.409595847752013,0,0
2.1544926166534424,-0.00287676346488297,1.4653570652008057,0.39027378965020604,0.3971642830872827,0,0
2.1544182300567627,-0.00318301934748888,1.4714211225509644,0.3602485509150931,0.38753748286028056,0,0
2.1543185710906982,-0.003491887589916587,1.4770830869674683,0.4001924677262774,0.3990216693321865,0,0
2.1541945934295654,-0.0038034855388104916,1.4824109077453613,0.38127512202551206,0.3991889821606177,0,0
2.1540472507476807,-0.004117715172469616,1.4876430034637451,0.37961870398221254,0.4019120814818563,0,0
2.1538784503936768,-0.004434200935065746,1.492730736732483,0.38483246499399626,0.3860350444661954,0,0
2.15368914604187,-0.004752684384584427,1.4976401329040527,0.36653785518353976,0.389692017429838,0,0
2.153480291366577,-0.005073201842606068,1.502164602279663,0.402590558392359,0.36282184227559133,0,0
2.153254270553589,-0.00539532070979476,1.5063916444778442,0.3689501374197733,0.3859981353904391,0,0
2.1530115604400635,-0.005718528758734465,1.5103682279586792,0.3798954574837453,0.3792547205220525,0,0
2.152754068374634,-0.006042656023055315,1.5141328573226929,0.3938971864007015,0.39595949965424104,0,0
2.152482271194458,-0.006367952097207308,1.517713189125061,0.3924824105341393,0.35933491030843345,0,0
2.1521964073181152,-0.0066949548199772835,1.5211174488067627,0.38822356205151426,0.39391570089537437,0,0
2.1518969535827637,-0.007024465594440699,1.5243664979934692,0.3811568931239235,0.378280630192803,0,0
2.151583433151245,-0.007357579190284014,1.527461051940918,0.3713362304053839,0.38864450232213166,0,0
2.1512556076049805,-0.007695604115724564,1.5302190780639648,0.405553062697156,0.38418890926348886,0,0
2.1509134769439697,-0.008039121516048908,1.5327397584915161,0.3967405768221476,0.38592591134165316,0,0
2.150557518005371,-0.00838822778314352,1.535076379776001,0.4051398395676945,0.4063908091032771,0,0
2.150190591812134,-0.008744812570512295,1.5372711420059204,0.39000547557787274,0.3916766832702,0,0
2.149815797805786,-0.009111803956329823,1.539338231086731,0.39464042552734796,0.39350965964155615,0,0
2.149437665939331,-0.009493025951087475,1.541280746459961,0.386265321375794,0.38783351548639283,0,0
2.1490602493286133,-0.009892484173178673,1.5433056354522705,0.3753694729232933,0.40940017371246445,0,0
2.148686408996582,-0.010313055478036404,1.545163869857788,0.41422078214834923,0.39007626374362697,0,0
2.1483194828033447,-0.010755485855042934,1.5468878746032715,0.39452954146916663,0.38009095888864786,0,0
2.147960901260376,-0.011218888685107231,1.548507809638977,0.3926198780279167,0.39008123116494503,0,0
2.147610664367676,-0.011701377108693123,1.550036907196045,0.395492566677296,0.38030499003471413,0,0
2.147268772125244,-0.012200644239783287,1.5512897968292236,0.4083825937883035,0.3893740725209219,0,0
2.1469335556030273,-0.01271396316587925,1.55217444896698,0.40228730066656526,0.3988906786129915,0,0
2.146603584289551,-0.013238397426903248,1.55302894115448,0.3882437470762599,0.40214739019089524,0,0
2.146278142929077,-0.013770806603133678,1.553667426109314,0.4001296585095737,0.3896780322288463,0,0
2.145956516265869,-0.014307627454400063,1.553971290588379,0.4009401177982678,0.37483314446578336,0,0
2.1456382274627686,-0.01484482642263174,1.5540804862976074,0.4069340073367865,0.4174368950740947,0,0
2.1453254222869873,-0.015381001867353916,1.5540804862976074,0.3879931494910066,0.38338057067759174,1,1
2.1450202465057373,-0.015916122123599052,1.5540112257003784,0.3982080343527613,0.39587928263388356,0,0
2.144725799560547,-0.016450993716716766,1.5537114143371582,0.41127044970008836,0.39944252984979917,0,0
2.144443988800049,-0.016986574977636337,1.5530955791473389,0.40755768189511965,0.3912992959974053,0,0
2.1441760063171387,-0.017523618414998055,1.552504539489746,0.3929237160302677,0.4048747321409525,0,0
2.143923044204712,-0.018062196671962738,1.5517481565475464,0.41690591016595085,0.3900974761443473,0,0
2.143686056137085,-0.018601303920149803,1.5509053468704224,0.4030115040537609,0.4011838528327553,0,0
2.1434669494628906,-0.0191410593688488,1.5500280857086182,0.41287511358564516,0.4180734968772338,0,0
2.1432700157165527,-0.01968369632959366,1.5491582155227661,0.4082218006171862,0.4113097904659365,0,0
2.143101453781128,-0.020234253257513046,1.548264980316162,0.4212304226317023,0.40340685685935507,0,0
2.142970561981201,-0.02080054022371769,1.5475852489471436,0.3944394477842532,0.4039400990278153,0,0
2.1428871154785156,-0.021389471367001534,1.5468716621398926,0.4020843379881647,0.398666937977903,0,0
2.1428616046905518,-0.02200709469616413,1.5462034940719604,0.39845980037377043,0.4056385624526324,0,0
2.1429014205932617,-0.022656047716736794,1.5456825494766235,0.4063780178651944,0.4141374248445943,0,0
2.1430115699768066,-0.023338576778769493,1.5452311038970947,0.42853824994848283,0.42079859997665253,0,0
2.1431965827941895,-0.024056607857346535,1.5447998046875,0.4176482347593084,0.4044296641978892,0,0
2.143460750579834,-0.0248121228069067,1.5443661212921143,0.4131539461292358,0.4090982902888545,0,0
2.1438069343566895,-0.02560768835246563,1.5439287424087524,0.4130019272756414,0.4142130059454129,0,0
2.144239664077759,-0.02644725702702999,1.5437135696411133,0.3886971310339251,0.4061621483881395,0,0
2.1447594165802,-0.027333781123161316,1.5436334609985352,0.4190398918198852,0.4191154679239482,0,0
2.1453678607940674,-0.02827058918774128,1.5434490442276,0.4174029453739824,0.39498348742988854,0,0
2.1460630893707275,-0.029259556904435158,1.5432003736495972,0.4061297132943957,0.41267789976492464,0,0
2.146841526031494,-0.030301988124847412,1.5431243181228638,0.3939857925128531,0.41478602983196206,0,0
2.147698402404785,-0.03139664605259895,1.5429627895355225,0.4059282560746296,0.39644748930705676,0,0
2.148624897003174,-0.03254019096493721,1.5427265167236328,0.41547841965104576,0.41340191077916527,0,0
2.1496119499206543,-0.03372930735349655,1.5424621105194092,0.4208340825876915,0.4058718880305402,0,0
2.1506524085998535,-0.03496135026216507,1.5422002077102661,0.3960874427499246,0.3873048531267119,0,0
2.151738405227661,-0.036232344806194305,1.541745901107788,0.42202012006242573,0.3970996718373397,0,0
2.152860641479492,-0.03753647580742836,1.5411776304244995,0.3972367877112576,0.3885235916090381,0,0
2.154008388519287,-0.03886658698320389,1.540717363357544,0.3996054954846639,0.4203767800757959,0,0
2.15516996383667,-0.040214572101831436,1.5405365228652954,0.396654005383654,0.42553452908003914,0,0
2.15633487701416,-0.04157129302620888,1.540501356124878,0.4065803663123946,0.4376199682270274,0,0
2.157494068145752,-0.042929768562316895,1.5403528213500977,0.43189102716681893,0.3952937749673612,0,0
2.1586391925811768,-0.04428372532129288,1.5401479005813599,0.4111626192634582,0.41349268863767236,0,0
2.1597659587860107,-0.04562894627451897,1.5399107933044434,0.4248834797143099,0.4001801942156486,0,0
2.1608734130859375,-0.0469636544585228,1.5396445989608765,0.3905282412987976,0.39365683378730004,0,0
2.161961317062378,-0.04828726127743721,1.5391682386398315,0.43793628636178655,0.3846867231462367,0,0
2.1630306243896484,-0.04959944263100624,1.5387803316116333,0.39660750335553985,0.4145356821237737,0,0
2.164079427719116,-0.050898898392915726,1.5384541749954224,0.40274978977865145,0.4058016539619813,0,0
2.165109634399414,-0.05218548700213432,1.538166880607605,0.414232468851854,0.4034368257189738,0,0
2.166123628616333,-0.053460873663425446,1.53791081905365,0.4122260536987869,0.4185423494198429,1,1
2.1671268939971924,-0.05472850427031517,1.537674903869629,0.4213137402944362,0.4130941573011424,0,0
2.1681268215179443,-0.055994000285863876,1.5374566316604614,0.42678208927894834,0.4078625445373596,0,0
2.1691315174102783,-0.05726582184433937,1.537272334098816,0.4251809027986213,0.4067605693026011,0,0
2.1701483726501465,-0.05855493247509003,1.5371299982070923,0.4027264384761114,0.41697581971736114,0,0
2.1711857318878174,-0.05987273529171944,1.5370134115219116,0.4332580307594691,0.4101593921308615,0,0
2.1722519397735596,-0.06122888997197151,1.5368962287902832,0.411330672879459,0.4142634490189598,0,0
2.1733546257019043,-0.06263042986392975,1.536768913269043,0.4141691232024854,0.4210401571357794,0,0
2.1745035648345947,-0.06408191472291946,1.5366477966308594,0.4049960879978158,0.41893175076641886,0,0
2.1757075786590576,-0.06558602303266525,1.5365428924560547,0.41541177419690656,0.4123779593563746,0,0
2.176974296569824,-0.06714487075805664,1.536250114440918,0.41763378607594864,0.395881747398589,0,0
2.1783058643341064,-0.06875884532928467,1.5358705520629883,0.4174492715939493,0.4065385594376673,0,0
2.179701805114746,-0.07042741030454636,1.5354416370391846,0.42433093454349274,0.4195155879008096,0,0
2.1811609268188477,-0.0721493810415268,1.5351961851119995,0.39894587939775816,0.40692480284003263,0,0
2.182678461074829,-0.07392091304063797,1.5352535247802734,0.39680944385742395,0.4228878227865651,0,0
2.184248685836792,-0.07573491334915161,1.5354686975479126,0.4118156769616102,0.42256547911910236,0,0
2.185863971710205,-0.0775841698050499,1.5359728336334229,0.3942118582430209,0.4073094419600717,0,0
2.1875150203704834,-0.07945896685123444,1.536636233329773,0.42302377360100457,0.400351170285089,0,0
2.1891939640045166,-0.08134964108467102,1.5373597145080566,0.4121287390863053,0.41449555766149215,0,0
2.190894842147827,-0.08324854075908661,1.5380512475967407,0.42240063552604507,0.4153487770234335,0,0
2.1926138401031494,-0.08515079319477081,1.5387097597122192,0.41831806384999776,0.4283981485740319,0,0
2.194348096847534,-0.08705368638038635,1.5393728017807007,0.4187655822815083,0.41585625103854995,0,0
2.196096658706665,-0.08895650506019592,1.5400127172470093,0.4115065319776808,0.4048679106068134,0,0
2.1978600025177,-0.09086035937070847,1.540629267692566,0.40978748268281945,0.4156689430412518,0,0
2.199639320373535,-0.09276799112558365,1.5412150621414185,0.40061782541139557,0.41589887716393636,0,0
2.20143723487854,-0.09468325972557068,1.5417653322219849,0.42162869288146304,0.41985151128378106,0,0
2.203256368637085,-0.09661071747541428,1.5421173572540283,0.41543924916228003,0.39670252455075167,0,0
2.205096960067749,-0.09855266660451889,1.5423457622528076,0.4039209265764342,0.41532390325293883,0,0
2.2069571018218994,-0.10051082819700241,1.542492151260376,0.4071431586200889,0.4125643694004644,0,0
2.208836078643799,-0.10248683393001556,1.5425903797149658,0.40266454546076064,0.4074918760675366,0,0
2.2107324600219727,-0.10448194295167923,1.5426615476608276,0.4294384879846294,0.4080338809470442,0,0
2.2126450538635254,-0.10649721324443817,1.5427213907241821,0.41730337666259293,0.41171179993886087,0,0
2.214573860168457,-0.10853349417448044,1.5427769422531128,0.4255647097571892,0.4126357957416602,0,0
2.216519832611084,-0.11059169471263885,1.542826533317566,0.4273651033074064,0.40194047713916553,0,0
2.2184832096099854,-0.11267279833555222,1.542870283126831,0.42635309196515175,0.4163315785608896,0,0
2.2204649448394775,-0.11477799713611603,1.5429099798202515,0.41106990580921426,0.4102268047751963,0,0
2.222465753555298,-0.11690860986709595,1.5427563190460205,0.4219215891263798,0.39858665513003994,0,0
2.22448468208313,-0.11906404793262482,1.5424944162368774,0.403394131963736,0.42534867117084135,0,0
2.226519823074341,-0.12124305218458176,1.5419821739196777,0.42159892699963003,0.39458786629921444,0,0
2.2285654544830322,-0.12344243377447128,1.541339635848999,0.4163592218025839,0.40464686322749777,0,0
2.2306177616119385,-0.12565931677818298,1.54084050655365,0.3936894656495849,0.41251305525353477,1,1
2.2326695919036865,-0.127888485789299,1.5404185056686401,0.4175607747837307,0.4022522305313196,0,0
2.2347159385681152,-0.13012416660785675,1.539878249168396,0.4208522013320985,0.39869903082764485,0,0
2.2367494106292725,-0.1323586106300354,1.53922700881958,0.43930363390627414,0.40252907113258285,0,0
2.2387640476226807,-0.134583979845047,1.5384893417358398,0.4118827430436318,0.4134218097934953,0,0
2.240755796432495,-0.13679417967796326,1.537747859954834,0.42217280584760597,0.4067354376834972,0,0
2.242722988128662,-0.1389855295419693,1.5370070934295654,0.41475197695228344,0.40961002715408057,0,0
2.2446677684783936,-0.14115670323371887,1.536295771598816,0.42691952708830455,0.4198082644612682,0,0
2.2465932369232178,-0.1433083862066269,1.535616397857666,0.41232675186560325,0.4032128769055782,0,0
2.248504877090454,-0.14544308185577393,1.534961223602295,0.3968992950537933,0.39854690478265886,0,0
2.250406265258789,-0.1475633978843689,1.534356951713562,0.4374495151072076,0.4291838230473533,0,0
2.252300500869751,-0.14967280626296997,1.5338211059570312,0.445144014188954,0.41126167319148493,0,0
2.254190444946289,-0.15177559852600098,1.5333490371704102,0.40260073884508984,0.409992036630227,0,0
2.2560806274414062,-0.153876394033432,1.5329095125198364,0.4207542490314696,0.41622091584629317,0,0
2.2579731941223145,-0.15597961843013763,1.5322620868682861,0.41491385804048125,0.3954214490466523,0,0
2.25986909866333,-0.1580870896577835,1.5315388441085815,0.4130057960380316,0.41201390707952623,0,0
2.261767864227295,-0.16019970178604126,1.530779242515564,0.4169700823219629,0.4095859871877057,0,0
2.263669013977051,-0.16231854259967804,1.5302046537399292,0.39796367193927207,0.4247870269312833,0,0
2.2655718326568604,-0.16444209218025208,1.5297472476959229,0.40226119873644456,0.41653218827845095,0,0
2.267474889755249,-0.16656827926635742,1.5291755199432373,0.40024240900285707,0.3916501730371165,0,0
2.269374132156372,-0.16869312524795532,1.5285357236862183,0.4141250825374356,0.4043143839944605,0,0
2.271266460418701,-0.17081283032894135,1.5276739597320557,0.42162652571303116,0.39423853885428906,0,0
2.273148536682129,-0.17292293906211853,1.5267140865325928,0.4256346244013494,0.4225819021881333,0,0
2.2750167846679688,-0.17501980066299438,1.5255348682403564,0.4082999730766077,0.39512654042811046,0,0
2.2768688201904297,-0.17709939181804657,1.5240496397018433,0.41838466404271574,0.3982136880112324,0,0
2.278700113296509,-0.17915673553943634,1.522414207458496,0.40225804231391077,0.41389042593515507,0,0
2.280505895614624,-0.18118876218795776,1.5209358930587769,0.3979113581195092,0.4196071615075053,0,0
2.2822840213775635,-0.1831924319267273,1.5193588733673096,0.4093478432188184,0.3800758256890632,0,0
2.284029245376587,-0.18516424298286438,1.5177793502807617,0.4255803589895376,0.4013167285693346,0,0
2.285738468170166,-0.18710175156593323,1.5162233114242554,0.4094561538643727,0.4035498597926084,0,0
2.2874107360839844,-0.18900419771671295,1.5147159099578857,0.4143088893233442,0.41401921901426014,0,0
2.2890472412109375,-0.19087328016757965,1.513056993484497,0.40034576791029575,0.390809265127248,0,0
2.2906501293182373,-0.19271092116832733,1.511345624923706,0.4147806355540534,0.43744994911067475,0,0
2.292222261428833,-0.19452017545700073,1.5096372365951538,0.4116397597373789,0.42070763291804775,0,0
2.2937676906585693,-0.19630539417266846,1.5079236030578613,0.4220528265151574,0.41167580181839597,0,0
2.2952914237976074,-0.19807212054729462,1.5063960552215576,0.3958999442128258,0.4057587058436511,0,0
2.2967967987060547,-0.19982434809207916,1.5052157640457153,0.3902655528059247,0.421937674584955,0,0
2.2982869148254395,-0.20156383514404297,1.5042624473571777,0.41407707822633555,0.42134123621211866,0,0
2.2997636795043945,-0.20329250395298004,1.5032652616500854,0.40896172522391466,0.39051790469211656,0,0
2.3012278079986572,-0.20501059293746948,1.5022587776184082,0.4240665224029279,0.41132258724541537,0,0
2.302675724029541,-0.20671840012073517,1.5012716054916382,0.4177003560631847,0.4084159124814681,0,0
2.3040990829467773,-0.2084166556596756,1.5003222227096558,0.42404799152022504,0.4163831997169888,0,0
2.3054850101470947,-0.21010655164718628,1.499465823173523,0.4114569774649366,0.41689153201319706,0,0
2.3068151473999023,-0.2117895931005478,1.4987401962280273,0.40333638297868996,0.40281143867368807,0,0
2.3080687522888184,-0.21346843242645264,1.4981446266174316,0.40065561265997024,0.42441499561891727,0,0
2.3092246055603027,-0.21514825522899628,1.4976637363433838,0.4092243164163868,0.4213224791641973,0,0
2.310263156890869,-0.21683619916439056,1.4972480535507202,0.40581610550904085,0.40137904700930294,0,0
2.3111672401428223,-0.21854032576084137,1.4968284368515015,0.41203798440423484,0.41078091956095564,0,0
2.3119235038757324,-0.22026853263378143,1.4963459968566895,0.40378566875954147,0.41683691869680084,0,0
2.3125205039978027,-0.22202745079994202,1.4957789182662964,0.4109371615106298,0.41285331849856366,0,0
2.3129498958587646,-0.22382116317749023,1.4951519966125488,0.42314946396562214,0.40071030998998,0,0
2.313204050064087,-0.22565118968486786,1.4945319890975952,0.40262935079460827,0.4072181092849365,0,0
2.313278913497925,-0.22751741111278534,1.4939440488815308,0.42281692881285965,0.4159881824299969,0,0
2.3131730556488037,-0.22941899299621582,1.4933706521987915,0.417232395737744,0.4226594730589866,0,0
2.3128864765167236,-0.23135502636432648,1.4928131103515625,0.40933957610645194,0.42608142486336226,0,0
2.3124241828918457,-0.23332390189170837,1.4922796487808228,0.4106013405459233,0.42386187724089763,0,0
2.3117899894714355,-0.2353236973285675,1.4917807579040527,0.40436133454123024,0.4283100584476704,0,0
2.3109912872314453,-0.23735260963439941,1.4913183450698853,0.4309612517647524,0.42510883791194537,0,0
2.3100357055664062,-0.2394096404314041,1.490875005722046,0.4112321515368661,0.41144712076744744,0,0
2.308932065963745,-0.24149465560913086,1.4904427528381348,0.4089849187905809,0.4131863077650073,0,0
2.3076891899108887,-0.2436080127954483,1.4900087118148804,0.39382380629269015,0.4148767632953975,0,0
2.306316375732422,-0.24574916064739227,1.4895612001419067,0.4435404021329429,0.43327496154275413,0,0
2.3048224449157715,-0.24791614711284637,1.489135503768921,0.42239109805878366,0.43779047754473016,0,0
2.3032162189483643,-0.25010553002357483,1.4887796640396118,0.43110278799126533,0.41758702305406775,0,0
2.301506757736206,-0.252314031124115,1.4884836673736572,0.44357836325949107,0.43247260924933817,0,0
2.299703359603882,-0.25453904271125793,1.488204002380371,0.434676343116014,0.4183255392970351,0,0
2.2978129386901855,-0.2567793130874634,1.4879045486450195,0.43300746041738053,0.42917928634091373,0,0
2.295842409133911,-0.25903454422950745,1.4875813722610474,0.4212361073140458,0.4138925248264284,0,0
2.2937986850738525,-0.2613048553466797,1.4872437715530396,0.4141687620211665,0.4294689527118718,0,0
2.2916877269744873,-0.2635895907878876,1.486909031867981,0.4375819841316374,0.44160715263916983,0,0
2.289515733718872,-0.2658873200416565,1.4866149425506592,0.44907944845490577,0.4429565009794287,0,0
2.287287950515747,-0.26819583773612976,1.4863789081573486,0.46894688840970666,0.44923021066211954,0,0
2.2850096225738525,-0.2705133557319641,1.486180305480957,0.45969032743586663,0.47819797738921255,0,0
2.2826855182647705,-0.2728383541107178,1.4859838485717773,0.44794248743153203,0.45537963454654484,0,0
2.2803196907043457,-0.2751701772212982,1.485761046409607,0.46216268390573645,0.45266536598873885,0,0
2.2779150009155273,-0.27750834822654724,1.4855170249938965,0.47645650519790106,0.47354109644595715,0,0
2.275475025177002,-0.27985265851020813,1.4852674007415771,0.4440639982916215,0.4517391326425579,0,0
2.2730021476745605,-0.2822026312351227,1.4850313663482666,0.4664049316519057,0.4631672033145902,0,0
2.2704994678497314,-0.2845573127269745,1.48482346534729,0.45273076851882293,0.4544842238826821,0,0
2.2679696083068848,-0.2869158387184143,1.4846503734588623,0.44526736592445065,0.44963409330350224,0,0
2.265415906906128,-0.28927719593048096,1.484497308731079,0.453402862410718,0.44968950320584805,0,0
2.2628393173217773,-0.29164084792137146,1.484342336654663,0.4960259216418771,0.4951301021242577,0,0
2.260241985321045,-0.2940063774585724,1.484176516532898,0.47959755802937604,0.47319499785286406,0,0
2.2576260566711426,-0.2963736057281494,1.484004259109497,0.5027697344790368,0.49352846869038824,0,0
2.254992961883545,-0.298742413520813,1.4838330745697021,0.49159520752124153,0.5012838583863795,0,0
2.25234317779541,-0.3011125326156616,1.4836688041687012,0.47496902409366104,0.47779768142293333,0,0
2.24967885017395,-0.3034837543964386,1.4835209846496582,0.4791926267707899,0.5072537758645451,0,0
2.2470011711120605,-0.30585548281669617,1.4833918809890747,0.5038149289059406,0.4927814349638008,0,0
2.244311571121216,-0.30822744965553284,1.4832724332809448,0.48456209966502534,0.4830281352232571,0,0
2.2416110038757324,-0.31059935688972473,1.4831559658050537,0.5112540873242907,0.4987049934618673,0,0
2.238900661468506,-0.3129711449146271,1.483036756515503,0.4846823556335594,0.49564603074903596,0,0
2.2361807823181152,-0.31534281373023987,1.4829177856445312,0.5438416205597129,0.5140376310586814,0,0
2.233452558517456,-0.31771430373191833,1.4828014373779297,0.5233797756924262,0.5247652120000543,0,0
2.2307164669036865,-0.3200855851173401,1.482692003250122,0.5347704108063143,0.5421379388603068,0,0
2.227973461151123,-0.3224565386772156,1.4825876951217651,0.5325757443263803,0.5175873230499605,0,0
2.225224018096924,-0.32482701539993286,1.4824939966201782,0.534123961084082,0.5427396564822112,0,0
2.222468614578247,-0.32719686627388,1.4824090003967285,0.5359927122018505,0.5234908646832168,0,0
2.2197084426879883,-0.32956603169441223,1.4823235273361206,0.5138838581782978,0.5412990216013389,0,0
2.2169430255889893,-0.33193454146385193,1.4822397232055664,0.5035512281692948,0.5328792177449986,0,0
2.2141735553741455,-0.3343023657798767,1.4821572303771973,0.5171169032608413,0.5415312593195242,0,0
2.211400032043457,-0.3366696238517761,1.482079029083252,0.5379337025777379,0.5108099256818243,0,0
2.2086222171783447,-0.339036226272583,1.4820032119750977,0.5731302974741193,0.5851880124568685,0,0
2.205841302871704,-0.34140217304229736,1.4819329977035522,0.5671527293084957,0.5731071556047943,0,0
2.2030577659606934,-0.3437674641609192,1.4818681478500366,0.5705308044104195,0.5568510004307646,0,0
2.2002713680267334,-0.3461320400238037,1.4818084239959717,0.5709728917117878,0.5709366502055877,0,0
2.1974830627441406,-0.3484959006309509,1.4817463159561157,0.5616474672531373,0.568449758436664,0,0
2.1946916580200195,-0.35085904598236084,1.4816895723342896,0.5600616418776347,0.5701009569111584,0,0
2.1918985843658447,-0.3532215356826782,1.481635332107544,0.5546216803654734,0.5781214337915638,0,0
2.189103364944458,-0.35558339953422546,1.4815813302993774,0.5723784955550136,0.5843531101972361,0,0
2.1863067150115967,-0.35794463753700256,1.4815328121185303,0.5705647768673704,0.572328052277935,0,0
2.1835083961486816,-0.3603053092956543,1.4814856052398682,0.5840894250866794,0.5527140734708167,0,0
2.180708169937134,-0.3626653552055359,1.481439471244812,0.5864075356598091,0.6079622611975457,0,0
2.1779069900512695,-0.36502477526664734,1.481396198272705,0.579750462706708,0.6113528741895565,0,0
2.1751046180725098,-0.3673836588859558,1.4813570976257324,0.590331523364889,0.5965271331182156,0,0
2.1723010540008545,-0.36974194645881653,1.4813154935836792,0.5973987473657576,0.6071653753919265,0,0
2.169496536254883,-0.3720996677875519,1.481278657913208,0.602869870783619,0.6087111317761971,0,0
2.166691303253174,-0.37445691227912903,1.4812424182891846,0.5932238877290944,0.6033554258067534,0,0
2.1638851165771484,-0.37681373953819275,1.4812113046646118,0.5896313471963572,0.6092550170628159,0,0
2.1610782146453857,-0.37917011976242065,1.4811803102493286,0.5939843127483837,0.6017421422617835,0,0
2.1582703590393066,-0.38152605295181274,1.4811491966247559,0.5726136604174948,0.5929620390146723,0,0
2.1554622650146484,-0.3838815689086914,1.481123447418213,0.6018429974871828,0.6026568237647248,0,0
2.152653455734253,-0.3862365782260895,1.4810965061187744,0.6270726624903182,0.6201949382120865,0,0
2.14984393119812,-0.3885912001132965,1.4810680150985718,0.634353273361011,0.6463308585769632,0,0
2.147034168243408,-0.3909454941749573,1.4810397624969482,0.638064281262021,0.6452259467735846,0,0
2.144223928451538,-0.393299400806427,1.4810168743133545,0.6278220119856089,0.6365539347455793,0,0
2.1414132118225098,-0.39565297961235046,1.4809937477111816,0.6363707060284852,0.6462415868692134,0,0
2.1386022567749023,-0.3980063199996948,1.4809707403182983,0.6325916634952616,0.642751332198275,0,0
2.135791063308716,-0.40035924315452576,1.4809479713439941,0.6141589410250663,0.6261110900428134,0,0
2.132979154586792,-0.4027118980884552,1.4809318780899048,0.6393844096388596,0.615541707777531,0,0
2.130167245864868,-0.40506431460380554,1.4809155464172363,0.6299676196757015,0.6350460161291239,0,0
2.1273550987243652,-0.4074164628982544,1.4808979034423828,0.6245244694413956,0.6358016417409692,0,0
2.124542474746704,-0.40976831316947937,1.4808804988861084,0.6740000380991223,0.6834559760914893,0,0
2.121730089187622,-0.41211992502212524,1.4808628559112549,0.6808725518130274,0.6701789777502386,0,0
2.118917465209961,-0.4144713580608368,1.4808452129364014,0.6919307833668659,0.666629280728655,0,0
2.1161046028137207,-0.41682249307632446,1.4808346033096313,0.6611496426730544,0.690021518907374,0,0
2.1132915019989014,-0.4191735088825226,1.4808237552642822,0.662750114702392,0.7024976086359913,0,0
2.110478639602661,-0.4215242862701416,1.480812907218933,0.6561883709533386,0.6792863239466354,0,0
2.1076650619506836,-0.42387494444847107,1.480802059173584,0.6634774689087641,0.6728002514288488,0,0
2.1048519611358643,-0.42622533440589905,1.480791449546814,0.6789725753743492,0.6732887539128269,0,0
2.1020379066467285,-0.4285756051540375,1.4807806015014648,0.6772945186116311,0.6653151259565965,0,0
2.09922456741333,-0.43092575669288635,1.4807697534561157,0.6560579745738324,0.6802986052888037,0,0
2.0964107513427734,-0.43327566981315613,1.4807589054107666,0.6964155069903846,0.7012977884641597,0,0
2.093597173690796,-0.43562543392181396,1.4807535409927368,0.7154776666251182,0.7230933177802329,0,0
2.0907835960388184,-0.4379751980304718,1.480748176574707,0.7038829600740567,0.7180283795747986,0,0
2.0879695415496826,-0.44032469391822815,1.4807428121566772,0.725943611531422,0.7086763758908833,0,0
2.085155725479126,-0.4426741600036621,1.480737328529358,0.7079946432618296,0.6828272633258954,0,0
2.082341432571411,-0.44502344727516174,1.4807319641113281,0.7039888762001548,0.7206099047061427,0,0
2.0795271396636963,-0.447372704744339,1.4807264804840088,0.7008818869928124,0.7108661979132991,0,0
2.0767123699188232,-0.44972169399261475,1.4807212352752686,0.6933289097661373,0.7195293690267613,0,0
2.0738985538482666,-0.4520707130432129,1.4807156324386597,0.690622751228224,0.7198118150554336,0,0
2.0710840225219727,-0.45441967248916626,1.4807103872299194,0.699020961794429,0.7316664443423219,0,0
2.068269729614258,-0.4567683935165405,1.4807047843933105,0.7363419289166645,0.7538832182477089,0,0
2.0654549598693848,-0.45911717414855957,1.4806995391845703,0.7446552361600411,0.7502398652350245,0,0
2.06264066696167,-0.46146583557128906,1.4806941747665405,0.7490821541803327,0.7595417889597453,0,0
2.059826135635376,-0.463814377784729,1.4806886911392212,0.7428958584852253,0.7464663041937449,0,0
2.057011604309082,-0.46616291999816895,1.480683445930481,0.749444874493956,0.7321208190358084,0,0
2.054197072982788,-0.46851131319999695,1.4806779623031616,0.7498545351862881,0.7426869640734569,0,0
2.051382541656494,-0.47085973620414734,1.4806779623031616,0.7423378232859494,0.7488029579239414,0,0
2.0485680103302,-0.4732080399990082,1.4806779623031616,0.730445637523733,0.7503395314821761,0,0
2.0457534790039062,-0.4755564033985138,1.4806779623031616,0.7466197732117198,0.725133350518235,0,0
2.042938709259033,-0.47790470719337463,1.4806779623031616,0.7467669748168035,0.7491509376528147,0,0
2.0401241779327393,-0.4802529215812683,1.4806779623031616,0.787852701491008,0.7760722243324863,0,0
2.037309169769287,-0.4826010763645172,1.4806779623031616,0.7913143183818497,0.773408700039121,0,0
2.034494400024414,-0.48494917154312134,1.4806779623031616,0.79084723122231,0.7804394856365436,0,0
2.031679630279541,-0.48729726672172546,1.4806779623031616,0.8085388471602661,0.7818077704980316,0,0
2.028864860534668,-0.4896452724933624,1.4806779623031616,0.782287067219263,0.7798094502545295,0,0
2.026050090789795,-0.4919932782649994,1.4806779623031616,0.7822671708875112,0.790459637549066,0,0
2.023235321044922,-0.4943412244319916,1.4806779623031616,0.7928020361303282,0.7849689434364034,0,0
2.020420551300049,-0.496689110994339,1.4806779623031616,0.7921553445476078,0.7931244282938137,0,0
2.017605781555176,-0.4990369379520416,1.4806779623031616,0.7813730858873772,0.7911726241681123,0,0
2.014791250228882,-0.5013847351074219,1.4806779623031616,0.7676874346256056,0.7781286045823557,0,0
2.011976480484009,-0.5037325024604797,1.4806779623031616,0.5033021353499109,0.5020895979975939,0,0
2.009161949157715,-0.5060802102088928,1.4806779623031616,0.49384541311511787,0.5107832215921657,0,0
2.006347179412842,-0.5084278583526611,1.4806779623031616,0.49920659441805987,0.4891423230123992,0,0
2.0035324096679688,-0.5107755064964294,1.4806779623031616,0.501193773799162,0.5071473338151135,0,0
2.0007176399230957,-0.513123095035553,1.4806779623031616,0.5136255339027109,0.5157443366203627,0,0
1.9979029893875122,-0.5154706239700317,1.4806779623031616,0.518025393194626,0.498292557527791,0,0
1.9950883388519287,-0.5178180932998657,1.4806779623031616,0.48330678929959175,0.5212997495172642,0,0
1.9922735691070557,-0.5201656222343445,1.4806779623031616,0.49385176649913964,0.5123863666010521,0,0
1.989458441734314,-0.5225129723548889,1.4806779623031616,0.5038366599299304,0.4905503419972462,0,0
1.9866434335708618,-0.5248603224754333,1.4806779623031616,0.5079456909229069,0.4785788656874071,0,0
1.9838284254074097,-0.5272075533866882,1.4806779623031616,0.4885518376171294,0.49003812949671854,0,0
1.9810134172439575,-0.5295547842979431,1.4806779623031616,0.4890052214583959,0.49805174721273826,0,0
1.9781984090805054,-0.531902015209198,1.4806779623031616,0.5148671728132629,0.49384394075315113,0,0
1.9753834009170532,-0.5342492461204529,1.4806779623031616,0.49674756240487555,0.4943456113093736,0,0
1.9725682735443115,-0.536596417427063,1.4806779623031616,0.48968148157798774,0.4901310075949586,0,0
1.9697529077529907,-0.5389435887336731,1.4806779623031616,0.5062138835948631,0.518033861061087,0,0
1.966937780380249,-0.5412905812263489,1.4806779623031616,0.4821099978899103,0.49847237844656594,0,0
1.9641226530075073,-0.5436375737190247,1.4806779623031616,0.4983730346779282,0.4911331688802701,0,0
1.9613076448440552,-0.5459845662117004,1.4806779623031616,0.515931397713557,0.49568353244314106,0,0
1.9584927558898926,-0.5483314990997314,1.4806779623031616,0.5059994712674335,0.511221992690265,0,0
1.9556776285171509,-0.5506783723831177,1.4806779623031616,0.5014705223738842,0.4982731123711613,0,0
1.95286226272583,-0.5530251264572144,1.4806779623031616,0.5079196381445554,0.49415229772370095,0,0
1.9500470161437988,-0.5553719997406006,1.4806779623031616,0.5081367084702576,0.48695016915697226,0,0
1.9472317695617676,-0.557718813419342,1.4806779623031616,0.49221116834218726,0.5159225206763902,0,0
1.9444165229797363,-0.560065507888794,1.4806779623031616,0.48932678849362254,0.511019826963774,0,0
1.941601276397705,-0.5624122619628906,1.4806779623031616,0.5141940322329189,0.49035551390582544,0,0
1.9387859106063843,-0.5647588968276978,1.4806779623031616,0.4849384755678845,0.5013078608763488,0,0
1.935970664024353,-0.5671054124832153,1.4806779623031616,0.49994784111760876,0.5050081151296616,0,0
1.9331551790237427,-0.5694519877433777,1.4806779623031616,0.48240496464605603,0.5069573607609311,0,0
1.9303398132324219,-0.5717985033988953,1.4806779623031616,0.5052475427127948,0.49642077449457467,0,0
1.9275245666503906,-0.5741449594497681,1.4806779623031616,0.5039217500078947,0.5054770205342819,0,0
1.9247092008590698,-0.5764914155006409,1.4806779623031616,0.5256173251899617,0.4942209175975346,0,0
1.921893835067749,-0.5788378119468689,1.4806779623031616,0.5006764844090767,0.4712146167992192,0,0
1.9190785884857178,-0.5811841487884521,1.4806779623031616,0.49191887434491977,0.49099324985335546,0,0
1.916263222694397,-0.5835304856300354,1.4806779623031616,0.48170771936308965,0.4854022346479347,0,0
1.9134478569030762,-0.5858767032623291,1.4806779623031616,0.5050518018512175,0.5077205681060669,0,0
1.9106323719024658,-0.588222861289978,1.4806779623031616,0.4961209916755993,0.504615503290647,0,0
1.9078166484832764,-0.590569019317627,1.4806779623031616,0.5012039271757478,0.4810653572319901,0,0
1.9050010442733765,-0.5929151773452759,1.4806779623031616,0.5025898071880157,0.49235523485717075,0,0
1.9021857976913452,-0.5952612161636353,1.4806779623031616,0.4891458789791418,0.5032747279891878,0,0
1.8993701934814453,-0.5976073145866394,1.4806779623031616,0.5027617908969838,0.49885588222091826,0,0
1.896554946899414,-0.5999533534049988,1.4806779623031616,0.5111480961359722,0.5055195614357849,0,0
1.8937393426895142,-0.6022992730140686,1.4806779623031616,0.506082541429361,0.4947203419871897,0,0
1.8909238576889038,-0.6046451330184937,1.4806779623031616,0.49690517910020965,0.48193502011779493,0,0
1.888108253479004,-0.6069909930229187,1.4806779623031616,0.503084570597193,0.49697246347278307,0,0
1.885292649269104,-0.6093369126319885,1.4806779623031616,0.5114560247755365,0.49244524587393285,0,0
1.882477045059204,-0.6116827130317688,1.4806779623031616,0.49857366153086446,0.5113425929706386,0,0
1.8796615600585938,-0.6140285730361938,1.4806779623031616,0.4991930625707545,0.47858593728394466,0,0
1.8768459558486938,-0.6163743138313293,1.4806779623031616,0.4942630809062279,0.5015272225997264,0,0
1.8740304708480835,-0.6187200546264648,1.4806779623031616,0.5022886790274893,0.49285860357203676,0,0
1.8712148666381836,-0.6210657358169556,1.4806779623031616,0.49947063350665916,0.5025972084290143,0,0
1.8683992624282837,-0.6234114170074463,1.4806779623031616,0.48714745474629917,0.5112331089248053,0,0
1.8655835390090942,-0.625757098197937,1.4806779623031616,0.4930214077869111,0.4897802052915053,0,0
1.8627676963806152,-0.6281026601791382,1.4806779623031616,0.48956184287911636,0.4924430401621842,0,0
1.8599519729614258,-0.6304482221603394,1.4806779623031616,0.5085897720125911,0.5017011874361411,0,0
1.8571362495422363,-0.6327938437461853,1.4806779623031616,0.49516452083951984,0.493485697987094,0,0
1.8543206453323364,-0.6351394057273865,1.4806779623031616,0.4875675732656041,0.48015372168945103,0,0
1.8515050411224365,-0.6374850869178772,1.4806779623031616,0.5162553202483596,0.504236031341685,0,0
1.848689317703247,-0.6398307681083679,1.4806779623031616,0.4925097041464948,0.4991317710495816,0,0
1.8458737134933472,-0.6421764492988586,1.4806779623031616,0.4902678323334548,0.4868750905312289,0,0
1.8430581092834473,-0.6445221304893494,1.4806779623031616,0.4945224722429249,0.5146555139765867,0,0
1.8402425050735474,-0.6468678712844849,1.4806779623031616,0.4982833321967786,0.48401988772779314,0,0
1.837427020072937,-0.6492136120796204,1.4806779623031616,0.504301213331528,0.5025347343389139,0,0
1.8346112966537476,-0.6515595316886902,1.4806779623031616,0.5157165496765597,0.5070396546787389,0,0
1.8317956924438477,-0.6539053320884705,1.4806779623031616,0.49830644961015863,0.4900699738659001,0,0
1.8289802074432373,-0.6562511324882507,1.4806779623031616,0.5000340049958917,0.5134668474853377,0,0
1.826164722442627,-0.6585969924926758,1.4806779623031616,0.4942753843061372,0.49413754671821875,0,0
1.8233492374420166,-0.6609429121017456,1.4806779623031616,0.4913625241174062,0.49671660047217125,0,0
1.8205338716506958,-0.663288950920105,1.4806779623031616,0.500268498088076,0.4915273005722967,0,0
1.8177183866500854,-0.6656348705291748,1.4806779623031616,0.49255425097826333,0.4996165941818521,0,0
1.814902901649475,-0.6679809093475342,1.4806779623031616,0.49493486519601565,0.511959072611938,0,0
1.8120874166488647,-0.6703270077705383,1.4806779623031616,0.521324191228844,0.5066718969519617,0,0
1.8092719316482544,-0.6726731657981873,1.4806779623031616,0.4935845781729831,0.5025248102798743,0,0
1.806456446647644,-0.6750192046165466,1.4806779623031616,0.5107316962491422,0.4944564615940681,0,0
1.8036409616470337,-0.6773653626441956,1.4806779623031616,0.5070087538218357,0.49757139284316704,0,0
1.800825595855713,-0.6797114610671997,1.4806779623031616,0.5023307474412685,0.5139953569333142,0,0
1.7980103492736816,-0.6820576786994934,1.4806779623031616,0.5052088563339461,0.5032588060141662,0,0
1.7951949834823608,-0.6844039559364319,1.4806779623031616,0.4965812420957007,0.49087096383187684,0,0
1.79237961769104,-0.6867502331733704,1.4806779623031616,0.5059631640370298,0.48995069062680346,0,0
1.7895643711090088,-0.6890963912010193,1.4806779623031616,0.48217073728788173,0.4988102988265551,0,0
1.786749005317688,-0.6914426684379578,1.4806779623031616,0.49377356473352196,0.48740245580554464,0,0
1.7839336395263672,-0.6937889456748962,1.4806779623031616,0.4923594708677793,0.4986338172770296,0,0
1.7811182737350464,-0.6961352229118347,1.4806779623031616,0.5030715749938265,0.5158812264302909,0,0
1.7783029079437256,-0.6984815001487732,1.4806779623031616,0.5070034486737504,0.5060724862633916,0,0
1.7754875421524048,-0.7008278965950012,1.4806779623031616,0.4908257316351378,0.4901340830017431,0,0
1.7726722955703735,-0.7031742930412292,1.4806779623031616,0.502534292593909,0.495675551114187,0,0
1.7698571681976318,-0.705520749092102,1.4806779623031616,0.5119610679942591,0.4949835418559757,0,0
1.767041802406311,-0.7078672647476196,1.4806779623031616,0.49634789476383473,0.5008416263576823,0,0
1.7642263174057007,-0.7102136015892029,1.4806779623031616,0.5187078631010523,0.4921431123515727,0,0
1.761411190032959,-0.7125602960586548,1.4806779623031616,0.5152067264765281,0.48257508620270256,0,0
1.7585959434509277,-0.7149068713188171,1.4806779623031616,0.48708119053423976,0.5089265497658947,0,0
1.7557806968688965,-0.7172533273696899,1.4806779623031616,0.4884956423595567,0.49540677534163213,0,0
1.7529654502868652,-0.7195998430252075,1.4806779623031616,0.5044426469513246,0.505480296689922,0,0
1.750150203704834,-0.7219464182853699,1.4806779623031616,0.5165678373440009,0.5000614041042302,0,0
1.7473347187042236,-0.724293053150177,1.4806779623031616,0.5054778666231249,0.5163281883198955,0,0
1.744519591331482,-0.7266397476196289,1.4806779623031616,0.5086912316219682,0.5003074736664317,0,0
1.7417044639587402,-0.7289862036705017,1.4806779623031616,0.4907945395409427,0.5002994493812797,0,0
1.738889455795288,-0.7313328981399536,1.4806779623031616,0.4935075668375641,0.5041245084355974,0,0
1.736074447631836,-0.7336796522140503,1.4806779623031616,0.4932302382272192,0.5139150741396592,0,0
1.7332593202590942,-0.7360262274742126,1.4806779623031616,0.5025986296888688,0.49464269514375914,0,0
1.7304441928863525,-0.7383730411529541,1.4806779623031616,0.4778688655349494,0.4997152054539134,0,0
1.7276290655136108,-0.7407198548316956,1.4806779623031616,0.523279822400501,0.4985304068125817,0,0
1.7248140573501587,-0.743066668510437,1.4806779623031616,0.5260576290484074,0.5239670941207685,0,0
1.721998929977417,-0.7454134821891785,1.4806779623031616,0.4966412427759742,0.5022281644275662,0,0
1.7191835641860962,-0.7477602362632751,1.4806779623031616,0.4865537640040038,0.49533878232730627,0,0
1.7163684368133545,-0.7501071095466614,1.4806779623031616,0.5099543757208116,0.49155590696505275,0,0
1.7135534286499023,-0.7524539232254028,1.4806779623031616,0.4954590941310954,0.4961968828635144,0,0
1.7107383012771606,-0.7548007965087891,1.4806779623031616,0.4976911059626692,0.5094272844428609,0,0
1.7079232931137085,-0.7571477293968201,1.4806779623031616,0.4913883357551956,0.49721520121877416,0,0
1.7051080465316772,-0.7594946026802063,1.4806779623031616,0.5044837649393505,0.48592135670444153,0,0
1.702293038368225,-0.7618415355682373,1.4806779623031616,0.48471172964935266,0.5099777880423872,0,0
1.699478030204773,-0.7641885876655579,1.4806779623031616,0.5052470062419173,0.4979484858763871,0,0
1.6966630220413208,-0.7665355205535889,1.4806779623031616,0.5105280435104861,0.4955239281049081,0,0
1.6938482522964478,-0.7688825130462646,1.4806779623031616,0.4985895232693972,0.5146788533585984,0,0
1.6910333633422852,-0.7712295651435852,1.4806779623031616,0.5058809349100758,0.4882310168891946,0,0
1.6882184743881226,-0.7735766172409058,1.4806779623031616,0.4998829928833835,0.4994690781032639,0,0
1.6854034662246704,-0.7759237885475159,1.4806779623031616,0.4846526108201761,0.5016249018463396,0,0
1.6825884580612183,-0.778270959854126,1.4806779623031616,0.5040935024260168,0.488709645573545,-1,-1
1.6797734498977661,-0.7806183099746704,1.4806761741638184,0.4983072718384738,0.5075501761860222,0,0
1.676959753036499,-0.7829639911651611,1.4811055660247803,0.48817028043543054,0.4979521358425084,0,0
1.6741538047790527,-0.7853052020072937,1.4822059869766235,0.5037262902868485,0.5011022070865556,0,0
1.671364426612854,-0.7876390814781189,1.4840987920761108,0.5099120136971608,0.5110921834940412,0,0
1.6686029434204102,-0.7899633646011353,1.486824631690979,0.5023049668961526,0.4968507296407097,0,0
1.6658836603164673,-0.7922753095626831,1.490416407585144,0.49804357523355025,0.48517817054736145,0,0
1.6632208824157715,-0.794572114944458,1.4948569536209106,0.4940554191116681,0.4738111196431428,0,0
1.6606314182281494,-0.7968505024909973,1.500138282775879,0.4980068931517071,0.5026384450477775,0,0
1.6581294536590576,-0.79910808801651,1.5062161684036255,0.49947773423663844,0.48954983976667604,0,0
1.6557307243347168,-0.8013415932655334,1.5130794048309326,0.4966439758694745,0.49172909785081653,0,0
1.653446912765503,-0.8035474419593811,1.5206700563430786,0.504618137512788,0.5066472883737662,0,0
1.6512900590896606,-0.8057212829589844,1.5289812088012695,0.49727950050133307,0.5035334037008207,0,0
1.6492685079574585,-0.8078575730323792,1.537962794303894,0.5067454706288621,0.4986377484468299,0,0
1.6473898887634277,-0.8099503517150879,1.5475964546203613,0.49739024778224317,0.5024944696780281,0,0
1.6456588506698608,-0.8119932413101196,1.5578356981277466,0.48327248333478307,0.4922115727210623,0,0
1.6440781354904175,-0.8139786124229431,1.5686606168746948,0.5023806177524097,0.5004547659907348,0,0
1.642648458480835,-0.8158991932868958,1.5800175666809082,0.5038563735341511,0.5009969376817177,0,0
1.6413683891296387,-0.8177472352981567,1.5918958187103271,0.5024414789718369,0.4882275207699559,0,0
1.640235185623169,-0.8195152282714844,1.6042447090148926,0.5039876471723567,0.5078850960571337,0,0
1.6392433643341064,-0.8211962580680847,1.617074728012085,0.5051978552652017,0.4998573294727476,0,0
1.6383869647979736,-0.8227829933166504,1.6303156614303589,0.4884041636487459,0.5114323042520884,0,0
1.6376583576202393,-0.8242694735527039,1.6439553499221802,0.5007979646019965,0.48373934127997953,0,0
1.6370477676391602,-0.8256502151489258,1.6579735279083252,0.47940364294901466,0.4890060847354717,0,0
1.6365470886230469,-0.8269209265708923,1.672368049621582,0.4977147409508024,0.5028658781024604,0,0
1.6361451148986816,-0.8280786275863647,1.6870763301849365,0.490697261086169,0.503932329630402,0,0
1.6358314752578735,-0.8291214108467102,1.7020676136016846,0.49482737449140357,0.5011827287812379,0,0
1.6355946063995361,-0.830048143863678,1.717353343963623,0.49434955392117624,0.4939677487088164,0,0
1.635422945022583,-0.8308599591255188,1.7328933477401733,0.5086505598486647,0.5024432937757957,0,0
1.6353055238723755,-0.831558108329773,1.7486687898635864,0.5098168686810387,0.4917364594992745,0,0
1.6352312564849854,-0.8321447372436523,1.7646738290786743,0.5001085685155406,0.4821297154048719,0,0
1.6351901292800903,-0.8326231837272644,1.780887246131897,0.5075779706013787,0.49798521037484067,0,0
1.6351724863052368,-0.8329980969429016,1.7972818613052368,0.5029376966623247,0.4929296160675899,0,0
1.6351690292358398,-0.8332740664482117,1.813848853111267,0.5043082449987306,0.4992077748735636,0,0
1.6351724863052368,-0.8334563970565796,1.8305753469467163,0.5007120480807618,0.5170828254594632,0,0
1.6351749897003174,-0.8335509300231934,1.8474324941635132,0.49198080551685863,0.509024389120942,0,0
1.6351712942123413,-0.8335644602775574,1.864398717880249,0.4950456302852549,0.4927578473902997,0,0
1.6351546049118042,-0.8335040807723999,1.881461262702942,0.4927698938166962,0.4963523869788681,0,0
1.6351197957992554,-0.833376407623291,1.898598551750183,0.4792091984930316,0.5145544836031941,0,0
1.635062336921692,-0.8331890106201172,1.9158005714416504,0.48493070160276724,0.49164928035710576,0,0
1.6349785327911377,-0.8329500555992126,1.933034062385559,0.5163263015123654,0.4950246950682641,0,0
1.6348644495010376,-0.8326689004898071,1.9502838850021362,0.5089781351376916,0.5000013608042508,0,0
1.6347177028656006,-0.832355797290802,1.967530369758606,0.5111303537024411,0.4973544211001881,0,0
1.634535312652588,-0.8320208191871643,1.9847729206085205,0.5062111064997188,0.5088200285556391,0,0
1.6343179941177368,-0.8316737413406372,2.00199031829834,0.4902475380882621,0.5062050376283188,0,0
1.634068250656128,-0.8313243389129639,2.019163131713867,0.49508917718200035,0.5089348199354929,0,0
1.6337913274765015,-0.8309823274612427,2.0362749099731445,0.489133111235509,0.4970126920091413,0,0
1.6334935426712036,-0.8306565284729004,2.0533151626586914,0.5072216298422115,0.5035688580675415,0,0
1.6331807374954224,-0.8303530216217041,2.0702896118164062,0.5051523177270741,0.5107876047253067,0,0
1.6328587532043457,-0.8300747871398926,2.087186336517334,0.49348560749545295,0.5175594577442081,0,0
1.6325334310531616,-0.8298223614692688,2.103984832763672,0.5291224405873901,0.4845438075966402,0,0
1.6322097778320312,-0.8295949101448059,2.120676040649414,0.5042505288423135,0.5052463352749351,0,0
1.631892442703247,-0.8293912410736084,2.1372506618499756,0.5061459240132908,0.5144379701199694,0,0
1.631584644317627,-0.8292105793952942,2.1536972522735596,0.5045108922669095,0.5023298507961281,0,0
1.631288766860962,-0.8290519714355469,2.170010566711426,0.48834560957894824,0.49728694887251207,0,0
1.6310065984725952,-0.82891446352005,2.1861767768859863,0.517889308450327,0.5003186958991677,0,0
1.630739450454712,-0.8287962675094604,2.2021868228912354,0.5039459480815951,0.49184113397127865,0,0
1.6304880380630493,-0.8286958336830139,2.218032121658325,0.4979087511850262,0.5016609431178165,0,0
1.6302530765533447,-0.8286108374595642,2.233703851699829,0.49894863537707795,0.512028795562256,0,0
1.630035161972046,-0.8285390734672546,2.2491917610168457,0.4927849260610699,0.5174312033758808,0,0
1.6298339366912842,-0.8284785747528076,2.264491558074951,0.5066009469736196,0.5006835896765371,0,0
1.6296495199203491,-0.8284275531768799,2.279595136642456,0.5051955985683604,0.4717398511062554,0,0
1.629481554031372,-0.8283848762512207,2.2944953441619873,0.5040098351598531,0.5074900810220567,0,0
1.6293294429779053,-0.8283493518829346,2.3091793060302734,0.5000439224871865,0.49024752325011556,0,0
1.6291923522949219,-0.8283201456069946,2.3236470222473145,0.482544792371898,0.4899454071220197,0,0
1.629069447517395,-0.8282961249351501,2.3378913402557373,0.49384532908354795,0.49720192709162775,0,0
1.62895929813385,-0.8282763957977295,2.351907730102539,0.49737804594249024,0.49886192822691516,0,0
1.628860592842102,-0.8282599449157715,2.3656914234161377,0.4949321387139157,0.5138485765970545,0,0
1.6287721395492554,-0.8282463550567627,2.379241943359375,0.4983600715688717,0.511755109982379,0,0
1.6286929845809937,-0.8282343745231628,2.392547130584717,0.5040626461840867,0.5196067387812727,0,0
1.6286215782165527,-0.8282234072685242,2.4056077003479004,0.5058234397422398,0.500933179582511,0,0
1.628557562828064,-0.8282126784324646,2.418417453765869,0.5100736145697827,0.48306900647339013,0,0
1.6284998655319214,-0.8282015919685364,2.430976390838623,0.48853180093880677,0.5049725445848153,0,0
1.628448724746704,-0.8281898498535156,2.4432778358459473,0.5045102424561727,0.5090988472794115,0,0
1.6284024715423584,-0.8281770944595337,2.455322027206421,0.505608079787335,0.4786662656211387,0,0
1.628361701965332,-0.8281633853912354,2.4671082496643066,0.5010287503198054,0.4977539215268518,0,0
1.6283258199691772,-0.8281484842300415,2.478631019592285,0.4938502401492664,0.5077863230289891,0,0
1.6282939910888672,-0.8281328678131104,2.4898900985717773,0.4904794813723816,0.5126650982945717,0,0
1.628266453742981,-0.8281165361404419,2.500885009765625,0.5060270429931973,0.4925855335967778,0,0
1.6282424926757812,-0.8280998468399048,2.5116167068481445,0.5016025871340536,0.5005951162225486,0,0
1.6282219886779785,-0.8280832767486572,2.5220844745635986,0.5139465664543874,0.5073956242221253,0,0
1.6282038688659668,-0.8280669450759888,2.5322885513305664,0.5027912450154315,0.47888126621801963,0,0
1.6281884908676147,-0.8280510306358337,2.5422229766845703,0.5103636627785199,0.5078820543385935,0,0
1.6281750202178955,-0.8280358910560608,2.551893949508667,0.5290849183785762,0.4859942335713581,0,0
1.6281628608703613,-0.8280217051506042,2.5613017082214355,0.4973631579637849,0.5045048210717802,0,0
1.6281522512435913,-0.8280085921287537,2.5704455375671387,0.495394461160981,0.5108373769110666,0,0
1.628142237663269,-0.8279966711997986,2.5793261528015137,0.5004932146701957,0.5077160028210804,0,0
1.6281328201293945,-0.8279857039451599,2.5879430770874023,0.48779908108258435,0.495460934237673,0,0
1.6281238794326782,-0.8279760479927063,2.5963022708892822,0.4944828529085117,0.4861998736227725,0,0
1.628114938735962,-0.8279672265052795,2.6044042110443115,0.5065491105889145,0.5055429003715307,0,0
1.6281057596206665,-0.8279595971107483,2.612248420715332,0.49916126061453553,0.49914821211384924,0,0
1.6280969381332397,-0.8279527425765991,2.6198410987854004,0.5133952786081748,0.507338889966665,0,0
1.6280877590179443,-0.827946662902832,2.6271824836730957,0.49752097234287346,0.5017619635092063,0,0
1.6280784606933594,-0.8279412984848022,2.634277820587158,0.48969667949299384,0.5166823223699132,0,0
1.6280685663223267,-0.827936589717865,2.6411209106445312,0.49233351336649106,0.5023912779209595,0,0
1.6280593872070312,-0.8279320597648621,2.6477246284484863,0.4975429779971882,0.48093068851775295,0,0
1.628049373626709,-0.827928364276886,2.6540884971618652,0.4946065158934453,0.4974277002179215,0,0
1.6280399560928345,-0.8279248476028442,2.660212755203247,0.49990577034875244,0.5092606940097325,0,0
1.6280304193496704,-0.8279216289520264,2.6661031246185303,0.5034860541169957,0.5021633103646812,0,0
1.6280211210250854,-0.8279191255569458,2.6717514991760254,0.5055312830030579,0.511590046451778,0,0
1.6280114650726318,-0.8279145956039429,2.677168130874634,0.5155701413868136,0.5254958099630157,0,0
1.627998948097229,-0.8279016613960266,2.6823487281799316,0.4864117694539534,0.5070754858692539,0,0
1.6279804706573486,-0.8278689980506897,2.6873013973236084,0.506997046243933,0.49100946776617443,0,0
1.6279520988464355,-0.8278021812438965,2.6920337677001953,0.5041646249582257,0.5010704103041452,0,0
1.627909779548645,-0.82768315076828,2.696552276611328,0.5163651295048018,0.47786933028140016,0,0
1.6278495788574219,-0.8274933099746704,2.700875759124756,0.5061701567606033,0.4967923693251154,0,0
1.627769112586975,-0.8272143006324768,2.7050278186798096,0.48961391999497006,0.5025641346929459,0,0
1.6276665925979614,-0.8268284201622009,2.7090001106262207,0.49389840289696024,0.5060232051471311,0,0
1.627541184425354,-0.8263207674026489,2.7128047943115234,0.49571715299105135,0.5023697798448133,0,0
1.6273918151855469,-0.8256796598434448,2.7164692878723145,0.4937068982600896,0.518356298417981,0,0
1.6272159814834595,-0.8248975872993469,2.719993829727173,0.49852868489434793,0.5042045180089606,0,0
1.6270116567611694,-0.823970377445221,2.723372220993042,0.498480118525393,0.5008512837265903,0,0
1.6267757415771484,-0.8228965997695923,2.7265982627868652,0.48642724720995,0.48565562749388513,0,0
1.6265041828155518,-0.8216767907142639,2.729679584503174,0.5010304641465393,0.48404321766540065,0,0
1.626193642616272,-0.8203124403953552,2.7326176166534424,0.4952030497738075,0.5049616249444422,0,0
1.6258411407470703,-0.8188067078590393,2.735419750213623,0.4894779592865623,0.5022334346295227,0,0
1.6254429817199707,-0.8171639442443848,2.7380928993225098,0.5001676431162096,0.5108262007063679,0,0
1.6249980926513672,-0.8153893351554871,2.740640163421631,0.4949006821189925,0.5212434473879822,0,0
1.6245051622390747,-0.8134887218475342,2.743067979812622,0.49760313207542684,0.5095516841239279,0,0
1.623963475227356,-0.8114692568778992,2.7453789710998535,0.5019206311107641,0.5172984880857281,0,0
1.6233724355697632,-0.8093382120132446,2.747577667236328,0.508658134396826,0.5105510223607252,0,0
1.6227319240570068,-0.8071033954620361,2.749671459197998,0.5056018497401397,0.5148572032425367,0,0
1.622041940689087,-0.8047724962234497,2.7516708374023438,0.49829509933028476,0.4834188540066952,0,0
1.621303677558899,-0.8023527264595032,2.753589153289795,0.4678407487405234,0.5123604473314013,0,0
1.6205179691314697,-0.7998500466346741,2.7554373741149902,0.4938335265991799,0.5067020229155969,0,0
1.6196869611740112,-0.7972703576087952,2.757211208343506,0.5008518732582623,0.49832308540916725,0,0
1.6188125610351562,-0.7946189045906067,2.758903980255127,0.5192089681441792,0.4892488697463608,0,0
1.6178970336914062,-0.7919009327888489,2.7605128288269043,0.49270429258350906,0.4946752554512404,0,0
1.616943120956421,-0.789122462272644,2.7620339393615723,0.49544355148539354,0.48976883675957605,0,0
1.6159534454345703,-0.7862892746925354,2.763474464416504,0.5072352749043649,0.4963938410591467,0,0
1.6149307489395142,-0.7834069728851318,2.76485013961792,0.5054736266057329,0.4908747944024914,0,0
1.6138770580291748,-0.780479907989502,2.7661752700805664,0.5006065685190931,0.5022422268983119,0,0
1.6127936840057373,-0.7775126099586487,2.7674551010131836,0.5133993220190018,0.5142896815792534,0,0
1.6116820573806763,-0.7745084762573242,2.768683433532715,0.48804333416571727,0.5108711486368587,0,0
1.6105433702468872,-0.7714709639549255,2.769859790802002,0.4970355753906777,0.5043483960553258,0,0
1.6093789339065552,-0.7684024572372437,2.7709832191467285,0.4960111008830713,0.5027828782220195,0,0
1.6081902980804443,-0.765305757522583,2.7720491886138916,0.5044675868154906,0.5007306740055745,0,0
1.606980323791504,-0.7621833682060242,2.7730672359466553,0.5043844740514252,0.5008346498510607,0,0
1.6057496070861816,-0.7590376138687134,2.774038553237915,0.4970577215598274,0.4982964221403045,0,0
1.6045002937316895,-0.7558708190917969,2.774967908859253,0.5147613000624915,0.49981470213808066,0,0
1.6032334566116333,-0.7526854276657104,2.7758538722991943,0.4956602956371177,0.48531533527303267,0,0
1.601949691772461,-0.7494832277297974,2.7766995429992676,0.48364544073824006,0.5059297492868174,0,0
1.6006498336791992,-0.7462663650512695,2.7775115966796875,0.49248627097625186,0.5093663580243214,0,0
1.599334716796875,-0.7430360317230225,2.7782909870147705,0.4804181944575253,0.4947113354800426,0,0
1.5980052947998047,-0.7397934198379517,2.779031991958618,0.5090056210355564,0.500691725801905,0,0
1.5966622829437256,-0.736539900302887,2.7797417640686035,0.48243955164694907,0.5029377116461373,0,0
1.595306634902954,-0.7332762479782104,2.780416965484619,0.49216451519389537,0.49515339313503415,0,0
1.5939399003982544,-0.7300035953521729,2.781059980392456,0.4983849374804542,0.496780516612961,0,0
1.5925620794296265,-0.7267230153083801,2.781674861907959,0.48241892418127064,0.508517980601406,0,0
1.5911741256713867,-0.7234355211257935,2.782261371612549,0.4887963295471284,0.5110386191028325,0,0
1.5897762775421143,-0.7201420068740845,2.7828257083892822,0.4912573317938061,0.5106743747003847,0,0
1.5883694887161255,-0.7168433666229248,2.7833633422851562,0.5221399899454406,0.4962204422141124,0,0
1.5869542360305786,-0.7135400772094727,2.7838797569274902,0.49224791621845204,0.4819902326479383,0,0
1.585530400276184,-0.7102323770523071,2.784371852874756,0.4997276724192847,0.499159473178297,0,0
1.5840994119644165,-0.7069209218025208,2.784839153289795,0.4942906859514933,0.5122719590476429,0,0
1.5826612710952759,-0.7036062479019165,2.7852888107299805,0.4910468405199024,0.4830625031604139,0,0
1.5812169313430786,-0.700288712978363,2.785717487335205,0.5028795031123992,0.5049647301587551,0,0
1.579766035079956,-0.6969686150550842,2.7861275672912598,0.4982443586010645,0.5009940600351478,0,0
1.5783095359802246,-0.6936466097831726,2.786519765853882,0.4924127277710614,0.5008814080229317,0,0
1.5768476724624634,-0.6903229355812073,2.786891460418701,0.49985697447917404,0.5129130831786094,0,0
1.5753806829452515,-0.6869977712631226,2.7872467041015625,0.493342619805535,0.4942967736261639,0,0
1.573909044265747,-0.6836713552474976,2.787584066390991,0.4985038368538865,0.49003644991276624,0,0
1.5724327564239502,-0.6803438663482666,2.7879090309143066,0.5092065081160756,0.507111988179979,0,0
1.570952296257019,-0.6770154237747192,2.7882168292999268,0.4860576243817868,0.49918516289238857,0,0
1.5694679021835327,-0.6736862063407898,2.78851318359375,0.5024124023915554,0.49812782928982857,0,0
1.5679798126220703,-0.6703564524650574,2.7887935638427734,0.5132567118161319,0.5250619247413105,0,0
1.5664881467819214,-0.6670262813568115,2.7890639305114746,0.5156250072454067,0.5025030595753925,0,0
1.5649930238723755,-0.663695752620697,2.7893238067626953,0.4960579315892792,0.5015033290943413,0,0
1.5634950399398804,-0.6603651642799377,2.789571762084961,0.5056964469588935,0.49135631194494006,0,0
1.5619945526123047,-0.6570342779159546,2.789807081222534,0.4981427692144343,0.4871438574808926,0,0
1.560490608215332,-0.6537033915519714,2.7900311946868896,0.5187202758301056,0.49425233075842034,0,0
1.558984398841858,-0.6503723859786987,2.7902426719665527,0.49241196154712197,0.49521789428715124,0,0
1.557475209236145,-0.6470414996147156,2.7904491424560547,0.4817663891922084,0.5161065568665659,0,0
1.5559641122817993,-0.643710732460022,2.7906441688537598,0.5135576695399272,0.488004751036714,0,0
1.5544506311416626,-0.6403800845146179,2.790827989578247,0.5100585263672417,0.5100747009162893,0,0
1.552935242652893,-0.6370496153831482,2.791005849838257,0.4940926956368017,0.5061409953632909,0,0
1.551417589187622,-0.6337193250656128,2.7911782264709473,0.5123704615220381,0.4841797662632307,0,0
1.5498981475830078,-0.6303892731666565,2.7913382053375244,0.5050009141743209,0.5012871321067507,0,0
1.5483770370483398,-0.6270594596862793,2.791492462158203,0.5063461360383005,0.5109789938731029,0,0
1.5468538999557495,-0.6237298846244812,2.7916409969329834,0.5033605924171526,0.4913034344670454,0,0
1.5453296899795532,-0.6204006671905518,2.791783332824707,0.49956791756371166,0.4956363512054954,0,0
1.5438036918640137,-0.6170716881752014,2.7919199466705322,0.4909050393284381,0.5099131851500133,0,0
1.5422765016555786,-0.6137429475784302,2.792050838470459,0.4932236001440106,0.5007042224936923,0,0
1.5407480001449585,-0.6104146242141724,2.7921760082244873,0.4956594951255452,0.4904505738139715,0,0
1.5392180681228638,-0.6070864796638489,2.79229474067688,0.49952576087167117,0.5144098771436209,0,0
1.5376869440078735,-0.6037587523460388,2.792407751083374,0.4958851904885689,0.5027749160437689,0,0
1.5361546277999878,-0.6004312634468079,2.7925148010253906,0.4959840465686623,0.4944756748642471,0,0
1.5346208810806274,-0.597104012966156,2.7926158905029297,0.5243182247371255,0.5029115314751477,0,0
1.5330865383148193,-0.5937771797180176,2.7927112579345703,0.4950043293158244,0.4976646790744301,0,0
1.5315507650375366,-0.5904505848884583,2.792806625366211,0.493580719498683,0.48596919710011116,0,0
1.530014157295227,-0.5871242880821228,2.792896032333374,0.4903635841919076,0.5047149467096893,0,0
1.5284771919250488,-0.5837982892990112,2.7929797172546387,0.5212062362821605,0.5010114789627176,0,0
1.5269389152526855,-0.580472469329834,2.793057441711426,0.5070853836673017,0.5067779642809115,0,0
1.5253998041152954,-0.5771470665931702,2.7931346893310547,0.49703918639755545,0.5131764398230035,0,0
1.5238596200942993,-0.5738218426704407,2.793205499649048,0.5010787542908951,0.501233392126603,0,0
1.5223190784454346,-0.5704967975616455,2.793276786804199,0.498231407828196,0.4750614147541396,0,0
1.5207778215408325,-0.567172110080719,2.793342351913452,0.49960648405212044,0.5090640693859954,0,0
1.519235610961914,-0.5638476014137268,2.793407917022705,0.5064040260314728,0.4949492515736007,0,0
1.5176929235458374,-0.5605234503746033,2.7934675216674805,0.5043531252241026,0.5173382187289489,0,0
1.516149640083313,-0.5571994781494141,2.7935268878936768,0.488853337979312,0.5027738647149806,0,0
1.5146052837371826,-0.553875744342804,2.7935800552368164,0.5089747683292184,0.4892929160447896,0,0
1.5130606889724731,-0.5505521893501282,2.793633460998535,0.5024606574661519,0.499497695589961,0,0
1.5115156173706055,-0.5472289323806763,2.7936806678771973,0.5126725490024605,0.5109373258688504,0,0
1.5099701881408691,-0.5439057350158691,2.7937281131744385,0.48541698742028927,0.5123165102094842,0,0
1.5084238052368164,-0.5405827760696411,2.7937755584716797,0.5091654826435175,0.5111232413275427,0,0
1.5068774223327637,-0.5372599959373474,2.7938175201416016,0.5147964912581036,0.49501535263077195,0,0
1.5053303241729736,-0.533937394618988,2.7938594818115234,0.494429000654806,0.4949255869459041,0,0
1.503783106803894,-0.5306150317192078,2.7939014434814453,0.4913008469110599,0.49879627588883385,0,0
1.5022354125976562,-0.5272928476333618,2.7939369678497314,0.4931980276727798,0.49935451892305893,0,0
1.5006870031356812,-0.5239707827568054,2.793972969055176,0.49618628029126144,0.5192707144712456,0,0
1.4991382360458374,-0.5206488370895386,2.794008731842041,0.5080624464508802,0.49366381550727334,0,0
1.4975894689559937,-0.517327070236206,2.7940382957458496,0.5092331984172699,0.501473111735093,0,0
1.4960401058197021,-0.5140054225921631,2.794067859649658,0.4891917034701636,0.5080867845858389,0,0
1.4944905042648315,-0.5106839537620544,2.794097423553467,0.5099903177969112,0.5084790516835492,0,0
1.4929410219192505,-0.5073626041412354,2.7941269874572754,0.5102430245331517,0.4837069600388301,0,0
1.4913907051086426,-0.5040413737297058,2.7941508293151855,0.5006632372801919,0.49381782869854884,0,0
1.4898402690887451,-0.5007203221321106,2.7941744327545166,0.4839931561022114,0.4971902989677218,0,0
1.488289713859558,-0.49739935994148254,2.7941980361938477,0.5202062646590345,0.5163797044245289,0,0
1.486738681793213,-0.4940784275531769,2.794221878051758,0.502944332411112,0.5140835908028392,0,0
1.48518705368042,-0.49075761437416077,2.794245481491089,0.4927148257646633,0.49600023767314555,0,0
1.483635663986206,-0.4874369502067566,2.7942636013031006,0.5159833958819341,0.524304775253708,0,0
1.482083797454834,-0.48411643505096436,2.794281482696533,0.4840594510354936,0.4984296945953158,0,0
1.480532169342041,-0.4807959794998169,2.794299602508545,0.5211554568647608,0.49152796259458237,0,0
1.4789800643920898,-0.4774755835533142,2.7943174839019775,0.49941150455291144,0.5119189709476608,0,0
1.47742760181427,-0.4741552174091339,2.7943356037139893,0.507448986262693,0.5056375277631461,0,0
1.4758751392364502,-0.4708349108695984,2.794353485107422,0.5034976805435333,0.490704091258596,0,0
1.4743221998214722,-0.4675148129463196,2.794365167617798,0.49422055683462196,0.4932260130469561,0,0
1.4727692604064941,-0.46419477462768555,2.794377088546753,0.5134462672968344,0.5041680905707119,0,0
1.4712162017822266,-0.4608747959136963,2.794389247894287,0.4871722538748102,0.4870261496871489,0,0
1.4696629047393799,-0.4575548470020294,2.7944014072418213,0.508627627478586,0.4977961416879329,0,0
1.4681096076965332,-0.45423492789268494,2.7944130897521973,0.49933471804459684,0.4851498847681398,0,0
1.4665559530258179,-0.4509150981903076,2.794424533843994,0.49612147647659666,0.4936092743624011,0,0
1.4650022983551025,-0.4475952684879303,2.79443621635437,0.505374072077391,0.4881452111911536,0,0
1.4634482860565186,-0.4442756175994873,2.794447898864746,0.5082062599503185,0.5074229526052136,0,0
1.461894154548645,-0.4409559965133667,2.794459342956543,0.504563898669157,0.4966425944863205,0,0
1.4603402614593506,-0.4376363754272461,2.7944653034210205,0.4888211180392114,0.5005839793285227,0,0
1.458786129951477,-0.43431681394577026,2.794471263885498,0.4920419020527742,0.49171476105310297,0,0
1.4572317600250244,-0.4309973120689392,2.7944769859313965,0.5093636957547444,0.49317829904425325,0,0
1.4556772708892822,-0.4276779294013977,2.794483184814453,0.4881018339363709,0.4851206217929905,0,0
1.4541232585906982,-0.42435842752456665,2.7944889068603516,0.5015413602304872,0.4988032930549669,0,0
1.4525682926177979,-0.42103904485702515,2.794494867324829,0.4935839042966451,0.4993253724257756,0,0
1.4510135650634766,-0.4177197813987732,2.7945008277893066,0.4996245792095165,0.5069320144150579,0,0
1.4494590759277344,-0.41440048813819885,2.794506788253784,0.4971268646089076,0.49102342895372203,0,0
1.4479039907455444,-0.4110812544822693,2.7945127487182617,0.5062470139834191,0.5182744175531003,0,0
1.446349024772644,-0.40776199102401733,2.79451847076416,0.49730051110895385,0.5031392060759189,0,0
1.4447940587997437,-0.40444284677505493,2.7945244312286377,0.5055839840946469,0.49783093182556076,0,0
1.4432389736175537,-0.4011237323284149,2.7945303916931152,0.5075604692766384,0.5062895792269141,0,0
1.4416837692260742,-0.3978046178817749,2.7945363521575928,0.4952239951284045,0.4950682165373823,0,0
1.4401288032531738,-0.3944855034351349,2.7945423126220703,0.5071807503844071,0.517993325022689,0,0
1.4385734796524048,-0.39116641879081726,2.794548273086548,0.5005195846031175,0.4927866638411766,0,0
1.4370183944702148,-0.3878473937511444,2.7945539951324463,0.4849264103488659,0.5103034819490593,0,0
1.4354627132415771,-0.3845283091068268,2.7945539951324463,0.49534332509907536,0.4988031959699078,0,0
1.433907151222229,-0.3812093138694763,2.7945539951324463,0.49846821641216105,0.4963928574084177,0,0
1.4323517084121704,-0.37789034843444824,2.7945539951324463,0.5154201885865554,0.511469913786809,0,0
1.4307960271835327,-0.3745713531970978,2.7945539951324463,0.5004704027815261,0.49187860730358657,0,0
1.4292405843734741,-0.3712523877620697,2.7945539951324463,0.4936846269536808,0.49824391436983045,0,0
1.4276849031448364,-0.367933452129364,2.7945539951324463,0.5067404612053268,0.519588254645621,0,0
1.4261293411254883,-0.3646145761013031,2.7945539951324463,0.5017196552579696,0.49572888150016514,0,0
1.4245736598968506,-0.3612956702709198,2.7945539951324463,0.4996478081952451,0.5131192242071153,0,0
1.4230180978775024,-0.3579767644405365,2.7945539951324463,0.5034076917198709,0.49946999082967775,0,0
1.4214624166488647,-0.35465794801712036,2.7945539951324463,0.5118452802066003,0.49692767297871127,0,0
1.4199066162109375,-0.35133910179138184,2.7945539951324463,0.4957049788182479,0.4949373685213904,0,0
1.4183508157730103,-0.3480202853679657,2.7945539951324463,0.5026755387581708,0.5107673670609403,0,0
1.4167951345443726,-0.34470146894454956,2.7945539951324463,0.4923944527467935,0.5012098310498062,0,0
1.4152392148971558,-0.3413826823234558,2.7945539951324463,0.496894219661435,0.4896334484206182,0,0
1.413683295249939,-0.33806392550468445,2.7945539951324463,0.49420182707400423,0.5128801289926067,0,0
1.4121272563934326,-0.3347451686859131,2.7945539951324463,0.5076367841498344,0.4875269655898195,0,0
1.4105712175369263,-0.33142638206481934,2.7945539951324463,0.5007679276225095,0.5065398477637644,0,0
1.40901517868042,-0.32810768485069275,2.7945539951324463,0.5021029635673205,0.4871914712082722,0,0
1.4074591398239136,-0.32478898763656616,2.7945539951324463,0.4985599029025984,0.5040810379105504,0,0
1.4059029817581177,-0.32147032022476196,2.7945539951324463,0.49701460672535197,0.4821410562521076,0,0
1.4043468236923218,-0.31815165281295776,2.7945539951324463,0.4899561082701345,0.4842783512739094,0,0
1.4027904272079468,-0.31483298540115356,2.7945539951324463,0.49525836641931925,0.513343824804387,0,0
1.4012341499328613,-0.31151437759399414,2.7945539951324463,0.49965065949342696,0.5183178102249218,0,0
1.3996779918670654,-0.3081957697868347,2.7945539951324463,0.4736378969664798,0.49985275852187244,0,0
1.3981215953826904,-0.3048771917819977,2.7945539951324463,0.4952964092935436,0.5028787532369664,0,0
1.396565318107605,-0.30155861377716064,2.7945539951324463,0.49332810319366827,0.49822206397430374,0,0
1.39500892162323,-0.2982400357723236,2.7945539951324463,0.4957350538707933,0.5257103522107176,0,0
1.3934524059295654,-0.29492151737213135,2.7945539951324463,0.49256504938053003,0.5124274378309824,0,0
1.3918958902359009,-0.2916030287742615,2.7945539951324463,0.5058754932356894,0.5080901588658795,0,0
1.3903393745422363,-0.2882845401763916,2.7945539951324463,0.4968385034480735,0.4769563643404152,0,0
1.3887827396392822,-0.28496602177619934,2.7945539951324463,0.5018505650870116,0.4967963570258158,0,0
1.3872263431549072,-0.28164756298065186,2.7945539951324463,0.5111926084035914,0.4890150005578033,0,0
1.3856695890426636,-0.27832910418510437,2.7945539951324463,0.5034164376895891,0.4935032900625621,0,0
1.38411283493042,-0.2750106751918793,2.7945539951324463,0.5053211991814893,0.4966196642009828,0,0
1.3825560808181763,-0.27169227600097656,2.7945539951324463,0.5024250956295557,0.48621425690860687,0,0
1.380999207496643,-0.26837387681007385,2.7945539951324463,0.4915122904281485,0.5066324955998057,0,0
1.3794422149658203,-0.26505550742149353,2.7945539951324463,0.4856328640364383,0.4969674160181297,0,0
1.377885341644287,-0.2617371082305908,2.7945539951324463,0.5100139303086698,0.5003811571556277,0,0
1.376328468322754,-0.2584187984466553,2.7945539951324463,0.4695680439051327,0.501696755702716,0,0
1.3747714757919312,-0.25510045886039734,2.7945539951324463,0.5052327195220481,0.5192090762021843,0,0
1.3732144832611084,-0.2517821490764618,2.7945539951324463,0.4897408633410448,0.5165471172183359,0,0
1.3716574907302856,-0.24846385419368744,2.7945539951324463,0.4881164865690939,0.4898645503247896,0,0
1.370100498199463,-0.2451455444097519,2.7945539951324463,0.49087604942317203,0.49088574174611843,0,0
1.3685433864593506,-0.24182727932929993,2.7945539951324463,0.4968566735823429,0.5012475038954906,0,0
1.3669862747192383,-0.23850904405117035,2.7945539951324463,0.5031843650958959,0.4900669522976032,0,0
1.3654290437698364,-0.23519079387187958,2.7945539951324463,0.49537036922324534,0.5035281309109685,0,0
1.3638718128204346,-0.2318725883960724,2.7945539951324463,0.5024341061109678,0.48641847591596876,0,0
1.3623145818710327,-0.22855442762374878,2.7945539951324463,0.49850240211199937,0.493060649613542,0,0
1.3607573509216309,-0.22523625195026398,2.7945539951324463,0.4722489721713255,0.493706028726369,0,0
1.35919988155365,-0.22191809117794037,2.7945539951324463,0.5194942624151495,0.4865173967209658,0,0
1.3576425313949585,-0.21859994530677795,2.7945539951324463,0.503543211053822,0.5085957020099898,0,0
1.356085181236267,-0.21528181433677673,2.7945539951324463,0.4796495960560518,0.5067424985395126,0,0
1.3545275926589966,-0.2119636982679367,2.7945539951324463,0.5069290962102625,0.517132133079764,0,0
1.3529701232910156,-0.20864559710025787,2.7945539951324463,0.4857238118985599,0.4984375075387624,0,0
1.3514126539230347,-0.20532751083374023,2.7945539951324463,0.5096275529899628,0.507838995487471,0,0
1.3498549461364746,-0.20200945436954498,2.7945539951324463,0.5018589493877015,0.49604864842265173,0,0
1.348297357559204,-0.19869141280651093,2.7945539951324463,0.5005390756664091,0.4993672702945518,0,0
1.346739649772644,-0.19537335634231567,2.7945539951324463,0.5031679705331761,0.5037503337178698,0,0
1.345181941986084,-0.192055344581604,2.7945539951324463,0.5036835092595984,0.4849357518043775,0,0
1.343624234199524,-0.18873733282089233,2.7945539951324463,0.516344388921929,0.5128479030820087,0,0
1.3420664072036743,-0.18541935086250305,2.7945539951324463,0.4887241285727063,0.5091888664025002,0,0
1.3405086994171143,-0.18210138380527496,2.7945539951324463,0.4923602134489404,0.5042583004114578,0,0
1.338950753211975,-0.17878343164920807,2.7945539951324463,0.497443792914577,0.5133345211353466,0,0
1.337393045425415,-0.17546549439430237,2.7945539951324463,0.512154596531888,0.4970007364386523,0,0
1.335835337638855,-0.17214757204055786,2.7945539951324463,0.4939220846886716,0.4894938075213477,0,0
1.3342775106430054,-0.16882966458797455,2.7945539951324463,0.4941913813027279,0.4877606177360345,0,0
1.3327195644378662,-0.16551178693771362,2.7945539951324463,0.5066112565925589,0.49378760335048555,0,0
1.3311614990234375,-0.1621939241886139,2.7945539951324463,0.5018581680780977,0.5158308850575557,0,0
1.3296035528182983,-0.15887606143951416,2.7945539951324463,0.4929906095137396,0.519548757933722,0,0
1.3280454874038696,-0.15555819869041443,2.7945539951324463,0.48803861020426265,0.5041147177449534,0,0
1.326487421989441,-0.1522403508424759,2.7945539951324463,0.5015151801434871,0.47893148833346916,0,0
1.3249292373657227,-0.14892253279685974,2.7945539951324463,0.4977020736991612,0.4813371231334885,0,0
1.3233710527420044,-0.14560472965240479,2.7945539951324463,0.5099432450776049,0.4754085577709875,0,0
1.3218128681182861,-0.14228695631027222,2.7945539951324463,0.49430240923090163,0.49259659763012636,0,0
1.3202545642852783,-0.13896918296813965,2.7945539951324463,0.4960859456829454,0.4970223171042645,0,0
1.31869637966156,-0.13565142452716827,2.7945539951324463,0.4863238854631481,0.49589637775849743,0,0
1.3171380758285522,-0.1323336809873581,2.7945539951324463,0.5003189418041032,0.5105163962500763,0,0
1.3155797719955444,-0.1290159374475479,2.7945539951324463,0.4988231381624503,0.48842131821622414,0,0
1.314021348953247,-0.12569819390773773,2.7945539951324463,0.5180241851468216,0.49755304295375596,0,0
1.3124631643295288,-0.12238049507141113,2.7945539951324463,0.5103162266326239,0.48964357088759236,0,0
1.3109047412872314,-0.11906279623508453,2.7945539951324463,0.5080449889443566,0.49346949530381595,0,0
1.309346318244934,-0.11574511229991913,2.7945539951324463,0.517503710476721,0.4938456130857805,0,0
1.3077878952026367,-0.11242745071649551,2.7945544719696045,0.5043117606550395,0.506480378989856,0,0
1.3062294721603394,-0.1091097891330719,2.794555187225342,0.4996558457413206,0.5027836061147373,0,0
1.3046709299087524,-0.1057921051979065,2.794555187225342,0.5180469607891031,0.5011386563978781,0,0
1.303112506866455,-0.10247442871332169,2.794555187225342,0.5012616405199194,0.5052682513812807,0,0
1.3015540838241577,-0.09915674477815628,2.794555187225342,0.4966803100006566,0.5016528391803368,0,0
1.2999955415725708,-0.09583904594182968,2.794555187225342,0.49870953002032375,0.5111828712227399,0,0
1.298437237739563,-0.09252134710550308,2.794555187225342,0.4940809135626501,0.5199855888417193,0,0
1.2968788146972656,-0.08920363336801529,2.794555187225342,0.49645625503388485,0.50238062831313,0,0
1.2953202724456787,-0.0858859196305275,2.794555187225342,0.5032504987880974,0.4919458640370054,0,0
1.2937617301940918,-0.0825681984424591,2.794555187225342,0.4883296406037751,0.5069370495700954,0,0
1.2922033071517944,-0.07925047725439072,2.794555187225342,0.4903683166158053,0.49560009404737115,0,0
1.2906447649002075,-0.07593274116516113,2.794555187225342,0.5030237546796135,0.48548580412067843,0,0
1.2890863418579102,-0.07261498272418976,2.794555187225342,0.49352888855984006,0.5069267089182656,0,0
1.2875280380249023,-0.06929722428321838,2.794555187225342,0.4894362200276408,0.5164849369996176,0,0
1.2859697341918945,-0.06597945839166641,2.794555187225342,0.5150479944795217,0.4964787118318777,0,0
1.2844114303588867,-0.06266168504953384,2.794555187225342,0.5049894210301797,0.5108487948170353,0,0
1.2828532457351685,-0.05934390798211098,2.794555187225342,0.49027463751303235,0.49075747306596396,0,0
1.2812949419021606,-0.056026119738817215,2.794555187225342,0.4920924765495284,0.4870977062849541,0,0
1.2797365188598633,-0.052708324044942856,2.794555187225342,0.5008999335441472,0.49393359456626224,0,0
1.278178334236145,-0.0493905283510685,2.794555187225342,0.4929223810497831,0.4865273784700301,0,0
1.2766199111938477,-0.04607272148132324,2.794555187225342,0.48550922453923534,0.5204705200360379,0,0
1.2750616073608398,-0.04275491088628769,2.794555187225342,0.5147003948513559,0.49669819320693426,0,0
1.2735031843185425,-0.03943708539009094,2.794555187225342,0.5100193072779268,0.4907144578554763,0,0
1.2719449996948242,-0.0361192524433136,2.794555187225342,0.494791337302333,0.4907747520143909,0,0
1.2703865766525269,-0.032801419496536255,2.794555187225342,0.5062630275216928,0.5040389114627568,0,0
1.268828272819519,-0.029483571648597717,2.794555187225342,0.5046893039738694,0.5081408958451289,0,0
1.2672699689865112,-0.026165714487433434,2.794555187225342,0.48917950200115196,0.47926836115206395,0,0
1.265711784362793,-0.0228478591889143,2.794555187225342,0.4970439766383129,0.498144893658211,0,0
1.2641534805297852,-0.01952999085187912,2.794555187225342,0.4973655338255019,0.5130950793276003,0,0
1.262595295906067,-0.016212116926908493,2.794555187225342,0.50409801515225,0.4740100882144129,0,0
1.2610372304916382,-0.01289423182606697,2.794555187225342,0.4910292241305949,0.5030366589523111,0,0
1.25947904586792,-0.0095763448625803,2.794555187225342,0.4909877718174979,0.5104141267119464,0,0
1.2579208612442017,-0.00625844718888402,2.794555187225342,0.5009462363921053,0.5174265119611259,0,0
1.2563625574111938,-0.0029405434615910053,2.794555187225342,0.4981086870934251,0.5088544183582159,0,0
1.2548044919967651,0.00037736748345196247,2.794555187225342,0.5087639432398168,0.5140276455845214,0,0
1.2532461881637573,0.0036952870432287455,2.794555187225342,0.48455636798218943,0.4893098838185025,0,0
1.251688003540039,0.007013209164142609,2.794555187225342,0.49762824342024853,0.4862527550325989,0,0
1.2501299381256104,0.010331141762435436,2.794555187225342,0.5018011038074024,0.5109365969344815,0,0
1.248571753501892,0.013649079948663712,2.794555187225342,0.5077831966250863,0.4869506542434605,0,0
1.2470134496688843,0.01696702651679516,2.794555187225342,0.5211489531604643,0.5156245620178687,0,0
1.245455265045166,0.020284976810216904,2.794555187225342,0.4960593397268634,0.5166836210083282,0,0
1.2438970804214478,0.023602940142154694,2.794555187225342,0.49461740630561785,0.49885696130896917,0,0
1.242339015007019,0.026920903474092484,2.794555187225342,0.48919729755700325,0.4807100276124923,0,0
1.2407809495925903,0.03023887611925602,2.794555187225342,0.4770307448447336,0.4923316411743324,0,0
1.239222764968872,0.03355685621500015,2.794555187225342,0.4918166317015287,0.5039418947145197,0,0
1.237664818763733,0.03687484189867973,2.794555187225342,0.49263938608099644,0.5107308509593852,0,0
1.2361066341400146,0.04019283875823021,2.794555187225342,0.49564677494167536,0.49619643321894374,0,0
1.234548568725586,0.043510839343070984,2.794555187225342,0.5001940389382173,0.5237791862601018,0,0
1.2329906225204468,0.046828847378492355,2.794555187225342,0.4863739034113826,0.49262737174092247,0,0
1.231432557106018,0.05014685541391373,2.794555187225342,0.517105776483328,0.5035641231272094,0,0
1.2298743724822998,0.05346487835049629,2.794555187225342,0.51703977152898,0.5037621034521875,0,0
1.228316307067871,0.056782905012369156,2.794555187225342,0.5169351191663382,0.5074002117658267,0,0
1.226758360862732,0.06010093912482262,2.794555187225342,0.5032015592564212,0.5018964425933317,0,0
1.2252002954483032,0.06341897696256638,2.794555187225342,0.4863435832373494,0.4972045111725271,0,0
1.223642110824585,0.06673701852560043,2.794555187225342,0.49955843696070396,0.4855610498617696,0,0
1.2220840454101562,0.07005506753921509,2.794555187225342,0.5009872169045133,0.49496622194658524,0,0
1.220526099205017,0.07337313145399094,2.794555187225342,0.49744114736316414,0.48957672482902204,0,0
1.2189680337905884,0.07669119536876678,2.794555187225342,0.49803674417178856,0.49456352185800745,0,0
1.2174099683761597,0.08000927418470383,2.794555187225342,0.5071526625275451,0.49761790410314904,0,0
1.21585214138031,0.08332735300064087,2.794555187225342,0.48688423570631845,0.515995136970316,0,0
1.214294195175171,0.08664543926715851,2.794555187225342,0.5077801071397312,0.4996250188507883,0,0
1.2127362489700317,0.08996354043483734,2.794555187225342,0.503477726331568,0.5078805025897847,0,0
1.211178183555603,0.09328164905309677,2.794555187225342,0.4860837337354265,0.514371705486141,0,0
1.2096202373504639,0.0965997576713562,2.794555187225342,0.4877530095220954,0.5117933787278097,0,0
1.2080624103546143,0.09991787374019623,2.794555187225342,0.4956050625085331,0.4901609952198267,0,0
1.2065043449401855,0.10323598235845566,2.794555187225342,0.5062649012745851,0.49674816964360163,0,0
1.2049462795257568,0.10655410587787628,2.794555187225342,0.5136861566353969,0.5050881987084176,0,0
1.2033883333206177,0.1098722442984581,2.794555187225342,0.49352778717157814,0.5145674091676591,0,0
1.201830506324768,0.11319037526845932,2.794555187225342,0.5195399112421863,0.5006888456729138,0,0
1.200272560119629,0.11650852859020233,2.794555187225342,0.49353809608757715,0.5145401411559999,0,0
1.1987144947052002,0.11982666701078415,2.794555187225342,0.48974975257884834,0.4867187261287661,0,0
1.197156548500061,0.12314482033252716,2.794555187225342,0.48802848271737326,0.4946668456454005,0,0
1.1955987215042114,0.12646298110485077,2.794555187225342,0.49385682401730674,0.4955711832135253,0,0
1.1940407752990723,0.12978114187717438,2.794555187225342,0.5020001383706013,0.49058943316905373,0,0
1.1924827098846436,0.13309931755065918,2.794555187225342,0.4953154918868557,0.5099396758743173,0,0
1.1909247636795044,0.13641749322414398,2.794555187225342,0.5115605728637743,0.513879400788941,0,0
1.1893670558929443,0.13973566889762878,2.794555187225342,0.49089271975794274,0.50304736572633,0,0
1.1878092288970947,0.14305385947227478,2.794555187225342,0.49963715043175316,0.5184939638027677,0,0
1.1862514019012451,0.14637205004692078,2.794555187225342,0.49072097228558204,0.5143243200307424,0,0
1.184693455696106,0.14969024062156677,2.794555187225342,0.5024477506564392,0.48495183265933267,0,0
1.1831356287002563,0.15300844609737396,2.794555187225342,0.5045790926359623,0.4947570495263379,0,0
1.1815779209136963,0.15632663667201996,2.794555187225342,0.4996923004671224,0.495254522816116,0,0
1.1800200939178467,0.15964485704898834,2.794555187225342,0.5164792915657157,0.49373850954894877,0,0
1.1784621477127075,0.16296307742595673,2.794555187225342,0.5092578794301781,0.5029281525528023,0,0
1.176904320716858,0.1662812978029251,2.794555187225342,0.5169954622614016,0.5101100463754124,0,0
1.1753466129302979,0.16959954798221588,2.794555187225342,0.5052650400535984,0.5006088130862303,0,0
1.1737889051437378,0.17291778326034546,2.794555187225342,0.49292119445955407,0.5122264786974777,0,0
1.1722310781478882,0.17623603343963623,2.794555187225342,0.5250881194610645,0.4986647642103945,0,0
1.170673131942749,0.1795542687177658,2.794555187225342,0.511762540581667,0.5029947129926003,0,0
1.1691153049468994,0.18287254869937897,2.794555187225342,0.5200461805907773,0.49006215413875004,0,0
1.1675575971603394,0.18619079887866974,2.794555187225342,0.4831197952718219,0.49944201934230853,0,0
1.1659997701644897,0.1895090639591217,2.794555187225342,0.5025004179314174,0.4945054642974794,0,0
1.1644418239593506,0.19282732903957367,2.794555187225342,0.5002168870387145,0.5193861728217581,0,0
1.1628841161727905,0.19614562392234802,2.794555187225342,0.5090457729298496,0.49972131926826335,0,0
1.16132652759552,0.19946390390396118,2.794555187225342,0.49181758116393154,0.5048064939818814,0,0
1.1597689390182495,0.20278221368789673,2.794555187225342,0.4931530731042042,0.48905922471452484,0,0
1.1582112312316895,0.20610050857067108,2.794555187225342,0.5024628642746755,0.5036102357974019,0,0
1.1566534042358398,0.20941880345344543,2.794555187225342,0.5051176191557417,0.5023246798722891,0,0
1.1550956964492798,0.21273712813854218,2.794555187225342,0.5156503343145684,0.4790240589071983,0,0
1.1535379886627197,0.21605545282363892,2.794555187225342,0.5004356519423914,0.48917243344963524,0,0
1.1519802808761597,0.21937377750873566,2.794555187225342,0.47900355811579776,0.4897353202156782,0,0
1.1504225730895996,0.2226921021938324,2.794555187225342,0.5037817952179219,0.5106506032028707,0,0
1.14886474609375,0.22601044178009033,2.794555187225342,0.49922805917694113,0.49274433187160877,0,0
1.14730703830719,0.22932878136634827,2.794555187225342,0.5029289487552143,0.4974257181678361,0,0
1.1457494497299194,0.2326471358537674,2.794555187225342,0.49635393850064463,0.4822939647071151,0,0
1.144191861152649,0.23596549034118652,2.794555187225342,0.4981807597619137,0.5106670313888871,0,0
1.1426341533660889,0.23928381502628326,2.794555187225342,0.5006705506466756,0.48554677221840736,0,0
1.1410764455795288,0.2426021844148636,2.794555187225342,0.5054241016156757,0.5023914779848541,0,0
1.1395187377929688,0.2459205538034439,2.794555187225342,0.5076536284003995,0.49059048457340076,0,0
1.1379609107971191,0.24923890829086304,2.794555187225342,0.49726600267340515,0.5055518670664354,0,0
1.1364033222198486,0.25255727767944336,2.794555187225342,0.50667428933114,0.4925428582912396,0,0
1.1348456144332886,0.2558756470680237,2.794555187225342,0.502452748070203,0.4803104467549794,0,0
1.1332879066467285,0.2591939866542816,2.794555187225342,0.5016595037307208,0.5074490257098081,0,0
1.1317304372787476,0.2625124156475067,2.794555187225342,0.5048529938536476,0.4962437593551028,0,0
1.1301729679107666,0.2658308446407318,2.794555187225342,0.5303340296047507,0.504725693975884,0,0
1.128615379333496,0.2691492438316345,2.794555187225342,0.5004366355513354,0.483778813078634,0,0
1.127057671546936,0.27246764302253723,2.794555187225342,0.497770217841082,0.49165823951471466,0,0
1.125499963760376,0.27578607201576233,2.794555187225342,0.4904969709356679,0.5024492874255002,0,0
1.1239423751831055,0.27910447120666504,2.794555187225342,0.4879210252829553,0.5007077669197655,0,0
1.122384786605835,0.28242290019989014,2.794555187225342,0.5141915483432699,0.497669292027257,0,0
1.120827317237854,0.28574132919311523,2.794555187225342,0.5100754089917183,0.48269155258536434,0,0
1.1192697286605835,0.28905975818634033,2.794555187225342,0.5005739329489637,0.49602908490843156,0,0
1.1177120208740234,0.29237818717956543,2.794555187225342,0.49973044032382996,0.5030584171966728,0,0
1.1161543130874634,0.29569658637046814,2.794555187225342,0.5118552618563109,0.4755321763663388,0,0
1.1145967245101929,0.29901498556137085,2.794555187225342,0.48440194155095584,0.4784822231296739,0,0
1.1130391359329224,0.30233341455459595,2.794555187225342,0.4979155129707818,0.5084025511423352,0,0
1.1114815473556519,0.3056519031524658,2.794555187225342,0.49245293028167,0.504828282914162,0,0
1.1099238395690918,0.3089703917503357,2.794555187225342,0.5055554643314369,0.5005468584467114,0,0
1.1083662509918213,0.31228888034820557,2.794555187225342,0.5082409291112817,0.5102554262026665,0,0
1.1068087816238403,0.31560736894607544,2.794555187225342,0.4918520270520861,0.5045664712401973,0,0
1.1052511930465698,0.3189258575439453,2.794555187225342,0.4807073411568129,0.5156168225327976,0,0
1.1036936044692993,0.3222443759441376,2.794555187225342,0.49275655598372353,0.5083258969991883,0,0
1.1021358966827393,0.32556283473968506,2.794555187225342,0.5018630497043831,0.5010283931992996,0,0
1.1005781888961792,0.32888129353523254,2.794555187225342,0.5062035472470495,0.5080411348709042,0,0
1.0990208387374878,0.3321997821331024,2.794555187225342,0.49873682444311185,0.48629479700133343,0,0
1.0974634885787964,0.3355182707309723,2.794555187225342,0.5133414636654645,0.5042490472139616,0,0
1.095906138420105,0.3388367295265198,2.794555187225342,0.5053314022641019,0.5100585272076078,0,0
1.094348669052124,0.34215521812438965,2.794555187225342,0.5056656428122251,0.5047096950200427,0,0
1.0927910804748535,0.3454737365245819,2.794555187225342,0.515284345795951,0.5069625401969065,0,0
1.0912336111068726,0.34879225492477417,2.794555187225342,0.49831839983163223,0.4795808688283035,0,0
1.0896762609481812,0.3521108031272888,2.794555187225342,0.5246360909218183,0.49946165705968737,0,0
1.0881189107894897,0.35542935132980347,2.794555187225342,0.49321039507207665,0.4986843070976578,0,0
1.0865614414215088,0.3587478995323181,2.794555187225342,0.4981913193109646,0.5019285127368616,0,0
1.0850039720535278,0.362066388130188,2.794555187225342,0.5017915922266382,0.49464324205106924,0,0
1.0834463834762573,0.36538493633270264,2.794555187225342,0.49748844143359233,0.48456722165908495,0,0
1.0818889141082764,0.3687034547328949,2.794555187225342,0.5104969875677939,0.49460422346186694,0,0
1.080331563949585,0.37202203273773193,2.794555187225342,0.48961771946819316,0.5061109597561241,0,0
1.0787742137908936,0.3753405809402466,2.794555187225342,0.5015886596932787,0.5013501421403,0,0
1.0772167444229126,0.3786591589450836,2.794555187225342,0.4719839979528758,0.5037092380037639,0,0
1.075659155845642,0.38197773694992065,2.794555187225342,0.4887118923253034,0.5140275780610878,0,0
1.0741015672683716,0.3852962553501129,2.794555187225342,0.4931349112989857,0.5085548935679823,0,0
1.072543978691101,0.38861483335494995,2.794555187225342,0.4828088405450247,0.48337681740666655,0,0
1.0709865093231201,0.3919333815574646,2.794555187225342,0.49990173372291263,0.5079505626787962,0,0
1.0694291591644287,0.39525195956230164,2.794555187225342,0.49483373085505994,0.5053024424417735,0,0
1.0678718090057373,0.39857056736946106,2.794555187225342,0.5065011059293323,0.5010914862755602,0,0
1.0663143396377563,0.4018891453742981,2.794555187225342,0.4906139015953787,0.5231270794942379,0,0
1.0647567510604858,0.40520769357681274,2.794555187225342,0.48338167553144834,0.5123881830647768,0,0
1.0631992816925049,0.40852630138397217,2.794555187225342,0.49702411766862026,0.5007181927457341,0,0
1.0616419315338135,0.4118448495864868,2.794555187225342,0.511687665340662,0.48239264351249245,0,0
1.0600847005844116,0.41516348719596863,2.794555187225342,0.4998110860668554,0.5127984461900464,0,0
1.0585274696350098,0.4184821546077728,2.794555187225342,0.5019821082803317,0.49849928927827125,0,0
1.0569701194763184,0.42180073261260986,2.794555187225342,0.48147266185660215,0.5122036501269628,0,0
1.0554126501083374,0.4251193404197693,2.794555187225342,0.4828792200375327,0.4884755449167328,0,0
1.053855299949646,0.4284379184246063,2.794555187225342,0.4942841431751002,0.49531697377043454,0,0
1.0522979497909546,0.43175655603408813,2.794555187225342,0.4996372172126752,0.4902600821695774,0,0
1.0507405996322632,0.43507522344589233,2.794555187225342,0.4978385541559981,0.5133041317378024,0,0
1.0491832494735718,0.43839383125305176,2.794555187225342,0.4857761787513868,0.495816454284414,0,0
1.0476257801055908,0.44171246886253357,2.794555187225342,0.4913755579689223,0.520088758105755,0,0
1.0460684299468994,0.44503113627433777,2.794555187225342,0.48505725535061966,0.48184693739913054,0,0
1.0445109605789185,0.44834980368614197,2.794555187225342,0.49943584334580426,0.5078992662880554,0,0
1.0429537296295166,0.45166847109794617,2.794555187225342,0.517232864695721,0.5014182918584227,0,0
1.0413963794708252,0.45498713850975037,2.794555187225342,0.5029659326267899,0.4931735531129258,0,0
1.0398390293121338,0.4583057761192322,2.794555187225342,0.49317219298664766,0.5061536100519867,0,0
1.0382816791534424,0.4616244435310364,2.794555187225342,0.4819847884744851,0.5246087176932868,0,0
1.0367242097854614,0.4649431109428406,2.794555187225342,0.49576707154177774,0.4892403704159326,0,0
1.03516685962677,0.46826180815696716,2.794555187225342,0.5124548133539644,0.5044630068160276,0,0
1.0336095094680786,0.471580445766449,2.794555187225342,0.49551078394723663,0.501583965961107,0,0
1.0320521593093872,0.47489914298057556,2.794555187225342,0.5037586360054397,0.4932438494636632,0,0
1.0304946899414062,0.47821784019470215,2.794555187225342,0.47874045627959566,0.501173338328572,0,0
1.0289373397827148,0.48153653740882874,2.794555187225342,0.517268254394106,0.4807225261302754,0,0
1.0273799896240234,0.4848552644252777,2.794555187225342,0.5010447188783773,0.49944575999157553,0,0
1.025822639465332,0.4881739616394043,2.794555187225342,0.49922716629867386,0.5045028267162285,0,0
1.024265170097351,0.4914925992488861,2.794555187225342,0.47423274947264116,0.503357351446335,0,0
1.0227079391479492,0.4948112666606903,2.794555187225342,0.4831045952312348,0.5136322258554499,0,0
1.0211505889892578,0.4981299936771393,2.794555187225342,0.5110814030341709,0.49032750324151525,0,0
1.019593358039856,0.5014487504959106,2.794555187225342,0.49737871883559986,0.4876285508837515,0,0
1.018036127090454,0.5047674179077148,2.794555187225342,0.505492636148996,0.5011588895466371,0,0
1.0164788961410522,0.508086085319519,2.794555187225342,0.5041537631976949,0.5169289443699483,0,0
1.01492178440094,0.511404812335968,2.794555187225342,0.500185784382673,0.5023034573283802,0,0
1.013364553451538,0.5147235989570618,2.794555187225342,0.4935818381230522,0.5050977245994754,0,0
1.0118074417114258,0.5180423259735107,2.794555187225342,0.5020785062563196,0.4982454482047737,0,0
1.010250210762024,0.5213610529899597,2.794555187225342,0.5037374626855893,0.49841695115096046,0,0
1.0086930990219116,0.5246797800064087,2.794555187225342,0.5177154925195071,0.5045490987378828,0,0
1.0071358680725098,0.5279985070228577,2.794555187225342,0.5083522993731856,0.5067214831577652,0,0
1.0055787563323975,0.5313172936439514,2.794555187225342,0.5077136555023487,0.48996186238995254,0,0
1.0040215253829956,0.5346359610557556,2.794555187225342,0.5163763112875469,0.5017928519471521,0,0
1.0024644136428833,0.5379546284675598,2.794555187225342,0.518414663940706,0.5154351391877438,0,0
1.0009071826934814,0.5412733554840088,2.794555187225342,0.49314203336697215,0.49136116631562893,0,0
0.9993499517440796,0.5445922017097473,2.794555187225342,0.5044817754678831,0.5057716009861436,0,0
0.9977927207946777,0.5479109883308411,2.794555187225342,0.48306106067309246,0.5018834340477699,0,0
0.9962354302406311,0.5512298345565796,2.794555187225342,0.49922834408773525,0.5067315282252105,0,0
0.9946781992912292,0.5545486211776733,2.794555187225342,0.5000383459153409,0.4955360474559564,0,0
0.9931209683418274,0.5578675270080566,2.794555187225342,0.49003361058184164,0.4905208321682265,0,0
0.9915638566017151,0.5611863136291504,2.794555187225342,0.4986681053972792,0.49372220320710836,0,0
0.9900065660476685,0.5645051002502441,2.794555187225342,0.5037033362547586,0.4876507123995915,0,0
0.9884493350982666,0.5678238272666931,2.794555187225342,0.5017158218982493,0.5171949143053131,0,0
0.9868921041488647,0.5711426138877869,2.794555187225342,0.48947906356680876,0.4900987510454107,0,0
0.9853349924087524,0.5744614005088806,2.794555187225342,0.5142839898531684,0.4930895243092606,0,0
0.9837778210639954,0.5777801871299744,2.794555187225342,0.5015374045552924,0.4893459538327733,0,0
0.9822207689285278,0.5810989737510681,2.794555187225342,0.515893106846268,0.500587371456744,0,0
0.9806637167930603,0.5844177603721619,2.794555187225342,0.4846765283287984,0.5036704329993443,0,0
0.979106605052948,0.5877365469932556,2.794555187225342,0.4886093847375756,0.487520325933743,0,0
0.9775494337081909,0.5910553336143494,2.794555187225342,0.4971337089308227,0.5048335436817071,0,0
0.9759922027587891,0.5943741202354431,2.794555187225342,0.49357676778754067,0.5024017150726398,0,0
0.9744349718093872,0.5976929664611816,2.794555187225342,0.5203825866939372,0.5291263062812341,0,0
0.9728778600692749,0.6010118126869202,2.794555187225342,0.4901261861904494,0.4738631627029858,0,0
0.971320629119873,0.6043306589126587,2.794555187225342,0.4919183903307913,0.49646495332782004,0,0
0.9697635769844055,0.6076495051383972,2.794555187225342,0.4971769777618806,0.5030540378335326,0,0
0.9682064056396484,0.6109683513641357,2.794555187225342,0.49090236013077493,0.49736566752492295,0,0
0.9666492342948914,0.6142871975898743,2.794555187225342,0.49132850045707116,0.5025087312366535,0,0
0.9650920629501343,0.6176060438156128,2.794555187225342,0.5091689193995305,0.4854115087655574,0,0
0.9635348916053772,0.6209248900413513,2.794555187225342,0.5110226808732955,0.48535932824608147,0,0
0.9619777202606201,0.6242437958717346,2.794555187225342,0.5163188952988149,0.4832887490918754,0,0
0.9604206681251526,0.6275625824928284,2.794555187225342,0.4948542765094889,0.5120720877001087,0,0
0.9588634967803955,0.6308814287185669,2.794555187225342,0.4982576829580906,0.4955425315227202,0,0
0.9573063850402832,0.6342002153396606,2.794555187225342,0.49439233498411816,0.5019178836143137,0,0
0.9557493329048157,0.6375190615653992,2.794555187225342,0.5013010338505541,0.5002712366074016,0,0
0.9541922211647034,0.6408378481864929,2.794555187225342,0.4925544179608186,0.5037802926630746,0,0
0.9526351690292358,0.6441566944122314,2.794555187225342,0.4938389556603533,0.5134379332547525,0,0
0.9510779976844788,0.6474754810333252,2.794555187225342,0.48870313967681117,0.5089970426472308,0,0
0.9495208263397217,0.6507943272590637,2.794555187225342,0.5029738717066301,0.5053611993037741,0,0
0.9479636549949646,0.6541131138801575,2.794555187225342,0.493008215010779,0.49436453092366206,0,0
0.9464065432548523,0.6574320197105408,2.794555187225342,0.5121443131563237,0.4979861501920016,0,0
0.94484943151474,0.6607509255409241,2.794555187225342,0.4929896498746689,0.49489125482334334,0,0
0.9432924389839172,0.6640698313713074,2.794555187225342,0.5093629345225924,0.5130690857297575,0,0
0.9417353868484497,0.6673887968063354,2.794555187225342,0.4961311158746921,0.48424226122586356,0,0
0.9401783347129822,0.6707077026367188,2.794555187225342,0.5009694989547745,0.5151688361794249,0,0
0.9386212825775146,0.674026608467102,2.794555187225342,0.5139040558401641,0.5053652775052246,0,0
0.9370641708374023,0.6773455142974854,2.794555187225342,0.4892040650447915,0.48542803670613077,0,0
0.93550705909729,0.6806644201278687,2.794555187225342,0.4969710520840282,0.4936016728519459,0,0
0.9339499473571777,0.6839833855628967,2.794555187225342,0.5049952770313175,0.4796292522001729,0,0
0.9323930144309998,0.6873023509979248,2.794555187225342,0.4805056776912194,0.4995961204053469,0,0
0.9308359026908875,0.6906212568283081,2.794555187225342,0.4985469077807953,0.5139190238985164,0,0
0.9292788505554199,0.6939401030540466,2.794555187225342,0.4942222606747944,0.5167893096502757,0,0
0.9277217984199524,0.6972590088844299,2.794555187225342,0.5018434428528818,0.4896519825338356,0,0
0.9261646866798401,0.7005779147148132,2.794555187225342,0.5043235524835111,0.4864732466812356,0,0
0.9246076941490173,0.703896701335907,2.794555187225342,0.4888811208186586,0.49549575794304623,0,0
0.923050582408905,0.7072156667709351,2.794555187225342,0.5039713830972818,0.5036416499978624,0,0
0.9214934706687927,0.7105345726013184,2.794555187225342,0.5023596888351353,0.5027605546533412,0,0
0.9199363589286804,0.7138534784317017,2.794555187225342,0.4967799349059754,0.5203759159090683,0,0
0.9183793663978577,0.717172384262085,2.794555187225342,0.4856608114657184,0.501484152620507,0,0
0.9168222546577454,0.720491349697113,2.794555187225342,0.4803906703543138,0.5263693798711092,0,0
0.9152652025222778,0.7238102555274963,2.794555187225342,0.5239749015347264,0.49873847628861684,0,0
0.9137082695960999,0.7271292209625244,2.794555187225342,0.5024213872483168,0.5073577779229665,0,0
0.9121512174606323,0.7304482460021973,2.794555187225342,0.49064634217457476,0.5191630398098711,0,0
0.9105942845344543,0.7337672114372253,2.794555187225342,0.49141774750574435,0.5064909667479177,0,0
0.9090372323989868,0.7370861768722534,2.794555187225342,0.4887558002533118,0.4940867980788911,0,0
0.9074801802635193,0.740405261516571,2.794555187225342,0.5127182027323123,0.49945549991279226,0,0
0.9059231281280518,0.7437242865562439,2.794555187225342,0.4893020188781852,0.49257652869505286,0,0
0.9043661952018738,0.747043251991272,2.794555187225342,0.48625994159945723,0.49656971867874394,0,0
0.902809202671051,0.7503621578216553,2.794555187225342,0.49840737839989413,0.5088143484607928,0,0
0.9012521505355835,0.7536811232566833,2.794555187225342,0.49891407808518556,0.4979315030982298,0,0
0.8996952176094055,0.7570000290870667,2.794555187225342,0.4922452251248425,0.49108748524251167,0,0
0.8981382250785828,0.7603189945220947,2.794555187225342,0.5055934550895642,0.49104847773033056,0,0
0.8965811729431152,0.7636380791664124,2.794555187225342,0.4939658716737151,0.5040112884693725,0,0
0.8950242400169373,0.7669570446014404,2.794555187225342,0.48460828212983215,0.5097801145222665,0,0
0.8934672474861145,0.7702760100364685,2.794555187225342,0.4930983763981299,0.5060808402999171,0,0
0.891910195350647,0.7735949754714966,2.794555187225342,0.5035512180287255,0.5122381996493228,0,0
0.8903531432151794,0.7769139409065247,2.794555187225342,0.5193887052987669,0.4941075990507053,0,0
0.8887962102890015,0.780232846736908,2.794555187225342,0.4989659316138233,0.5022202076758289,0,0
0.8872392773628235,0.7835519313812256,2.794555187225342,0.4885418078166517,0.5062563194872847,0,0
0.8856822848320007,0.7868709564208984,2.794555187225342,0.49473159524772237,0.5111801705459432,0,0
0.8841254115104675,0.7901899814605713,2.794555187225342,0.5045629780301214,0.5064136450452057,0,0
0.8825685977935791,0.7935089468955994,2.794555187225342,0.5230403751662012,0.4854082648281354,0,0
0.8810117244720459,0.7968279123306274,2.794555187225342,0.4791089519606297,0.5134966115355922,0,0
0.8794547319412231,0.8001468181610107,2.794555187225342,0.49895307750991774,0.5095733514203954,0,0
0.8778977990150452,0.8034659624099731,2.794555187225342,0.4926890423526722,0.48789453565069607,0,0
0.8763408064842224,0.8067850470542908,2.794555187225342,0.4923953933244873,0.5064576681874721,0,0
0.8747838139533997,0.8101041316986084,2.794555187225342,0.4848207998803029,0.49763689912909814,0,0
0.8732268214225769,0.8134231567382812,2.794555187225342,0.48507555370968886,0.4924617566352267,0,0
0.8716698288917542,0.8167422413825989,2.794555187225342,0.4899261464874952,0.48633280337474205,0,0
0.870112955570221,0.8200612664222717,2.794555187225342,0.4999884031887838,0.5095921622310767,0,0
0.8685559630393982,0.8233804106712341,2.794555187225342,0.5026866656968549,0.48502164502864753,0,0
0.8669990301132202,0.826699435710907,2.794555187225342,0.5123345812314107,0.4929226036439138,0,0
0.8654422163963318,0.8300184607505798,2.794555187225342,0.5014537658963283,0.495877338029252,0,0
0.8638852834701538,0.8333374261856079,2.794555187225342,0.49353515746980275,0.4948080439644217,0,0
0.862328290939331,0.8366564512252808,2.794555187225342,0.48814324383215496,0.5084514379970215,0,0
0.8607714176177979,0.8399754762649536,2.794555187225342,0.4880954552797287,0.505238665674521,0,0
0.8592144250869751,0.8432944416999817,2.794555187225342,0.4954065480869424,0.4853540442711336,0,0
0.8576574325561523,0.8466135263442993,2.794555187225342,0.5028711068244145,0.483196425848318,0,0
0.8561004400253296,0.8499325513839722,2.794555187225342,0.4943468236170797,0.5037882453434713,0,0
0.8545434474945068,0.853251576423645,2.794555187225342,0.5086361778608565,0.4701237781795337,0,0
0.8529866337776184,0.8565706014633179,2.794555187225342,0.49123319602954435,0.5103743387801408,0,0
0.8514297008514404,0.8598896861076355,2.794555187225342,0.5001873613592649,0.5056916378339006,0,0
0.8498728275299072,0.8632087111473083,2.794555187225342,0.4934686893383127,0.5038975683592185,0,0
0.8483160734176636,0.8665278553962708,2.794555187225342,0.5047084243967747,0.517972510544821,0,0
0.8467592597007751,0.8698469400405884,2.794555187225342,0.5069265297326933,0.48157854764231556,0,0
0.8452024459838867,0.8731660842895508,2.794555187225342,0.49865466386483764,0.5112677387836718,0,0
0.8436456322669983,0.8764851093292236,2.794555187225342,0.4965150194416418,0.5064054567010658,0,0
0.8420887589454651,0.8798043131828308,2.794555187225342,0.5056658024672033,0.5107044405507783,0,0
0.8405320048332214,0.8831233978271484,2.794555187225342,0.5072130734672071,0.5154729724619496,0,0
0.8389750719070435,0.8864424824714661,2.794555187225342,0.5017218698907867,0.4834790459337184,0,0
0.8374181389808655,0.8897615075111389,2.794555187225342,0.4920835765269656,0.5073609287375564,0,0
0.8358612656593323,0.8930805325508118,2.794555187225342,0.5082571103249421,0.5046123318109258,0,0
0.8343043923377991,0.8963995575904846,2.794555187225342,0.5077663145819957,0.4933501659353534,0,0
0.8327475786209106,0.899718701839447,2.794555187225342,0.48645633678835065,0.480388052384719,0,0
0.8311907649040222,0.9030376076698303,2.794555187225342,0.5155643054667475,0.5051159935914294,0,0
0.8296339511871338,0.9063567519187927,2.794555187225342,0.5048302967873309,0.4837340503086952,0,0
0.8280770778656006,0.9096758365631104,2.794555187225342,0.4895537893124516,0.5032328370970006,0,0
0.8265202045440674,0.912994921207428,2.794555187225342,0.5044794510027045,0.49500556927745015,0,0
0.824963390827179,0.9163140058517456,2.794555187225342,0.49712315374606325,0.5077242133114777,0,0
0.8234065771102905,0.919633150100708,2.794555187225342,0.5191020270794866,0.5244859203057528,0,0
0.8218497037887573,0.9229521751403809,2.794555187225342,0.4966267804532629,0.4843969942149331,0,0
0.8202928900718689,0.9262712001800537,2.794555187225342,0.483279707529923,0.5222405208109928,0,0
0.8187360167503357,0.9295902252197266,2.794555187225342,0.4954383719165155,0.49537677628375276,0,0
0.817179262638092,0.932909369468689,2.794555187225342,0.49886072748648347,0.4907381988083743,0,0
0.8156224489212036,0.9362284541130066,2.794555187225342,0.49293433501306905,0.519175337730927,0,0
0.8140656352043152,0.9395475387573242,2.794555187225342,0.5001870254694425,0.4881415954201591,0,0
0.812508761882782,0.9428666234016418,2.794555187225342,0.5042354893731146,0.5130043444556518,0,0
0.8109519481658936,0.9461856484413147,2.794555187225342,0.4971118241634516,0.5152021017260616,0,0
0.8093951344490051,0.9495047926902771,2.794555187225342,0.4833331372542854,0.501688818473924,0,0
0.8078383207321167,0.9528239965438843,2.794555187225342,0.5028695080749398,0.4915575539509565,0,0
0.8062814474105835,0.9561430811882019,2.794555187225342,0.5071453744220578,0.5091018887501926,0,0
0.8047246932983398,0.9594622850418091,2.794555187225342,0.5183755626424186,0.5142928141367396,0,0
0.8031678199768066,0.9627813696861267,2.794555187225342,0.5044992232593883,0.500172196136733,0,0
0.8016109466552734,0.9661005735397339,2.794555187225342,0.5053114001871715,0.49208271632056577,0,0
0.800054132938385,0.9694197177886963,2.794555187225342,0.49372718908709057,0.5003900096468489,0,0
0.7984973192214966,0.9727389216423035,2.794555187225342,0.49760886477427396,0.5092418749223604,0,0
0.7969404458999634,0.9760579466819763,2.794555187225342,0.5127565404087571,0.5003895116420544,0,0
0.7953836917877197,0.9793771505355835,2.794555187225342,0.5030966691945317,0.4908711104496884,0,0
0.7938268780708313,0.9826962947845459,2.794555187225342,0.506149405538064,0.5023132950668178,0,0
0.7922700047492981,0.9860154986381531,2.794555187225342,0.48624134574165145,0.5083140780754521,0,0
0.7907131910324097,0.9893347024917603,2.794555187225342,0.5012308631755159,0.5087877615816506,0,0
0.7891563773155212,0.9926539659500122,2.794555187225342,0.5106350469410037,0.5004091715130253,0,0
0.7875995635986328,0.9959731101989746,2.794555187225342,0.4900684359282042,0.5098482863038447,0,0
0.7860427498817444,0.9992921352386475,2.794555187225342,0.500582262316652,0.4950959234999316,0,0
0.7844858765602112,1.0026112794876099,2.794555187225342,0.492013640659117,0.48724559788951305,0,0
0.7829291224479675,1.0059304237365723,2.794555187225342,0.49914711577169846,0.4905286654372718,0,0
0.7813723683357239,1.0092494487762451,2.794555187225342,0.5117526520094429,0.5006875420223101,0,0
0.7798156142234802,1.012568473815918,2.794555187225342,0.5217414164432492,0.5097809175499953,0,0
0.7782588005065918,1.0158876180648804,2.794555187225342,0.7925699534842339,0.494402585651083,0,0
0.7767020463943481,1.0192067623138428,2.794555187225342,0.7860295607293176,0.507794474932289,0,0
0.7751452922821045,1.0225259065628052,2.794555187225342,0.7831703687577295,0.49348138979163725,0,0
0.7735884785652161,1.0258451700210571,2.794555187225342,0.7658629936284316,0.5056638345108199,0,0
0.7720317840576172,1.029164433479309,2.794555187225342,0.7779137290959366,0.4991999084249131,0,0
0.7704750299453735,1.0324835777282715,2.794555187225342,0.7851854696130083,0.49168935695878757,0,0
0.7689182162284851,1.0358027219772339,2.794555187225342,0.7699092260651081,0.5027905244410135,0,0
0.7673614621162415,1.0391218662261963,2.794555187225342,0.7598790704559185,0.47292036074746435,0,0
0.7658047676086426,1.0424410104751587,2.794555187225342,0.767314337774474,0.5173657680290598,0,0
0.7642480134963989,1.045760154724121,2.794555187225342,0.7677877629728881,0.49539288506566737,0,0
0.7626911997795105,1.0490792989730835,2.794555187225342,0.7315432692550087,0.7767017126079394,0,0
0.7611344456672668,1.0523983240127563,2.794555187225342,0.7353283524148065,0.7811048083494877,0,0
0.759577751159668,1.0557175874710083,2.794555187225342,0.7183505692379529,0.7953969122188543,0,0
0.7580209970474243,1.0590367317199707,2.794555187225342,0.7277301315722664,0.778368506429571,0,0
0.7564642429351807,1.062355875968933,2.794555187225342,0.7208975705712215,0.7707714382673606,0,0
0.7549076080322266,1.0656750202178955,2.794555187225342,0.7216742561409174,0.7691387421805719,0,0
0.7533508539199829,1.068994164466858,2.794555187225342,0.7209173221222931,0.7819132874232789,0,0
0.7517940998077393,1.0723131895065308,2.794555187225342,0.7296418311413251,0.778039938932748,0,0
0.7502373456954956,1.0756323337554932,2.794555187225342,0.7257377649528183,0.777187831829124,0,0
0.748680591583252,1.0789514780044556,2.794555187225342,0.7303374023626967,0.7948886643915953,0,0
0.7471238374710083,1.082270622253418,2.794555187225342,0.6901157310470226,0.7287729921979381,0,0
0.7455671429634094,1.08558988571167,2.794555187225342,0.7125902848514685,0.7280276558950475,0,0
0.7440103888511658,1.0889090299606323,2.794555187225342,0.6945354419901308,0.758437905549214,0,0
0.7424536347389221,1.0922280550003052,2.794555187225342,0.6999107555916004,0.7284551396513315,0,0
0.7408969402313232,1.095547080039978,2.794555187225342,0.6971780091487568,0.7485970125481499,0,0
0.7393402457237244,1.09886634349823,2.794555187225342,0.6724745117812226,0.7533615916310504,0,0
0.7377834916114807,1.102185606956482,2.794555187225342,0.6982268865722703,0.7396114536919083,0,0
0.7362267971038818,1.1055048704147339,2.794555187225342,0.6914822505816652,0.7453472194954867,0,0
0.734670102596283,1.1088241338729858,2.794555187225342,0.7037197739220132,0.7248409188544876,0,0
0.7331133484840393,1.1121435165405273,2.794555187225342,0.6959364815670757,0.7323876314130789,0,0
0.7315566539764404,1.1154627799987793,2.794555187225342,0.6620219902235721,0.6894623557583355,0,0
0.7300000190734863,1.1187821626663208,2.794555187225342,0.6527070411796694,0.7242052619900698,0,0
0.7284433841705322,1.1221014261245728,2.794555187225342,0.6570044665429178,0.7152476299510792,0,0
0.7268866896629333,1.1254206895828247,2.794555187225342,0.6741849034481531,0.6974441222587133,0,0
0.7253299951553345,1.1287400722503662,2.794555187225342,0.6631617021376427,0.6981175023615349,0,0
0.7237734198570251,1.1320593357086182,2.794555187225342,0.667591004519797,0.7090258279702172,0,0
0.7222166657447815,1.1353785991668701,2.794555187225342,0.6766678820089496,0.7097133925113285,0,0
0.7206599712371826,1.1386979818344116,2.794555187225342,0.6662547326276974,0.6940507025939551,0,0
0.7191033363342285,1.1420172452926636,2.794555187225342,0.6681117731778319,0.7090379530587687,0,0
0.7175466418266296,1.145336627960205,2.794555187225342,0.6542948138798184,0.6760669342308616,0,0
0.7159900069236755,1.148655891418457,2.794555187225342,0.6273816440127405,0.6591808118782596,0,0
0.7144333124160767,1.151975154876709,2.794555187225342,0.6364394895649824,0.6528881317299015,0,0
0.7128766179084778,1.1552945375442505,2.794555187225342,0.6216281586580968,0.6556835255231126,0,0
0.7113199830055237,1.1586138010025024,2.794555187225342,0.6424781262214345,0.6639057615817721,0,0
0.70976322889328,1.161933183670044,2.794555187225342,0.6294155512246398,0.6654828360070062,0,0
0.7082065343856812,1.165252447128296,2.794555187225342,0.6289459979128548,0.6765414525883711,0,0
0.7066498398780823,1.1685717105865479,2.794555187225342,0.6380133270224477,0.6688646917761453,0,0
0.7050930857658386,1.1718910932540894,2.794555187225342,0.6184805314184434,0.6735296079082894,0,0
0.7035363912582397,1.1752103567123413,2.794555187225342,0.6189965620997804,0.6560557183072498,0,0
0.7019797563552856,1.1785297393798828,2.794555187225342,0.6130060252965173,0.6680324732253935,0,0
0.7004230618476868,1.1818490028381348,2.794555187225342,0.5945409825847974,0.6430909317324356,0,0
0.6988664865493774,1.1851682662963867,2.794555187225342,0.5996538363131769,0.63054546966027,0,0
0.6973097324371338,1.1884875297546387,2.794555187225342,0.5842226567767613,0.6218222071491354,0,0
0.6957530379295349,1.191806674003601,2.794555187225342,0.5929749093637894,0.6204532725884839,0,0
0.6941964626312256,1.1951260566711426,2.794555187225342,0.5718448018701122,0.6264488479206044,0,0
0.6926397681236267,1.198445200920105,2.794555187225342,0.5746205266747654,0.6306193450515434,0,0
0.6910831928253174,1.201764464378357,2.794555187225342,0.5626295499917364,0.6149178099087431,0,0
0.6895265579223633,1.2050836086273193,2.794555187225342,0.5891929039335326,0.645215336654368,0,0
0.6879699230194092,1.2084028720855713,2.794555187225342,0.5698537340382428,0.6240976711802754,0,0
0.6864132881164551,1.2117221355438232,2.794555187225342,0.5850661010128029,0.652015445054211,0,0
0.6848567128181458,1.2150412797927856,2.794555187225342,0.5362977831072937,0.591028218135728,0,0
0.6833001375198364,1.2183605432510376,2.794555187225342,0.5484415168176676,0.6026565180146259,0,0
0.6817435026168823,1.221679925918579,2.794555187225342,0.5624879705714021,0.5802181802204383,0,0
0.6801868081092834,1.224999189376831,2.794555187225342,0.5572515974230646,0.5729173788044869,0,0
0.6786301732063293,1.228318452835083,2.794555187225342,0.5654565008417956,0.597039583069078,0,0
0.6770735383033752,1.2316378355026245,2.794555187225342,0.564846280894995,0.5914793454402406,0,0
0.6755168437957764,1.2349570989608765,2.794555187225342,0.563154652806429,0.59314471116696,0,0
0.6739602088928223,1.238276481628418,2.794555187225342,0.5567067185275854,0.6044016186156675,0,0
0.6724036335945129,1.24159574508667,2.794555187225342,0.5587311005827629,0.5947407999655039,0,0
0.6708469986915588,1.2449150085449219,2.794555187225342,0.5720772962991766,0.5846884875626637,0,0
0.6692903637886047,1.2482342720031738,2.794555187225342,0.5195317108607124,0.5587109065289064,0,0
0.6677337288856506,1.2515534162521362,2.794555187225342,0.509752443001926,0.5489470079797729,0,0
0.6661770939826965,1.2548727989196777,2.794555187225342,0.5208677980679676,0.562451023574243,0,0
0.6646204590797424,1.2581920623779297,2.794555187225342,0.5243728745143144,0.5640336104493836,0,0
0.6630637645721436,1.261511206626892,2.794555187225342,0.5109030079623416,0.555538672004353,0,0
0.6615071296691895,1.2648303508758545,2.794555187225342,0.5324648432669197,0.5374642316571291,0,0
0.6599504947662354,1.2681496143341064,2.794555187225342,0.5158047703617007,0.5436140775700578,0,0
0.658393919467926,1.2714688777923584,2.794555187225342,0.5316634755564823,0.5459614811431125,0,0
0.6568372845649719,1.2747882604599,2.794555187225342,0.5110595163138786,0.5373223833060836,0,0
0.6552806496620178,1.2781075239181519,2.794555187225342,0.5102203435971571,0.5535940217667503,0,0
0.6537240743637085,1.2814269065856934,2.794555187225342,0.4734766959786986,0.5264314592408641,0,0
0.6521674394607544,1.2847461700439453,2.794555187225342,0.48638727697616585,0.5155900425381528,0,0
0.6506108045578003,1.2880654335021973,2.794555187225342,0.4595229156860055,0.5112555211597082,0,0
0.6490541100502014,1.2913848161697388,2.794555187225342,0.47786451659909457,0.516239611987807,0,0
0.6474975347518921,1.2947040796279907,2.794555187225342,0.46975433692822166,0.5193519870110295,0,0
0.645940899848938,1.2980232238769531,2.794555187225342,0.4811147585344233,0.5063043804520141,0,0
0.6443843245506287,1.301342487335205,2.794555187225342,0.47039681575504927,0.5085063195481729,0,0
0.6428276896476746,1.304661750793457,2.794555187225342,0.46706541781598915,0.5232208309014521,0,0
0.6412711143493652,1.3079811334609985,2.794555187225342,0.4923709357405567,0.5005998315091358,0,0
0.6397145390510559,1.3113003969192505,2.794555187225342,0.4757202594546064,0.5174239183960829,0,0
0.6381579637527466,1.3146196603775024,2.794555187225342,0.45002526003477583,0.49003333237622143,0,0
0.6366013884544373,1.3179389238357544,2.794555187225342,0.452136502370307,0.4878021123681927,0,0
0.6350448727607727,1.3212581872940063,2.794555187225342,0.4504320662346767,0.49108460578665486,0,0
0.6334882378578186,1.324577808380127,2.794748544692993,0.43461045380767466,0.47066206197866317,0,0
0.6319319605827332,1.327895164489746,2.7952425479888916,0.4325500258796791,0.471206362269695,0,0
0.6303773522377014,1.331203579902649,2.795902729034424,0.4554018191131798,0.49600837123615593,0,0
0.6288257241249084,1.3344954252243042,2.796823263168335,0.44304983331646197,0.45396420166294693,0,0
0.6272788047790527,1.3377619981765747,2.7980685234069824,0.4438831910736925,0.47747177239647426,0,0
0.625739574432373,1.340991735458374,2.7996718883514404,0.4359821890742427,0.4866535307243311,0,0
0.6242114305496216,1.3441718816757202,2.8016390800476074,0.4423833359786143,0.48560556602983346,0,0
0.622689425945282,1.3473392724990845,2.803586959838867,0.41571607249669357,0.43969294319028146,0,0
0.6211872100830078,1.3504297733306885,2.8057122230529785,0.4034385971138208,0.4358157523337806,0,0
0.6197134256362915,1.3534311056137085,2.8080718517303467,0.39921164992674085,0.4443497407883087,0,0
0.6182789206504822,1.3563332557678223,2.8105552196502686,0.3898867980438003,0.45656617402150895,0,0
0.6168959736824036,1.359126329421997,2.813096046447754,0.4105064828776349,0.4434170582124298,0,0
0.6155786514282227,1.3618040084838867,2.815556526184082,0.41358929201973416,0.4382736366788618,0,0
0.6143439412117004,1.364363670349121,2.8180768489837646,0.4073668413799322,0.4544525486478573,0,0
0.6132084727287292,1.3668062686920166,2.8208885192871094,0.38439803005251993,0.43137764051285976,0,0
0.6121854186058044,1.3691338300704956,2.823821783065796,0.41066412564092364,0.4428869461702507,0,0
0.6112868785858154,1.3713504076004028,2.8269143104553223,0.4067472649231651,0.4553584556422901,0,0
0.6105207800865173,1.3734610080718994,2.830251693725586,0.3726847512980964,0.42382042749574433,0,0
0.6098912358283997,1.375471591949463,2.833874464035034,0.3660118686615753,0.420644242190651,0,0
0.6093982458114624,1.3773878812789917,2.837772846221924,0.37499893089189124,0.4100204624442432,0,0
0.6090373396873474,1.3792145252227783,2.8419432640075684,0.3540835641510238,0.4030274161066854,0,0
0.6088007688522339,1.3809566497802734,2.846391201019287,0.3799228860242233,0.40344785678491346,0,0
0.6086781620979309,1.3826183080673218,2.851104736328125,0.3617957334092012,0.4081831800777243,0,0
0.6086574196815491,1.384204387664795,2.8560619354248047,0.3501896015893076,0.40780180332957205,0,0
0.6087260246276855,1.3857189416885376,2.861234664916992,0.37081642346670124,0.40974867571588025,0,0
0.60887211561203,1.3871662616729736,2.866586446762085,0.3710122649053087,0.4175646283079242,0,0
0.6090839505195618,1.3885493278503418,2.8721141815185547,0.36657866457259203,0.4009343330686476,1,1
0.609350323677063,1.3898708820343018,2.8776416778564453,0.3631855946090723,0.3909607610776999,0,0
0.6096609234809875,1.3911323547363281,2.88311767578125,0.3720742539378993,0.3818379765249898,0,0
0.6100074648857117,1.392333984375,2.8884687423706055,0.3590934413624905,0.3779253425684475,0,0
0.610383152961731,1.3934754133224487,2.89365291595459,0.347916639947137,0.3986519100092186,0,0
0.6107825636863708,1.3945550918579102,2.8986477851867676,0.3540802226611213,0.38614385441268717,0,0
0.6112009286880493,1.3955706357955933,2.9034457206726074,0.34755597898529905,0.3949083170278557,0,0
0.6116346716880798,1.3965187072753906,2.9080381393432617,0.36280443391860034,0.39311274826213327,0,0
0.6120808124542236,1.397395133972168,2.912436008453369,0.3686787327943498,0.38423318974775544,0,0
0.6125373244285583,1.3981956243515015,2.9166388511657715,0.3591919238746848,0.3705619766874594,0,0
0.613002598285675,1.3989160060882568,2.920846700668335,0.3640603137120198,0.40296506477600075,0,0
0.6134751439094543,1.3995537757873535,2.9249773025512695,0.35131507552841074,0.383620796542803,0,0
0.6139534711837769,1.4001080989837646,2.9289917945861816,0.3552539727931166,0.3789601984106742,0,0
0.6144360303878784,1.4005789756774902,2.932868003845215,0.3424659373236137,0.3531408219884164,0,0
0.6149215698242188,1.4009673595428467,2.9365947246551514,0.34455300591973725,0.361718405149393,0,0
0.6154089570045471,1.4012749195098877,2.9401676654815674,0.357337803288932,0.387417318617477,0,0
0.6158974170684814,1.4015047550201416,2.943588972091675,0.3718316415049606,0.38663343272855716,0,0
0.6163860559463501,1.401659607887268,2.9468636512756348,0.3669912202913965,0.37097806771067615,0,0
0.6168742775917053,1.4017430543899536,2.949995994567871,0.3606442446054742,0.38058277785304834,0,0
0.6173617243766785,1.4017589092254639,2.9529945850372314,0.35128935050357757,0.3851949232597625,0,0
0.6178480386734009,1.401711106300354,2.9558565616607666,0.3472371370089865,0.37499692448922517,0,0
0.6183335185050964,1.4016036987304688,2.9585938453674316,0.3566284302289669,0.37040603178592885,0,0
0.6188180446624756,1.4014407396316528,2.9612038135528564,0.36433515979451325,0.3656004144760159,0,0
0.6193015575408936,1.40122652053833,2.963703155517578,0.3658642896221449,0.3862389670113002,0,0
0.6197842955589294,1.4009649753570557,2.966092586517334,0.364697653590038,0.3698684204993405,0,0
0.6202663779258728,1.4006596803665161,2.9683737754821777,0.3506690300503378,0.3774701582164982,0,0
0.6207481622695923,1.4003143310546875,2.970555067062378,0.3556500407835479,0.3621237110072608,0,0
0.6212300062179565,1.3999323844909668,2.9726366996765137,0.3578673251051184,0.38289113120149226,0,0
0.621712327003479,1.3995170593261719,2.9746265411376953,0.3593972769736807,0.3873980503120798,0,0
0.622195303440094,1.3990713357925415,2.976522445678711,0.3586750572292296,0.36454662666903653,0,0
0.6226791143417358,1.3985978364944458,2.9783339500427246,0.3521958614511145,0.3761023243148693,0,0
0.6231640577316284,1.3980990648269653,2.980067729949951,0.35910743612683194,0.3792029617134665,0,0
0.6236504316329956,1.3975772857666016,2.981724500656128,0.35686925721586077,0.37647155800370624,0,0
0.624138355255127,1.3970346450805664,2.983308792114258,0.3582379357889432,0.38714489986386247,0,0
0.6246281266212463,1.3964730501174927,2.98482084274292,0.3544120271044754,0.3712180211364268,0,0
0.6251196265220642,1.395894169807434,2.986262083053589,0.36235817806079434,0.3773892627069942,0,0
0.6256129741668701,1.3952995538711548,2.987639904022217,0.3473196832817635,0.3555627411838122,0,0
0.6261083483695984,1.394690990447998,2.988959312438965,0.3707554270326767,0.3858935568341229,0,0
0.6266056299209595,1.394069790840149,2.9902184009552,0.3699129551725918,0.3737942006574708,0,0
0.6271049976348877,1.3934370279312134,2.991421937942505,0.3467632094434065,0.38069403102115335,0,0
0.6276063919067383,1.392793893814087,2.992569923400879,0.35688875309051027,0.3739150783828663,1,1
0.6281100511550903,1.3921414613723755,2.9936683177948,0.36334137604414884,0.37944252110585686,0,0
0.6286159753799438,1.391480565071106,2.9947164058685303,0.38064290819804597,0.36980812370245697,0,0
0.6291240453720093,1.3908121585845947,2.995712995529175,0.3648397393474106,0.38319592560153326,0,0
0.6296342611312866,1.39013671875,2.9966697692871094,0.3574227194585423,0.3879201896656527,0,0
0.6301466226577759,1.389454960823059,2.99757981300354,0.3683226793869358,0.3899444853711203,0,0
0.6306610703468323,1.3887677192687988,2.9984488487243652,0.3785958888675972,0.3642508309923428,0,0
0.6311774253845215,1.388075351715088,2.9992828369140625,0.3606515900506758,0.3838303475260791,0,0
0.6316957473754883,1.387378454208374,3.0000765323638916,0.3848744544015286,0.3711490511797824,0,0
0.6322159767150879,1.386677622795105,3.00083589553833,0.36917772500013135,0.3883635175280228,0,0
0.6327380537986755,1.3859730958938599,3.001560926437378,0.38682589555002644,0.36274134257341034,0,0
0.633262038230896,1.3852654695510864,3.002250909805298,0.3865754224690902,0.3649355264450744,0,0
0.6337876915931702,1.3845549821853638,3.0029115676879883,0.3815953957901632,0.3892937064378208,0,0
0.634315013885498,1.3838417530059814,3.00373911857605,0.3706960720191509,0.4026918791999661,0,0
0.6348437070846558,1.383126974105835,3.004642963409424,0.3790262655373669,0.3564738677111892,0,0
0.6353733539581299,1.3824115991592407,3.0055766105651855,0.3762540680153845,0.39076579028282704,0,0
0.635903537273407,1.3816969394683838,3.0065112113952637,0.369946857980054,0.3786627666249064,0,0
0.6364338994026184,1.3809843063354492,3.0074265003204346,0.38504772829383255,0.3892953458855219,0,0
0.6369641423225403,1.3802741765975952,3.0083138942718506,0.3811082435736408,0.38977942569579277,0,0
0.6374940872192383,1.3795673847198486,3.0091683864593506,0.3639471743946608,0.383681737917048,0,0
0.6380236148834229,1.3788636922836304,3.0099892616271973,0.38029284779417494,0.3865453297565939,0,0
0.6385526657104492,1.3781633377075195,3.010777711868286,0.38108434290761417,0.3985609244004288,0,0
0.6390812397003174,1.377466082572937,3.011531114578247,0.3836252878482034,0.39203754262675455,0,0
0.6396095156669617,1.3767712116241455,3.0122551918029785,0.3764101800613558,0.39217353664583027,0,0
0.6401377320289612,1.376078724861145,3.0129456520080566,0.3781436755481982,0.3860092127095594,0,0
0.6406657695770264,1.375387191772461,3.0136055946350098,0.4027358094508085,0.40285410957732415,0,0
0.6411957740783691,1.3746986389160156,3.0144333839416504,0.3797626586014964,0.40063171112205315,0,0
0.6417303681373596,1.374016523361206,3.015336751937866,0.3824136401850219,0.38125911247877203,0,0
0.6422721147537231,1.37334406375885,3.016463041305542,0.3943674927563334,0.4010962123245003,0,0
0.6428227424621582,1.3726853132247925,3.017695665359497,0.38219627306255766,0.3965630738859945,0,0
0.6433834433555603,1.3720433712005615,3.01916241645813,0.37418564773699986,0.4038084653152891,0,0
0.6439542770385742,1.371420979499817,3.020928144454956,0.38985787154977347,0.4005708556888587,0,0
0.6445345282554626,1.370821237564087,3.0230259895324707,0.38328408941265824,0.40700480325037947,0,0
0.6451217532157898,1.3702460527420044,3.0252721309661865,0.4048237074162574,0.4082738323755163,0,0
0.6457158327102661,1.369699239730835,3.0277557373046875,0.390360670003453,0.41293338828860315,0,0
0.6463167667388916,1.3691850900650024,3.030137300491333,0.4004824703630509,0.3925977265142903,0,0
0.6469240784645081,1.3687070608139038,3.032611131668091,0.37092282282043626,0.40832289863864113,0,0
0.6475366353988647,1.3682684898376465,3.035295248031616,0.3924169873599474,0.40661459113858306,0,0
0.6481524109840393,1.3678715229034424,3.038242816925049,0.39967881444203573,0.4167658561044521,0,0
0.6487685441970825,1.3675174713134766,3.041482448577881,0.3981542038644811,0.40504937022306164,0,0
0.649381697177887,1.3672070503234863,3.0446345806121826,0.403865766962017,0.3873996828134567,1,1
0.6499879360198975,1.3669389486312866,3.0476741790771484,0.3938500247692383,0.39017625466916794,0,0
0.6505839824676514,1.366711974143982,3.050400733947754,0.41464225830008933,0.39431452349826324,0,0
0.6511663794517517,1.3665226697921753,3.0528950691223145,0.40661573460933836,0.41116658534302686,0,0
0.6517339944839478,1.3663688898086548,3.0552079677581787,0.41859259361648865,0.40742327447282145,0,0
0.6522893905639648,1.366250991821289,3.0573720932006836,0.4172823944445548,0.41908470591498526,0,0
0.652838945388794,1.3661723136901855,3.0594141483306885,0.39841972385468455,0.38999729351896156,0,0
0.6533902883529663,1.3661353588104248,3.0615487098693848,0.3989839576581311,0.4184594733275147,0,0
0.6539496779441833,1.3661422729492188,3.063673257827759,0.40615325914789907,0.41681273553946974,0,0
0.6545240879058838,1.3661953210830688,3.0657765865325928,0.40211084062418295,0.41627282871623195,0,0
0.6551211476325989,1.3662978410720825,3.0678248405456543,0.42002472186681716,0.41553021464039414,0,0
0.6557499170303345,1.3664541244506836,3.0700013637542725,0.39339043262336076,0.41866751885585957,0,0
0.6564179062843323,1.366667628288269,3.0722217559814453,0.40290641187079673,0.41134185472024015,0,0
0.6571322679519653,1.3669415712356567,3.07440185546875,0.4051637908338944,0.407763717436377,0,0
0.6578995585441589,1.3672797679901123,3.07651424407959,0.41883775204645696,0.4140385915831006,0,0
0.658726155757904,1.3676867485046387,3.078550338745117,0.40027344507617196,0.40037795932586306,0,0
0.6596179008483887,1.3681670427322388,3.0805156230926514,0.40974629345805486,0.41969019375573846,0,0
0.6605798602104187,1.3687251806259155,3.082404851913452,0.4165621067763475,0.4089164773096039,0,0
0.6616165041923523,1.3693650960922241,3.084223508834839,0.40432865665233625,0.41642532809954996,0,0
0.6627316474914551,1.3700896501541138,3.085965871810913,0.41652299106153345,0.4345194712068161,0,0
0.6639281511306763,1.3709018230438232,3.087634325027466,0.4066661436946116,0.41043599510257195,0,0
0.6652083396911621,1.3718035221099854,3.0890486240386963,0.42328539170164403,0.3958930448894466,0,0
0.666571855545044,1.3727933168411255,3.09049916267395,0.38208081726017223,0.43147316974753985,0,0
0.6680144667625427,1.3738669157028198,3.0921523571014404,0.383715944220281,0.43147622867327984,0,0
0.6695271730422974,1.375017523765564,3.093874454498291,0.4213696784064575,0.4047202377797541,0,0
0.6711003184318542,1.376236081123352,3.0955958366394043,0.401191767051572,0.42126490487213575,0,0
0.6727250814437866,1.3775125741958618,3.0972349643707275,0.41561996474936225,0.4069752871190271,0,0
0.6743944883346558,1.37883722782135,3.098766803741455,0.4213850663013489,0.4214376859508174,0,0
0.6761031746864319,1.380202293395996,3.100238561630249,0.40605978987669983,0.40085356481457174,0,0
0.6778472661972046,1.3816032409667969,3.101670265197754,0.43119446437949965,0.4067116898205649,0,0
0.679624080657959,1.383037805557251,3.1030452251434326,0.44013648934621913,0.402667772089177,0,0
0.6814320683479309,1.384505271911621,3.1043567657470703,0.4307461732183518,0.414251760850078,0,0
0.6832709312438965,1.386006474494934,3.1056089401245117,0.4135702269247052,0.4379584614166477,0,0
0.6851410269737244,1.3875432014465332,3.1068027019500732,0.4193396832400532,0.4164686389749029,0,0
0.6870433688163757,1.3891174793243408,3.1079447269439697,0.4131009964781229,0.420129579464226,0,0
0.6889790892601013,1.3907314538955688,3.1090378761291504,0.4182426827734788,0.4157312436775236,0,0
0.6909494400024414,1.3923877477645874,3.1100780963897705,0.4168944044299551,0.4315371115239002,0,0
0.6929556727409363,1.3940876722335815,3.1110727787017822,0.4199134221934441,0.4202438857011726,0,0
0.6949986219406128,1.3958326578140259,3.1120245456695557,0.41156833221059647,0.4049200892094252,0,0
0.6970789432525635,1.3976237773895264,3.112933874130249,0.4179157595434681,0.4113916954937027,0,0
0.6991968154907227,1.3994606733322144,3.113802433013916,0.4146081831858167,0.4173597872627834,1,1
0.7013524770736694,1.4013437032699585,3.1148386001586914,0.39570840906132,0.4008500298148859,0,0
0.7035427689552307,1.4032706022262573,3.1159474849700928,0.4212899834320154,0.40351100030809,0,0
0.705763578414917,1.4052379131317139,3.117062568664551,0.4226044056159349,0.4017284090711137,0,0
0.7080106735229492,1.4072422981262207,3.1183719635009766,0.39973698255008705,0.41843036281043133,0,0
0.7102767825126648,1.4092786312103271,3.1197733879089355,0.41544818523101174,0.425771357975831,0,0
0.7125536799430847,1.411341905593872,3.121230125427246,0.4177320529888264,0.40470735380736794,0,0
0.7148335576057434,1.4134279489517212,3.122643232345581,0.4304301336180275,0.4128108290015924,0,0
0.7171105146408081,1.4155333042144775,3.124016523361206,0.40562010664399334,0.4082158170841793,0,0
0.7193810343742371,1.4176549911499023,3.125345230102539,0.4132943003279834,0.40587562555445794,0,0
0.7216433882713318,1.4197903871536255,3.126620054244995,0.4018215081471527,0.40717004041435717,0,0
0.7238978743553162,1.4219378232955933,3.12784481048584,0.4446679151010797,0.4239752802375736,0,0
0.726146399974823,1.4240964651107788,3.1290159225463867,0.4248029752259562,0.4042219940244141,0,0
0.7283911108970642,1.4262657165527344,3.1301357746124268,0.41307107257603404,0.42499006507410886,0,0
0.7306349277496338,1.4284461736679077,3.1312057971954346,0.4132430486904818,0.4090251721958806,0,0
0.7328816652297974,1.4306387901306152,3.1322226524353027,0.4137660969732759,0.41750440393433313,0,0
0.735134482383728,1.4328444004058838,3.1331961154937744,0.419774047443742,0.40006084891166893,0,0
0.7373968362808228,1.4350639581680298,3.1339340209960938,0.4259737898082226,0.3993964462894913,0,0
0.7396700382232666,1.4372965097427368,3.1345255374908447,0.40471663193326823,0.410372076042071,0,0
0.7419539093971252,1.4395394325256348,3.135023832321167,0.40609494615439357,0.4221667938187092,0,0
0.7442480325698853,1.4417909383773804,3.1354610919952393,0.39886067254231916,0.39866192015030033,0,0
0.7465503215789795,1.4440454244613647,3.135847330093384,0.41577084051904184,0.413481451388266,0,0
0.7488574981689453,1.4462974071502686,3.1361727714538574,0.4273047444091163,0.40469448031678124,0,0
0.7511669397354126,1.4485419988632202,3.136255979537964,0.40218867072781517,0.39860150091410274,0,0
0.7534747123718262,1.4507735967636108,3.136019706726074,0.41569560019728646,0.3874586485118552,0,0
0.7557756304740906,1.4529850482940674,3.1354098320007324,0.40890190492134293,0.39225931651403667,0,0
0.758061408996582,1.455167531967163,3.134582281112671,0.4171882270988901,0.4202461239776378,0,0
0.7603238821029663,1.4573124647140503,3.1336238384246826,0.4215404787791624,0.4087666050593373,0,0
0.7625569105148315,1.4594144821166992,3.13264536857605,0.43719527232799915,0.4195569604174935,0,0
0.7647566795349121,1.4614715576171875,3.1314821243286133,0.4196018261497749,0.3904480590141397,0,0
0.7669200301170349,1.4634830951690674,3.1300337314605713,0.41732919695371257,0.39814113697336906,0,0
0.7690432667732239,1.465448021888733,3.128450870513916,0.4022518956194488,0.41507898029543244,0,0
0.771124541759491,1.4673656225204468,3.126826047897339,0.41691837914678426,0.40323506229206074,0,0
0.7731638550758362,1.4692387580871582,3.1250035762786865,0.4080991927274473,0.3984080194588572,0,0
0.775161623954773,1.4710686206817627,3.123107671737671,0.43440181927997495,0.41321780421659154,0,0
0.7771196365356445,1.4728580713272095,3.121206283569336,0.4183032336734855,0.4138196067123039,0,0
0.779041051864624,1.474611520767212,3.119335889816284,0.4149279510803486,0.4067771160672578,0,0
0.7809309363365173,1.476335048675537,3.11751389503479,0.4146266953412913,0.40600570371235123,0,0
0.7827956080436707,1.4780350923538208,3.1155428886413574,0.41457405527689256,0.3952283505649907,0,0
0.7846409678459167,1.4797173738479614,3.1135382652282715,0.41408952759936923,0.4119181530534095,0,0
0.7864720821380615,1.4813868999481201,3.1115593910217285,0.40921923432193863,0.41210144069239735,1,1
0.7882949113845825,1.483048915863037,3.109632968902588,0.4258815607179582,0.4087052744670072,0,0
0.7901149988174438,1.48470938205719,3.1077733039855957,0.4276077864817956,0.40921689870704403,0,0
0.7919381260871887,1.4863744974136353,3.1059792041778564,0.41019582140028216,0.4035318567306192,0,0
0.7937700152397156,1.488049864768982,3.1040525436401367,0.4052020892869556,0.3998828933248314,0,0
0.7956143617630005,1.4897390604019165,3.102107286453247,0.41403202580397397,0.4087842067327768,0,0
0.7974736094474792,1.4914435148239136,3.10017991065979,0.4072572460825824,0.4249914974608273,0,0
0.799349844455719,1.4931646585464478,3.0982940196990967,0.4084754223899762,0.4070262690524295,0,0
0.8012452125549316,1.494903802871704,3.096466302871704,0.4177399897557676,0.40849186644717245,0,0
0.8031619191169739,1.4966622591018677,3.0947067737579346,0.41922400315744585,0.41518300598148034,0,0
0.8051020503044128,1.498441457748413,3.0930190086364746,0.4329263975702915,0.4081324574278268,0,0
0.807067334651947,1.5002427101135254,3.0913987159729004,0.4283452233876287,0.4051749510896628,0,0
0.809060275554657,1.5020673274993896,3.0900490283966064,0.39400440633415756,0.4251549772280224,0,0
0.8110803961753845,1.503915548324585,3.0890703201293945,0.38589489036468927,0.4112341092389913,0,0
0.8131234645843506,1.5057857036590576,3.0883216857910156,0.4103918125501235,0.4239865375171667,0,0
0.8151842355728149,1.5076743364334106,3.0877127647399902,0.4001974766558553,0.4127039761044787,0,0
0.817257285118103,1.5095787048339844,3.0871925354003906,0.4151571547110155,0.413883085014794,0,0
0.8193385601043701,1.51149582862854,3.0867393016815186,0.40338186433046824,0.4189176688786451,0,0
0.8214256167411804,1.5134227275848389,3.086337089538574,0.4043713911120026,0.42856587925257533,0,0
0.8235167264938354,1.5153590440750122,3.0859687328338623,0.40542218716195966,0.40173267943454827,0,0
0.8256123661994934,1.5173029899597168,3.08542537689209,0.40846590487394985,0.38935202109529427,0,0
0.8277121782302856,1.5192545652389526,3.084603786468506,0.4038206338208245,0.39977666956532015,0,0
0.829814076423645,1.5212090015411377,3.0836398601531982,0.41254318648963645,0.40925405390223507,0,0
0.8319162130355835,1.523161768913269,3.0826103687286377,0.40826088005684036,0.4176960236552175,0,0
0.8340170383453369,1.5251094102859497,3.081564426422119,0.4096240551687871,0.40581902415040527,0,0
0.8361167907714844,1.5270488262176514,3.0807316303253174,0.39992374611494186,0.4166711314084061,0,0
0.8382143974304199,1.528977632522583,3.0802228450775146,0.39741049336143136,0.4197982355943007,0,0
0.8403059840202332,1.5308921337127686,3.0799059867858887,0.4014544715641624,0.40257264147588,0,0
0.8423877358436584,1.532790184020996,3.0797033309936523,0.42148914159514644,0.4021368715376255,0,0
0.8444567322731018,1.5346705913543701,3.0795676708221436,0.40560706477322794,0.4208093363015102,0,0
0.8465120196342468,1.5365338325500488,3.0794732570648193,0.41932922131444117,0.400289669288145,0,0
0.8485543727874756,1.5383820533752441,3.079404830932617,0.4084783258484555,0.42015828271759276,0,0
0.8505862951278687,1.5402190685272217,3.0795464515686035,0.394799404046753,0.40556547212736593,0,0
0.8526096343994141,1.542047381401062,3.07960844039917,0.4142254725649345,0.3890256642860133,0,0
0.854623556137085,1.5438677072525024,3.0796260833740234,0.4121976618444337,0.43621301189663103,0,0
0.8566280603408813,1.545680284500122,3.0794248580932617,0.4132321006056874,0.39701832742741844,0,0
0.8586211204528809,1.5474827289581299,3.079101324081421,0.40865831026992255,0.4312291106007884,0,0
0.8606016635894775,1.5492737293243408,3.078718423843384,0.40110547914972483,0.41202838915933276,0,0
0.8625690340995789,1.5510516166687012,3.07830548286438,0.41926084796236984,0.41127519624604125,0,0
0.864524781703949,1.5528167486190796,3.0778841972351074,0.42423688470999055,0.400236860486333,0,0
0.8664715886116028,1.5545706748962402,3.0774669647216797,0.3787474608186901,0.40917683006347016,0,0
0.8684130311012268,1.556313395500183,3.077061176300049,0.3921139471828806,0.41372712744093837,0,0
0.8703534007072449,1.5580388307571411,3.076667547225952,0.4072531495326343,0.39829007800701316,0,0
0.8722975850105286,1.5597373247146606,3.076272487640381,0.4010587069825483,0.40933324216063477,0,0
0.8742510080337524,1.5613945722579956,3.07588529586792,0.41120050058873275,0.39881946386194855,0,0
0.8762195706367493,1.562991976737976,3.075552463531494,0.4127385208778484,0.4291959920855955,0,0
0.8782085180282593,1.5645067691802979,3.0753023624420166,0.4094196493315957,0.40879051411831363,0,0
0.8802213072776794,1.565915584564209,3.0751149654388428,0.40490755734219186,0.41431278380637243,0,0
0.8822583556175232,1.5671967267990112,3.0749473571777344,0.40125841772585236,0.40961871311958337,0,0
0.8843182325363159,1.5683304071426392,3.0747668743133545,0.4054406159002213,0.40629003558871346,0,0
0.8863976001739502,1.5693018436431885,3.0745580196380615,0.4065843616865313,0.4128204677684583,0,0
0.888493001461029,1.5700989961624146,3.0743136405944824,0.40702497999041587,0.41260807777007513,0,0
0.8906024694442749,1.5707118511199951,3.074040412902832,0.41640660850553163,0.4085387556093215,0,0
0.8927243947982788,1.5711337327957153,3.0737791061401367,0.4137112077718655,0.42651589613371044,0,0
0.8948590159416199,1.571360468864441,3.0735630989074707,0.408165720672714,0.4070611367832981,0,0
0.897006094455719,1.5713902711868286,3.073376417160034,0.3975273465760293,0.43125563095645725,0,0
0.8991658091545105,1.5712250471115112,3.073192834854126,0.4087590936733727,0.43309926865276466,0,0
0.9013384580612183,1.5708688497543335,3.0730152130126953,0.41159587080007515,0.4044504907281433,0,0
0.9035242795944214,1.5703274011611938,3.0728421211242676,0.41380931467182175,0.4250617161819283,0,0
0.9057234525680542,1.5696086883544922,3.072676658630371,0.41402993890812206,0.39322083768609895,0,0
0.9079359173774719,1.5687217712402344,3.0725202560424805,0.41883963133759483,0.4167049069728173,0,0
0.9101622104644775,1.5676759481430054,3.072366237640381,0.41492607766887235,0.429010430558605,0,0
0.9124025106430054,1.5664812326431274,3.0722057819366455,0.4343571425435601,0.42009750568294646,0,0
0.9146566390991211,1.5651484727859497,3.0720372200012207,0.4151313739985747,0.42758128980520604,0,0
0.916923999786377,1.5636872053146362,3.071871519088745,0.44651329823357444,0.4408218069514602,0,0
0.9192032217979431,1.5621087551116943,3.0717227458953857,0.42359900116187144,0.4207297949705245,0,0
0.9214932918548584,1.5604227781295776,3.0715951919555664,0.4098718733564755,0.40832356457517743,0,0
0.9237933158874512,1.5586389303207397,3.071483850479126,0.43446619593140595,0.41737169519825945,0,0
0.926102876663208,1.5567668676376343,3.0713791847229004,0.4296875751071544,0.42633702672256907,0,0
0.9284214973449707,1.554813265800476,3.071274757385254,0.4297287081459895,0.4344411234541275,0,0
0.9307489395141602,1.552785873413086,3.0711679458618164,0.4211226130510111,0.42517102129521755,0,0
0.9330845475196838,1.5506917238235474,3.0710608959198,0.43568216506877583,0.4480348498726956,0,0
0.9354276061058044,1.548536777496338,3.0709595680236816,0.4468461166587376,0.4449914039862922,0,0
0.9377775192260742,1.5463263988494873,3.0708653926849365,0.4537258266030782,0.44609643593214143,0,0
0.9401332139968872,1.5440658330917358,3.0707783699035645,0.45185860155303686,0.4684675934301499,0,0
0.9424943923950195,1.541759967803955,3.0706968307495117,0.4634832888933725,0.447807529284408,0,0
0.9448603987693787,1.5394126176834106,3.0706193447113037,0.4678103632661073,0.45909778305522253,0,0
0.9472306370735168,1.5370275974273682,3.0705456733703613,0.45173556264516007,0.46494876340923963,0,0
0.9496045708656311,1.534608244895935,3.0704755783081055,0.44837733706702687,0.4619915072461241,0,0
0.9519816637039185,1.532157301902771,3.070409059524536,0.4429359259913941,0.46769600500508285,0,0
0.9543617367744446,1.5296779870986938,3.070345640182495,0.45271954783069646,0.44377612160479263,0,0
0.9567444920539856,1.5271718502044678,3.070284605026245,0.475013608244384,0.47466669657950405,0,0
0.9591294527053833,1.5246423482894897,3.070225477218628,0.4882856991054228,0.46742139480598444,0,0
0.961516261100769,1.5220906734466553,3.0701677799224854,0.4884569246324861,0.47775139574893,0,0
0.9639047980308533,1.5195189714431763,3.07011342048645,0.49583820074871965,0.4887720195344267,0,0
0.9662948250770569,1.516929268836975,3.0700628757476807,0.4802449241974161,0.4827491791625371,0,0
0.968686044216156,1.5143227577209473,3.0700156688690186,0.4981998615611327,0.4892942660319671,0,0
0.9710783958435059,1.511700987815857,3.069972038269043,0.4887445898165674,0.4877071891303828,0,0
0.9734715819358826,1.5090649127960205,3.0699303150177,0.4797390809471478,0.47344854825727284,0,0
0.9758656024932861,1.5064163208007812,3.0698888301849365,0.5032465107998031,0.4926200001247476,0,0
0.9782605767250061,1.5037562847137451,3.0698487758636475,0.49587905349983713,0.5064592518913388,0,0
0.9806561470031738,1.5010855197906494,3.069809675216675,0.5101487774391702,0.5161656429802536,0,0
0.9830522537231445,1.4984053373336792,3.0697717666625977,0.4980040975354554,0.5133728165141465,0,0
0.9854488968849182,1.4957162141799927,3.069736957550049,0.521281220174191,0.5278745723521882,0,0
0.9878458380699158,1.4930192232131958,3.069704532623291,0.5258813415004998,0.5071306806323645,0,0
0.9902432560920715,1.4903151988983154,3.0696747303009033,0.5224906093690684,0.5186268626681109,0,0
0.9926409125328064,1.4876044988632202,3.069646120071411,0.5308135840723808,0.520997496357206,0,0
0.9950388669967651,1.4848880767822266,3.069617748260498,0.5220778297778876,0.5380648728681234,0,0
0.9974370002746582,1.482166051864624,3.069589614868164,0.5355459984665562,0.5181259217162257,0,0
0.9998355507850647,1.4794392585754395,3.0695629119873047,0.4996848400419469,0.5137535343482287,0,0
1.0022339820861816,1.4767080545425415,3.0695371627807617,0.512422834786985,0.5226423648588868,0,0
1.004632830619812,1.4739729166030884,3.0695137977600098,0.5669962966309324,0.5492469782932327,0,0
1.0070316791534424,1.4712342023849487,3.0694916248321533,0.5466820291752206,0.5539186502851531,0,0
1.0094305276870728,1.468492031097412,3.069471597671509,0.5604162158956495,0.5825739804171437,0,0
1.0118294954299927,1.465747356414795,3.0694515705108643,0.5641032254199186,0.5733575043504495,0,0
1.0142287015914917,1.4629994630813599,3.069431781768799,0.5288505183371679,0.5526248910920001,0,0
1.0166276693344116,1.4602493047714233,3.0694122314453125,0.5446055681937334,0.5703187295840678,0,0
1.019026756286621,1.457497000694275,3.0693938732147217,0.5676639914294993,0.5551843290109165,0,0
1.0214258432388306,1.4547429084777832,3.0693771839141846,0.5409272725250489,0.5454577609330299,0,0
1.0238250494003296,1.4519867897033691,3.0693624019622803,0.5589536892422529,0.5690064530722329,0,0
1.0262242555618286,1.449229121208191,3.0693471431732178,0.5516401466239821,0.5838162259288054,0,0
1.0286232233047485,1.4464699029922485,3.069333553314209,0.5945878251996239,0.5895195632896942,0,0
1.031022310256958,1.4437092542648315,3.069321393966675,0.588738632518631,0.5954398066117671,0,0
1.033421516418457,1.4409472942352295,3.0693085193634033,0.5796228720884788,0.5953699604901264,0,0
1.0358206033706665,1.4381847381591797,3.0692977905273438,0.6259075285276261,0.5946857672206753,0,0
1.0382195711135864,1.4354209899902344,3.069286346435547,0.5855578955036819,0.5870344322482997,0,0
1.0406185388565063,1.432655930519104,3.069275140762329,0.5742546140477407,0.5834423861630129,0,0
1.0430175065994263,1.4298901557922363,3.0692639350891113,0.5969610579509569,0.5968775517201887,0,0
1.0454163551330566,1.4271240234375,3.0692555904388428,0.5809288280301508,0.5881748788625721,0,0
1.047815203666687,1.4243568181991577,3.069246768951416,0.5998431119705611,0.6040445437534784,0,0
1.0502139329910278,1.4215891361236572,3.06923770904541,0.5917734990907573,0.5864784896595052,0,0
1.0526127815246582,1.4188206195831299,3.069228172302246,0.6337119431825506,0.6233899521673745,0,0
1.055011510848999,1.416051983833313,3.0692214965820312,0.6227548711376951,0.6387511790719604,0,0
1.0574100017547607,1.4132827520370483,3.0692148208618164,0.6250354167814627,0.6146177027577431,0,0
1.0598084926605225,1.4105130434036255,3.0692079067230225,0.630398551308748,0.6436515189029767,0,0
1.0622069835662842,1.4077428579330444,3.0692012310028076,0.6432363293927365,0.632432729635706,0,0
1.064605474472046,1.4049723148345947,3.0691943168640137,0.6244913681778816,0.6325254552381157,0,0
1.067003846168518,1.4022016525268555,3.0691874027252197,0.6265893252441437,0.6050446026911529,0,0
1.0694022178649902,1.3994303941726685,3.069183588027954,0.630188821189736,0.6406513104820877,0,0
1.0718004703521729,1.396659016609192,3.0691797733306885,0.6336957455171304,0.64281931786295,0,0
1.074198603630066,1.3938874006271362,3.069175958633423,0.6370714122132439,0.6447787437688952,0,0
1.076596736907959,1.391115665435791,3.069171905517578,0.6677772767183331,0.6712913834309444,0,0
1.078994870185852,1.3883436918258667,3.0691680908203125,0.6559762687235917,0.6578063835218497,0,0
1.0813930034637451,1.3855714797973633,3.0691640377044678,0.6679618049579882,0.6778993111192897,0,0
1.0837911367416382,1.3827991485595703,3.069160223007202,0.6716668138740939,0.6840033179249894,0,0
1.0861890316009521,1.3800268173217773,3.0691561698913574,0.657753132511254,0.6598688999447802,0,0
1.0885871648788452,1.3772542476654053,3.0691521167755127,0.6837645866317605,0.6788062983525641,0,0
1.0909850597381592,1.3744815587997437,3.069148063659668,0.6611643506299331,0.6681438916474011,0,0
1.0933829545974731,1.371708631515503,3.069143772125244,0.6642213419371981,0.6829693274975798,0,0
1.0957809686660767,1.3689358234405518,3.069143772125244,0.6706473496603987,0.6609858892252373,0,0
1.0981788635253906,1.366162896156311,3.069143772125244,0.675479026181344,0.6587637845379836,0,0
1.100576639175415,1.3633897304534912,3.069143772125244,0.6854341342617278,0.7017316097958143,0,0
1.10297429561615,1.360616683959961,3.069143772125244,0.7124720506280099,0.7005605375087907,0,0
1.1053721904754639,1.3578435182571411,3.069143772125244,0.6897087206171962,0.7088426101905763,0,0
1.1077698469161987,1.3550702333450317,3.069143772125244,0.6992212540964852,0.7013910133829003,0,0
1.1101675033569336,1.3522969484329224,3.069143772125244,0.7036892848195562,0.7121555658999932,0,0
1.1125651597976685,1.3495235443115234,3.069143772125244,0.709444632703434,0.6960147825519345,0,0
1.1149628162384033,1.346750259399414,3.069143772125244,0.6999335096287053,0.7182669982226424,0,0
1.1173604726791382,1.3439767360687256,3.069143772125244,0.7018593189244563,0.701441600103201,0,0
1.1197580099105835,1.3412030935287476,3.069143772125244,0.7189845169598461,0.7075944342811133,0,0
1.1221556663513184,1.33842933177948,3.069143772125244,0.7021945284515206,0.7172530965570597,0,0
1.1245532035827637,1.335655689239502,3.069143772125244,0.7255824609947901,0.7413488511463903,0,0
1.1269506216049194,1.332882046699524,3.069143772125244,0.7373351412842314,0.7503756083946114,0,0
1.1293480396270752,1.3301081657409668,3.069143772125244,0.7372339214449145,0.7386646456492486,0,0
1.1317455768585205,1.3273342847824097,3.069143772125244,0.7408674182538847,0.7394036287270163,0,0
1.1341427564620972,1.324560284614563,3.069143772125244,0.7335421247483342,0.7576711560655596,0,0
1.1365400552749634,1.3217862844467163,3.069143772125244,0.7324798428736694,0.7368008314914309,0,0
1.1389374732971191,1.31901216506958,3.069143772125244,0.7394437109054198,0.7302766829929326,0,0
1.141334891319275,1.3162381649017334,3.069143772125244,0.7417238311788328,0.7403509786930959,0,0
1.1437321901321411,1.313463807106018,3.069143772125244,0.7346839794380795,0.7504823364705889,0,0
1.1461293697357178,1.3106894493103027,3.069143772125244,0.7514952961643375,0.7326739173811541,0,0
1.1485265493392944,1.3079150915145874,3.069143772125244,0.7872569154582794,0.7686224675106369,0,0
1.1509236097335815,1.3051406145095825,3.069143772125244,0.771600544934194,0.7869359899667581,0,0
1.1533206701278687,1.3023661375045776,3.069143772125244,0.794420201270714,0.7830665993181014,0,0
1.1557177305221558,1.2995915412902832,3.069143772125244,0.7680660737282203,0.7590224429948338,0,0
1.1581147909164429,1.2968170642852783,3.069143772125244,0.7996033598367267,0.7804992936562587,0,0
1.1605117321014404,1.2940423488616943,3.069143772125244,0.779998386575593,0.7790208853701739,0,0
1.1629085540771484,1.2912676334381104,3.069143772125244,0.7781333274295938,0.7740927194384123,0,0
1.1653053760528564,1.2884927988052368,3.069143772125244,0.768361981820926,0.7770047776719173,0,0
1.167702317237854,1.2857180833816528,3.069143772125244,0.7800352890205049,0.7664708230503302,0,0
1.170099139213562,1.2829431295394897,3.069143772125244,0.7877045968525854,0.7718599774477528,0,0
1.17249596118927,1.2801681756973267,3.0691428184509277,0.5119169630288859,0.48216080077477713,0,0
1.174892783164978,1.2773932218551636,3.0691421031951904,0.5076487930672692,0.504319057739867,0,0
1.1772897243499756,1.2746182680130005,3.069141387939453,0.49188374694691256,0.5112915813540575,0,0
1.1796866655349731,1.2718431949615479,3.069141387939453,0.49912096825101027,0.5071403570419983,0,0
1.1820834875106812,1.2690681219100952,3.069141387939453,0.5097153828647795,0.5003141885884642,0,0
1.1844801902770996,1.2662930488586426,3.069141387939453,0.4978229595255209,0.4940891024316469,0,0
1.1868770122528076,1.26351797580719,3.069141387939453,0.5038714488622771,0.4955495664770371,0,0
1.189273715019226,1.2607429027557373,3.069141387939453,0.4943955680786617,0.48850475523201453,0,0
1.1916704177856445,1.2579678297042847,3.069141387939453,0.4970683470760377,0.49063321376700963,0,0
1.194067120552063,1.255192756652832,3.069141387939453,0.4950740756022716,0.506592307502114,0,0
1.1964638233184814,1.2524175643920898,3.069141387939453,0.5169000753494025,0.49564513975165897,0,0
1.1988605260849,1.2496424913406372,3.069141387939453,0.4946769466360768,0.4847401978928125,0,0
1.201257348060608,1.2468674182891846,3.069141387939453,0.5207273766631504,0.5012723936566607,0,0
1.203654170036316,1.2440924644470215,3.069141387939453,0.5051130022182858,0.4948910471659875,0,0
1.2060508728027344,1.2413175106048584,3.069141387939453,0.4908675311284226,0.5025347872661005,0,0
1.2084475755691528,1.2385424375534058,3.069141387939453,0.514546404361036,0.4966637843107293,0,0
1.2108442783355713,1.2357673645019531,3.069141387939453,0.5067810070245325,0.5100884026690096,0,0
1.2132407426834106,1.2329922914505005,3.069141387939453,0.4844420276715844,0.5002099846769068,0,0
1.2156373262405396,1.2302172183990479,3.069141387939453,0.5047991137527785,0.49351056167828666,0,0
1.2180339097976685,1.2274422645568848,3.069141387939453,0.4888175680669171,0.5059743144175616,0,0
1.2204304933547974,1.2246673107147217,3.069141387939453,0.4941301316635828,0.48365011642692035,0,0
1.2228271961212158,1.2218923568725586,3.069141387939453,0.487842145919638,0.5040318148646359,0,0
1.2252237796783447,1.2191174030303955,3.069141387939453,0.5165951185606562,0.4817942359162617,0,0
1.2276203632354736,1.2163423299789429,3.069141387939453,0.49417149144800787,0.5069139976251044,0,0
1.230016827583313,1.2135673761367798,3.069141387939453,0.5124740701721757,0.48988507154833133,0,0
1.2324135303497314,1.2107924222946167,3.069141387939453,0.5037042039595685,0.49786486625356063,0,0
1.23481023311615,1.2080174684524536,3.069141387939453,0.48552444435361797,0.5114980949863518,0,0
1.2372066974639893,1.2052425146102905,3.069141387939453,0.4826664765619946,0.5114826223498888,0,0
1.2396031618118286,1.202467679977417,3.069141387939453,0.5069317498513731,0.5014186129660182,0,0
1.2419995069503784,1.199692726135254,3.069141387939453,0.49347303355556904,0.492820163534742,0,0
1.2443959712982178,1.1969177722930908,3.069141387939453,0.5087604345253393,0.48496693539770735,0,0
1.2467924356460571,1.1941428184509277,3.069141387939453,0.49972262933649686,0.5094797474266023,0,0
1.2491888999938965,1.1913679838180542,3.069141387939453,0.5044703555265243,0.5174285236767415,0,0
1.2515854835510254,1.1885930299758911,3.069141387939453,0.4896588620407371,0.5071900706382447,0,0
1.2539819478988647,1.185818076133728,3.069141387939453,0.48405187418464024,0.5109377557475491,0,0
1.2563782930374146,1.183043122291565,3.069141387939453,0.4878485766642873,0.5018977566464484,0,0
1.2587748765945435,1.1802682876586914,3.069141387939453,0.5015762419352604,0.5062351338103801,0,0
1.2611713409423828,1.1774933338165283,3.069141387939453,0.5166760105116367,0.5105295346736416,0,0
1.2635676860809326,1.1747183799743652,3.069141387939453,0.4793366390250008,0.49992227322133204,0,0
1.2659642696380615,1.1719434261322021,3.069141387939453,0.49965147958159883,0.49131596996662297,0,0
1.2683608531951904,1.169168472290039,3.069141387939453,0.5007163957106593,0.5122027133118077,0,0
1.2707573175430298,1.166393518447876,3.069141387939453,0.5098051048879763,0.5151736951882803,0,0
1.27315354347229,1.163618564605713,3.069141387939453,0.5164669262757255,0.4929965885976398,0,0
1.2755500078201294,1.1608436107635498,3.069141387939453,0.5105777058530678,0.4929438336140447,0,0
1.2779463529586792,1.1580686569213867,3.069141387939453,0.49549109206026865,0.5039815464693841,0,0
1.2803425788879395,1.1552937030792236,3.069141387939453,0.4935050790370094,0.49702139646899884,0,0
1.2827389240264893,1.15251886844635,3.069141387939453,0.4920408909935858,0.5006426077653431,0,0
1.2851351499557495,1.1497440338134766,3.069141387939453,0.4907806724258846,0.4848885473138298,0,0
1.2875313758850098,1.1469690799713135,3.069141387939453,0.5146808029026599,0.5191804696469686,0,0
1.2899278402328491,1.14419424533844,3.069141387939453,0.4913495603533546,0.49304655571559614,0,0
1.2923243045806885,1.1414192914962769,3.069141387939453,0.48923317083385526,0.5159440457977248,0,0
1.2947205305099487,1.1386443376541138,3.069141387939453,0.5024074641715709,0.5040449727573524,0,0
1.297116994857788,1.1358693838119507,3.069141387939453,0.5243317873374381,0.517667994541996,0,0
1.2995132207870483,1.1330945491790771,3.069141387939453,0.5081265850064389,0.4893003967087578,0,0
1.3019094467163086,1.1303197145462036,3.069141387939453,0.5171782793642579,0.4930237617668265,0,0
1.304305911064148,1.1275447607040405,3.069141387939453,0.5218602173292655,0.47412165449761196,0,0
1.3067021369934082,1.124769926071167,3.069141387939453,0.49882139456118474,0.4963835772147673,0,0
1.309098243713379,1.1219950914382935,3.069141387939453,0.49694368774660136,0.485434879647668,0,0
1.3114944696426392,1.11922025680542,3.069141387939453,0.5207597788520828,0.49462079235584705,0,0
1.3138906955718994,1.1164454221725464,3.069141387939453,0.5135821675400365,0.5046360668019024,0,0
1.3162868022918701,1.1136704683303833,3.069141387939453,0.5107930485064544,0.5068671320819431,0,0
1.31868314743042,1.1108955144882202,3.069141387939453,0.49417303350699676,0.4989843994480316,0,0
1.3210793733596802,1.1081206798553467,3.069141387939453,0.49083319802005054,0.5209624885519779,0,0
1.3234755992889404,1.1053458452224731,3.069141387939453,0.5114830846884136,0.4956617657457031,0,0
1.3258719444274902,1.1025710105895996,3.069141387939453,0.5128990243452016,0.49984386905352823,0,0
1.328268051147461,1.099796175956726,3.069141387939453,0.49488240686283536,0.49475986887920037,0,0
1.3306642770767212,1.0970213413238525,3.069141387939453,0.4968053055407151,0.5051810934179011,0,0
1.333060622215271,1.0942466259002686,3.069141387939453,0.5162472677283003,0.49217770818061585,0,0
1.3354567289352417,1.091471791267395,3.069141387939453,0.49027387176829107,0.5027276574872248,0,0
1.337852954864502,1.0886969566345215,3.069141387939453,0.47701490327291907,0.4987185852705249,0,0
1.3402490615844727,1.085922122001648,3.069141387939453,0.49700664168811953,0.5110755162713276,0,0
1.3426451683044434,1.0831472873687744,3.069141387939453,0.5076389178729337,0.51314294769471,0,0
1.3450413942337036,1.0803723335266113,3.069141387939453,0.5169090820848861,0.5031739762584578,0,0
1.3474373817443848,1.0775973796844482,3.069141387939453,0.48896163957190125,0.5091285752292253,0,0
1.349833607673645,1.0748225450515747,3.069141387939453,0.499851573995254,0.4944215406645052,0,0
1.3522295951843262,1.0720477104187012,3.069141387939453,0.5076085156968309,0.5069241129442863,0,0
1.3546257019042969,1.0692729949951172,3.069141387939453,0.49511647028616806,0.5080374778599394,0,0
1.3570219278335571,1.066498041152954,3.069141387939453,0.4994976402555267,0.5067687728088283,0,0
1.3594179153442383,1.063723087310791,3.069141387939453,0.49792818321781374,0.5185535891255137,0,0
1.3618141412734985,1.0609482526779175,3.069141387939453,0.5061000534637826,0.48220259048207925,0,0
1.3642101287841797,1.058173418045044,3.069141387939453,0.5050409953116374,0.5067149490414837,0,0
1.3666062355041504,1.0553985834121704,3.069141387939453,0.4861652188100799,0.503597922354438,0,0
1.3690024614334106,1.0526237487792969,3.069141387939453,0.5141013991971799,0.5106018594736594,0,0
1.3713984489440918,1.0498487949371338,3.069141387939453,0.49175124411656485,0.4809044621144061,0,0
1.373794674873352,1.0470738410949707,3.069141387939453,0.4904146015982346,0.4793941086545541,0,0
1.3761905431747437,1.0442990064620972,3.069141387939453,0.508449079692626,0.49753825555235354,0,0
1.3785864114761353,1.0415241718292236,3.069141387939453,0.4879742302587483,0.48600361861772284,0,0
1.380982518196106,1.03874933719635,3.069141387939453,0.48808215981720365,0.47696818708747774,0,0
1.3833786249160767,1.0359745025634766,3.069141387939453,0.49856138847191933,0.49956846014934725,0,0
1.3857747316360474,1.033199667930603,3.069141387939453,0.5125946542141482,0.4778330130891038,0,0
1.388170599937439,1.0304248332977295,3.069141387939453,0.49684003507436564,0.5162956010353947,0,0
1.3905667066574097,1.0276501178741455,3.069141387939453,0.48844322365865667,0.5072646788676641,0,0
1.3929626941680908,1.0248754024505615,3.069141387939453,0.5006123999627462,0.5040023368911573,0,0
1.3953588008880615,1.0221006870269775,3.069141387939453,0.5186043567854971,0.5015597217263431,0,0
1.3977549076080322,1.019326090812683,3.069141387939453,0.4865441009500462,0.5088383581877564,0,0
1.4001508951187134,1.0165513753890991,3.069141387939453,0.49821873154460117,0.5152574224524535,0,0
1.4025468826293945,1.0137766599655151,3.069141387939453,0.5085283673729758,0.5112241882925868,0,0
1.4049428701400757,1.0110019445419312,3.069141387939453,0.4940599218482421,0.4866281286419757,0,0
1.4073392152786255,1.0082272291183472,3.069141387939453,0.5129593673342409,0.49270093327318515,0,0
1.4097354412078857,1.0054523944854736,3.069141387939453,0.5076667481554498,0.49634240475445507,0,0
1.412131428718567,1.0026776790618896,3.069141387939453,0.5191317423820162,0.49006632468651334,0,0
1.414527416229248,0.9999027848243713,3.069141387939453,0.5118960726617509,0.4891129516515788,0,0
1.4169232845306396,0.9971280097961426,3.069141387939453,0.5040602372366948,0.4896684434174165,0,0
1.4193191528320312,0.9943532943725586,3.069141387939453,0.489396027763263,0.49738814945354454,0,0
1.4217149019241333,0.9915785789489746,3.069141387939453,0.5108569888267559,0.4878165365351971,0,0
1.4241106510162354,0.9888038635253906,3.069141387939453,0.5055761505238541,0.5034813304360773,0,0
1.4265064001083374,0.9860291481018066,3.069141387939453,0.5142770263663174,0.49912112843511414,0,0
1.4289023876190186,0.9832543730735779,3.069141387939453,0.48170004742530914,0.48935022868173156,0,0
1.4312983751296997,0.9804795384407043,3.069141387939453,0.50661499733649,0.4896624364963623,0,0
1.4336943626403809,0.9777048230171204,3.069141387939453,0.5063187908021115,0.5003942632752932,0,0
1.4360902309417725,0.9749299883842468,3.069141387939453,0.49623947480610636,0.5097738837139819,0,0
1.438485860824585,0.9721553921699524,3.069141387939453,0.5000715352922164,0.49266696836979973,0,0
1.4408817291259766,0.9693806767463684,3.069141387939453,0.5090278825209721,0.4900677277076791,0,0
1.4432777166366577,0.9666059613227844,3.069141387939453,0.49267830959919917,0.4951864055046002,0,0
1.4456738233566284,0.9638312458992004,3.069141387939453,0.4942843787990675,0.4969357306805233,0,0
1.44806969165802,0.9610564708709717,3.069141387939453,0.5107701043279597,0.5034490549513981,0,0
1.4504655599594116,0.9582816958427429,3.069141387939453,0.5011290642354849,0.5029659913206661,0,0
1.4528614282608032,0.9555069208145142,3.069141387939453,0.500790179530634,0.4999857782441687,0,0
1.4552574157714844,0.952732264995575,3.069141387939453,0.5023464944379021,0.5049450983436312,-1,-1
1.4576531648635864,0.9499573707580566,3.069340944290161,0.5170813699746961,0.49531209742148175,0,0
1.460049033164978,0.9471830725669861,3.069988250732422,0.4999440085001608,0.5059987340133951,0,0
1.4624460935592651,0.9444108605384827,3.0712151527404785,0.507253619703651,0.4986728806696543,0,0
1.4648463726043701,0.9416441917419434,3.073082685470581,0.5078070048979632,0.49002399674727004,0,0
1.4672523736953735,0.9388875365257263,3.0756185054779053,0.4893556658452279,0.5025712206225046,0,0
1.4696664810180664,0.93614661693573,3.07882022857666,0.48978311707419364,0.5013829499937246,0,0
1.4720921516418457,0.9334285855293274,3.0826826095581055,0.5053544682160368,0.4925985573980222,0,0
1.4745330810546875,0.9307408332824707,3.087186098098755,0.4927136017427332,0.49895278398421655,0,0
1.4769917726516724,0.9280915856361389,3.0923197269439697,0.473128726572296,0.5041519166581395,0,0
1.479472041130066,0.9254896640777588,3.0980582237243652,0.5017950090091411,0.486892572048865,0,0
1.4819765090942383,0.922944188117981,3.1043787002563477,0.49714574566638287,0.46684682359138197,0,0
1.48450767993927,0.9204640984535217,3.1112663745880127,0.5205405809140572,0.4925191063923562,0,0
1.4870673418045044,0.9180580377578735,3.1186933517456055,0.5016895961531098,0.4798236280402311,0,0
1.4896568059921265,0.9157348275184631,3.126652240753174,0.5101383632760165,0.5013587831194695,0,0
1.4922765493392944,0.913503110408783,3.135117530822754,0.49321252704408897,0.5064516368086008,0,0
1.4949257373809814,0.911371111869812,-3.139113664627075,0.5165325497382572,0.5205344838754878,0,0
1.4976040124893188,0.9093475341796875,-3.1296756267547607,0.4904982349791114,0.5154903744488111,0,0
1.5003083944320679,0.9074400067329407,-3.119783401489258,0.5128052530930814,0.5002519192993119,0,0
1.5030360221862793,0.9056564569473267,-3.109434127807617,0.48915201499940847,0.5162531271328744,0,0
1.505783200263977,0.9040045142173767,-3.098642349243164,0.4739420018137907,0.4976925810507174,0,0
1.5085448026657104,0.9024910926818848,-3.087425947189331,0.5021857659053274,0.5034282245881827,0,0
1.5113149881362915,0.9011233448982239,-3.07576060295105,0.492772107214834,0.4984957239305003,0,0
1.5140867233276367,0.8999084234237671,-3.0636837482452393,0.5038405697892185,0.4872355230395195,0,0
1.5168527364730835,0.8988525867462158,-3.051201581954956,0.48532260916288056,0.504404570173964,0,0
1.5196053981781006,0.8979622721672058,-3.0383172035217285,0.4873414372803568,0.5050272930766515,0,0
1.5223363637924194,0.8972432613372803,-3.025059223175049,0.4977739293512865,0.5157620547960031,0,0
1.525038242340088,0.896700382232666,-3.0114173889160156,0.4882640912072014,0.5256317265311659,0,0
1.5277019739151,0.8963379859924316,-2.997408151626587,0.49755683249287,0.5063396397185995,0,0
1.5303183794021606,0.896158754825592,-2.983004331588745,0.49614365531959637,0.4841718400749538,0,0
1.5328783988952637,0.8961644768714905,-2.9682137966156006,0.4959720839317846,0.49613320255377596,0,0
1.5353724956512451,0.8963549137115479,-2.9530582427978516,0.49348511000314743,0.5070160153185385,0,0
1.5377898216247559,0.8967277407646179,-2.9375624656677246,0.4984341457927105,0.4924558471611883,0,0
1.5401194095611572,0.8972792029380798,-2.9217538833618164,0.5030691409680459,0.5043036275650036,0,0
1.5414530038833618,0.8979692459106445,-2.90409255027771,0.5155007408894133,0.5015409638057452,0,0
1.5414597988128662,0.898688018321991,-2.8848888874053955,0.4948902232181074,0.48646024003789845,0,0
1.5411745309829712,0.8995499014854431,-2.865232467651367,0.4971809081511715,0.5015989633472427,0,0
1.540604829788208,0.9005454182624817,-2.845128297805786,0.5020203040390618,0.49293971882707255,0,0
1.5397770404815674,0.9016640782356262,-2.8246424198150635,0.4991826221516964,0.5059454046575979,0,0
1.5387225151062012,0.9028928279876709,-2.80389142036438,0.5015982996351349,0.5035217824042669,0,0
1.53743577003479,0.90421462059021,-2.7828502655029297,0.5095874918870134,0.48461898211980703,0,0
1.5359513759613037,0.9056158065795898,-2.7615745067596436,0.5209139712827738,0.4869502157679222,0,0
1.5343464612960815,0.907084584236145,-2.7403085231781006,0.49378759106852915,0.5099224140548855,0,0
1.532569408416748,0.908596396446228,-2.718935251235962,0.5012803225979156,0.5042880650672996,0,0
1.5306169986724854,0.9101312756538391,-2.6974105834960938,0.4962175669619855,0.50153230495886,0,0
1.5284898281097412,0.911670982837677,-2.6757025718688965,0.490112029302328,0.5043516591428194,0,0
1.5261915922164917,0.9131972789764404,-2.653860092163086,0.5064181871270343,0.49016339156941674,0,0
1.5237284898757935,0.9146895408630371,-2.6319165229797363,0.5012965235533642,0.5234703233590143,0,0
1.5211044549942017,0.9161263108253479,-2.6098380088806152,0.5133595988701539,0.4927843953188931,0,0
1.5183252096176147,0.9174872636795044,-2.5875954627990723,0.49027921530898644,0.48722994809278464,0,0
1.5153981447219849,0.918752908706665,-2.565220832824707,0.5058353011092349,0.4822261905612755,0,0
1.5123342275619507,0.9199023246765137,-2.5427803993225098,0.5072792537603018,0.4958910574491587,0,0
1.5091466903686523,0.92091304063797,-2.520275592803955,0.4949397838596554,0.5126055789483824,0,0
1.5058486461639404,0.9217624664306641,-2.4976437091827393,0.4936788076505723,0.48828513270868934,0,0
1.5024560689926147,0.9224312901496887,-2.474872589111328,0.5042335201178484,0.49487910905553745,0,0
1.4989908933639526,0.9229019284248352,-2.452040672302246,0.49829078405940824,0.4962590015650961,0,0
1.4954776763916016,0.9231576323509216,-2.429147720336914,0.4799381398345343,0.5050765185407023,0,0
1.4919410943984985,0.9231846928596497,-2.406068801879883,0.48874278601387616,0.49898019167250973,0,0
1.4884060621261597,0.9229763746261597,-2.382758855819702,0.48981437778679715,0.49617891303215195,0,0
1.4849005937576294,0.9225325584411621,-2.3593437671661377,0.4882535647928043,0.48910190290593836,0,0
1.481453537940979,0.9218564033508301,-2.3358516693115234,0.4999994439332119,0.5020854388045304,0,0
1.4780908823013306,0.9209537506103516,-2.312162160873413,0.5193163698906993,0.5012304799043402,0,0
1.4748331308364868,0.9198357462882996,-2.2882723808288574,0.5033559596087744,0.4939536539261205,0,0
1.4717004299163818,0.9185197949409485,-2.264324426651001,0.49140071399765034,0.5024798598904413,0,0
1.4687108993530273,0.9170252680778503,-2.240354299545288,0.47570115468756013,0.4883908497690145,0,0
1.465881586074829,0.9153704047203064,-2.2162885665893555,0.5005545011699092,0.4938910269929403,0,0
1.463222861289978,0.9135724902153015,-2.192106008529663,0.4880993129451473,0.48395660839754573,0,0
1.4607428312301636,0.9116502404212952,-2.1678638458251953,0.50615881697062,0.4689832025300067,0,0
1.4584481716156006,0.9096234440803528,-2.143599033355713,0.49448986307749926,0.4926114602512949,0,0
1.4563462734222412,0.9075114130973816,-2.1193113327026367,0.5193637285933046,0.4927430312511186,0,0
1.4544458389282227,0.9053316712379456,-2.0949931144714355,0.5093956010131603,0.5046664529146212,0,0
1.4527544975280762,0.9031005501747131,-2.070650100708008,0.4912310134452381,0.4999401719563339,0,0
1.4512773752212524,0.9008360505104065,-2.0463104248046875,0.4800560138037052,0.5006420788887584,0,0
1.4500185251235962,0.8985589742660522,-2.0220136642456055,0.48676327052631146,0.5106061871579086,0,0
1.4489796161651611,0.8962936401367188,-1.9978047609329224,0.508375550768528,0.4876656287634226,0,0
1.448158860206604,0.8940660357475281,-1.9737175703048706,0.4619713896240422,0.48347489023313267,0,0
1.4475494623184204,0.8919030427932739,-1.9497790336608887,0.5160588102151,0.49110853312034747,0,0
1.4471391439437866,0.8898299336433411,-1.925999402999878,0.5060739431983728,0.504458097717576,0,0
1.446911096572876,0.8878690004348755,-1.902373194694519,0.5188071305783064,0.5058635408047472,0,0
1.4468456506729126,0.8860374093055725,-1.8788601160049438,0.49413882750250326,0.4783047938720566,0,0
1.446920394897461,0.8843458890914917,-1.8554530143737793,0.511414396071009,0.48670257280792284,0,0
1.4471135139465332,0.8828009963035583,-1.8321549892425537,0.5015324769854266,0.5004107162770679,0,0
1.4474023580551147,0.881406307220459,-1.8089666366577148,0.48962938245204835,0.4968050589383316,0,0
1.4477660655975342,0.8801620602607727,-1.7858972549438477,0.49346111434290435,0.49566250426666164,0,0
1.4481842517852783,0.8790659308433533,-1.762956976890564,0.5023857375048347,0.4820494699613005,0,0
1.448638916015625,0.8781132698059082,-1.7401554584503174,0.4909514649302366,0.4930091875893887,0,0
1.449113130569458,0.877297043800354,-1.7174962759017944,0.513311282385979,0.5072578202184338,0,0
1.4495927095413208,0.8766092658042908,-1.6949830055236816,0.5017066428944971,0.5015147345766346,0,0
1.4500668048858643,0.8760419487953186,-1.6726168394088745,0.5024648883731464,0.49840129491006674,0,0
1.4505270719528198,0.8755866289138794,-1.650410771369934,0.5095051234284844,0.503729846649262,0,0
1.4509671926498413,0.8752345442771912,-1.6283866167068481,0.5011559215322711,0.5034366288636196,0,0
1.4513821601867676,0.8749751448631287,-1.6065642833709717,0.5085993250882679,0.5137754962683496,0,0
1.4517673254013062,0.8747972249984741,-1.5849571228027344,0.49582574728775697,0.49980667419984626,0,0
1.4521185159683228,0.874687671661377,-1.5635751485824585,0.5021006929185716,0.5153057600373944,0,0
1.452433466911316,0.8746337890625,-1.5424249172210693,0.4882260462421504,0.5055055855805688,0,0
1.4527097940444946,0.874624490737915,-1.5215057134628296,0.4906577506782136,0.49658460877150096,0,0
1.4529459476470947,0.8746505379676819,-1.5008234977722168,0.5137656882797326,0.49531964478174306,0,0
1.4531395435333252,0.8747041821479797,-1.4803884029388428,0.505046232904253,0.5025339993470218,0,0
1.4532911777496338,0.8747790455818176,-1.4602105617523193,0.4931280863915978,0.496738446720021,0,0
1.453400731086731,0.874870240688324,-1.4402976036071777,0.5131313445070032,0.5061803763153574,0,0
1.4534705877304077,0.874973475933075,-1.4206535816192627,0.5159387996552524,0.5089535208081869,0,0
1.4535045623779297,0.8750854134559631,-1.4012870788574219,0.5053929949602499,0.4980383193345273,0,0
1.4535071849822998,0.8752032518386841,-1.3822119235992432,0.480627636376772,0.4992078863467267,0,0
1.4534831047058105,0.8753239512443542,-1.3634264469146729,0.4857252656418701,0.4999606697685115,0,0
1.45343816280365,0.8754446506500244,-1.344943642616272,0.5112431619910236,0.4876358150672127,0,0
1.4533768892288208,0.8755624294281006,-1.326768398284912,0.49669362627609914,0.48843284944478277,0,0
1.453304648399353,0.8756746053695679,-1.3089045286178589,0.5111972455363771,0.49907845454888644,0,0
1.4532262086868286,0.875778317451477,-1.2913540601730347,0.5147273984834205,0.4901164167346468,0,0
1.4531447887420654,0.8758711218833923,-1.2741197347640991,0.5142330024606974,0.5195414509392035,0,0
1.45306396484375,0.8759510517120361,-1.2572053670883179,0.4938391306507448,0.4954370905798605,0,0
1.4529858827590942,0.8760169148445129,-1.2406139373779297,0.5049128328426866,0.4944607234433463,0,0
1.452912449836731,0.8760673999786377,-1.2243531942367554,0.4932558051288853,0.4994740971498515,0,0
1.4528448581695557,0.8761024475097656,-1.2084192037582397,0.5060004992666246,0.48222675511780294,0,0
1.4527837038040161,0.8761222958564758,-1.1928210258483887,0.4984438107965523,0.49955916021329455,0,0
1.4527288675308228,0.8761276006698608,-1.1775600910186768,0.4892937438779034,0.5223748252315065,0,0
1.4526805877685547,0.8761199116706848,-1.162637710571289,0.5068358017048802,0.5057818565189938,0,0
1.4526385068893433,0.8761009573936462,-1.1480543613433838,0.5090324753277351,0.4890852136856911,0,0
1.4526020288467407,0.8760724663734436,-1.13381028175354,0.5085328795404682,0.5076587744861957,0,0
1.4525703191757202,0.8760368824005127,-1.119909405708313,0.5123294384377824,0.5012558348680413,0,0
1.4525429010391235,0.8759965896606445,-1.1063493490219116,0.49788879970265526,0.5006423837829856,0,0
1.4525192975997925,0.8759536743164062,-1.0931295156478882,0.5124246760083067,0.5003175020513565,0,0
1.4524987936019897,0.8759104013442993,-1.0802562236785889,0.5023637011849715,0.4829323519100828,0,0
1.4524807929992676,0.8758686780929565,-1.0677223205566406,0.4941313610467164,0.4796152317646666,0,0
1.4524644613265991,0.8758301138877869,-1.0555269718170166,0.48997538605520546,0.5124839827092708,0,0
1.452449917793274,0.8757960796356201,-1.0436716079711914,0.5125904574697178,0.5003483980969026,0,0
1.4524362087249756,0.8757678270339966,-1.0321557521820068,0.5079375062989014,0.5027543863591738,0,0
1.4524236917495728,0.8757453560829163,-1.0209741592407227,0.48216549171422857,0.5037557783907787,0,0
1.4524115324020386,0.8757297992706299,-1.010128140449524,0.49708125698727834,0.4985426327060729,0,0
1.4524000883102417,0.8757207989692688,-0.9996117353439331,0.5046527234823706,0.49411969956152035,0,0
1.4523890018463135,0.8757179379463196,-0.9894258975982666,0.5097652820464409,0.49459676278974773,0,0
1.452378273010254,0.875720739364624,-0.9795705676078796,0.5013151116000993,0.5045424864506832,0,0
1.452368140220642,0.8757285475730896,-0.9700394868850708,0.5055994172995598,0.4961548298028529,0,0
1.452358603477478,0.8757402896881104,-0.9608264565467834,0.50077466875246,0.49134284907292464,0,0
1.4523494243621826,0.875755250453949,-0.9519317746162415,0.49498930038770544,0.5015548753717053,0,0
1.452340841293335,0.87577223777771,-0.9433486461639404,0.48901522723508317,0.4930267302562534,0,0
1.452332854270935,0.8757904767990112,-0.9350759983062744,0.5147536703797182,0.4906131091168496,0,0
1.452325463294983,0.8758087158203125,-0.9271091222763062,0.504568175290586,0.49608705858125135,0,0
1.4523183107376099,0.8758262395858765,-0.9194472432136536,0.4836058281362531,0.48324874833972975,0,0
1.4523119926452637,0.8758424520492554,-0.9120782017707825,0.5076320269836044,0.492549287263007,0,0
1.4523061513900757,0.8758566379547119,-0.9050020575523376,0.5068363522161948,0.5226912260358234,0,0
1.4523006677627563,0.8758686184883118,-0.8982203006744385,0.49816139206861204,0.506003564033394,0,0
1.452295184135437,0.8758758902549744,-0.8917275667190552,0.4954984835510917,0.48686233947777213,0,0
1.4522888660430908,0.8758713006973267,-0.8855167031288147,0.5011784079689943,0.4971192620970469,0,0
1.4522801637649536,0.8758437633514404,-0.8795791864395142,0.49343087927673907,0.4871410417604957,0,0
1.452266812324524,0.8757779598236084,-0.8739045858383179,0.5144453714419728,0.4942180800564728,0,0
1.4522470235824585,0.8756558895111084,-0.868482768535614,0.5017480683136981,0.5026537531883561,0,0
1.4522182941436768,0.8754591345787048,-0.8632749319076538,0.5030129954514893,0.4910241333831038,0,0
1.452177882194519,0.8751698136329651,-0.8582910299301147,0.5033302390967459,0.4937603106298974,0,0
1.4521214962005615,0.8747697472572327,-0.8535575866699219,0.505853557173524,0.508300401022896,0,0
1.4520466327667236,0.8742426037788391,-0.8490533828735352,0.48604978741853355,0.48945093433478454,0,0
1.4519517421722412,0.8735747933387756,-0.8447338342666626,0.5326214471455138,0.5101018798657778,0,0
1.4518355131149292,0.8727575540542603,-0.840602457523346,0.49122653542358197,0.49687800719559905,0,0
1.4516966342926025,0.8717851638793945,-0.8366581797599792,0.5015792589696222,0.4902624502655049,0,0
1.451534628868103,0.870654821395874,-0.83289635181427,0.4921729480490408,0.4936838586405126,0,0
1.4513503313064575,0.8693665266036987,-0.8293039798736572,0.47504069160182033,0.5116145445758554,0,0
1.4511456489562988,0.8679220080375671,-0.8258817791938782,0.506071208595713,0.5107625338832327,0,0
1.4509224891662598,0.8663249611854553,-0.8226114511489868,0.516053466959536,0.4795464023559195,0,0
1.4506832361221313,0.8645797967910767,-0.8194940686225891,0.49993479031005766,0.49113137640309934,0,0
1.4504300355911255,0.8626919388771057,-0.8165126442909241,0.5096249832276781,0.5073257247816992,0,0
1.450164794921875,0.8606682419776917,-0.8136726021766663,0.5010690843373659,0.512052511804726,0,0
1.4498895406723022,0.8585159182548523,-0.8109736442565918,0.5016983659492568,0.49054477176334704,0,0
1.44960618019104,0.8562439680099487,-0.8084171414375305,0.4912866610914087,0.49383403033784634,0,0
1.4493169784545898,0.8538618683815002,-0.80599445104599,0.5047506097084822,0.5044509484008983,0,0
1.44902503490448,0.8513786196708679,-0.8036839962005615,0.5082731581592089,0.5111267756531963,0,0
1.4487332105636597,0.8488032817840576,-0.8014798164367676,0.48093418924694237,0.5017234297057412,0,0
1.4484455585479736,0.8461430668830872,-0.7993724942207336,0.4906148403339247,0.49159688976028243,0,0
1.4481663703918457,0.8434046506881714,-0.7973568439483643,0.5153111772683817,0.503934652161627,0,0
1.447898507118225,0.8405933976173401,-0.7954230308532715,0.5143812069809025,0.4925990728008783,0,0
1.447644591331482,0.8377138376235962,-0.7935623526573181,0.4837067234607768,0.5036659959213653,0,0
1.4474060535430908,0.8347695469856262,-0.7917753458023071,0.5035184211710507,0.5051906061313789,0,0
1.4471826553344727,0.8317641615867615,-0.7900720834732056,0.5251065630398153,0.49675409052830805,0,0
1.4469741582870483,0.8287013173103333,-0.7884485721588135,0.5004504111619609,0.49370996058320155,0,0
1.4467804431915283,0.8255848288536072,-0.7869027853012085,0.4977293082979538,0.5163117150425555,0,0
1.4466004371643066,0.8224191069602966,-0.7854334712028503,0.49943588105812503,0.49938793799093234,0,0
1.4464342594146729,0.8192083835601807,-0.7840326428413391,0.5006063482074177,0.509656618943807,0,0
1.446280837059021,0.8159565925598145,-0.7826884984970093,0.4850681961155901,0.4975389201768511,0,0
1.4461405277252197,0.8126671314239502,-0.7813950777053833,0.48109491569519836,0.5034836302882969,0,0
1.4460129737854004,0.8093426823616028,-0.7801550030708313,0.49289510037237844,0.508047403133372,0,0
1.4458973407745361,0.8059854507446289,-0.7789680361747742,0.4939401159711625,0.5062762785007335,0,0
1.4457929134368896,0.8025980591773987,-0.777833104133606,0.5113469295979768,0.4988121805682931,0,0
1.4456987380981445,0.7991827726364136,-0.7767544388771057,0.4980443496391453,0.4893743125304235,0,0
1.4456133842468262,0.7957421541213989,-0.7757292985916138,0.5019891606259052,0.5100040302168872,0,0
1.4455361366271973,0.7922789454460144,-0.774752676486969,0.504780870121024,0.5065727654629122,0,0
1.44546639919281,0.7887957096099854,-0.7738228440284729,0.5023504894174416,0.5051523152287232,0,0
1.445404052734375,0.7852948307991028,-0.7729272246360779,0.4979102495778284,0.5058742462342006,0,0
1.4453489780426025,0.7817782163619995,-0.7720736265182495,0.5176526450337574,0.4974933515796016,0,0
1.4453009366989136,0.7782474160194397,-0.7712551355361938,0.49415315620757405,0.5108931813637249,0,0
1.4452602863311768,0.7747036218643188,-0.7704689502716064,0.5030078645781508,0.4882061824813229,0,0
1.4452266693115234,0.7711480259895325,-0.769718587398529,0.5045523394092986,0.4998739913175654,0,0
1.4451996088027954,0.7675815224647522,-0.7690015435218811,0.48760848032880455,0.5125248304391637,0,0
1.4451791048049927,0.7640050649642944,-0.7683199048042297,0.5010512408786834,0.4979242793729752,0,0
1.4451640844345093,0.7604197859764099,-0.767667829990387,0.4920002825182407,0.5017004052644068,0,0
1.4451545476913452,0.756826639175415,-0.7670435905456543,0.49342367159469347,0.49056885512356524,0,0
1.4451502561569214,0.7532262802124023,-0.7664469480514526,0.5109831720974866,0.48201652624035407,0,0
1.4451513290405273,0.7496196627616882,-0.7658783793449402,0.5083734055245066,0.4976868448981745,0,0
1.4451574087142944,0.7460070848464966,-0.7653363347053528,0.5100098149929909,0.4859717302397292,0,0
1.4451680183410645,0.7423895597457886,-0.7648181915283203,0.5044890507908769,0.5107618635018196,0,0
1.445183277130127,0.7387669086456299,-0.7643247246742249,0.4973903777430228,0.49415910027314647,0,0
1.4452029466629028,0.7351399064064026,-0.7638505697250366,0.488040365590511,0.48924918129476846,0,0
1.4452264308929443,0.7315090894699097,-0.763399064540863,0.5055903821880448,0.5133023952176053,0,0
1.445253849029541,0.7278746366500854,-0.7629683613777161,0.5110009950582333,0.5154856603473853,0,0
1.4452849626541138,0.7242372035980225,-0.7625590562820435,0.5115037771698188,0.502523517043317,0,0
1.445319414138794,0.720596969127655,-0.7621639966964722,0.49409590746398185,0.5043218269242674,0,0
1.4453572034835815,0.716954231262207,-0.7617859244346619,0.4862826568105193,0.4770889898821226,0,0
1.4453984498977661,0.7133092284202576,-0.7614250779151917,0.488402576949724,0.5123581453108385,0,0
1.4454425573349,0.709662139415741,-0.7610824704170227,0.49066719343038145,0.49784410643841165,0,0
1.4454900026321411,0.7060131430625916,-0.7607524394989014,0.50109590941454,0.4973990713478043,0,0
1.4455398321151733,0.7023626565933228,-0.7604396939277649,0.49270228076992895,0.5098031396912518,0,0
1.4455924034118652,0.6987106800079346,-0.7601382732391357,0.504820857377654,0.5096568850139932,0,0
1.4456475973129272,0.6950573921203613,-0.7598538994789124,0.49833563268865755,0.5045913311123388,0,0
1.4457052946090698,0.6914030313491821,-0.7595804929733276,0.49149146130036453,0.5037331722940491,0,0
1.4457651376724243,0.687747597694397,-0.7593180537223816,0.4978640187971548,0.5088093119072465,0,0
1.445827603340149,0.6840912103652954,-0.7590678930282593,0.5102853449945746,0.5080680256223781,0,0
1.4458919763565063,0.6804340481758118,-0.7588308453559875,0.49579154494884614,0.5047119509174532,0,0
1.4459583759307861,0.6767760515213013,-0.7586044669151306,0.5036361344023229,0.5039590135640619,0,0
1.4460268020629883,0.6731175184249878,-0.7583907246589661,0.5045844595401934,0.5021071466766218,0,0
1.446097493171692,0.6694583296775818,-0.7581820487976074,0.5178335823753812,0.5051868357040386,0,0
1.4461698532104492,0.6657986640930176,-0.7579859495162964,0.5101555829006572,0.5006490326003746,0,0
1.4462440013885498,0.6621384620666504,-0.7577952146530151,0.5064689072148029,0.5013643637667592,0,0
1.4463200569152832,0.6584779024124146,-0.7576159238815308,0.490996363564671,0.5059538854240097,0,0
1.4463975429534912,0.6548169851303101,-0.757442831993103,0.5183226972935574,0.49073515381715993,0,0
1.4464765787124634,0.6511557698249817,-0.7572812438011169,0.4992027209288882,0.49349544563048936,0,0
1.4465572834014893,0.6474941968917847,-0.7571257948875427,0.4906914426873735,0.49970979900354356,0,0
1.4466391801834106,0.6438323259353638,-0.7569765448570251,0.5046334633451295,0.48470954203621125,0,0
1.4467227458953857,0.6401703357696533,-0.7568336129188538,0.5107179900351819,0.5069640004909358,0,0
1.4468077421188354,0.6365081667900085,-0.7566954493522644,0.502010642682889,0.5020308934233921,0,0
1.4468936920166016,0.6328457593917847,-0.7565638422966003,0.507259370297335,0.5116599838857092,0,0
1.4469810724258423,0.6291832327842712,-0.7564384341239929,0.49233857015140203,0.4878635450935604,0,0
1.4470696449279785,0.6255205869674683,-0.7563192844390869,0.5037891631529715,0.49725561185675865,0,0
1.4471592903137207,0.621857762336731,-0.7562059760093689,0.4872176030664097,0.5098722107389896,0,0
1.4472501277923584,0.6181948781013489,-0.7560989856719971,0.4966928359478485,0.4996123569707251,0,0
1.4473419189453125,0.6145318746566772,-0.7559973001480103,0.49779185608707793,0.49862446614578704,0,0
1.447434902191162,0.6108687520027161,-0.755902111530304,0.5264540038508948,0.49771696705354335,0,0
1.4475287199020386,0.6072056889533997,-0.7558069229125977,0.49806925597706353,0.5011490725126051,0,0
1.4476234912872314,0.6035424470901489,-0.7557172179222107,0.49915331680528613,0.4969597377365054,0,0
1.4477189779281616,0.5998792052268982,-0.7556337714195251,0.5006031087185298,0.5055688755904078,0,0
1.4478155374526978,0.5962159633636475,-0.7555501461029053,0.5000349832550449,0.5012942604169286,0,0
1.4479130506515503,0.5925525426864624,-0.7554728388786316,0.5052464996651719,0.48971144948020573,0,0
1.448011040687561,0.5888891220092773,-0.7554008364677429,0.4886755241521117,0.5178063696200313,0,0
1.4481099843978882,0.5852257013320923,-0.7553289532661438,0.4965790408393632,0.4971303320217237,0,0
1.4482096433639526,0.5815622806549072,-0.7552627921104431,0.5035255318685498,0.4877042236448168,0,0
1.4483097791671753,0.5778988003730774,-0.7551963925361633,0.49944204129112735,0.49820836003887264,0,0
1.4484105110168457,0.5742353200912476,-0.7551368474960327,0.49627336067159533,0.518743673092929,0,0
1.448512077331543,0.570571780204773,-0.7550770044326782,0.5015300500968543,0.49392140498167897,0,0
1.4486143589019775,0.5669082403182983,-0.7550237774848938,0.49895210704714466,0.48629419155806425,0,0
1.4487172365188599,0.5632447004318237,-0.7549705505371094,0.4908095504329779,0.5083059968589307,0,0
1.4488204717636108,0.5595811605453491,-0.754923403263092,0.5075845379614549,0.48556269827086435,0,0
1.4489243030548096,0.5559176206588745,-0.7548762559890747,0.49052778151548243,0.5093068711826632,0,0
1.4490288496017456,0.5522540211677551,-0.7548292279243469,0.5078455885628905,0.5007631224895286,0,0
1.4491338729858398,0.5485904216766357,-0.7547867894172668,0.5002460938281921,0.4900603253244934,0,0
1.4492392539978027,0.5449268221855164,-0.7547442317008972,0.4968888100539041,0.4897532695942043,0,0
1.449345350265503,0.541263222694397,-0.7547017335891724,0.5098606028264617,0.48701412355081747,0,0
1.4494515657424927,0.5375995635986328,-0.7546659111976624,0.4993082540821767,0.5085973331398604,0,0
1.4495582580566406,0.5339359641075134,-0.754629909992218,0.48525913674199445,0.49593643168038876,0,0
1.4496653079986572,0.530272364616394,-0.7545940279960632,0.5051070117930736,0.5020442524547701,0,0
1.4497729539871216,0.5266088247299194,-0.754564106464386,0.49001406195590086,0.5057836869691789,0,0
1.4498809576034546,0.5229451060295105,-0.7545342445373535,0.5002649432748204,0.5144611361947196,0,0
1.4499891996383667,0.5192815065383911,-0.7545043230056763,0.49913806932655375,0.490410115139971,0,0
1.4500977993011475,0.5156179070472717,-0.7544744610786438,0.5017576616105516,0.5206801432871871,0,0
1.4502067565917969,0.5119543671607971,-0.7544506192207336,0.4904704623363902,0.4982911023062489,0,0
1.450316071510315,0.5082908868789673,-0.7544269561767578,0.5083852351369488,0.4882099890034289,0,0
1.450425624847412,0.5046271681785583,-0.7544031739234924,0.5186882097066116,0.5172717186242495,0,0
1.4505354166030884,0.500963568687439,-0.7543793320655823,0.49775005754771856,0.5002960853352936,0,0
1.450645089149475,0.4972999393939972,-0.7543554306030273,0.49060912619742975,0.4994761027234148,0,0
1.45075523853302,0.4936363399028778,-0.7543383240699768,0.4885031492455244,0.5103247341143411,0,0
1.4508657455444336,0.4899728000164032,-0.7543209195137024,0.5107038625988319,0.481559306638724,0,0
1.4509767293930054,0.4863092005252838,-0.7543036937713623,0.5008853929696995,0.49577477032585177,0,0
1.4510877132415771,0.48264560103416443,-0.754286527633667,0.5118145779162143,0.4810448135388058,0,0
1.451198935508728,0.4789820611476898,-0.7542691230773926,0.4898818403252951,0.5002540899438966,0,0
1.4513105154037476,0.47531846165657043,-0.7542518973350525,0.4929553146053562,0.5159015619092328,0,0
1.451422095298767,0.47165489196777344,-0.7542347311973572,0.48246984128106846,0.5041104577580168,0,0
1.4515340328216553,0.46799126267433167,-0.7542224526405334,0.4898935221289348,0.49263645803459294,0,0
1.4516456127166748,0.4643276631832123,-0.754210352897644,0.4977303584574416,0.5146464964610931,0,0
1.4517580270767212,0.4606640636920929,-0.7541982531547546,0.49788763167606975,0.5113184917746688,0,0
1.4518704414367676,0.4570005238056183,-0.7541861534118652,0.504945844603037,0.501512888486193,0,0
1.451982855796814,0.4533369541168213,-0.7541738748550415,0.49001297900227797,0.49550817703807504,0,0
1.452095627784729,0.4496733844280243,-0.7541617751121521,0.5156604264149358,0.49611858531576397,0,0
1.452208161354065,0.4460098147392273,-0.7541497349739075,0.5085788155023854,0.48689414587978225,0,0
1.452321171760559,0.4423462152481079,-0.7541375756263733,0.49248981315625123,0.49086014707200054,0,0
1.4524341821670532,0.4386826455593109,-0.7541252970695496,0.49745333063847313,0.4987591923144396,0,0
1.452547311782837,0.43501904606819153,-0.754119336605072,0.5056234558669536,0.4802143995994248,0,0
1.4526609182357788,0.43135547637939453,-0.7541132569313049,0.5070041495588882,0.5202964373041208,0,0
1.4527740478515625,0.4276919364929199,-0.7541071772575378,0.49167882313873984,0.48894280174479643,0,0
1.4528876543045044,0.42402833700180054,-0.7541011571884155,0.5133227323251025,0.4964622933238172,0,0
1.4530011415481567,0.4203648269176483,-0.7540950775146484,0.5043165927960879,0.5008674260768878,0,0
1.453114628791809,0.41670122742652893,-0.7540889382362366,0.496918935166565,0.5067318734238332,0,0
1.4532285928726196,0.41303762793540955,-0.754082977771759,0.512289756565666,0.5005737655949701,0,0
1.453342318534851,0.40937408804893494,-0.7540768384933472,0.5025881072575251,0.4792836276398817,0,0
1.4534564018249512,0.40571045875549316,-0.7540709376335144,0.5160664382250029,0.5045868822327695,0,0
1.4535704851150513,0.40204694867134094,-0.7540647983551025,0.5042020600693196,0.5062669720166121,0,0
1.4536848068237305,0.39838331937789917,-0.7540586590766907,0.5063091042890223,0.5031205070334479,0,0
1.4537986516952515,0.3947197198867798,-0.7540526986122131,0.47652777012756076,0.5076105019225587,0,0
1.4539132118225098,0.3910561800003052,-0.7540465593338013,0.48510829167096936,0.4950255328408593,0,0
1.4540274143218994,0.3873925507068634,-0.7540404200553894,0.5023233031601158,0.5001167749805581,0,0
1.4541414976119995,0.3837290108203888,-0.7540344595909119,0.49970843498502115,0.49701776034629164,0,0
1.4542558193206787,0.3800654709339142,-0.7540344595909119,0.5206727911690692,0.5098802822611402,0,0
1.4543702602386475,0.3764018714427948,-0.7540344595909119,0.49496830753752313,0.5032233898484353,0,0
1.4544845819473267,0.3727382719516754,-0.7540344595909119,0.4956479708043144,0.4976898956527794,0,0
1.4545992612838745,0.3690747320652008,-0.7540344595909119,0.489049835878673,0.5107006018092191,0,0
1.4547137022018433,0.3654111623764038,-0.7540344595909119,0.505374438407737,0.5079203257032398,0,0
1.4548285007476807,0.36174753308296204,-0.7540344595909119,0.5026568937726804,0.49995360105525544,0,0
1.454943060874939,0.35808393359184265,-0.7540344595909119,0.5151269589169356,0.5045906942056468,0,0
1.4550575017929077,0.35442039370536804,-0.7540344595909119,0.4903545735034738,0.49050754084861437,0,0
1.4551725387573242,0.35075679421424866,-0.7540344595909119,0.4834256407034452,0.4992861356928224,0,0
1.4552873373031616,0.34709322452545166,-0.7540344595909119,0.4979753492406085,0.4908241045783099,0,0
1.455402135848999,0.34342965483665466,-0.7540344595909119,0.5103368419405341,0.4898595367462415,0,0
1.4555171728134155,0.3397659957408905,-0.7540344595909119,0.5003457768832592,0.50200411910745,0,0
1.4556320905685425,0.3361024260520935,-0.7540344595909119,0.492787307866122,0.4975724381518574,0,0
1.4557470083236694,0.3324388563632965,-0.7540344595909119,0.5177998496035517,0.5210774652124538,0,0
1.455862283706665,0.32877522706985474,-0.7540344595909119,0.5044977423835088,0.49495477870593024,0,0
1.455977439880371,0.3251115679740906,-0.7540344595909119,0.5093328206464371,0.5030108088029622,0,0
1.4560924768447876,0.3214479982852936,-0.7540344595909119,0.4813078480873352,0.5142045457648344,0,0
1.4562076330184937,0.3177844285964966,-0.7540344595909119,0.49715400787702757,0.5163463621956207,0,0
1.4563230276107788,0.3141208291053772,-0.7540344595909119,0.5065697048548029,0.4955779977577641,0,0
1.4564381837844849,0.3104571998119354,-0.7540344595909119,0.47603113509774075,0.47808062495428816,0,0
1.4565534591674805,0.3067936301231384,-0.7540344595909119,0.5082073207653556,0.496651371246713,0,0
1.4566690921783447,0.30313006043434143,-0.7540344595909119,0.5015402768016288,0.48122132563018094,0,0
1.4567846059799194,0.29946640133857727,-0.7540344595909119,0.5048723086300108,0.5097363009663537,0,0
1.4569000005722046,0.2958027720451355,-0.7540344595909119,0.4937179807365572,0.5127562798526293,0,0
1.4570155143737793,0.2921392023563385,-0.7540344595909119,0.5216942080370269,0.5133287739250211,0,0
1.4571315050125122,0.2884756326675415,-0.7540344595909119,0.48975763147934714,0.5206099470442407,0,0
1.457247018814087,0.28481200337409973,-0.7540344595909119,0.5002069904675444,0.4995052093435065,0,0
1.4573626518249512,0.28114837408065796,-0.7540344595909119,0.47730131470610193,0.49269312952056715,0,0
1.4574785232543945,0.27748480439186096,-0.7540344595909119,0.4838303208367518,0.49545164930711544,0,0
1.457594633102417,0.27382123470306396,-0.7540344595909119,0.5171908854655237,0.4902391814228795,0,0
1.4577105045318604,0.2701575756072998,-0.7540344595909119,0.49665688805219377,0.49562619262590357,0,0
1.4578261375427246,0.2664939761161804,-0.7540344595909119,0.5113128520809054,0.5024334882605259,0,0
1.4579421281814575,0.2628304362297058,-0.7540344595909119,0.4902557946750392,0.48891992379615057,0,0
1.4580583572387695,0.2591668367385864,-0.7540344595909119,0.4970482638230261,0.5113242124468134,0,0
1.4581743478775024,0.25550317764282227,-0.7540344595909119,0.5026864329016063,0.49079337080479096,0,0
1.4582901000976562,0.25183960795402527,-0.7540344595909119,0.49623564481105487,0.49603989754034866,0,0
1.4584062099456787,0.24817603826522827,-0.7540344595909119,0.512374696519027,0.49771200115353953,0,0
1.4585225582122803,0.2445124238729477,-0.7540344595909119,0.5242214824927337,0.5041628821036391,0,0
1.4586386680603027,0.24084876477718353,-0.7540344595909119,0.5138470938790756,0.506208282386033,0,0
1.4587547779083252,0.23718519508838654,-0.7540344595909119,0.515166834278539,0.4925205140159144,0,0
1.4588710069656372,0.23352161049842834,-0.7540344595909119,0.4935570879519351,0.4841849231650872,0,0
1.4589875936508179,0.22985799610614777,-0.7540344595909119,0.4943800385307141,0.4910903689016064,0,0
1.4591038227081299,0.2261943370103836,-0.7540344595909119,0.5023842553516239,0.5082240591795055,0,0
1.4592199325561523,0.22253075242042542,-0.7540344595909119,0.4809240681933013,0.5092613999998129,0,0
1.459336280822754,0.21886715292930603,-0.7540344595909119,0.5128988735109038,0.4889859975977397,0,0
1.459452748298645,0.21520352363586426,-0.7540344595909119,0.4915809802366846,0.4923735207392603,0,0
1.4595696926116943,0.2115398645401001,-0.7540344595909119,0.5126315156492115,0.4931449163024685,0,0
1.4596863985061646,0.2078762650489807,-0.7540344595909119,0.5104736936276,0.5023479846504497,0,0
1.4598027467727661,0.20421268045902252,-0.7540344595909119,0.4970457370748638,0.4905378972935924,0,0
1.4599194526672363,0.20054905116558075,-0.7540344595909119,0.49023283076114654,0.49409392774723837,0,0
1.4600361585617065,0.19688540697097778,-0.7540344595909119,0.4914058397555702,0.48527512147716645,0,0
1.4601531028747559,0.1932218074798584,-0.7540344595909119,0.5101175449855948,0.48984403626642614,0,0
1.4602700471878052,0.189558207988739,-0.7540344595909119,0.5014294063108565,0.5021197140254818,0,0
1.460386872291565,0.18589460849761963,-0.7540344595909119,0.5088535046869305,0.48797988333000475,0,0
1.4605036973953247,0.18223097920417786,-0.7540344595909119,0.49752438745471456,0.4884062162383361,0,0
1.4606205224990845,0.17856737971305847,-0.7540344595909119,0.500331393972977,0.524657970204717,0,0
1.4607374668121338,0.1749037653207779,-0.7540344595909119,0.4871134630393118,0.5016635378231188,0,0
1.4608547687530518,0.1712401658296585,-0.7540344595909119,0.5022613187137389,0.49085659576354185,0,0
1.4609718322753906,0.16757655143737793,-0.7540344595909119,0.5063763441882977,0.5019495439289443,0,0
1.46108877658844,0.16391292214393616,-0.7540344595909119,0.4916230061323123,0.4766582960105092,0,0
1.4612057209014893,0.16024930775165558,-0.7540344595909119,0.5008548383638448,0.49931513938272887,0,0
1.4613229036331177,0.1565856784582138,-0.7540344595909119,0.49892601539680953,0.5028675155703471,0,0
1.4614399671554565,0.15292207896709442,-0.7540344595909119,0.49828678168806745,0.4919420571821009,0,0
1.4615575075149536,0.14925844967365265,-0.7540344595909119,0.49807726503840116,0.5079048450200341,0,0
1.4616749286651611,0.14559483528137207,-0.7540344595909119,0.49509324058394516,0.48737073956441523,0,0
1.4617923498153687,0.1419312208890915,-0.7540344595909119,0.4996515639802115,0.5056861970627515,0,0
1.461909532546997,0.1382676064968109,-0.7540344595909119,0.49530380207476943,0.5036470789022295,0,0
1.4620270729064941,0.13460399210453033,-0.7540344595909119,0.482180769202642,0.49120420027721806,0,0
1.4621444940567017,0.13094037771224976,-0.7540344595909119,0.5035007045531424,0.5027481914969791,0,0
1.4622619152069092,0.12727676331996918,-0.7540344595909119,0.49729762427811564,0.5031344337863656,0,0
1.4623795747756958,0.123613141477108,-0.7540344595909119,0.5021233981014206,0.4740668255107421,0,0
1.462497353553772,0.11994951218366623,-0.7540344595909119,0.5182996155929652,0.5127356169654806,0,0
1.4626151323318481,0.11628589779138565,-0.7540344595909119,0.5030834439849793,0.5008236018743386,0,0
1.4627327919006348,0.11262226104736328,-0.7540344595909119,0.49583443984151765,0.4994886227455753,0,0
1.4628504514694214,0.1089586541056633,-0.7540344595909119,0.5064303007298391,0.48309052928277363,0,0
1.4629679918289185,0.10529501736164093,-0.7540344595909119,0.5013154049527941,0.48433155696299135,0,0
1.4630855321884155,0.10163141787052155,-0.7540344595909119,0.4892648823083531,0.4985107346553077,0,0
1.4632033109664917,0.09796776622533798,-0.7540344595909119,0.49413084550146225,0.506662374890403,0,0
1.4633208513259888,0.094304159283638,-0.7540344595909119,0.48958329537026535,0.5081872495688489,0,0
1.4634387493133545,0.09064050763845444,-0.7540344595909119,0.4915099535679731,0.5021544771707361,0,0
1.4635566473007202,0.08697687089443207,-0.7540344595909119,0.508391348076811,0.48856199100790537,0,0
1.4636744260787964,0.0833132192492485,-0.7540344595909119,0.5101520488426345,0.5016684536666108,0,0
1.4637919664382935,0.07964957505464554,-0.7540344595909119,0.4746883118419393,0.4942103497756464,0,0
1.46390962600708,0.07598592340946198,-0.7540344595909119,0.4869551250199935,0.5037002401855432,0,0
1.4640274047851562,0.07232227176427841,-0.7540344595909119,0.5009859760143317,0.49715852375832503,0,0
1.4641449451446533,0.06865862011909485,-0.7540344595909119,0.49787849271082485,0.4951924663450741,0,0
1.4642627239227295,0.06499496102333069,-0.7540344595909119,0.5027139360062172,0.493206024891645,0,0
1.4643803834915161,0.06133129447698593,-0.7540344595909119,0.47745422299947815,0.5039116671986849,0,0
1.4644981622695923,0.05766763165593147,-0.7540344595909119,0.5028583688364914,0.5124772822643596,0,0
1.4646157026290894,0.054003965109586716,-0.7540344595909119,0.4983955155011514,0.4823749096205374,0,0
1.4647331237792969,0.05034029111266136,-0.7540344595909119,0.48239708976881585,0.5204494749997822,0,0
1.4648505449295044,0.04667661339044571,-0.7540344595909119,0.5083919123762644,0.4942325211025018,0,0
1.464967966079712,0.043012939393520355,-0.7540344595909119,0.4850300192998299,0.5080293445288872,0,0
1.4650853872299194,0.039349265396595,-0.7540344595909119,0.5089835531488897,0.4984430292420726,0,0
1.465202808380127,0.03568558767437935,-0.7540344595909119,0.5041455036984149,0.5133224050013467,0,0
1.4653202295303345,0.0320219025015831,-0.7540344595909119,0.499686549291484,0.5084702394841415,0,0
1.4654380083084106,0.02835821360349655,-0.7540344595909119,0.5060075777341082,0.49743858215296205,0,0
1.4655556678771973,0.024694524705410004,-0.7540344595909119,0.516647394961049,0.4937414203470503,0,0
1.4656730890274048,0.021030830219388008,-0.7540344595909119,0.49453562127208256,0.4949549178439901,0,0
1.4657905101776123,0.017367132008075714,-0.7540344595909119,0.4984510967670497,0.49395069611067516,0,0
1.465908169746399,0.013703431934118271,-0.7540344595909119,0.5002402481067277,0.49811943500746897,0,0
1.466025710105896,0.010039731860160828,-0.7540344595909119,0.4928733926486382,0.5007633872767283,0,0
1.4661431312561035,0.006376026198267937,-0.7540344595909119,0.4867100410072545,0.5135557814482916,0,0
1.4662606716156006,0.002712319837883115,-0.7540344595909119,0.5064339943372879,0.5159323211173025,0,0
1.4663783311843872,-0.0009513915283605456,-0.7540344595909119,0.5134605702587884,0.5122666526293257,0,0
1.4664957523345947,-0.004615104291588068,-0.7540344595909119,0.4888741409536307,0.5248777390984455,0,0
1.4666132926940918,-0.008278819732367992,-0.7540344595909119,0.49589106081045087,0.5048893554414786,0,0
1.4667305946350098,-0.011942541226744652,-0.7540344595909119,0.50627885158264,0.501285998762924,0,0
1.4668480157852173,-0.015606259927153587,-0.7540344595909119,0.5103455272444007,0.5127708491705666,0,0
1.4669654369354248,-0.01926998421549797,-0.7540344595909119,0.4845398947043785,0.5064339875046514,0,0
1.4670827388763428,-0.022933708503842354,-0.7540344595909119,0.5091155959504925,0.49780841526174313,0,0
1.4672003984451294,-0.026597442105412483,-0.7540344595909119,0.50155595267789,0.49310087487101895,0,0
1.4673179388046265,-0.030261168256402016,-0.7540344595909119,0.5167698271502154,0.5121516591840741,0,0
1.467435359954834,-0.033924903720617294,-0.7540344595909119,0.4832978065676125,0.4835011075748417,0,0
1.4675527811050415,-0.037588637322187424,-0.7540344595909119,0.5057319297816047,0.48434508866872295,0,0
1.4676700830459595,-0.04125237837433815,-0.7540344595909119,0.494309222505864,0.49992699539057245,0,0
1.467787265777588,-0.04491612687706947,-0.7540344595909119,0.4854560546607714,0.5018593432782933,0,0
1.4679045677185059,-0.0485798716545105,-0.7540344595909119,0.5048108204423518,0.5047399919688333,0,0
1.4680222272872925,-0.05224362388253212,-0.7540344595909119,0.5110109375994614,0.4956230282867151,0,0
1.4681397676467896,-0.05590737238526344,-0.7540344595909119,0.49083259211344166,0.5038183288792294,0,0
1.468257188796997,-0.05957113206386566,-0.7540344595909119,0.5058848660790253,0.502145770027397,0,0
1.4683743715286255,-0.06323488056659698,-0.7540344595909119,0.4840289501886654,0.492015133724361,0,0
1.4684916734695435,-0.06689862906932831,-0.7540344595909119,0.5260995782000134,0.5007221049486902,0,0
1.4686089754104614,-0.07056239247322083,-0.7540344595909119,0.4937863786350471,0.5260889863473073,0,0
1.468726396560669,-0.07422614842653275,-0.7540344595909119,0.5072585563087165,0.5139176395897221,0,0
1.4688435792922974,-0.07788991928100586,-0.7540344595909119,0.5037289196617182,0.5072715620490409,0,0
1.4689610004425049,-0.08155369013547897,-0.7540344595909119,0.500325118078751,0.5024302014392312,0,0
1.4690784215927124,-0.08521746844053268,-0.7540344595909119,0.49971990345822176,0.4985861780131985,0,0
1.4691954851150513,-0.08888125419616699,-0.7540344595909119,0.49361547214042834,0.5084659206595992,0,0
1.4693127870559692,-0.0925450325012207,-0.7540344595909119,0.4950186431485897,0.501963798151205,0,0
1.4694299697875977,-0.09620880335569382,-0.7540344595909119,0.5095318104648004,0.48842620265191883,0,0
1.469547152519226,-0.09987259656190872,-0.7540344595909119,0.49215376052592885,0.48782701970730424,0,0
1.4696648120880127,-0.10353638231754303,-0.7540344595909119,0.47720991450512734,0.4782571701276376,0,0
1.4697822332382202,-0.10720015317201614,-0.7540344595909119,0.5067056312727152,0.4886804291847869,0,0
1.4698996543884277,-0.11086395382881165,-0.7540344595909119,0.49746503284724136,0.5166743255081866,0,0
1.4700168371200562,-0.11452776938676834,-0.7540344595909119,0.5055913164165211,0.4868077563197361,0,0
1.4701340198516846,-0.11819154769182205,-0.7540344595909119,0.5026239085928574,0.4960264496136661,0,0
1.4702509641647339,-0.12185534834861755,-0.7540344595909119,0.5014147196018568,0.5021702238660548,0,0
1.4703680276870728,-0.12551915645599365,-0.7540344595909119,0.47840304217039303,0.47693798846879903,0,0
1.4704855680465698,-0.12918294966220856,-0.7540344595909119,0.5010893660993357,0.510419631076228,0,0
1.4706029891967773,-0.13284674286842346,-0.7540344595909119,0.5085325846372454,0.49768290995292347,0,0
1.4707199335098267,-0.13651055097579956,-0.7540344595909119,0.49375989154693106,0.4917689540372461,0,0
1.470836877822876,-0.14017435908317566,-0.7540344595909119,0.4733160483588337,0.512329703879331,0,0
1.4709539413452148,-0.14383815228939056,-0.7540344595909119,0.4728243743009072,0.49490869140137983,0,0
1.4710708856582642,-0.14750196039676666,-0.7540344595909119,0.49619654076923986,0.4973339720392713,0,0
1.4711881875991821,-0.15116581320762634,-0.7540344595909119,0.508744206783664,0.4842478712208288,0,0
1.4713056087493896,-0.15482965111732483,-0.7540344595909119,0.5061751092376056,0.49639550222343465,0,0
1.4714226722717285,-0.15849345922470093,-0.7540344595909119,0.521161889615016,0.495918995575882,0,0
1.4715396165847778,-0.16215728223323822,-0.7540344595909119,0.5081489953660043,0.4898752068357237,0,0
1.4716565608978271,-0.1658211201429367,-0.7540344595909119,0.5119552687657871,0.515697692236466,0,0
1.471773624420166,-0.1694849580526352,-0.7540344595909119,0.48573999070957924,0.49689069626796595,0,0
1.4718908071517944,-0.17314878106117249,-0.7540344595909119,0.504646657845368,0.5035997441318166,0,0
1.472008228302002,-0.17681261897087097,-0.7540344595909119,0.5197600040928068,0.506973048366427,0,0
1.4721254110336304,-0.18047648668289185,-0.7540344595909119,0.5023909863056134,0.49692066967337656,0,0
1.4722423553466797,-0.18414030969142914,-0.7540344595909119,0.4826619956602053,0.49929947300276056,0,0
1.4723594188690186,-0.18780414760112762,-0.7540344595909119,0.5023314025785641,0.4889725856775215,0,0
1.4724762439727783,-0.19146797060966492,-0.7540344595909119,0.5043118724839613,0.5066736751990202,0,0
1.4725934267044067,-0.1951317936182022,-0.7540344595909119,0.4913310775824415,0.5083219159434392,0,0
1.4727107286453247,-0.1987956315279007,-0.7540344595909119,0.4951189745905996,0.4913091546343573,0,0
1.4728280305862427,-0.20245951414108276,-0.7540344595909119,0.49704683171743114,0.5046580200206274,0,0
1.4729448556900024,-0.20612339675426483,-0.7540344595909119,0.4974240990028646,0.49946055753222124,0,0
1.4730618000030518,-0.2097872793674469,-0.7540344595909119,0.5016591682908078,0.49623928513289867,0,0
1.473178744316101,-0.21345113217830658,-0.7540344595909119,0.5128794555756963,0.4825714595147234,0,0
1.4732955694198608,-0.21711497008800507,-0.7540344595909119,0.49099518657786334,0.5129360528848298,0,0
1.4734129905700684,-0.22077880799770355,-0.7540344595909119,0.5000863757884286,0.4957407100784017,0,0
1.4735302925109863,-0.22444267570972443,-0.7540344595909119,0.4925104375113219,0.5055245291069163,0,0
1.4736472368240356,-0.2281065285205841,-0.7540344595909119,0.5148710039180365,0.5070128034686443,0,0
1.473764181137085,-0.23177039623260498,-0.7540344595909119,0.4913212444219469,0.5120395147970489,0,0
1.4738811254501343,-0.23543424904346466,-0.7540344595909119,0.5017229203577266,0.498796729651621,0,0
1.4739981889724731,-0.23909814655780792,-0.7540344595909119,0.5054118858505408,0.5175095076242088,0,0
1.4741153717041016,-0.24276205897331238,-0.7540344595909119,0.5302350133857722,0.5020949270293755,0,0
1.4742329120635986,-0.24642595648765564,-0.7540344595909119,0.5118588698758507,0.4897573702749709,0,0
1.4743499755859375,-0.2500898241996765,-0.7540344595909119,0.5067311980051599,0.5001439879959725,0,0
1.4744666814804077,-0.2537536919116974,-0.7540344595909119,0.5032306251894892,0.5123434971226287,0,0
1.4745835065841675,-0.25741755962371826,-0.7540344595909119,0.5036103426318179,0.5182338453273224,0,0
1.4747002124786377,-0.26108142733573914,-0.7540344595909119,0.5040992548202858,0.5041743537490209,0,0
1.4748172760009766,-0.26474529504776,-0.7540344595909119,0.4767889990680053,0.49329118363556057,0,0
1.474934697151184,-0.26840919256210327,-0.7540344595909119,0.4759675785375988,0.4800744138734354,0,0
1.4750516414642334,-0.27207309007644653,-0.7540344595909119,0.4812108840723008,0.507945852826516,0,0
1.4751683473587036,-0.2757369875907898,-0.7540344595909119,0.5152806271361268,0.5128091188307492,0,0
1.4752850532531738,-0.27940088510513306,-0.7540344595909119,0.48345567140670054,0.5162492064726276,0,0
1.475401759147644,-0.2830647826194763,-0.7540344595909119,0.4896544692766506,0.5094667255332006,0,0
1.4755191802978516,-0.2867286801338196,-0.7540344595909119,0.5026380582009723,0.5055209537782628,0,0
1.47563636302948,-0.29039260745048523,-0.7540344595909119,0.5065904624409844,0.5047644349156054,0,0
1.4757533073425293,-0.2940565049648285,-0.7540344595909119,0.4990487520289626,0.5036163774936242,0,0
1.4758700132369995,-0.29772040247917175,-0.7540344595909119,0.48728633425448803,0.4969744578824645,0,0
1.4759869575500488,-0.301384299993515,-0.7540344595909119,0.5080422952594249,0.5034786625488467,0,0
1.4761039018630981,-0.3050481975078583,-0.7540344595909119,0.4834958693830382,0.5041334516588674,0,0
1.4762210845947266,-0.30871209502220154,-0.7540344595909119,0.5048893332722881,0.4864978012254482,0,0
1.476338267326355,-0.3123759925365448,-0.7540344595909119,0.4990946987780403,0.4940262107729385,0,0
1.4764552116394043,-0.31603989005088806,-0.7540344595909119,0.4902146291375804,0.5123703966203927,0,0
1.4765721559524536,-0.3197038173675537,-0.7540344595909119,0.4944854736997108,0.5149810581542236,0,0
1.4766888618469238,-0.32336774468421936,-0.7540344595909119,0.5010609507174012,0.5016892859421305,0,0
1.4768056869506836,-0.3270316421985626,-0.7540344595909119,0.4917638512859053,0.493516907517329,0,0
1.4769227504730225,-0.3306955397129059,-0.7540344595909119,0.5078642281719504,0.4801295172751134,0,0
1.4770400524139404,-0.33435946702957153,-0.7540344595909119,0.507880939372984,0.49678954262471686,0,0
1.4771567583084106,-0.3380233943462372,-0.7540344595909119,0.5063210397460622,0.5008205926766847,0,0
1.4772735834121704,-0.34168729186058044,-0.7540344595909119,0.48549385031561704,0.5140971219917647,0,0
1.4773902893066406,-0.3453512191772461,-0.7540344595909119,0.5015053251090981,0.4807669986696144,0,0
1.47750723361969,-0.34901511669158936,-0.7540344595909119,0.505968644832888,0.5094780949822938,0,0
1.477624535560608,-0.352679044008255,-0.7540344595909119,0.5112305870231533,0.4906314656855363,0,0
1.4777414798736572,-0.35634294152259827,-0.7540344595909119,0.48870171844014776,0.49542385531775024,0,0
1.4778581857681274,-0.3600068688392639,-0.7540344595909119,0.4988455355479311,0.49801861943758724,0,0
1.4779750108718872,-0.36367085576057434,-0.7540344595909119,0.5032976425234416,0.4959302509994098,0,0
1.4780917167663574,-0.3673347532749176,-0.7540344595909119,0.5036300063668442,0.5080275773316226,0,0
1.4782085418701172,-0.37099868059158325,-0.7540344595909119,0.5105332377793116,0.5010812589457923,0,0
1.478325605392456,-0.3746626377105713,-0.7540344595909119,0.49589261878612795,0.49181254040514955,0,0
1.4784424304962158,-0.3783265948295593,-0.7540344595909119,0.4980132641416862,0.5213196274761285,0,0
1.478559136390686,-0.38199055194854736,-0.7540344595909119,0.5128916596466739,0.49978546647773514,0,0
1.4786757230758667,-0.3856545090675354,-0.7540344595909119,0.5059391714410438,0.4944394160501913,0,0
1.4787923097610474,-0.38931843638420105,-0.7540344595909119,0.509443168193823,0.5075513207513276,0,0
1.4789093732833862,-0.3929823935031891,-0.7540344595909119,0.48148822034861716,0.504844780385341,0,0
1.479026436805725,-0.39664632081985474,-0.7540344595909119,0.49527602329411835,0.5102865558879348,0,0
1.4791432619094849,-0.4003102779388428,-0.7540344595909119,0.5032035997950489,0.5014339736385507,0,0
1.4792598485946655,-0.4039742350578308,-0.7540344595909119,0.5004055428428994,0.4998101551318353,0,0
1.4793765544891357,-0.40763819217681885,-0.7540344595909119,0.4980229768910538,0.5049892969238697,0,0
1.479493260383606,-0.4113021492958069,-0.7540344595909119,0.5038665013879345,0.5032180382323361,0,0
1.4796104431152344,-0.4149661064147949,-0.7540344595909119,0.49340684141727575,0.49570277491904113,0,0
1.479727029800415,-0.41863006353378296,-0.7540344595909119,0.4906881615469895,0.5126734092419223,0,0
1.4798434972763062,-0.422294020652771,-0.7540344595909119,0.4926690998621305,0.49659624272914676,0,0
1.4799600839614868,-0.42595797777175903,-0.7540344595909119,0.4923675677956518,0.48710710391832657,0,0
1.480076551437378,-0.42962196469306946,-0.7540344595909119,0.5024263787923614,0.4978025138679518,0,0
1.4801936149597168,-0.4332859516143799,-0.7540344595909119,0.5096474389196208,0.5232676692818482,0,0
1.4803104400634766,-0.4369499385356903,-0.7540344595909119,0.49357710147407313,0.49094601604826754,0,0
1.4804269075393677,-0.44061386585235596,-0.7540344595909119,0.5144950682575423,0.49869159782529576,0,0
1.4805434942245483,-0.4442778527736664,-0.7540344595909119,0.5059132488797508,0.4939829498100656,0,0
1.480660080909729,-0.4479418396949768,-0.7540344595909119,0.5195498497577076,0.4918225973142031,0,0
1.4807771444320679,-0.45160582661628723,-0.7540344595909119,0.5053804158348408,0.5086172268508231,0,0
1.4808942079544067,-0.45526981353759766,-0.7540344595909119,0.495539442224365,0.5079396605134767,0,0
1.4810107946395874,-0.45893383026123047,-0.7540344595909119,0.5053660178411683,0.4899261146619549,0,0
1.481127381324768,-0.4625978171825409,-0.7540344595909119,0.5260152277869727,0.5109722836730367,0,0
1.4812439680099487,-0.4662618041038513,-0.7540344595909119,0.5042018947675124,0.4969482628210846,0,0
1.481360673904419,-0.46992579102516174,-0.7540344595909119,0.4812424376151296,0.49909795056828793,0,0
1.4814778566360474,-0.47358977794647217,-0.7540344595909119,0.5042623010777562,0.4956324986558721,0,0
1.481594443321228,-0.4772537648677826,-0.7540344595909119,0.5179225071743139,0.49672760275330347,0,0
1.4817109107971191,-0.480917751789093,-0.7540344595909119,0.5034563460667806,0.5072631090514351,0,0
1.4818276166915894,-0.48458173871040344,-0.7540344595909119,0.4935918086964831,0.5152666295234063,0,0
1.4819440841674805,-0.48824575543403625,-0.7540344595909119,0.780687881092805,0.5113871666935372,0,0
1.4820612668991089,-0.49190977215766907,-0.7540344595909119,0.7993422093741971,0.5006051131983591,0,0
1.482177972793579,-0.4955737888813019,-0.7540344595909119,0.809753601929688,0.4980028751793221,0,0
1.4822943210601807,-0.4992377758026123,-0.7540344595909119,0.7837949863965983,0.5012226043975074,0,0
1.4824109077453613,-0.5029017329216003,-0.7540344595909119,0.7871443259686415,0.4829550741909611,0,0
1.482527494430542,-0.5065657496452332,-0.7540344595909119,0.7947776869907183,0.4963504427643286,0,0
1.4826445579528809,-0.510229766368866,-0.7540344595909119,0.8029324351552798,0.49016673089247265,0,0
1.4827613830566406,-0.5138937830924988,-0.7540344595909119,0.795921507365535,0.5013916352480643,0,0
1.4828779697418213,-0.5175577998161316,-0.7540344595909119,0.8004309056364844,0.49891940738521096,0,0
1.4829943180084229,-0.5212218165397644,-0.7540344595909119,0.804954017091529,0.49248265557720794,0,0
1.4831109046936035,-0.5248858332633972,-0.7540344595909119,0.7538916153141247,0.5140236047855983,0,0
1.4832278490066528,-0.52854984998703,-0.7540344595909119,0.7657651469424993,0.5028351503107477,0,0
1.4833449125289917,-0.5322138667106628,-0.7540344595909119,0.7442802244387524,0.5172096040232967,0,0
1.4834612607955933,-0.5358778834342957,-0.7540344595909119,0.7602155467774774,0.5001275456569886,0,0
1.4835777282714844,-0.5395419001579285,-0.7540344595909119,0.7785275607666322,0.5144908615007481,0,0
1.483694076538086,-0.5432059168815613,-0.7540344595909119,0.7597567588234826,0.5060239238050995,0,0
1.4838106632232666,-0.5468699336051941,-0.7540344595909119,0.7656814095748797,0.5122612435971218,0,0
1.483927607536316,-0.5505339503288269,-0.7540344595909119,0.7612293049230188,0.49790043382975374,0,0
1.4840439558029175,-0.5541979670524597,-0.7540344595909119,0.7663797677566646,0.5021110312725463,0,0
1.4841604232788086,-0.5578619837760925,-0.7540344595909119,0.7531828739837927,0.5088590411001505,0,0
1.4842767715454102,-0.5615260004997253,-0.7540344595909119,0.7260941380800946,0.50854506980134,0,0
1.4843933582305908,-0.5651900172233582,-0.7540344595909119,0.7129375451517929,0.49718655806796797,0,0
1.4845103025436401,-0.568854033946991,-0.7540344595909119,0.7246499310298558,0.5137851988858697,0,0
1.4846266508102417,-0.5725180506706238,-0.7540344595909119,0.7153785176524087,0.5122413054887042,0,0
1.4847432374954224,-0.5761820673942566,-0.7540344595909119,0.7263043405379983,0.5082829530424208,0,0
1.484859824180603,-0.5798460841178894,-0.7540344595909119,0.7049498519877053,0.5186950780093791,0,0
1.4849764108657837,-0.5835101008415222,-0.7540344595909119,0.7120117341516582,0.5054478708169141,0,0
1.485093355178833,-0.587174117565155,-0.7540344595909119,0.7293672697034176,0.5142218207887504,0,0
1.4852098226547241,-0.5908381938934326,-0.7540344595909119,0.7345337393596441,0.49239292882860186,0,0
1.4853261709213257,-0.5945022702217102,-0.7540344595909119,0.732204730974538,0.5120817983678732,0,0
1.4854425191879272,-0.5981663465499878,-0.7540344595909119,0.6929988841142016,0.5187493512270306,0,0
1.485559105873108,-0.6018304228782654,-0.7540344595909119,0.7020141163302955,0.5213599864034685,0,0
1.4856760501861572,-0.605494499206543,-0.7540344595909119,0.6734241546907419,0.5028075404614012,0,0
1.4857925176620483,-0.6091585159301758,-0.7540344595909119,0.6967214750309665,0.495126464324651,0,0
1.4859087467193604,-0.6128225922584534,-0.7540344595909119,0.6711294909427881,0.5027977461909237,0,0
1.486025094985962,-0.616486668586731,-0.7540344595909119,0.679956915789068,0.49342282427232925,0,0
1.4861414432525635,-0.6201507449150085,-0.7540344595909119,0.6894200867470722,0.4919155655741662,0,0
1.4862583875656128,-0.6238148212432861,-0.7540344595909119,0.686858999442075,0.4985411504772711,0,0
1.4863747358322144,-0.6274789571762085,-0.7540344595909119,0.6941629450174703,0.498533138883913,0,0
1.486491084098816,-0.6311430335044861,-0.7540344595909119,0.704088023887899,0.5036334262559881,0,0
1.486607313156128,-0.6348071098327637,-0.7540344595909119,0.6349975274764668,0.7557879552546701,0,0
1.4867240190505981,-0.6384711861610413,-0.7540344595909119,0.6495081468380203,0.7646422829539552,0,0
1.4868406057357788,-0.6421352624893188,-0.7540344595909119,0.6539136432275773,0.761549308912918,0,0
1.4869569540023804,-0.6457993388175964,-0.7540344595909119,0.6383788529880099,0.7663705375652222,0,0
1.487073302268982,-0.6494634747505188,-0.7540344595909119,0.6579851088727077,0.7583384117686557,0,0
1.487189531326294,-0.6531275510787964,-0.7540344595909119,0.6618168176975464,0.767249843689733,0,0
1.4873062372207642,-0.656791627407074,-0.7540344595909119,0.6507383785858153,0.7741316880352858,0,0
1.4874228239059448,-0.6604557037353516,-0.7540344595909119,0.6428732302359793,0.7649051687385392,0,0
1.4875390529632568,-0.6641197800636292,-0.7540344595909119,0.6348995920270857,0.7652095688337884,0,0
1.4876554012298584,-0.6677838563919067,-0.7540344595909119,0.6569075665900905,0.7918772252858831,0,0
1.487771987915039,-0.6714479923248291,-0.7540344595909119,0.6207710703743825,0.71195925681541,0,0
1.4878888130187988,-0.6751120686531067,-0.7540344595909119,0.6189634546745054,0.7340213442125542,0,0
1.48800528049469,-0.678776204586029,-0.7540344595909119,0.6235886026404932,0.72948145795897,0,0
1.488121509552002,-0.6824402809143066,-0.7540344595909119,0.6056545695389287,0.7230111520704227,0,0
1.488237738609314,-0.6861043572425842,-0.7540344595909119,0.6215542598280035,0.7237876635377413,0,0
1.4883540868759155,-0.6897684335708618,-0.7540344595909119,0.6006850862676758,0.7209537981635448,0,0
1.4884709119796753,-0.6934325098991394,-0.7540344595909119,0.6109042292340382,0.7303592577930866,0,0
1.4885871410369873,-0.697096586227417,-0.7540344595909119,0.6175115697479696,0.7208012710569074,0,0
1.4887033700942993,-0.7007606625556946,-0.7540344595909119,0.6037662424467058,0.7365328072323937,0,0
1.4888195991516113,-0.7044247388839722,-0.7540344595909119,0.6062195039042801,0.7243841669091954,0,0
1.488936424255371,-0.7080888748168945,-0.7540344595909119,0.5874901192046935,0.6895306843326428,0,0
1.4890532493591309,-0.7117528915405273,-0.7540344595909119,0.5686256850004653,0.6900653862533824,0,0
1.4891693592071533,-0.7154170274734497,-0.7540344595909119,0.5867527839390012,0.6966825448066594,0,0
1.4892857074737549,-0.7190810441970825,-0.7540344595909119,0.5881129809436942,0.6893002857074886,0,0
1.4894018173217773,-0.7227451205253601,-0.7540344595909119,0.5748314440593476,0.7030609191146635,0,0
1.489518642425537,-0.7264091968536377,-0.7540344595909119,0.5830099170251682,0.691925784405923,0,0
1.4896348714828491,-0.7300733327865601,-0.7540344595909119,0.5757548292705486,0.6995390875443948,0,0
1.4897509813308716,-0.7337373495101929,-0.7540344595909119,0.5764948245553119,0.6840448412262168,0,0
1.489867091178894,-0.7374013662338257,-0.7540344595909119,0.57005640434314,0.6848535561159642,0,0
1.4899835586547852,-0.7410654425621033,-0.7540344595909119,0.5810446994775351,0.6955001030150499,0,0
1.4901002645492554,-0.7447295188903809,-0.7540344595909119,0.5388374825836225,0.653688941390297,0,0
1.490216612815857,-0.7483936548233032,-0.7540344595909119,0.5454097537034707,0.6618277970378599,0,0
1.4903327226638794,-0.7520577907562256,-0.7540344595909119,0.5297655000144985,0.6733756433228801,0,0
1.4904489517211914,-0.755721926689148,-0.7540344595909119,0.538287451467233,0.6594275382591256,0,0
1.4905657768249512,-0.7593860626220703,-0.7540344595909119,0.5289349882675332,0.6640226750968086,0,0
1.4906824827194214,-0.7630501985549927,-0.7540344595909119,0.5672101249081163,0.6685560562792865,0,0
1.490798830986023,-0.766714334487915,-0.7540344595909119,0.5467818957586359,0.642916236847297,0,0
1.4909149408340454,-0.7703784108161926,-0.7540344595909119,0.5387609000832078,0.652754018108526,0,0
1.4910311698913574,-0.774042546749115,-0.7540344595909119,0.5231747978116875,0.6567422762922608,0,0
1.4911479949951172,-0.7777066826820374,-0.7540344595909119,0.5436737049618995,0.6588329894556411,0,0
1.4912643432617188,-0.7813708186149597,-0.7540344595909119,0.4965865763577736,0.6104539591925223,0,0
1.4913804531097412,-0.7850349545478821,-0.7540344595909119,0.4901765446527885,0.6304399177674797,0,0
1.4914965629577637,-0.7886990904808044,-0.7540344595909119,0.4964727419376894,0.6243067164276778,0,0
1.4916129112243652,-0.7923632264137268,-0.7540344595909119,0.5078054815306466,0.6052878937564434,0,0
1.491729497909546,-0.7960273623466492,-0.7540344595909119,0.5095302482211199,0.6183682363134151,0,0
1.4918456077575684,-0.7996914982795715,-0.7540344595909119,0.48429554381742546,0.6153877827098218,0,0
1.4919618368148804,-0.8033556342124939,-0.7540344595909119,0.4882991582072717,0.611760294616777,0,0
1.492078185081482,-0.8070197701454163,-0.7540344595909119,0.4994981782776998,0.6064978506947931,0,0
1.4921948909759521,-0.8106839060783386,-0.7540344595909119,0.49585338314288563,0.623808659873014,0,0
1.4923115968704224,-0.814348042011261,-0.7540344595909119,0.49299574196245377,0.6066786057712457,0,0
1.492427945137024,-0.8180121779441833,-0.7540344595909119,0.46498292314112194,0.579772280056395,0,0
1.4925440549850464,-0.8216765522956848,-0.7538414001464844,0.4471767653509318,0.590471686023819,0,0
1.4926608800888062,-0.8253384828567505,-0.7535400390625,0.4560393826736731,0.5813894574887779,0,0
1.492779016494751,-0.8289942741394043,-0.7531927227973938,0.47054791899574394,0.5728455250874706,0,0
1.4928990602493286,-0.8326407670974731,-0.7526335716247559,0.44569164945177453,0.5941805438550579,0,0
1.4930224418640137,-0.8362716436386108,-0.7519527673721313,0.4656320185835405,0.5977277814826853,0,0
1.493150234222412,-0.8398798108100891,-0.751191258430481,0.4507025573371786,0.5857528228954806,0,0
1.4932847023010254,-0.8434597253799438,-0.7503920197486877,0.4599224188955438,0.5842264227553001,0,0
1.4934284687042236,-0.8470073938369751,-0.749598503112793,0.47280612141546624,0.5619923498574182,0,0
1.4935827255249023,-0.8505213260650635,-0.7488069534301758,0.455652390126537,0.6038567631546526,0,0
1.4937477111816406,-0.8540025353431702,-0.747842013835907,0.4289380420500467,0.540407572024854,0,0
1.4939243793487549,-0.8574507236480713,-0.7466040253639221,0.42689500475010633,0.5413880687549192,0,0
1.4941120147705078,-0.8608630895614624,-0.74503493309021,0.44574895210053556,0.5463182519931542,0,0
1.4943126440048218,-0.8642330169677734,-0.7431093454360962,0.4430605675525926,0.525256555833444,0,0
1.4945262670516968,-0.8675526976585388,-0.7408300638198853,0.4318674274495588,0.5420898635158923,0,0
1.4947528839111328,-0.8708115816116333,-0.7381842136383057,0.4272638083607066,0.548167922791709,0,0
1.494991660118103,-0.8739966154098511,-0.7351751327514648,0.42632968807105454,0.560757682297613,0,0
1.4952422380447388,-0.8770958185195923,-0.7318501472473145,0.42427255111789464,0.5604406365372805,0,0
1.4955025911331177,-0.8800970315933228,-0.728196918964386,0.4139390994805229,0.5491495084475986,0,0
1.4957685470581055,-0.8829881548881531,-0.7241857647895813,0.4126165424349389,0.5458257202385265,0,0
1.4960380792617798,-0.8857578039169312,-0.7200523614883423,0.384783115654391,0.49078893862913037,0,0
1.496307134628296,-0.8883948922157288,-0.715901792049408,0.37379416938227944,0.496890357542021,0,0
1.4965697526931763,-0.8908860683441162,-0.7118265628814697,0.3847585146263013,0.504570727727334,0,0
1.496819257736206,-0.8932163119316101,-0.7078720927238464,0.3929432050403555,0.4997158249899923,0,0
1.4970489740371704,-0.8953698873519897,-0.7040310502052307,0.38810228288044174,0.5054968431803445,0,0
1.4972553253173828,-0.8973301649093628,-0.7003360986709595,0.37249881429046,0.5126621789707876,0,0
1.497436285018921,-0.8990784883499146,-0.6968560814857483,0.36035194513691904,0.49463878022356667,0,0
1.4975903034210205,-0.9005970358848572,-0.6934250593185425,0.41263533955319426,0.5015594534502574,0,0
1.4977154731750488,-0.9018728733062744,-0.689875066280365,0.4028282546398774,0.49289896345765166,0,0
1.4978097677230835,-0.902901828289032,-0.6863934993743896,0.39295505761983685,0.5038652110454185,0,0
1.4978718757629395,-0.9036850929260254,-0.6829792261123657,0.3550418332543909,0.4689705282458744,0,0
1.4979008436203003,-0.904226541519165,-0.6796734929084778,0.3621957133532873,0.46803826495092693,0,0
1.497896671295166,-0.9045317769050598,-0.6764882206916809,0.3644192554698961,0.47775454601338463,0,0
1.4978597164154053,-0.9046077132225037,-0.6732549667358398,0.3692915905876044,0.4398142728131482,0,0
1.4977914094924927,-0.9044651985168457,-0.6700590252876282,0.36063862857220413,0.4630358957168159,0,0
1.4976915121078491,-0.9041163325309753,-0.6669231057167053,0.35284362737633934,0.46227965718404357,0,0
1.497558832168579,-0.9035725593566895,-0.6638797521591187,0.3636789575113596,0.4639951634547031,0,0
1.4973912239074707,-0.9028457403182983,-0.6609447002410889,0.3708565912245586,0.4696939618095362,0,0
1.4971888065338135,-0.9019457101821899,-0.6581121683120728,0.34845867357718774,0.45492107809566984,0,0
1.4969526529312134,-0.9008805155754089,-0.6553746461868286,0.35138890063733985,0.47348264354496683,0,0
1.4966856241226196,-0.8996562957763672,-0.6525595784187317,0.3430698562800711,0.44096145981534574,0,0
1.4963899850845337,-0.8982811570167542,-0.6495686173439026,0.344140905919999,0.4426403918734647,0,0
1.4960695505142212,-0.8967678546905518,-0.6464990377426147,0.34568859101343113,0.4627552213343453,0,0
1.4957243204116821,-0.8951302170753479,-0.643460750579834,0.36055504916235426,0.45400106619697184,0,0
1.4953536987304688,-0.8933817148208618,-0.6403284072875977,0.3673920783691344,0.4360085455006828,0,0
1.4949549436569214,-0.8915373682975769,-0.6369694471359253,0.3851300362987292,0.4444006799233205,0,0
1.4945272207260132,-0.889613687992096,-0.6335607171058655,0.3662532470284278,0.4654556052346327,0,0
1.4940720796585083,-0.8876280784606934,-0.6302552819252014,0.3568617687557583,0.4615915983792167,0,0
1.4935932159423828,-0.8855953812599182,-0.6271407604217529,0.34132639806622306,0.4514768070677086,0,0
1.4930949211120605,-0.8835273385047913,-0.6239688396453857,0.35134758632659263,0.44369749805400016,0,0
1.492580771446228,-0.8814337849617004,-0.6206071972846985,0.3705266680192008,0.44583025803029475,0,0
1.4920531511306763,-0.8793247938156128,-0.6172918081283569,0.3741341080907091,0.47629172009144355,0,0
1.4915144443511963,-0.8772060871124268,-0.6137146353721619,0.3710254643979237,0.44450166496731064,0,0
1.4909671545028687,-0.8750844597816467,-0.6101280450820923,0.3683836619391844,0.4743398794385154,0,0
1.4904133081436157,-0.8729649782180786,-0.6066025495529175,0.3642317986662712,0.45907014941132185,0,0
1.4898539781570435,-0.8708502650260925,-0.6031705737113953,0.34977462657549546,0.47840567885822743,0,0
1.489289402961731,-0.8687402606010437,-0.5998553037643433,0.37091582212239615,0.470088434239935,0,0
1.4887197017669678,-0.8666318655014038,-0.5966611504554749,0.37509614883240133,0.46122456861776145,0,0
1.488145112991333,-0.8645195364952087,-0.5935968160629272,0.3720564047482468,0.4687277610892315,0,0
1.487566351890564,-0.8623963594436646,-0.5906534790992737,0.3580025018532834,0.45526173173260154,0,0
1.4869831800460815,-0.8602546453475952,-0.5878225564956665,0.3917867872155083,0.47154742071374817,0,0
1.4863958358764648,-0.8580864667892456,-0.5850957632064819,0.3772491760359799,0.45064509771002575,0,0
1.485803484916687,-0.8558846116065979,-0.5824734568595886,0.3804381489270868,0.4598549222707077,0,0
1.485205888748169,-0.8536424040794373,-0.5799617171287537,0.3765334746300245,0.47870866375809024,0,0
1.484601378440857,-0.8513533473014832,-0.5775607824325562,0.3735889173922796,0.4667567757634286,0,0
1.4839887619018555,-0.8490115404129028,-0.5752796530723572,0.3736246586384715,0.47935862098901494,0,0
1.4833663702011108,-0.846611738204956,-0.5731121301651001,0.3775798278784022,0.4690448915692999,0,0
1.4827333688735962,-0.844149112701416,-0.571052074432373,0.39476614502120366,0.457263826394686,0,0
1.4820891618728638,-0.8416206240653992,-0.5690882205963135,0.3684277978013135,0.4817484462101163,0,0
1.4814344644546509,-0.8390234708786011,-0.5672155618667603,0.38757964483506097,0.47433469441205606,0,0
1.480769157409668,-0.8363569378852844,-0.5652443170547485,0.4002394881607603,0.4999276792816708,0,0
1.4800945520401,-0.8336237668991089,-0.563056230545044,0.4139936032936359,0.4853174713939367,0,0
1.479411005973816,-0.8308319449424744,-0.5606057047843933,0.4128670692075201,0.4569706425230941,0,0
1.4787189960479736,-0.8279936909675598,-0.5578488707542419,0.4177605527188017,0.4796986418325376,0,0
1.478018879890442,-0.8251262307167053,-0.554745614528656,0.4018760981217754,0.4920240847144101,0,0
1.4773088693618774,-0.8222489356994629,-0.5513636469841003,0.4176137727806244,0.4779951944676327,0,0
1.4765857458114624,-0.8193808794021606,-0.547751247882843,0.40686059346124753,0.4895622365248042,0,0
1.4758473634719849,-0.8165414333343506,-0.5438676476478577,0.42218348393274474,0.4947928000216152,0,0
1.4750912189483643,-0.8137499690055847,-0.5397067070007324,0.4112151730565572,0.5032117407000921,0,0
1.4743138551712036,-0.8110233545303345,-0.5353268980979919,0.41219723929222213,0.4856494636737124,0,0
1.473513126373291,-0.808375358581543,-0.5307608842849731,0.42999581117738866,0.5169516549097792,0,0
1.4726890325546265,-0.8058182001113892,-0.525947093963623,0.41107002511616775,0.490247424783408,0,0
1.4718419313430786,-0.8033627867698669,-0.5208926796913147,0.43748053538341086,0.5068535658860417,0,0
1.470973014831543,-0.8010165095329285,-0.515658438205719,0.43998046617816583,0.4922407222482574,0,0
1.4700857400894165,-0.798784613609314,-0.5102177858352661,0.4378508102473996,0.49976040797467,0,0
1.4691849946975708,-0.7966708540916443,-0.5045433044433594,0.4327892159217589,0.49827947105683,0,0
1.4682766199111938,-0.7946771383285522,-0.49868109822273254,0.4282176786221473,0.5085695254650218,0,0
1.4673668146133423,-0.7928037047386169,-0.49261006712913513,0.43490708722015553,0.507410634890396,0,0
1.466463565826416,-0.7910487055778503,-0.48627832531929016,0.43939529447157294,0.5099234481975384,0,0
1.465574860572815,-0.7894101738929749,-0.4797484576702118,0.4172332926968451,0.5159660191308915,0,0
1.4647066593170166,-0.7878844738006592,-0.47304457426071167,0.4473100423923979,0.5129332039917203,0,0
1.463866114616394,-0.7864664793014526,-0.4661900997161865,0.44670582312444135,0.5178763910728718,0,0
1.4630591869354248,-0.7851500511169434,-0.4592197835445404,0.4373563347691552,0.5097268658588864,0,0
1.4622899293899536,-0.7839298844337463,-0.45227929949760437,0.45484454998988033,0.5052228987645714,0,0
1.4615626335144043,-0.7828028798103333,-0.44528377056121826,0.43024775227083617,0.5087020714970522,0,0
1.4608794450759888,-0.7817667126655579,-0.43837088346481323,0.4595366763591922,0.5363821912866117,0,0
1.4602431058883667,-0.7808215618133545,-0.4316244423389435,0.4549159791181823,0.5239582813854876,0,0
1.4596567153930664,-0.7799714803695679,-0.4250936210155487,0.4544542677093514,0.5179327282800966,0,0
1.459124207496643,-0.7792230844497681,-0.41860535740852356,0.44958388749940487,0.5201854670877747,0,0
1.458648443222046,-0.7785816788673401,-0.4122358560562134,0.453443750929876,0.5099053706559441,0,0
1.4582315683364868,-0.7780532240867615,-0.4058681130409241,0.4476375849531886,0.5107556817341098,0,0
1.4578760862350464,-0.7776420712471008,-0.39943087100982666,0.4441108729265106,0.5168949088935217,0,0
1.4575835466384888,-0.7773489356040955,-0.3930743336677551,0.4527272580762816,0.5153357375026915,0,0
1.4573557376861572,-0.7771751880645752,-0.38669320940971375,0.4400556523711392,0.49959207900118413,0,0
1.4571930170059204,-0.7771190404891968,-0.3804069757461548,0.4743985448405442,0.5031637982566689,0,0
1.4570966958999634,-0.7771787047386169,-0.374099463224411,0.44605087452680375,0.5182689176920309,0,0
1.457066297531128,-0.7773501873016357,-0.3678877353668213,0.4533340747916445,0.5049324831785658,0,0
1.4571027755737305,-0.7776296138763428,-0.3616577386856079,0.4469886277239845,0.5153575735540369,0,0
1.4572052955627441,-0.7780115604400635,-0.3553418517112732,0.4345655521434545,0.49505729587441366,0,0
1.4573732614517212,-0.7784879803657532,-0.349092572927475,0.46347480652130635,0.5127289371428548,0,0
1.4576033353805542,-0.7790507078170776,-0.3428238034248352,0.4377486232297313,0.48705480011194474,0,0
1.4578911066055298,-0.7796900868415833,-0.33650562167167664,0.43380385580421554,0.47907186828623755,0,0
1.4582308530807495,-0.7803944945335388,-0.33010971546173096,0.4466936119005278,0.49236646715663607,0,0
1.4586166143417358,-0.7811518311500549,-0.3237122893333435,0.4555588936491416,0.5079048204807356,0,0
1.459043025970459,-0.7819536924362183,-0.317202091217041,0.44872958350210734,0.500562647979139,0,0
1.4595043659210205,-0.7827935814857483,-0.310730516910553,0.4704501525374478,0.49239468931197045,0,0
1.4599956274032593,-0.7836685180664062,-0.3042334020137787,0.4499169592891618,0.496359410549795,0,0
1.4605135917663574,-0.784575343132019,-0.2976411283016205,0.44387230629742713,0.4917656207024923,0,0
1.461054801940918,-0.7855092883110046,-0.2911168038845062,0.4690214106734804,0.48851870249612744,0,0
1.4616175889968872,-0.7864665389060974,-0.2847532033920288,0.4562524173376957,0.4738715021134921,0,0
1.4622021913528442,-0.7874454855918884,-0.2784021198749542,0.4405828125295317,0.48852123170037254,0,0
1.4628093242645264,-0.7884451150894165,-0.27197661995887756,0.44417141805835364,0.4845761360163604,0,0
1.4634391069412231,-0.7894638180732727,-0.2654300332069397,0.4295565098724357,0.49158244569528886,0,0
1.464091181755066,-0.7904983758926392,-0.25873318314552307,0.43204078541717417,0.47783507979540085,0,0
1.4647639989852905,-0.7915442585945129,-0.25206488370895386,0.4559142341838398,0.4669999343202899,0,0
1.4654552936553955,-0.7925980091094971,-0.24534963071346283,0.4281824538441267,0.47140883102811604,0,0
1.4661649465560913,-0.7936557531356812,-0.23853318393230438,0.43814245432045673,0.4794903549350165,0,0
1.4668917655944824,-0.7947125434875488,-0.23159551620483398,0.4232290271728582,0.4679822232361024,0,0
1.467633843421936,-0.7957627773284912,-0.2245110273361206,0.4268014283553877,0.45680340229814387,0,0
1.4683886766433716,-0.7968001365661621,-0.2172956019639969,0.44053651736107374,0.47666419509699937,0,0
1.469140648841858,-0.7978335618972778,-0.21017511188983917,0.4237744576272273,0.4207427230632717,0,0
1.4698967933654785,-0.7988379001617432,-0.20317941904067993,0.43449389541684075,0.43819838871803773,0,0
1.47065007686615,-0.7998058795928955,-0.19633135199546814,0.42472308232242856,0.4287238732709828,0,0
1.4713890552520752,-0.8007341027259827,-0.1895003765821457,0.4217752974494602,0.45005356384632417,0,0
1.4721012115478516,-0.8016224503517151,-0.18282301723957062,0.42693157266512055,0.44474511199138395,0,0
1.4727706909179688,-0.802475094795227,-0.1763996034860611,0.41494947069583465,0.44691581345950293,0,0
1.4733786582946777,-0.8032997250556946,-0.17028272151947021,0.44076125806430017,0.4470812447883401,0,0
1.4739054441452026,-0.8041082620620728,-0.16448771953582764,0.42446759016607144,0.44368257688896545,0,0
1.4743316173553467,-0.8049153089523315,-0.1587810069322586,0.42883315108300496,0.4527633010573105,0,0
1.4746423959732056,-0.805733323097229,-0.1532076597213745,0.4139589806764407,0.44118241521057067,0,0
1.4748262166976929,-0.8065721392631531,-0.14778834581375122,0.4182434540445894,0.42469506425026443,0,0
1.4748730659484863,-0.8074389100074768,-0.14256098866462708,0.410620325765667,0.4343742608730301,0,0
1.4747737646102905,-0.8083386421203613,-0.13756494224071503,0.4196891260076138,0.42141385205770854,0,0
1.4745196104049683,-0.8092759251594543,-0.13260185718536377,0.4069738025842539,0.453109490417524,0,0
1.474107027053833,-0.8102544546127319,-0.12774443626403809,0.42586531783900505,0.4259181252310396,0,0
1.473536491394043,-0.8112766742706299,-0.12301740050315857,0.41076410087212756,0.41117788262130595,0,0
1.4728107452392578,-0.8123442530632019,-0.11844917386770248,0.4222069043327449,0.4388825850892738,0,0
1.4719353914260864,-0.8134588599205017,-0.11405539512634277,0.4149186338872369,0.43399312606088086,0,0
1.470917820930481,-0.8146222233772278,-0.10964128375053406,0.39227190029218745,0.4288484374252848,0,0
1.469768762588501,-0.815835177898407,-0.10532047599554062,0.41381116421355835,0.4270301753019734,0,0
1.4684998989105225,-0.817098081111908,-0.10110992938280106,0.4295024844582948,0.42685144727609714,0,0
1.4671217203140259,-0.8184114098548889,-0.0970289334654808,0.41842491790549324,0.4174494545793448,0,0
1.4656437635421753,-0.8197749853134155,-0.09308769553899765,0.42102847108633734,0.42833057263045915,0,0
1.464073657989502,-0.8211882710456848,-0.08929518610239029,0.4203578751751125,0.4149070715036176,0,0
1.4624170064926147,-0.8226506114006042,-0.08566203713417053,0.40641302094493476,0.40899048339692523,0,0
1.4606789350509644,-0.8241606950759888,-0.08218598365783691,0.4249766201775793,0.43495687751866385,0,0
1.4588638544082642,-0.8257168531417847,-0.07886139303445816,0.4104491779328445,0.4300143351603544,0,0
1.4569765329360962,-0.8273170590400696,-0.07568635791540146,0.4014619709443364,0.4125150574123035,0,0
1.455020546913147,-0.828959047794342,-0.07265859097242355,0.40685630934819994,0.42390922045081614,0,0
1.4530000686645508,-0.8306403160095215,-0.0697680115699768,0.41090673014973816,0.42543646477643804,0,0
1.450919270515442,-0.832358717918396,-0.06701038032770157,0.4147468788239504,0.4187950746158342,0,0
1.448782205581665,-0.8341129422187805,-0.06437703222036362,0.4131459126060959,0.4056208426894076,0,0
1.4465936422348022,-0.8359015583992004,-0.0618717260658741,0.4312750195587082,0.41122430261529613,0,0
1.4443587064743042,-0.8377240300178528,-0.05967653915286064,0.4265262214930698,0.38972244986731913,0,0
1.4420831203460693,-0.8395774364471436,-0.057695962488651276,0.41024070499951926,0.41154977599247256,0,0
1.4397742748260498,-0.8414584994316101,-0.05587012693285942,0.403797693878528,0.425076369358472,0,0
1.437437891960144,-0.8433645963668823,-0.05416509881615639,0.4232406151940811,0.4217603041570897,0,0
1.4350802898406982,-0.8452938795089722,-0.05256183445453644,0.40285684725094906,0.4146206685928621,0,0
1.4327054023742676,-0.8472457528114319,-0.05104926601052284,0.4161984599187682,0.4187230442270204,0,0
1.4303175210952759,-0.8492195010185242,-0.049610547721385956,0.42202328222187846,0.41670386846705776,1,1
1.427917718887329,-0.8512150049209595,-0.048239815980196,0.40292170500682706,0.432306655339071,0,0
1.4255071878433228,-0.8532323241233826,-0.04693499207496643,0.42185275571255304,0.41410528205324026,0,0
1.423086404800415,-0.8552716374397278,-0.045689359307289124,0.41723928643695385,0.42026847301208675,0,0
1.420654296875,-0.8573331832885742,-0.04450032487511635,0.41512515781716225,0.42394392781178547,0,0
1.418210506439209,-0.8594173192977905,-0.04336714372038841,0.4173929457461058,0.4117881474973008,0,0
1.4157544374465942,-0.8615238070487976,-0.04228430613875389,0.413628538386763,0.4089080853802593,0,0
1.4132848978042603,-0.8636527061462402,-0.0412498414516449,0.42009177239142925,0.4271235930818609,0,0
1.4108015298843384,-0.8658042550086975,-0.040261831134557724,0.4143205796419737,0.4036909000512009,0,0
1.4083032608032227,-0.8679776787757874,-0.039320725947618484,0.4241127228187185,0.41524845076708256,0,0
1.4057903289794922,-0.8701725006103516,-0.038420841097831726,0.4152941192812842,0.4164192595162807,0,0
1.4032624959945679,-0.8723880648612976,-0.037564776837825775,0.42549055988721024,0.4124724456787531,0,0
1.4007201194763184,-0.8746234774589539,-0.036745473742485046,0.42213439582684326,0.40411162851063304,0,0
1.3981637954711914,-0.8768777251243591,-0.03596080094575882,0.4306420655064603,0.41503068923153674,0,0
1.3955940008163452,-0.8791496157646179,-0.03521128371357918,0.4313498705839662,0.4169495835025038,0,0
1.3930120468139648,-0.8814379572868347,-0.03449942544102669,0.4124389920084642,0.4155754472126187,0,0
1.3904191255569458,-0.8837414979934692,-0.03381991386413574,0.405461876798321,0.411220848167502,0,0
1.3878161907196045,-0.8860594034194946,-0.03317287564277649,0.40545152600531453,0.42108477441668,0,0
1.3852044343948364,-0.8883907198905945,-0.03255399689078331,0.43237906089127265,0.40828971922074714,0,0
1.3825852870941162,-0.8907347917556763,-0.03195907548069954,0.4172996090293788,0.4166179482432099,0,0
1.379959225654602,-0.8930912613868713,-0.031193189322948456,0.398871331508416,0.4370863589951484,0,0
1.3773293495178223,-0.8954583406448364,-0.030344657599925995,0.41156548627844564,0.4151939446588789,0,0
1.3746998310089111,-0.8978329300880432,-0.029450921341776848,0.4256863501821559,0.4105350012215147,0,0
1.3720749616622925,-0.9002116322517395,-0.028546489775180817,0.4090657917544617,0.4000763367973745,0,0
1.369458556175232,-0.9025915861129761,-0.027682090178132057,0.42688886326616815,0.4084595362508816,0,0
1.3668532371520996,-0.9049708247184753,-0.026840781792998314,0.42087838388916365,0.42086824646963467,0,0
1.3642606735229492,-0.9073485136032104,-0.026214752346277237,0.42048797207596816,0.3978275957776297,0,0
1.361682415008545,-0.9097222089767456,-0.025725144892930984,0.4393264266367388,0.4123427843824038,0,0
1.359120488166809,-0.9120893478393555,-0.025320934131741524,0.40599789244615564,0.42057576511570005,0,0
1.356575846672058,-0.9144479632377625,-0.02516678348183632,0.42291002139459277,0.39209878099758083,0,0
1.3540502786636353,-0.9167942404747009,-0.0251607745885849,0.4249644199920745,0.41961234421567634,0,0
1.351544976234436,-0.9191234111785889,-0.025243259966373444,0.4319889496470034,0.4130300398229237,0,0
1.3490605354309082,-0.9214318990707397,-0.02537759765982628,0.42763841024349536,0.41287429922560764,0,0
1.3465962409973145,-0.9237175583839417,-0.025343887507915497,0.39888096374657245,0.41386258171049467,0,0
1.3441534042358398,-0.9259780645370483,-0.025214610621333122,0.4211697051524966,0.4266805688272449,0,0
1.3417338132858276,-0.9282124638557434,-0.025031743571162224,0.4282588092347485,0.4005727895082854,0,0
1.339337944984436,-0.9304207563400269,-0.024820398539304733,0.4333483599830188,0.41961607416703717,0,0
1.3369656801223755,-0.9326047301292419,-0.024594811722636223,0.43617609953379954,0.41978539283561567,0,0
1.33461594581604,-0.9347670078277588,-0.02436050772666931,0.4357490254758703,0.4213704410612201,0,0
1.3322868347167969,-0.9369118809700012,-0.02413870580494404,0.43722788875713897,0.4158692544504915,0,0
1.329974889755249,-0.939044713973999,-0.024131115525960922,0.4346467509470636,0.3931487590785801,1,1
1.3276786804199219,-0.9411680698394775,-0.024237288162112236,0.4153497976655275,0.4087800585777485,0,0
1.3253962993621826,-0.9432840943336487,-0.024408696219325066,0.4146010579018235,0.41088302370417296,0,0
1.3231251239776611,-0.9453943967819214,-0.02462412789463997,0.42675871940128973,0.43150209854588706,0,0
1.3208621740341187,-0.947501003742218,-0.024872932583093643,0.3976225211493068,0.39827733966014406,0,0
1.318605899810791,-0.9496034979820251,-0.025125594809651375,0.41000426208865814,0.4150912582333141,0,0
1.3163552284240723,-0.9516999125480652,-0.025366492569446564,0.42307495214620433,0.401313381196276,0,0
1.314108967781067,-0.953788697719574,-0.025584498420357704,0.42999133322767136,0.4101535343162674,0,0
1.3118654489517212,-0.9558695554733276,-0.025593126192688942,0.3885230548907004,0.4162679760886418,0,0
1.3096251487731934,-0.9579408764839172,-0.025295058265328407,0.39914483206538404,0.4167132469273608,0,0
1.3073917627334595,-0.9599997997283936,-0.024827266111969948,0.4311345866643059,0.4034954308535843,0,0
1.305169939994812,-0.9620444178581238,-0.024268431589007378,0.4114417266396863,0.4236931630560749,0,0
1.3029636144638062,-0.9640738368034363,-0.02367663010954857,0.41057387980802945,0.4057081262622497,0,0
1.3007752895355225,-0.966088593006134,-0.02308015152812004,0.42398036820261875,0.41925776863577563,0,0
1.29860520362854,-0.9680899977684021,-0.02247460186481476,0.4098800796428207,0.40586302170805316,0,0
1.2964519262313843,-0.9700811505317688,-0.02188902534544468,0.415849228743802,0.4209323586936651,0,0
1.2943129539489746,-0.9720658659934998,-0.02134263888001442,0.4073631805661154,0.41325564248590646,0,0
1.2921836376190186,-0.9740480184555054,-0.020810630172491074,0.4275523461903002,0.4082406485483938,0,0
1.2900599241256714,-0.9760316610336304,-0.02025604620575905,0.41622515116169223,0.4000535774157727,0,0
1.2879365682601929,-0.9780198335647583,-0.01968030072748661,0.402081017171569,0.410911606305863,0,0
1.2858082056045532,-0.9800153970718384,-0.0193033330142498,0.43484487563874297,0.39574530492902527,0,0
1.283671498298645,-0.9820190668106079,-0.01924608089029789,0.4107854989104362,0.3977494816034867,0,0
1.281526803970337,-0.984028160572052,-0.019372163340449333,0.43946601854553635,0.42196481871297803,0,0
1.2793751955032349,-0.9860392212867737,-0.019797181710600853,0.4183261579031652,0.3990803469245484,0,0
1.277219533920288,-0.9880461692810059,-0.0203859843313694,0.40865939508806304,0.41086976377626755,0,0
1.2750635147094727,-0.9900428056716919,-0.02106478624045849,0.411197164621403,0.42071590392596003,0,0
1.2729101181030273,-0.9920234084129333,-0.021811746060848236,0.41846064760161994,0.40145632890301886,0,0
1.270761251449585,-0.993984043598175,-0.022599143907427788,0.4146595624222116,0.40319288667741554,0,0
1.268617868423462,-0.9959232807159424,-0.023558372631669044,0.41215137798237483,0.3958941027353798,0,0
1.2664810419082642,-0.9978400468826294,-0.024600429460406303,0.41425718562482156,0.42041159436991316,0,0
1.2643522024154663,-0.9997340440750122,-0.025673262774944305,0.4124762975157172,0.40150915737841164,0,0
1.262231707572937,-1.0016067028045654,-0.026745451614260674,0.4067762848293384,0.41863085827578356,0,0
1.2601191997528076,-1.0034606456756592,-0.02779928408563137,0.4168368031808727,0.41624699433953993,0,0
1.2580128908157349,-1.0053004026412964,-0.029015829786658287,0.41138866050023964,0.39069247369239773,0,0
1.25591242313385,-1.007129192352295,-0.030311163514852524,0.4189347650356993,0.4121880024865486,0,0
1.253818154335022,-1.0089503526687622,-0.03164450451731682,0.42140087737095444,0.40593481111979696,0,0
1.2517293691635132,-1.0107684135437012,-0.03314012289047241,0.4093621067323184,0.3853569931767127,0,0
1.2496460676193237,-1.0125848054885864,-0.03490818291902542,0.41689166538591343,0.39366538418429287,0,0
1.247570276260376,-1.0143980979919434,-0.03679337352514267,0.40847200780211623,0.4119443275198089,0,0
1.2455042600631714,-1.0162063837051392,-0.03871786594390869,0.41113114624782876,0.41344256619318065,0,0
1.243449091911316,-1.0180072784423828,-0.040618155151605606,0.407282827515253,0.41686883609084757,1,1
1.2414053678512573,-1.019799828529358,-0.04247656464576721,0.4091707993202235,0.41559842880364695,0,0
1.2393715381622314,-1.02158522605896,-0.0442766398191452,0.4233134512029626,0.4154842779850102,0,0
1.2373450994491577,-1.0233652591705322,-0.04620834439992905,0.40072011045646766,0.39020804512857865,0,0
1.2353241443634033,-1.0251407623291016,-0.04817439615726471,0.4074174441644628,0.42147692604488934,0,0
1.233307123184204,-1.0269122123718262,-0.050132185220718384,0.4203412146703125,0.4056504882334424,0,0
1.2312923669815063,-1.0286811590194702,-0.052047908306121826,0.4019208692643983,0.4295127842940032,0,0
1.2292773723602295,-1.030450463294983,-0.05409456789493561,0.41056634338672476,0.39532217038377465,0,0
1.2272611856460571,-1.0322213172912598,-0.056181441992521286,0.43833720056890824,0.40736541811642757,0,0
1.2252426147460938,-1.0339943170547485,-0.05825407803058624,0.4114850400165974,0.41831971834828147,0,0
1.2232203483581543,-1.0357701778411865,-0.06046980991959572,0.4102547004562473,0.38414714402558503,0,0
1.2211943864822388,-1.0375481843948364,-0.06273220479488373,0.41318957067165,0.41125346752394487,0,0
1.2191647291183472,-1.0393269062042236,-0.06497983634471893,0.4075905399872595,0.40761228816571626,0,0
1.2171310186386108,-1.0411055088043213,-0.0671769380569458,0.41450667351231674,0.42608519060129774,0,0
1.2150923013687134,-1.0428836345672607,-0.06930588185787201,0.4199583110680491,0.41998926044890095,0,0
1.213046908378601,-1.044662594795227,-0.07136132568120956,0.40711566855209175,0.4160485606498166,0,0
1.2109928131103516,-1.0464437007904053,-0.07333717495203018,0.4177572483467233,0.41944625564419835,0,0
1.2089271545410156,-1.0482292175292969,-0.07522810995578766,0.4278662136448841,0.4110311963092544,0,0
1.2068461179733276,-1.0500218868255615,-0.07703676074743271,0.41349412097174776,0.40485345629873776,0,0
1.2047455310821533,-1.0518242120742798,-0.07876741141080856,0.415895876180507,0.40444204571511694,0,0
1.202621579170227,-1.0536381006240845,-0.08042369782924652,0.4204983848874942,0.4060468080013202,0,0
1.200471043586731,-1.055466651916504,-0.08180829137563705,0.39779503852846587,0.42431183917037196,0,0
1.1982930898666382,-1.057311773300171,-0.08300946652889252,0.40156890656694927,0.4000133272763273,0,0
1.1960889101028442,-1.059174656867981,-0.08408968895673752,0.4034184510773726,0.4180284960161514,0,0
1.1938602924346924,-1.0610556602478027,-0.08507797867059708,0.40444748873394143,0.4088097124183224,0,0
1.1916086673736572,-1.0629551410675049,-0.08599802106618881,0.4229059142023628,0.42684342726857083,0,0
1.1893353462219238,-1.0648738145828247,-0.08666561543941498,0.396867412160005,0.42790899832747287,0,0
1.1870436668395996,-1.0668107271194458,-0.08698458969593048,0.3982769788907107,0.41004845087337993,0,0
1.1847400665283203,-1.068763017654419,-0.0870976597070694,0.43218073850073435,0.4132869065058944,0,0
1.1824321746826172,-1.070726990699768,-0.08709434419870377,0.41746741506639895,0.42020010876142977,0,0
1.180126667022705,-1.0727003812789917,-0.08705136179924011,0.4200074360950236,0.425099306238409,0,0
1.17782723903656,-1.0746816396713257,-0.08680270612239838,0.39189696502665067,0.4105341896190385,0,0
1.1755385398864746,-1.0766677856445312,-0.08662055432796478,0.42104738648504964,0.39736069246496775,0,0
1.1732662916183472,-1.078654170036316,-0.08650761097669601,0.4208153252710637,0.4250859256296829,0,0
1.1710171699523926,-1.0806323289871216,-0.08643968403339386,0.4171409911580105,0.3987447260393674,0,0
1.1687959432601929,-1.0825893878936768,-0.08637741208076477,0.40717355391310206,0.4265456222344282,0,0
1.166605830192566,-1.0845075845718384,-0.08632700145244598,0.3997013651147738,0.40842031466195944,0,0
1.1644479036331177,-1.0863643884658813,-0.08628343790769577,0.4186124700381227,0.411825436511882,0,0
1.1623207330703735,-1.0881365537643433,-0.08622317016124725,0.41058122370878347,0.43833066154086825,0,0
1.1602193117141724,-1.0898014307022095,-0.08612905442714691,0.3919679995053041,0.3976394210333515,0,0
1.1581352949142456,-1.0913376808166504,-0.08600760251283646,0.4199131176197891,0.4134667015795246,0,0
1.156058430671692,-1.092726230621338,-0.08588340133428574,0.40596360296829637,0.4340829642125837,0,0
1.1539794206619263,-1.0939509868621826,-0.08577345311641693,0.42342194987206155,0.42533379992349524,0,0
1.1518921852111816,-1.094997525215149,-0.08568133413791656,0.41232055859164546,0.43456209184780403,0,0
1.149792194366455,-1.095853567123413,-0.08560629189014435,0.424948092044835,0.40413810410445006,0,0
1.1476765871047974,-1.0965088605880737,-0.08554914593696594,0.42457384667523307,0.4102454778169803,0,0
1.1455433368682861,-1.0969569683074951,-0.08551324903964996,0.42359689362887415,0.42785254536544265,0,0
1.143391728401184,-1.0971956253051758,-0.08549767732620239,0.4009548487068107,0.4219618385314473,0,0
1.1412217617034912,-1.0972257852554321,-0.08548310399055481,0.425912990665012,0.433310233487696,0,0
1.1390336751937866,-1.0970509052276611,-0.08547463268041611,0.41368824313804575,0.4181699558548703,0,0
1.1368283033370972,-1.0966765880584717,-0.08547061681747437,0.40123731982124944,0.41449467772446436,0,0
1.134606957435608,-1.096110224723816,-0.0854744166135788,0.4282199353875062,0.3898855123451627,0,0
1.1323710680007935,-1.0953607559204102,-0.08548703044652939,0.4202660902057522,0.44765701233905386,0,0
1.130123496055603,-1.094439148902893,-0.08550268411636353,0.4155188382495097,0.4130989442238539,0,0
1.127866506576538,-1.0933566093444824,-0.08551343530416489,0.433560592391011,0.43444295043529463,0,0
1.1256023645401,-1.092125415802002,-0.08551429957151413,0.41461190090797023,0.42324222642651643,0,0
1.123331904411316,-1.0907561779022217,-0.0855044424533844,0.4252844896996356,0.4435637828830343,0,0
1.1210545301437378,-1.0892596244812012,-0.08548633009195328,0.4201678454244073,0.4194706948127352,0,0
1.1187691688537598,-1.087645173072815,-0.0854654535651207,0.4298220782393984,0.4307611931727671,0,0
1.1164745092391968,-1.0859225988388062,-0.08544795960187912,0.4190566199061798,0.42267320804631503,0,0
1.1141703128814697,-1.0841004848480225,-0.08543699234724045,0.41866506181487956,0.438218120956638,0,0
1.1118568181991577,-1.0821882486343384,-0.08543142676353455,0.4552812556047489,0.44093375799618933,0,0
1.1095356941223145,-1.0801947116851807,-0.08542778342962265,0.44910996736671904,0.4543494764875253,0,0
1.107208013534546,-1.0781279802322388,-0.08542264997959137,0.45293638991104485,0.4476176651263541,0,0
1.1048744916915894,-1.0759949684143066,-0.08541468530893326,0.4381292050033173,0.42749381750393506,0,0
1.1025352478027344,-1.0738016366958618,-0.08540419489145279,0.4400500484671304,0.43308492544556426,0,0
1.1001900434494019,-1.0715529918670654,-0.0853918269276619,0.4350944475162553,0.4518064834185723,0,0
1.097838282585144,-1.0692535638809204,-0.08537911623716354,0.4413997770385255,0.4432482267950158,0,0
1.0954805612564087,-1.0669082403182983,-0.08536756783723831,0.4477854253395317,0.4551250718851604,0,0
1.093117356300354,-1.0645209550857544,-0.08535883575677872,0.44778273814408615,0.4515136444634887,0,0
1.0907503366470337,-1.0620959997177124,-0.08535248041152954,0.46360534978760415,0.4537596624106711,0,0
1.0883797407150269,-1.0596370697021484,-0.08534695953130722,0.4957369449717253,0.4948890955070473,0,0
1.086006760597229,-1.0571470260620117,-0.08534079045057297,0.483462769601375,0.4993485746816103,0,0
1.083631157875061,-1.0546287298202515,-0.08533328026533127,0.4660322349171556,0.49938383402512865,0,0
1.0812534093856812,-1.0520843267440796,-0.08532403409481049,0.46725106833053687,0.4840424516668941,0,0
1.0788735151290894,-1.0495158433914185,-0.08531363308429718,0.48118954746004283,0.4902596840569161,0,0
1.0764917135238647,-1.0469255447387695,-0.08530379086732864,0.4997337217026481,0.47342615535194965,0,0
1.0741087198257446,-1.0443154573440552,-0.08529601246118546,0.4883627771298662,0.47988258806665024,0,0
1.0717252492904663,-1.0416876077651978,-0.08529032766819,0.4745611644300778,0.4728211975286087,0,0
1.0693418979644775,-1.0390434265136719,-0.08528552204370499,0.4639668020500332,0.47519219631085535,0,0
1.0669587850570679,-1.0363845825195312,-0.08528051525354385,0.4742035331984768,0.48085158477406004,0,0
1.0645757913589478,-1.0337120294570923,-0.08527495712041855,0.49880924884929223,0.5147396094501947,0,0
1.0621929168701172,-1.0310271978378296,-0.08526827394962311,0.5160546655269227,0.5091143334120242,0,0
1.0598102807998657,-1.0283310413360596,-0.0852608010172844,0.5190279298625291,0.51992017421627,0,0
1.0574278831481934,-1.0256245136260986,-0.08525323867797852,0.5111333606097613,0.5100970159442566,0,0
1.0550460815429688,-1.0229088068008423,-0.08524686098098755,0.5253105706859409,0.5213571344406954,0,0
1.0526647567749023,-1.0201845169067383,-0.08524222671985626,0.5283796075192815,0.528179185765024,0,0
1.0502842664718628,-1.017452597618103,-0.08523863554000854,0.5171077935231463,0.5124672902225548,0,0
1.04790461063385,-1.014714002609253,-0.08523508161306381,0.5202170343718636,0.5062701060198576,0,0
1.0455256700515747,-1.011968970298767,-0.08523112535476685,0.5246261511845067,0.5261106712642039,0,0
1.0431475639343262,-1.0092182159423828,-0.0852266177535057,0.5222443240395478,0.5194579425088414,0,0
1.0407700538635254,-1.0064623355865479,-0.08522148430347443,0.5641216986373743,0.5665381525056312,0,0
1.0383931398391724,-1.0037016868591309,-0.08521610498428345,0.5498033597566753,0.571055776867346,0,0
1.0360170602798462,-1.0009366273880005,-0.08521152287721634,0.5327493888896501,0.5457586150091509,0,0
1.0336416959762573,-0.9981676936149597,-0.08520808070898056,0.5607534783337237,0.5610389772680786,0,0
1.0312669277191162,-0.9953951239585876,-0.08520527929067612,0.56692606623864,0.541620130011845,0,0
1.028892993927002,-0.9926195740699768,-0.08520274609327316,0.544705181878084,0.5729349861231765,0,0
1.026519775390625,-0.9898411631584167,-0.08519989997148514,0.5580064784043867,0.5609838633895871,0,0
1.0241470336914062,-0.9870600700378418,-0.08519674092531204,0.5373024428198279,0.5612810019101631,0,0
1.0217753648757935,-0.9842767119407654,-0.08519334346055984,0.5422259892041,0.5525261946197365,0,0
1.0194038152694702,-0.9814912676811218,-0.08518972247838974,0.5787786840908759,0.5550811928251453,0,0
1.0170331001281738,-0.9787037968635559,-0.08518622070550919,0.5798662533702014,0.5949325917446241,0,0
1.0146626234054565,-0.9759145379066467,-0.08518342673778534,0.5895532048096969,0.5990663911210982,0,0
1.0122926235198975,-0.9731236696243286,-0.08518105000257492,0.5841996239307706,0.5969757343577059,0,0
1.0099233388900757,-0.970331609249115,-0.0851789265871048,0.5862332147697222,0.5926664443231351,0,0
1.0075546503067017,-0.9675382971763611,-0.08517693728208542,0.5873492350289213,0.5987867761385093,0,0
1.0051863193511963,-0.9647439122200012,-0.0851750522851944,0.5850139348759262,0.5751295305027466,0,0
1.0028185844421387,-0.9619486331939697,-0.08517269045114517,0.5927654099607012,0.5909015726753953,0,0
1.0004510879516602,-0.9591522216796875,-0.0851699635386467,0.5703827893307251,0.5727947666368184,0,0
0.9980841279029846,-0.956355094909668,-0.08516726642847061,0.5872662488026638,0.5978953370195703,0,0
0.9957173466682434,-0.9535573124885559,-0.0851653665304184,0.5761553863342143,0.5748697661313186,0,0
0.9933509826660156,-0.9507588744163513,-0.08516361564397812,0.6224168499230163,0.6358317714279075,0,0
0.9909849166870117,-0.9479597806930542,-0.08516243100166321,0.620610272085029,0.6228078190907345,0,0
0.9886192679405212,-0.9451603889465332,-0.08516112715005875,0.6167323604236187,0.6250969704016622,0,0
0.9862539172172546,-0.9423604607582092,-0.08515971153974533,0.6358056213085462,0.6180122086764943,0,0
0.9838888049125671,-0.9395599961280823,-0.08515804260969162,0.6542727326759061,0.6419310627385836,0,0
0.981523871421814,-0.9367592334747314,-0.08515613526105881,0.6195993318706189,0.6504121135595332,0,0
0.9791593551635742,-0.9339578151702881,-0.0851551964879036,0.6295977544142914,0.6313823700729251,0,0
0.976794958114624,-0.9311562180519104,-0.08515425026416779,0.6247616594854992,0.6503162684743693,0,0
0.9744306206703186,-0.9283543229103088,-0.08515343070030212,0.6334002060722735,0.621711250620865,0,0
0.9720666408538818,-0.9255523085594177,-0.08515259623527527,0.6125226080015644,0.6434332210379581,0,0
0.9697028398513794,-0.9227498769760132,-0.08515176177024841,0.657540738259258,0.6526335467409711,0,0
0.9673392176628113,-0.9199472069740295,-0.08515093475580215,0.6452850207017854,0.6446269777491515,0,0
0.9649756550788879,-0.917144238948822,-0.08514998108148575,0.6490430089924875,0.6589683808376898,0,0
0.9626124501228333,-0.9143412709236145,-0.08514891564846039,0.6491237128510513,0.6639916734511133,0,0
0.9602494835853577,-0.9115382432937622,-0.08514785021543503,0.678137101054763,0.6626431154612231,0,0
0.9578865170478821,-0.9087347388267517,-0.08514688909053802,0.669008031992443,0.6527101800905106,0,0
0.9555236101150513,-0.9059311747550964,-0.08514594286680222,0.657777956501276,0.6639725065156318,0,0
0.9531609416007996,-0.9031277894973755,-0.08514512330293655,0.6449960797555327,0.6884521443356552,0,0
0.9507983922958374,-0.9003239870071411,-0.0851442888379097,0.6544477902058964,0.6746097990059973,0,0
0.9484359622001648,-0.8975201845169067,-0.08514345437288284,0.6652602402201513,0.6637442507117187,0,0
0.9460732340812683,-0.8947165608406067,-0.08514345437288284,0.7049715383450952,0.7022658070029988,0,0
0.9437110424041748,-0.891912579536438,-0.08514345437288284,0.6788064820727089,0.7171332476522673,0,0
0.9413489103317261,-0.8891085982322693,-0.08514345437288284,0.6981696506349491,0.7149251725038656,0,0
0.9389864802360535,-0.8863048553466797,-0.08514345437288284,0.6934447125101424,0.6938209282278162,0,0
0.9366244673728943,-0.8835006952285767,-0.08514345437288284,0.704736590389569,0.7098278646582421,0,0
0.9342625737190247,-0.8806967735290527,-0.08514345437288284,0.6940077769472497,0.6970709468507077,0,0
0.9319004416465759,-0.8778925538063049,-0.08514345437288284,0.6936805429111617,0.6968817428316616,0,0
0.9295387268066406,-0.8750882148742676,-0.08514345437288284,0.713285163633604,0.6979957949342165,0,0
0.9271769523620605,-0.8722839951515198,-0.08514345437288284,0.6869057189023684,0.711464427601151,0,0
0.9248151183128357,-0.8694796562194824,-0.08514345437288284,0.6982397725934707,0.6892714390822542,0,0
0.9224537014961243,-0.8666755557060242,-0.08514345437288284,0.7439886260229255,0.7506346733228583,0,0
0.920091986656189,-0.8638710379600525,-0.08514345437288284,0.7352472571540342,0.7446340863870403,0,0
0.9177306890487671,-0.8610668182373047,-0.08514345437288284,0.7280962948681583,0.7299336916144658,0,0
0.9153693318367004,-0.8582621812820435,-0.08514345437288284,0.74026441164519,0.7477815209257151,0,0
0.9130079746246338,-0.8554578423500061,-0.08514345437288284,0.7292724556116558,0.7170257210210035,0,0
0.9106467962265015,-0.8526532649993896,-0.08514345437288284,0.7378368073278786,0.7334499531684155,0,0
0.9082854986190796,-0.8498486876487732,-0.08514345437288284,0.7292558468507013,0.7238199986203137,0,0
0.9059245586395264,-0.847044050693512,-0.08514345437288284,0.726337231749015,0.7490062450844398,0,0
0.903563380241394,-0.844239354133606,-0.08514345437288284,0.731705946354,0.7455405675941703,0,0
0.9012026190757751,-0.8414345979690552,-0.08514285832643509,0.7359359243765736,0.7381837539350606,0,0
0.8988415002822876,-0.8386299014091492,-0.08514226227998734,0.7708559009897883,0.7646729214546244,0,0
0.8964807391166687,-0.8358250856399536,-0.08514178544282913,0.7701102345570926,0.766536745081877,0,0
0.8941198587417603,-0.8330203294754028,-0.08514178544282913,0.7719189209574446,0.756458840435292,0,0
0.8917590975761414,-0.830215573310852,-0.08514178544282913,0.7786999738176025,0.7759366195129195,0,0
0.889398455619812,-0.8274107575416565,-0.08514178544282913,0.7723693177951988,0.7843133934469316,0,0
0.8870376348495483,-0.8246060013771057,-0.08514178544282913,0.7623168715160551,0.7629746399533667,0,0
0.8846771121025085,-0.8218012452125549,-0.08514178544282913,0.7645900594585979,0.7699814977934974,0,0
0.8823163509368896,-0.8189964294433594,-0.08514178544282913,0.7652950575690711,0.7733662162160923,0,0
0.8799559473991394,-0.8161917328834534,-0.08514178544282913,0.7705755783155621,0.7596221786347556,0,0
0.8775952458381653,-0.8133870363235474,-0.08514178544282913,0.7865767488185161,0.7869152667358768,0,0
0.8752349019050598,-0.8105823397636414,-0.08514178544282913,0.49253339428462584,0.5019618200261621,0,0
0.8728742599487305,-0.8077775835990906,-0.08514178544282913,0.5100848155559727,0.49813641654133545,0,0
0.8705137372016907,-0.8049728870391846,-0.08514178544282913,0.4830103504617607,0.49209679895452707,0,0
0.8681532740592957,-0.8021681904792786,-0.08514178544282913,0.5074349983191458,0.5030500383135971,0,0
0.8657926917076111,-0.7993634939193726,-0.08514178544282913,0.5174313443456947,0.5045474485246305,0,0
0.8634324669837952,-0.7965587973594666,-0.08514178544282913,0.5058055885062975,0.49759166451613285,0,0
0.8610719442367554,-0.7937541007995605,-0.08514178544282913,0.5026804749531366,0.5024551272812697,0,0
0.8587116599082947,-0.7909494042396545,-0.08514178544282913,0.5141690063845304,0.49670949437044226,0,0
0.8563514351844788,-0.7881447672843933,-0.08514178544282913,0.5164600477356516,0.48850586509739485,0,0
0.8539910316467285,-0.7853400707244873,-0.08514178544282913,0.5078269756816458,0.4845918061728991,0,0
0.8516310453414917,-0.7825354337692261,-0.08514178544282913,0.4966971489355067,0.5062817119776802,0,0
0.8492707014083862,-0.7797308564186096,-0.08514178544282913,0.5011211835672915,0.515189506955223,0,0
0.8469105362892151,-0.7769261002540588,-0.08514178544282913,0.5062608419244078,0.4913330072018057,0,0
0.8445505499839783,-0.7741215229034424,-0.08514178544282913,0.4822787660708522,0.4926275175714247,0,0
0.8421903252601624,-0.7713168263435364,-0.08514178544282913,0.49076620302248947,0.49148573777591065,0,0
0.8398303389549255,-0.7685122489929199,-0.08514178544282913,0.5025707507048157,0.4863721093496438,0,0
0.8374702334403992,-0.7657076120376587,-0.08514178544282913,0.5001541787028218,0.49336297939293766,0,0
0.835110068321228,-0.7629031538963318,-0.08514178544282913,0.5103016320961421,0.4882583567211513,0,0
0.8327502012252808,-0.760098397731781,-0.08514178544282913,0.5086299627919157,0.5049051776429345,0,0
0.8303901553153992,-0.7572939991950989,-0.08514178544282913,0.503937712969455,0.49363339785727844,0,0
0.828029990196228,-0.7544892430305481,-0.08514178544282913,0.5171077184536615,0.49930432562570143,0,0
0.8256702423095703,-0.751684844493866,-0.08514178544282913,0.4828829775960129,0.5043696551050436,0,0
0.8233101963996887,-0.7488800883293152,-0.08514178544282913,0.489309185557394,0.5176835737937826,0,0
0.8209501504898071,-0.7460756897926331,-0.08514178544282913,0.4926498953065269,0.48913049499735123,0,0
0.8185905814170837,-0.7432709336280823,-0.08514178544282913,0.507719768577074,0.5026691591974619,0,0
0.8162306547164917,-0.7404664754867554,-0.08514178544282913,0.5049261269159979,0.5093692748073609,0,0
0.8138707280158997,-0.7376617789268494,-0.08514178544282913,0.4891944320793089,0.5119848266953743,0,0
0.8115110397338867,-0.7348573803901672,-0.08514178544282913,0.4954240400344859,0.506093410330734,0,0
0.8091512322425842,-0.7320528626441956,-0.08514178544282913,0.4904797607226752,0.5056613356233507,0,0
0.806791365146637,-0.7292484045028687,-0.08514178544282913,0.507327465402036,0.4971489471759212,0,0
0.8044317364692688,-0.7264440059661865,-0.08514178544282913,0.5084888765892023,0.5086358513458282,0,0
0.8020721673965454,-0.7236394286155701,-0.08514178544282913,0.515232469537574,0.5017193687153487,0,0
0.7997124791145325,-0.7208350300788879,-0.08514178544282913,0.5105682504603982,0.4947523727130517,0,0
0.7973527908325195,-0.7180305123329163,-0.08514178544282913,0.4851439252589955,0.5031246394834442,0,0
0.7949934601783752,-0.7152260541915894,-0.08514178544282913,0.5144512224585835,0.5054928978957761,0,0
0.7926337718963623,-0.7124215364456177,-0.08514178544282913,0.5048698413573383,0.4974045174951923,0,0
0.7902742028236389,-0.7096171379089355,-0.08514178544282913,0.5127267190774926,0.49727045158064237,0,0
0.7879147529602051,-0.7068125605583191,-0.08514178544282913,0.5025704064923209,0.5105137450153467,0,0
0.7855553030967712,-0.7040081024169922,-0.08514155447483063,0.4907674953608558,0.4985240245867535,0,0
0.7831956744194031,-0.7012035846710205,-0.08514130860567093,0.5185779227208098,0.47403008980750744,0,0
0.7808361053466797,-0.6983991265296936,-0.08514130860567093,0.4977560992861568,0.5116734105757335,0,0
0.7784768342971802,-0.6955947279930115,-0.08514130860567093,0.5054322987764951,0.4850675611144321,0,0
0.7761172652244568,-0.6927903294563293,-0.08514130860567093,0.50576475158372,0.4924673894483784,0,0
0.7737576365470886,-0.689985990524292,-0.08514130860567093,0.4918316595984119,0.49285829716018387,0,0
0.7713979482650757,-0.6871816515922546,-0.08514130860567093,0.4938440574431158,0.5013531577487109,0,0
0.7690384984016418,-0.6843773722648621,-0.08514130860567093,0.5087507418246032,0.48210930077983954,0,0
0.7666788101196289,-0.6815730929374695,-0.08514130860567093,0.5090599100911696,0.5094836533898705,0,0
0.764319121837616,-0.6787688732147217,-0.08514130860567093,0.5044118876139285,0.5044876592082062,0,0
0.7619597315788269,-0.6759646534919739,-0.08514130860567093,0.5043042954155811,0.5119836786399968,0,0
0.7595999836921692,-0.6731604933738708,-0.08514130860567093,0.49094545739847745,0.5023798378342526,0,0
0.7572402358055115,-0.6703563332557678,-0.08514130860567093,0.5109495837097132,0.5093629829651806,0,0
0.7548806071281433,-0.6675522327423096,-0.08514130860567093,0.4986846403294796,0.5038745826537071,0,0
0.7525209784507751,-0.6647481322288513,-0.08514130860567093,0.5064313840470578,0.49825243648677964,0,0
0.7501612305641174,-0.6619440317153931,-0.08514130860567093,0.5081697613375823,0.49653305565994105,0,0
0.7478014826774597,-0.6591399908065796,-0.08514130860567093,0.5121068430316754,0.5062413295524041,0,0
0.7454420328140259,-0.6563359498977661,-0.08514130860567093,0.5204242103664646,0.49982147945823635,0,0
0.7430821657180786,-0.6535319685935974,-0.08514130860567093,0.49383862337273243,0.5167432855430399,0,0
0.7407223582267761,-0.6507279872894287,-0.08514130860567093,0.49487133024143937,0.5121103526108747,0,0
0.7383628487586975,-0.6479241251945496,-0.08514130860567093,0.5055918356953957,0.5005977221902713,0,0
0.736003041267395,-0.6451202630996704,-0.08514130860567093,0.48345621862956967,0.518579811143511,0,0
0.7336431741714478,-0.6423164010047913,-0.08514130860567093,0.4936682608340181,0.49974732259981575,0,0
0.7312834858894348,-0.6395125389099121,-0.08514130860567093,0.5082476266741255,0.4856069455738891,0,0
0.7289236783981323,-0.6367087960243225,-0.08514130860567093,0.5029397900580442,0.4837418828331013,0,0
0.7265637516975403,-0.6339049935340881,-0.08514130860567093,0.49398383293041487,0.511556494484495,0,0
0.724203884601593,-0.6311011910438538,-0.08514130860567093,0.5123945482719059,0.49249608381925125,0,0
0.7218440175056458,-0.6282974481582642,-0.08514130860567093,0.49996387539759485,0.4980509469120009,0,0
0.7194841504096985,-0.6254937648773193,-0.08514130860567093,0.4919514275409475,0.49744740647209,0,0
0.7171244025230408,-0.6226900219917297,-0.08514130860567093,0.4964952056874768,0.5049874446627516,0,0
0.7147644758224487,-0.6198863387107849,-0.08514130860567093,0.5002354841892513,0.4812032825675511,0,0
0.7124044895172119,-0.6170827150344849,-0.08514130860567093,0.5062232342931516,0.5052588439409349,0,0
0.7100446224212646,-0.6142790913581848,-0.08514130860567093,0.47807183272743103,0.4844503868920296,0,0
0.7076846361160278,-0.6114755272865295,-0.08514130860567093,0.5011710546630054,0.5075513619813815,0,0
0.705324649810791,-0.6086719632148743,-0.08514130860567093,0.4811581846960062,0.51851651690022,0,0
0.7029646039009094,-0.605868399143219,-0.08514130860567093,0.4817910055556192,0.5034004333258147,0,0
0.7006045579910278,-0.6030648946762085,-0.08514130860567093,0.48424709375346586,0.5098578631625691,0,0
0.698244571685791,-0.600261390209198,-0.08514130860567093,0.4990976553653489,0.510163094577505,0,0
0.6958845853805542,-0.5974579453468323,-0.08514130860567093,0.48891974526344884,0.5056678277495894,0,0
0.6935245394706726,-0.5946544408798218,-0.08514130860567093,0.5000924642701494,0.4950856578300101,0,0
0.691164493560791,-0.591850996017456,-0.08514130860567093,0.48723051264041767,0.5099892154070426,0,0
0.6888043880462646,-0.5890475511550903,-0.08514130860567093,0.5020914990174458,0.49076337989921315,0,0
0.6864443421363831,-0.5862441658973694,-0.08514130860567093,0.5112318455622654,0.5145397892171419,0,0
0.6840843558311462,-0.5834407210350037,-0.08514130860567093,0.5012584266539322,0.5282646296117687,0,0
0.6817241907119751,-0.5806373357772827,-0.08514130860567093,0.5027528088502172,0.503210327257791,0,0
0.679364025592804,-0.5778340101242065,-0.08514130860567093,0.497030324034698,0.506097925123624,0,0
0.6770039200782776,-0.5750307440757751,-0.08514130860567093,0.5037366110333528,0.49697258335928296,0,0
0.674643874168396,-0.5722275376319885,-0.08514130860567093,0.4866104834109534,0.49207601768137926,0,0
0.6722837090492249,-0.5694242715835571,-0.08514130860567093,0.5161701621465931,0.5217517598675292,0,0
0.6699234843254089,-0.5666211247444153,-0.08514130860567093,0.4943608167687094,0.49882293545040823,0,0
0.6675633788108826,-0.5638178586959839,-0.08514130860567093,0.503247153714526,0.4914256178700465,0,0
0.6652032732963562,-0.5610147714614868,-0.08514130860567093,0.5066269921853981,0.5100278143020611,0,0
0.6628431081771851,-0.558211624622345,-0.08514130860567093,0.49407609287253096,0.5027151209758561,0,0
0.6604828834533691,-0.5554084777832031,-0.08514130860567093,0.4840638961561202,0.49768614990029514,0,0
0.6581226587295532,-0.552605390548706,-0.08514130860567093,0.4844126409517718,0.49210441195778193,0,0
0.6557624936103821,-0.549802303314209,-0.08514130860567093,0.48913334657086993,0.49197140336665757,0,0
0.6534022092819214,-0.5469992756843567,-0.08514130860567093,0.5111435112837859,0.4972982018295851,0,0
0.6510419249534607,-0.5441963076591492,-0.08514130860567093,0.5199173649582055,0.49139019626510133,0,0
0.6486817002296448,-0.5413932800292969,-0.08514130860567093,0.49517622124470606,0.4904517190868645,0,0
0.6463214159011841,-0.5385903716087341,-0.08514130860567093,0.4971752216412891,0.5062095455888753,0,0
0.6439611315727234,-0.5357874035835266,-0.08514130860567093,0.5067810520758369,0.49357965889425465,0,0
0.6416007876396179,-0.5329844951629639,-0.08514130860567093,0.5014916223324227,0.5096327176498214,0,0
0.639240562915802,-0.5301815271377563,-0.08514130860567093,0.5098833690027014,0.5011580468041189,0,0
0.6368802189826965,-0.5273786187171936,-0.08514130860567093,0.5083677618141628,0.5104046296153274,0,0
0.6345199346542358,-0.5245757102966309,-0.08514130860567093,0.505209549656708,0.4975992673387029,0,0
0.6321595311164856,-0.5217728614807129,-0.08514130860567093,0.48952190171722065,0.47830794907295204,0,0
0.6297991275787354,-0.5189700126647949,-0.08514130860567093,0.5138390905011218,0.4933242539363541,0,0
0.6274387836456299,-0.5161672234535217,-0.08514130860567093,0.48653360866822654,0.5028739012285254,0,0
0.6250784397125244,-0.5133644938468933,-0.08514130860567093,0.5020739971642304,0.5069114534314371,0,0
0.622718095779419,-0.5105617046356201,-0.08514130860567093,0.5196287621839343,0.49715030168450147,0,0
0.6203576326370239,-0.5077590346336365,-0.08514130860567093,0.49273974866873094,0.5033243537096229,0,0
0.6179971694946289,-0.5049563050270081,-0.08514130860567093,0.49042422094135957,0.49698938591301767,0,0
0.6156367659568787,-0.5021536350250244,-0.08514130860567093,0.5006851464133496,0.49577424114286656,0,0
0.6132763624191284,-0.49935099482536316,-0.08514130860567093,0.4800830227370346,0.48128177275739653,0,0
0.6109159588813782,-0.4965483546257019,-0.08514130860567093,0.4811802580660365,0.4858299487976719,0,0
0.6085554957389832,-0.49374574422836304,-0.08514130860567093,0.5093844506366396,0.5017263179302673,0,0
0.6061949729919434,-0.49094313383102417,-0.08514130860567093,0.5004158062778933,0.5208753172822896,0,0
0.6038343906402588,-0.4881404936313629,-0.08514130860567093,0.496191740175798,0.4946190564298926,0,0
0.6014739274978638,-0.48533791303634644,-0.08514130860567093,0.5119593247423385,0.5066113104937527,0,0
0.5991134643554688,-0.4825354218482971,-0.08514130860567093,0.5043561240831097,0.49422323976132665,0,0
0.5967530012130737,-0.47973281145095825,-0.08514130860567093,0.5210751675518328,0.5060182574807599,0,0
0.5943925380706787,-0.47693032026290894,-0.08514130860567093,0.4909853696432788,0.5093738307387208,0,0
0.5920319557189941,-0.4741278886795044,-0.08514130860567093,0.5134905055076028,0.48329995958033656,0,0
0.5896714329719543,-0.4713253974914551,-0.08514130860567093,0.5130449046021521,0.49794924253511885,-1,-1
0.5873105525970459,-0.46852290630340576,-0.08550013601779938,0.49446362142258704,0.4966506562810779,0,0
0.5849519968032837,-0.4657213091850281,-0.08610640466213226,0.5124499865805344,0.5021018373785663,0,0
0.582599401473999,-0.46292221546173096,-0.0868867039680481,0.49758645011820274,0.5038346502701372,0,0
0.5802567005157471,-0.4601273834705353,-0.08780241012573242,0.4993951904724819,0.4952547864770083,0,0
0.5779273509979248,-0.4573385715484619,-0.0888202041387558,0.48870270272576527,0.502366808422355,0,0
0.5756143927574158,-0.4545572102069855,-0.08992411196231842,0.49172246703943173,0.502422026014721,0,0
0.5733200311660767,-0.4517838656902313,-0.09110420197248459,0.5141952847337057,0.5066978416183842,0,0
0.5710458159446716,-0.4490188956260681,-0.09235462546348572,0.5094549856441604,0.5102047280694829,0,0
0.5687931776046753,-0.44626176357269287,-0.09367701411247253,0.48815153173053266,0.5047509003020183,0,0
0.5665633082389832,-0.4435121417045593,-0.09506823867559433,0.4942710559362115,0.4873850701616675,0,0
0.5643574595451355,-0.4407690763473511,-0.09653110057115555,0.5025912162317872,0.5108122396135676,0,0
0.5621765851974487,-0.438031941652298,-0.09805583208799362,0.49426243142065246,0.5018023543162156,0,0
0.5600218772888184,-0.43530017137527466,-0.09964171051979065,0.5153493489595239,0.49667476460560345,0,0
0.557894229888916,-0.43257319927215576,-0.10128059983253479,0.4964574413101715,0.5124216756810543,0,0
0.5557942986488342,-0.4298505485057831,-0.10297564417123795,0.5033456496897373,0.519586200704511,0,0
0.5537228584289551,-0.42713162302970886,-0.10472416132688522,0.5124000036863638,0.49500386266648705,0,0
0.5516807436943054,-0.4244158864021301,-0.1065361276268959,0.5090215372571423,0.49832090414576685,0,0
0.5496686697006226,-0.42170265316963196,-0.10840537399053574,0.5083986611131484,0.5069793647624891,0,0
0.5476875901222229,-0.4189910888671875,-0.1103394627571106,0.499310002661441,0.49960421741961475,0,0
0.5457382202148438,-0.41628071665763855,-0.11232783645391464,0.485974679995043,0.5063826230347976,0,0
0.5438216924667358,-0.4135707914829254,-0.11437062174081802,0.5125896780022325,0.49003915867959785,0,0
0.5419389605522156,-0.41086098551750183,-0.11646825820207596,0.5068401740912338,0.4844051368734637,0,0
0.5400912165641785,-0.40815097093582153,-0.11862137913703918,0.501609587670418,0.5085561854214957,0,0
0.5382795333862305,-0.40544039011001587,-0.12083067744970322,0.5088071140815463,0.5054364427103534,0,0
0.5365049839019775,-0.4027291536331177,-0.12310204654932022,0.49863196952250066,0.5007972577639385,0,0
0.5347684621810913,-0.4000172019004822,-0.12543430924415588,0.5287223606014458,0.5105709760808967,0,0
0.5330709218978882,-0.3973040282726288,-0.12782540917396545,0.49363718389157507,0.5082390342358026,0,0
0.5314133167266846,-0.3945893347263336,-0.13027358055114746,0.49987181650120366,0.4976498765858705,0,0
0.5297967195510864,-0.39187270402908325,-0.1327715963125229,0.49709834620038346,0.5052489781752589,0,0
0.5282222628593445,-0.38915354013442993,-0.13532020151615143,0.5240366675252668,0.4893802345025988,0,0
0.526691198348999,-0.38643139600753784,-0.13792061805725098,0.5009683497507632,0.5156262450020525,0,0
0.5252049565315247,-0.3837059736251831,-0.14056901633739471,0.5022586237968414,0.49777408438861304,0,0
0.5237649083137512,-0.38097715377807617,-0.14327338337898254,0.5023399856789683,0.49673376905372035,0,0
0.5223726034164429,-0.37824466824531555,-0.14603520929813385,0.4936575097551237,0.49286715802251163,0,0
0.5210292339324951,-0.3755088746547699,-0.1488608866930008,0.4901387865193975,0.4787679638247109,0,0
0.5197359919548035,-0.372769832611084,-0.15174953639507294,0.49285103726568735,0.4783202809668526,0,0
0.5184938907623291,-0.37002769112586975,-0.15469945967197418,0.48855081770542497,0.510523245049372,0,0
0.5173041820526123,-0.36728253960609436,-0.15770834684371948,0.5149746170466828,0.5111352484965312,0,0
0.5161679983139038,-0.36453425884246826,-0.16077971458435059,0.4983332060329287,0.4990899526724239,0,0
0.5150864124298096,-0.36178261041641235,-0.16390655934810638,0.4851180473492574,0.49268399526864265,0,0
0.5140610337257385,-0.3590274751186371,-0.16709506511688232,0.5067972574062753,0.5040466114449228,0,0
0.5130932927131653,-0.3562687039375305,-0.17034007608890533,0.5103869988465752,0.49903914263016347,0,0
0.512184739112854,-0.35350659489631653,-0.17364373803138733,0.5278190979053876,0.5020951113793428,0,0
0.5113371014595032,-0.350741446018219,-0.17700818181037903,0.5000768112734482,0.49169961590895944,0,0
0.510552167892456,-0.34797391295433044,-0.18043597042560577,0.4964101636820477,0.5031421951899634,0,0
0.5098311901092529,-0.3452046513557434,-0.18392790853977203,0.5043327500402404,0.5059078697685501,0,0
0.5091756582260132,-0.3424343466758728,-0.18748986721038818,0.4922506318315795,0.48232876928780294,0,0
0.5085867643356323,-0.3396638035774231,-0.1911262571811676,0.4965488515423271,0.5001459429856696,0,0
0.5080655217170715,-0.33689355850219727,-0.1948346048593521,0.5070339737564987,0.5051256409436099,0,0
0.5076133012771606,-0.3341241478919983,-0.1986118108034134,0.5031521794858027,0.5032159363427713,0,0
0.5072312951087952,-0.331356018781662,-0.20245608687400818,0.4927231649930771,0.48549251410070277,0,0
0.5069212317466736,-0.32858964800834656,-0.20636624097824097,0.4986547009914869,0.49133726790164595,0,0
0.5066847205162048,-0.325825572013855,-0.2103481888771057,0.4891639968888031,0.49152172732273136,0,0
0.5065236687660217,-0.3230646252632141,-0.21439674496650696,0.4989061876553181,0.5039063084741163,0,0
0.5064398646354675,-0.32030802965164185,-0.21851390600204468,0.48918221912068466,0.5020477690882413,0,0
0.506435215473175,-0.31755709648132324,-0.22270305454730988,0.4867972435898144,0.4854780314212942,0,0
0.5065113306045532,-0.3148135244846344,-0.22696717083454132,0.5046208597114652,0.49962947784223494,0,0
0.5066696405410767,-0.3120790719985962,-0.23130837082862854,0.49422858311133344,0.5006356867949959,0,0
0.5069112777709961,-0.30935558676719666,-0.23573260009288788,0.49101931455100917,0.5011308230969902,0,0
0.5072373747825623,-0.3066447973251343,-0.24024486541748047,0.49504227964616115,0.5185812668553476,0,0
0.507648766040802,-0.30394837260246277,-0.24484264850616455,0.510395402201154,0.5092878302700801,0,0
0.5081466436386108,-0.30126774311065674,-0.249528706073761,0.5122737782363342,0.5047179577838964,0,0
0.5087320804595947,-0.29860445857048035,-0.25429946184158325,0.48278219960187974,0.493369914598204,0,0
0.5094065070152283,-0.2959599196910858,-0.2591516673564911,0.49695276991641607,0.5058215716930615,0,0
0.5101715922355652,-0.293335884809494,-0.26408806443214417,0.49404676054972424,0.48612587063392837,0,0
0.511029064655304,-0.29073429107666016,-0.26910123229026794,0.4842097595642309,0.5076574544913413,0,0
0.5119807720184326,-0.2881576120853424,-0.27419260144233704,0.5084415251320437,0.5118920366026658,0,0
0.5130283832550049,-0.28560876846313477,-0.27936726808547974,0.4980828352199238,0.5040797948606957,0,0
0.5141733288764954,-0.28309085965156555,-0.2846239507198334,0.49192966086366374,0.496168653584041,0,0
0.51541668176651,-0.2806074321269989,-0.28997138142585754,0.4969273561707229,0.4972595978399309,0,0
0.5167591571807861,-0.27816203236579895,-0.2954181432723999,0.5057087881316716,0.4979911776139236,0,0
0.5182008743286133,-0.275758296251297,-0.3009622395038605,0.515596080465293,0.509235026191985,0,0
0.5197418332099915,-0.2733997106552124,-0.3066125810146332,0.4855439782427684,0.5036268551646796,0,0
0.5213817358016968,-0.2710895240306854,-0.3123733699321747,0.5004732109287469,0.4984998624037392,0,0
0.5231205821037292,-0.2688307762145996,-0.3182462155818939,0.4915218845548797,0.4900843557081631,0,0
0.524958074092865,-0.26662635803222656,-0.3242306411266327,0.49143602529468006,0.49480797230445994,0,0
0.5268945693969727,-0.26447924971580505,-0.33031925559043884,0.5083663068917715,0.5025477606665191,0,0
0.5289303660392761,-0.26239264011383057,-0.3365119695663452,0.49956080939940073,0.4966832115912684,0,0
0.5310662388801575,-0.26037001609802246,-0.34281042218208313,0.4839914656780924,0.5085185850051204,0,0
0.5333028435707092,-0.2584153711795807,-0.3492061197757721,0.5044100774165845,0.49850337842034226,0,0
0.5356409549713135,-0.25653326511383057,-0.3557012975215912,0.5006240051422919,0.4887833512221089,0,0
0.5380807518959045,-0.25472891330718994,-0.3622884452342987,0.5164422982210161,0.4985709561716822,0,0
0.5406219959259033,-0.2530078887939453,-0.3689679503440857,0.49857787043491414,0.4919086365262575,0,0
0.5432636141777039,-0.2513763904571533,-0.37574389576911926,0.49918422915595567,0.5136836765773145,0,0
0.5460038781166077,-0.249840646982193,-0.382628858089447,0.50321890956222,0.4921861211133971,0,0
0.5488404631614685,-0.24840672314167023,-0.38962236046791077,0.5142835364625945,0.5052014809115816,0,0
0.5517698526382446,-0.2470804750919342,-0.39673787355422974,0.49891453093492233,0.499948254778292,0,0
0.5547882318496704,-0.24586746096611023,-0.40397655963897705,0.49968422760173997,0.49826506146531546,0,0
0.5578913688659668,-0.24477270245552063,-0.4113551080226898,0.488774726977084,0.4911596251411644,0,0
0.5610748529434204,-0.24380066990852356,-0.41887348890304565,0.5083859836318736,0.5055287600676858,0,0
0.5643342137336731,-0.24295547604560852,-0.4265400469303131,0.5015071604034345,0.5013664346333397,0,0
0.5676649808883667,-0.24224086105823517,-0.43436309695243835,0.4889053476672604,0.4969775458370065,0,0
0.5710630416870117,-0.2416604608297348,-0.44233638048171997,0.48901288461907394,0.4969663863068896,0,0
0.5745245218276978,-0.24121804535388947,-0.4504687786102295,0.5098120602283726,0.5113960564960458,0,0
0.5780460834503174,-0.24091768264770508,-0.4587534964084625,0.5098859219727467,0.5155476824523467,0,0
0.5816242098808289,-0.24076373875141144,-0.4671825170516968,0.5071133136716445,0.49596212664666645,0,0
0.5852552056312561,-0.24076135456562042,-0.47575050592422485,0.5036745135295773,0.49203238685000156,0,0
0.5889354348182678,-0.24091632664203644,-0.48444974422454834,0.48841033899839853,0.5014321384451755,0,0
0.5926599502563477,-0.24123509228229523,-0.4932800829410553,0.4808038475902971,0.4834455330923612,0,0
0.5964235067367554,-0.24172474443912506,-0.5022258758544922,0.4822258430410722,0.49063769697049486,0,0
0.6002196669578552,-0.2423926442861557,-0.5112913846969604,0.5211214114300563,0.4942416612970235,0,0
0.6040405035018921,-0.24324630200862885,-0.5204780697822571,0.49762535213878867,0.501028454705426,0,0
0.6078771352767944,-0.244292750954628,-0.5297900438308716,0.4941234724905583,0.5230575342500994,0,0
0.6117188334465027,-0.24553845822811127,-0.5392060875892639,0.5198522357495341,0.4970463467497936,0,0
0.6155533790588379,-0.24698953330516815,-0.5487159490585327,0.506773684401872,0.49307195903105466,0,0
0.6193681955337524,-0.24865135550498962,-0.5583657622337341,0.5023986248039923,0.5045418974822549,0,0
0.6231495141983032,-0.25052762031555176,-0.5681744813919067,0.5133405635090134,0.5191216828133016,0,0
0.626882791519165,-0.2526201903820038,-0.5780953168869019,0.4982382942573669,0.5177938825879012,0,0
0.6305519938468933,-0.25493013858795166,-0.5880990624427795,0.47798838869203586,0.49747521822866586,0,0
0.6341413855552673,-0.25745752453804016,-0.5982578992843628,0.5042556196511099,0.5002452390357902,0,0
0.6376356482505798,-0.26020076870918274,-0.608607828617096,0.5109073622424374,0.4977144181981851,0,0
0.6410189270973206,-0.26315584778785706,-0.6190804243087769,0.489217138360644,0.49833129238182267,0,0
0.6442747712135315,-0.26631778478622437,-0.6296482682228088,0.49932287787918345,0.4839986777980976,0,0
0.6473872661590576,-0.26968109607696533,-0.6403844952583313,0.48677793939424474,0.48825054840599663,0,0
0.6503415703773499,-0.2732386887073517,-0.6513245105743408,0.4911999224379756,0.49263728577459903,0,0
0.6531230211257935,-0.2769813537597656,-0.6624035835266113,0.4966994579199153,0.4978904025739881,0,0
0.6557167172431946,-0.2808988690376282,-0.6735941171646118,0.5059380175572126,0.4899188877693664,0,0
0.6581084728240967,-0.28498056530952454,-0.6849609613418579,0.5226620297433664,0.47177042932739627,0,0
0.660285234451294,-0.2892145812511444,-0.6965326070785522,0.5179503723636216,0.5087700006356234,0,0
0.6622347235679626,-0.29358693957328796,-0.7082396149635315,0.49390150337566396,0.4994573778012059,0,0
0.6639446020126343,-0.2980828285217285,-0.7200701236724854,0.5130256468090718,0.49792093658337766,0,0
0.665403425693512,-0.30268698930740356,-0.7320817112922668,0.5059878646699785,0.47488247683564466,0,0
0.6666014194488525,-0.3073831796646118,-0.7442846894264221,0.5015489362369852,0.5195676668360656,0,0
0.6675295829772949,-0.31215304136276245,-0.7566059231758118,0.4888661610492364,0.5003466702040218,0,0
0.6681790947914124,-0.31697753071784973,-0.7690430283546448,0.4877422543127593,0.49565200299733037,0,0
0.6685425639152527,-0.3218373656272888,-0.7816570401191711,0.5273869241673022,0.49471232031050383,0,0
0.6686141490936279,-0.3267120122909546,-0.7944256663322449,0.5073684183105677,0.5101843161809402,0,0
0.668389081954956,-0.33157944679260254,-0.807284414768219,0.5047394996250838,0.5123800525912982,0,0
0.6678634285926819,-0.33641692996025085,-0.8202596306800842,0.48815519642407396,0.4928656360555427,0,0
0.6670345664024353,-0.3412017524242401,-0.8333837389945984,0.5050872283795119,0.5103518093786533,0,0
0.6659017205238342,-0.345909982919693,-0.846619188785553,0.5185397570822067,0.4982768223252781,0,0
0.6644654870033264,-0.35051673650741577,-0.8599312901496887,0.5071341887237194,0.4687772299536448,0,0
0.6627269983291626,-0.3549969792366028,-0.8733539581298828,0.48741975960026906,0.4998421695662563,0,0
0.6606895327568054,-0.35932520031929016,-0.886887788772583,0.5055568077262402,0.48470628585956876,0,0
0.6583574414253235,-0.3634757101535797,-0.900520384311676,0.4944582608235529,0.512609491904543,0,0
0.6557366251945496,-0.36742255091667175,-0.9142590761184692,0.49830677574203,0.49092866364229354,0,0
0.6528346538543701,-0.3711395263671875,-0.9280876517295837,0.5006748215737554,0.49419171856531363,0,0
0.6496596932411194,-0.37460020184516907,-0.9420286417007446,0.49793557135451244,0.4925564435676855,0,0
0.6462206840515137,-0.3777795135974884,-0.9561741352081299,0.5126922280834524,0.5026812374461961,0,0
0.6425295472145081,-0.3806527256965637,-0.9704639911651611,0.489734512376806,0.5010354777472791,0,0
0.6386001110076904,-0.38319411873817444,-0.9848368167877197,0.5034623064199863,0.5182052563346322,0,0
0.6344443559646606,-0.38537970185279846,-0.9995223879814148,0.5016074851271592,0.5042221657703202,0,0
0.6300772428512573,-0.38718855381011963,-1.014559030532837,0.49260942939852925,0.4965486748935273,0,0
0.6255189776420593,-0.3885993957519531,-1.0297197103500366,0.48933444980112445,0.5057280701122927,0,0
0.6207889318466187,-0.38959160447120667,-1.0452308654785156,0.5009041269880214,0.4967801835520754,0,0
0.6159077882766724,-0.39014899730682373,-1.0612561702728271,0.4926172313312535,0.5085032639766675,0,0
0.6109018921852112,-0.39025798439979553,-1.077554702758789,0.49422945686146114,0.4872039574661042,0,0
0.6058005094528198,-0.38990724086761475,-1.094179391860962,0.5038426694594594,0.5018931936716857,0,0
0.6006357669830322,-0.3890884816646576,-1.1111600399017334,0.48682703877425876,0.4865213991290477,0,0
0.5954427123069763,-0.3877962529659271,-1.1284785270690918,0.4907338938035109,0.49918336135462305,0,0
0.590258002281189,-0.3860292434692383,-1.1462079286575317,0.5033664733050365,0.5111081368309999,0,0
0.5851229429244995,-0.3837909996509552,-1.1640560626983643,0.4974488659521751,0.4945425912157942,0,0
0.5800821781158447,-0.3810851573944092,-1.1820448637008667,0.4935014946027566,0.5134413621688766,0,0
0.5751767754554749,-0.37791603803634644,-1.2006274461746216,0.49467848438519224,0.5014046768657463,0,0
0.5704483985900879,-0.374296098947525,-1.219567060470581,0.5076639705557469,0.5029786593267328,0,0
0.5659434199333191,-0.3702425956726074,-1.2384639978408813,0.49994632032929426,0.5079237915466097,0,0
0.5617057681083679,-0.3657713532447815,-1.257798433303833,0.49100616776637873,0.50799975530327,0,0
0.5577741265296936,-0.3609035015106201,-1.2777726650238037,0.5095417694760872,0.502903767223339,0,0
0.5541867613792419,-0.35566890239715576,-1.2979952096939087,0.49684835777427144,0.493923508749529,0,0
0.5509794354438782,-0.350102037191391,-1.31852126121521,0.506838454619896,0.5081637188297695,0,0
0.5481836795806885,-0.34424301981925964,-1.3393723964691162,0.5030284743808734,0.49720632304705004,0,0
0.5458280444145203,-0.3381378650665283,-1.3604382276535034,0.48885796723650027,0.4825102352862265,0,0
0.5439348220825195,-0.3318367898464203,-1.3818124532699585,0.5028332215715116,0.49727816737504227,0,0
0.5425205826759338,-0.325397789478302,-1.4031888246536255,0.4977244093884171,0.5000010803924549,0,0
0.5415998101234436,-0.31888410449028015,-1.4243123531341553,0.49397789941959547,0.4915523947136233,0,0
0.5411839485168457,-0.31235799193382263,-1.4454697370529175,0.5103309582528166,0.47798936173931117,0,0
0.5412772297859192,-0.30588313937187195,-1.4666173458099365,0.5075228614931636,0.5148402816282583,0,0
0.5418791770935059,-0.2995258569717407,-1.4874775409698486,0.5057660455550528,0.4889936841510243,0,0
0.5429856777191162,-0.29334959387779236,-1.5082002878189087,0.5074572357246654,0.5082917305839726,0,0
0.5445875525474548,-0.28741562366485596,-1.5287448167800903,0.4867546253711101,0.4897341834134681,0,0
0.546673059463501,-0.2817796468734741,-1.5492417812347412,0.51623441751425,0.48157383898250977,0,0
0.5492225885391235,-0.2764871418476105,-1.5701038837432861,0.4827486881116354,0.49299803867466674,0,0
0.5522010922431946,-0.2715807259082794,-1.5907988548278809,0.5072718759104974,0.4988818235248841,0,0
0.5555678606033325,-0.26710039377212524,-1.6112853288650513,0.48719396876824944,0.5000775236275388,0,0
0.5592768788337708,-0.2630764842033386,-1.6318926811218262,0.4864491983730871,0.4949865161450309,0,0
0.5632683634757996,-0.2595334053039551,-1.6521581411361694,0.5026021712829136,0.4884181379998477,0,0
0.5674782991409302,-0.25649493932724,-1.6720616817474365,0.49013173112255365,0.501854507349495,0,0
0.5718435645103455,-0.25398126244544983,-1.691876769065857,0.5122652570764185,0.49251863920089706,0,0
0.5762988924980164,-0.2520081102848053,-1.7115384340286255,0.5005507535613726,0.5034146066482098,0,0
0.5807822942733765,-0.25058743357658386,-1.7312612533569336,0.49979631724115064,0.510276582378967,0,0
0.5852335095405579,-0.24972128868103027,-1.7510175704956055,0.48793958141360394,0.49473726683615693,0,0
0.5895875692367554,-0.24940648674964905,-1.7704945802688599,0.5005242542416974,0.4979694029372012,0,0
0.5937864780426025,-0.24964065849781036,-1.7901872396469116,0.502089259603859,0.5061127532650866,0,0
0.5977776646614075,-0.250415563583374,-1.8101913928985596,0.5052500506261117,0.5104656100574259,0,0
0.6015123724937439,-0.2517188787460327,-1.8306056261062622,0.5094914546085478,0.5019768998609143,0,0
0.604951798915863,-0.25353115797042847,-1.8516697883605957,0.5059879069587329,0.4923004976865691,0,0
0.6080604791641235,-0.2558211386203766,-1.8730247020721436,0.5167078989924802,0.5173425764189595,0,0
0.6108088493347168,-0.25855183601379395,-1.89487624168396,0.4868560353879255,0.5062660614084454,0,0
0.6131734848022461,-0.2616775631904602,-1.9169973134994507,0.5026938505055965,0.4954406975066422,0,0
0.6151325702667236,-0.26514965295791626,-1.9394973516464233,0.49156800465018413,0.5029093244904833,0,0
0.6166714429855347,-0.26892125606536865,-1.9626569747924805,0.5076518884703248,0.49442258267748174,0,0
0.6177839040756226,-0.27294212579727173,-1.9861836433410645,0.4913624004211337,0.5080642763484647,0,0
0.6184693574905396,-0.2771589756011963,-2.009938955307007,0.5074034244224985,0.49959767021176615,0,0
0.6187329888343811,-0.28151842951774597,-2.0339784622192383,0.502239014719648,0.5114478309061439,0,0
0.6185880899429321,-0.2859649062156677,-2.0581064224243164,0.5119404183067459,0.4823455255988919,0,0
0.6180533170700073,-0.29043805599212646,-2.0820488929748535,0.5003369276903367,0.49245991901908526,0,0
0.6171483397483826,-0.29487550258636475,-2.1057639122009277,0.5005991235270455,0.5091703677265808,0,0
0.6158932447433472,-0.29921984672546387,-2.129443407058716,0.47886587907287204,0.5031231331550432,0,0
0.6143110990524292,-0.3034251034259796,-2.153254985809326,0.49522966426909837,0.49779667197424887,0,0
0.6124319434165955,-0.30745765566825867,-2.1771132946014404,0.5013619063014397,0.4921337408318947,0,0
0.6102918386459351,-0.3112928569316864,-2.200859546661377,0.491459485929741,0.4995980287165071,0,0
0.6079292297363281,-0.3149104118347168,-2.2244791984558105,0.5014897140330392,0.5023214268001854,0,0
0.6053805947303772,-0.3182908594608307,-2.248009204864502,0.5041930004817265,0.5077602065811759,0,0
0.6026801466941833,-0.32141390442848206,-2.271416187286377,0.47819213053556814,0.49054911525269274,0,0
0.5998615622520447,-0.32425951957702637,-2.294611930847168,0.4936622521360547,0.49920071046995895,0,0
0.596960186958313,-0.32681217789649963,-2.317533016204834,0.4842979366395442,0.5012338149185936,0,0
0.5940127968788147,-0.32906410098075867,-2.3401660919189453,0.504562162116674,0.4893916777270161,0,0
0.5910564064979553,-0.3310152590274811,-2.3625130653381348,0.5120732636786104,0.5188185607057552,0,0
0.5881257653236389,-0.3326716423034668,-2.3846030235290527,0.4866783470735482,0.5110795416837473,0,0
0.5852518081665039,-0.33404359221458435,-2.406467914581299,0.5176413951169992,0.49102225904357427,0,0
0.5824602842330933,-0.33514633774757385,-2.4280998706817627,0.4949268744268704,0.4918076391135396,0,0
0.5797721743583679,-0.3360010087490082,-2.449472427368164,0.4900481608945219,0.5107955488080395,0,0
0.5772039890289307,-0.3366345465183258,-2.4705469608306885,0.4867890359410148,0.4945748579525686,0,0
0.5747689604759216,-0.3370780944824219,-2.491328239440918,0.5027826479446781,0.48267037340364444,0,0
0.5724782347679138,-0.33736416697502136,-2.5118255615234375,0.4844589865864847,0.5038327180507719,0,0
0.5703420042991638,-0.3375243842601776,-2.532050132751465,0.4916549821029894,0.5093444102228878,0,0
0.568368673324585,-0.33758845925331116,-2.5520050525665283,0.491702178154282,0.4893627230440936,0,0
0.5665637850761414,-0.3375820219516754,-2.5717291831970215,0.4894628670412457,0.4940785136338273,0,0
0.5649307370185852,-0.3375244438648224,-2.5912253856658936,0.5009145955932294,0.4982912735871453,0,0
0.563471794128418,-0.3374304175376892,-2.6104726791381836,0.5045102451596389,0.5097512262827366,0,0
0.5621869564056396,-0.3373124599456787,-2.629455804824829,0.5094861106204083,0.48784016920219386,0,0
0.5610721111297607,-0.3371812403202057,-2.648159980773926,0.4965448540123037,0.5008919270662908,0,0
0.5601186752319336,-0.33704519271850586,-2.666578531265259,0.499363866863499,0.500309763625968,0,0
0.5593141913414001,-0.3369099795818329,-2.684694766998291,0.4892781672760054,0.48807042043827603,0,0
0.5586442351341248,-0.3367788791656494,-2.702509641647339,0.49453084691993016,0.4933651911682378,0,0
0.5580940246582031,-0.3366539776325226,-2.7200124263763428,0.49143581747159865,0.502152271087986,0,0
0.5576485395431519,-0.33653727173805237,-2.7371997833251953,0.5002913491381107,0.48558270857388497,0,0
0.5572924017906189,-0.3364308178424835,-2.7540531158447266,0.5073781229236698,0.4807236293038242,0,0
0.557009756565094,-0.3363359272480011,-2.7705724239349365,0.5068482532029278,0.5001740537856518,0,0
0.556786298751831,-0.33625274896621704,-2.78676176071167,0.49661740491218886,0.4955107841051685,0,0
0.5566099286079407,-0.336181640625,-2.8026230335235596,0.498973104682831,0.5145611042747771,0,0
0.5564693212509155,-0.33612364530563354,-2.818150758743286,0.5029019909050348,0.5016079142368622,0,0
0.5563541054725647,-0.33607980608940125,-2.8333332538604736,0.49330588449751467,0.5013326376533581,0,0
0.5562554001808167,-0.33605024218559265,-2.848179340362549,0.4957436309430181,0.49307356644475975,0,0
0.556166410446167,-0.3360350728034973,-2.8626954555511475,0.49024896620074515,0.49672816198621594,0,0
0.5560819506645203,-0.3360348343849182,-2.876877546310425,0.5167693199210383,0.5114694984310625,0,0
0.5559976696968079,-0.3360497057437897,-2.8907175064086914,0.48872646904143924,0.4960359803073598,0,0
0.5559104084968567,-0.33607932925224304,-2.9042224884033203,0.49876948520420566,0.4911406196900857,0,0
0.5558183789253235,-0.3361230194568634,-2.9173905849456787,0.4971414224435059,0.4939569629282713,0,0
0.5557209849357605,-0.3361797630786896,-2.9302282333374023,0.5152028214265019,0.49065574115559385,0,0
0.555618405342102,-0.3362482786178589,-2.9427261352539062,0.4973803681290936,0.4869873974832773,0,0
0.555511474609375,-0.33632710576057434,-2.9548890590667725,0.4957651699789211,0.5143226118185434,0,0
0.5554015040397644,-0.3364143967628479,-2.966722011566162,0.5049763977223718,0.49757667886370666,0,0
0.555290162563324,-0.3365081250667572,-2.9782207012176514,0.4991096775972112,0.4969821442386306,0,0
0.5551795363426208,-0.3366062343120575,-2.9893901348114014,0.5110933996025124,0.5063611483254173,0,0
0.5550717711448669,-0.33670681715011597,-3.0002262592315674,0.4995081077092764,0.505643447515518,0,0
0.5549689531326294,-0.3368079662322998,-3.010739326477051,0.49277566690496044,0.5011899366484671,0,0
0.5548726320266724,-0.33690786361694336,-3.0209264755249023,0.5116775888293636,0.5094496350326405,0,0
0.5547847747802734,-0.33700478076934814,-3.030790328979492,0.5031196106422087,0.5036831846584342,0,0
0.5547065734863281,-0.3370974659919739,-3.0403354167938232,0.5086903745005977,0.4885170519530604,0,0
0.5546391010284424,-0.3371848464012146,-3.049560070037842,0.48777791942395377,0.5190098956084607,0,0
0.5545826554298401,-0.33726608753204346,-3.0584754943847656,0.4975669544264022,0.4965426130306636,0,0
0.5545374751091003,-0.3373405635356903,-3.067080020904541,0.5071585239888634,0.504705149816677,0,0
0.5545033812522888,-0.3374080955982208,-3.07537841796875,0.5041021998640711,0.4938354903033664,0,0
0.5544797778129578,-0.3374687135219574,-3.0833754539489746,0.5069282978429029,0.5050364552340779,0,0
0.5544659495353699,-0.3375226557254791,-3.0910699367523193,0.4879801918041825,0.49629939155185837,0,0
0.5544608235359192,-0.3375703692436218,-3.0984742641448975,0.5005990102998681,0.49282935975462394,0,0
0.5544630885124207,-0.33761242032051086,-3.1055843830108643,0.496551794988672,0.5241488201189676,0,0
0.5544717907905579,-0.3376498222351074,-3.112403631210327,0.5008923181154507,0.5027653025581099,0,0
0.554483950138092,-0.3376815617084503,-3.1189284324645996,0.5009106245839585,0.511640004121783,0,0
0.5544936656951904,-0.33770430088043213,-3.125171184539795,0.5050549833677959,0.5064576959171312,0,0
0.5544924736022949,-0.33771154284477234,-3.131136655807495,0.5122922529946502,0.507532431852005,0,0
0.554470419883728,-0.33769407868385315,-3.13683819770813,0.48750354770618076,0.5078059519073229,0,0
0.5544165372848511,-0.33764052391052246,3.140896797180176,0.49095967822235853,0.48705304603304983,0,0
0.5543196201324463,-0.3375377953052521,3.135695695877075,0.5070611283188916,0.4974309518990704,0,0
0.5541688203811646,-0.33737167716026306,3.1307272911071777,0.5136724969652768,0.5174499113245093,0,0
0.5539543628692627,-0.33712825179100037,3.1259801387786865,0.5033414708339815,0.49931040223549383,0,0
0.5536673665046692,-0.3367946445941925,3.1214523315429688,0.5149574144475632,0.4937678661738497,0,0
0.5532996654510498,-0.3363592028617859,3.117140293121338,0.5007209462362872,0.4950710412027634,0,0
0.5528441071510315,-0.3358118236064911,3.113034725189209,0.4994604648091565,0.4961331973920772,0,0
0.5522943735122681,-0.3351444900035858,3.1091270446777344,0.511687533935671,0.4910776519226755,0,0
0.5516452193260193,-0.334351122379303,3.105403423309326,0.5139085789202463,0.4947434635088347,0,0
0.5508928298950195,-0.3334275186061859,3.1018447875976562,0.473554187336131,0.4841174775366951,0,0
0.550034761428833,-0.3323723077774048,3.098435401916504,0.50760963954352,0.5040804847662677,0,0
0.5490702390670776,-0.3311867117881775,3.0951709747314453,0.49067467891777905,0.5095924197838724,0,0
0.547999382019043,-0.3298739492893219,3.0920398235321045,0.5058948401846411,0.5011723437677043,0,0
0.5468240976333618,-0.3284386396408081,3.089035749435425,0.5028984143012352,0.5071616009455749,0,0
0.5455474853515625,-0.3268868923187256,3.0861666202545166,0.49838740303905726,0.509566978437928,0,0
0.5441727042198181,-0.3252255618572235,3.083411931991577,0.47722457539359087,0.5076024034175194,0,0
0.542702853679657,-0.3234614133834839,3.0807483196258545,0.49969926702424916,0.4974677465293002,0,0
0.5411414504051208,-0.32160091400146484,3.0781795978546143,0.49257694718316447,0.49903757135790017,0,0
0.5394929051399231,-0.3196510076522827,3.0757269859313965,0.5025873199198083,0.5162133830532913,0,0
0.5377621650695801,-0.31762000918388367,3.0734121799468994,0.5012196248475929,0.4807435332788697,0,0
0.5359541177749634,-0.3155174255371094,3.071242094039917,0.5107738851178878,0.4917237209691682,0,0
0.5340732336044312,-0.31335335969924927,3.0691885948181152,0.49722336666520234,0.4848720489304417,0,0
0.5321245789527893,-0.31113654375076294,3.067222833633423,0.5091189219931307,0.4964672465087749,0,0
0.5301150679588318,-0.3088739812374115,3.0653598308563232,0.4979299271763024,0.4964187533362178,0,0
0.5280532240867615,-0.3065716028213501,3.0636396408081055,0.48635111191928,0.5069655999992655,0,0
0.5259482860565186,-0.30423489212989807,3.0620503425598145,0.5115435317746256,0.524964968758296,0,0
0.5238078832626343,-0.3018680214881897,3.0605223178863525,0.5166349933902178,0.4948926783675003,0,0
0.5216382145881653,-0.2994733452796936,3.059025764465332,0.5030178309663524,0.49753230592477826,0,0
0.5194442272186279,-0.29705139994621277,3.0575826168060303,0.4954798127051206,0.49987662905030106,0,0
0.517230212688446,-0.2946019172668457,3.0562074184417725,0.49043335639924096,0.4964112964426759,0,0
0.5149994492530823,-0.2921248972415924,3.0548934936523438,0.5081862383188352,0.5163674309684124,0,0
0.5127542614936829,-0.2896208167076111,3.053635835647583,0.5179831859404355,0.4824242328868628,0,0
0.5104964375495911,-0.28709086775779724,3.0524356365203857,0.5023599303542882,0.4925937117455221,0,0
0.5082269906997681,-0.28453660011291504,3.051286220550537,0.5053085634050096,0.5040466247753687,0,0
0.5059472322463989,-0.28195956349372864,3.0501933097839355,0.504286864087568,0.47955538100180867,0,0
0.5036581158638,-0.27936115860939026,3.049142599105835,0.48806741816408505,0.5011231490334529,0,0
0.5013605356216431,-0.27674251794815063,3.048137903213501,0.49701019165989413,0.48309164956476125,0,0
0.49905532598495483,-0.2741047441959381,3.047179937362671,0.486803233657747,0.4955928773289045,0,0
0.49674341082572937,-0.27144888043403625,3.046264171600342,0.5098904270706791,0.5165484504409954,0,0
0.494425505399704,-0.26877644658088684,3.0453906059265137,0.5026860831887399,0.497040215450519,0,0
0.49210214614868164,-0.26608893275260925,3.044558525085449,0.4954571475316421,0.4974228651873811,0,0
0.489773690700531,-0.2633882164955139,3.043764114379883,0.4970758394910725,0.4880735112519794,0,0
0.48744070529937744,-0.26067569851875305,3.0430047512054443,0.4899423177299032,0.5120382508256092,0,0
0.4851037859916687,-0.25795263051986694,3.042280673980713,0.5249472959272847,0.5017328500597932,0,0
0.48276394605636597,-0.2552199363708496,3.0415902137756348,0.4867603308346244,0.48420232749501696,0,0
0.4804221987724304,-0.2524784207344055,3.040929079055786,0.49224226799409165,0.49204570747420573,0,0
0.478079229593277,-0.2497287541627884,3.040297031402588,0.5095406084212678,0.5000214835231698,0,0
0.47573569416999817,-0.24697156250476837,3.03969407081604,0.5002091456821993,0.5082987868258507,0,0
0.47339197993278503,-0.24420742690563202,3.039116382598877,0.5026587980772493,0.502825029958767,0,0
0.4710482656955719,-0.24143685400485992,3.0385665893554688,0.500227356507561,0.47760826415868496,0,0
0.4687047302722931,-0.23866024613380432,3.0380403995513916,0.5009921327290766,0.489496276998996,0,0
0.46636152267456055,-0.235878124833107,3.037538766860962,0.5027014424037186,0.5080552865488688,0,0
0.4640190005302429,-0.2330908328294754,3.0370614528656006,0.5095899013899989,0.5120200244825353,0,0
0.46167755126953125,-0.2302987426519394,3.0366051197052,0.5059088685061309,0.5149011704573023,0,0
0.4593372941017151,-0.22750221192836761,3.0361688137054443,0.4807758257661143,0.509182896863272,0,0
0.456998348236084,-0.22470150887966156,3.035748243331909,0.5090610727310346,0.504352572326099,0,0
0.45466098189353943,-0.22189690172672272,3.035351037979126,0.5008776465602361,0.5095557177405069,0,0
0.4523249566555023,-0.2190885841846466,3.034971237182617,0.49784442258677497,0.5113470957760691,0,0
0.4499904215335846,-0.21627689898014069,3.034609317779541,0.4808568119797471,0.5095682687499932,0,0
0.4476573169231415,-0.2134619653224945,3.034259557723999,0.5156551333027669,0.5119629179137442,0,0
0.4453257620334625,-0.21064403653144836,3.0339279174804688,0.5112000572766555,0.49635588521752344,0,0
0.44299593567848206,-0.20782332122325897,3.0336132049560547,0.49984118715259207,0.4879159558391322,0,0
0.4406675696372986,-0.20499996840953827,3.0333099365234375,0.5203890238247242,0.4965376550467471,0,0
0.43834102153778076,-0.2021741271018982,3.0330188274383545,0.49702540039972287,0.5054898340376427,0,0
0.4360160529613495,-0.19934602081775665,3.032745361328125,0.5211794639514904,0.49737272921603576,0,0
0.43369266390800476,-0.19651572406291962,3.0324838161468506,0.5115643059221554,0.5002523733078528,0,0
0.43137088418006897,-0.19368334114551544,3.032233715057373,0.5129524677226669,0.5121486471850625,0,0
0.4290505647659302,-0.19084905087947845,3.0319955348968506,0.5060012136711473,0.4868326599984905,0,0
0.42673182487487793,-0.188012957572937,3.031769037246704,0.5214725004535142,0.4930808733574171,0,0
0.42441466450691223,-0.1851751059293747,3.0315487384796143,0.5198038420656915,0.5061753539392198,0,0
0.42209887504577637,-0.18233565986156464,3.0313401222229004,0.5200005030913227,0.5010702137450581,0,0
0.4197845757007599,-0.179494708776474,3.0311436653137207,0.5121392511263475,0.48899840853701926,0,0
0.4174717366695404,-0.17665228247642517,3.0309534072875977,0.4950160584789367,0.5041057264667893,0,0
0.4151601791381836,-0.1738085150718689,3.030769109725952,0.5035730753689907,0.5184767081405606,0,0
0.41284996271133423,-0.17096346616744995,3.0305962562561035,0.4744944841401008,0.4926987018881399,0,0
0.41054093837738037,-0.16811716556549072,3.0304291248321533,0.5077508928544283,0.4986844736892246,0,0
0.4082331955432892,-0.16526970267295837,3.030273914337158,0.4927027597946513,0.4989919673209132,0,0
0.4059267044067383,-0.16242113709449768,3.0301249027252197,0.5088789120123808,0.4886134930865606,0,0
0.4036213755607605,-0.15957151353359222,3.029981851577759,0.5056249571690749,0.48682334635161884,0,0
0.401317298412323,-0.15672090649604797,3.0298452377319336,0.5077429043595603,0.5032710124113795,0,0
0.3990142047405243,-0.15386933088302612,3.029714584350586,0.5144252101193745,0.49755474347457207,0,0
0.3967122435569763,-0.15101686120033264,3.0295896530151367,0.4970472796937756,0.4984092940985706,0,0
0.39441123604774475,-0.1481635421514511,3.029470682144165,0.48745729870151167,0.49629830663269026,0,0
0.3921111822128296,-0.14530938863754272,3.029357433319092,0.5217209697976655,0.5072291745061805,0,0
0.38981205224990845,-0.14245449006557465,3.029249906539917,0.5044222137214015,0.5115919108743664,0,0
0.38751378655433655,-0.13959883153438568,3.029148578643799,0.495795611078608,0.48922640399779627,0,0
0.38521644473075867,-0.1367424577474594,3.0290474891662598,0.5011962025272529,0.5018308145220207,0,0
0.38291996717453003,-0.13388539850711823,3.0289525985717773,0.5147898930272563,0.5013575149825428,0,0
0.38062429428100586,-0.1310276985168457,3.0288634300231934,0.49336589394689084,0.5019043839813583,0,0
0.37832942605018616,-0.12816937267780304,3.028780460357666,0.4956821158657218,0.5000247701160889,0,0
0.37603524327278137,-0.12531045079231262,3.0286972522735596,0.5102042408547486,0.4970903551842698,0,0
0.3737417757511139,-0.12245097756385803,3.0286197662353516,0.4923276431841612,0.5079027265599401,0,0
0.37144899368286133,-0.11959097534418106,3.028548002243042,0.4833772812535076,0.4923158957113841,0,0
0.3691568970680237,-0.1167304739356041,3.0284764766693115,0.4999289650403147,0.5075572555488643,0,0
0.3668654263019562,-0.11386948078870773,3.0284111499786377,0.4922801662278063,0.4985685655302358,0,0
0.3645746111869812,-0.11100798845291138,3.028345823287964,0.49769771378683925,0.5005471496759943,0,0
0.36228427290916443,-0.10814607888460159,3.0282866954803467,0.49364235318209465,0.5129946552355283,0,0
0.35999444127082825,-0.105283722281456,3.0282273292541504,0.5028700729173851,0.5011797816718874,0,0
0.35770517587661743,-0.10242098569869995,3.0281736850738525,0.5009423828400852,0.5199743198562433,0,0
0.35541635751724243,-0.09955786168575287,3.0281200408935547,0.4946829493463392,0.5007540634680658,0,0
0.3531280755996704,-0.09669434279203415,3.0280725955963135,0.4972860204412818,0.49054302512982656,0,0
0.35084015130996704,-0.09383048862218857,3.028024911880493,0.5069443529136888,0.4904488018868547,0,0
0.34855273365974426,-0.09096628427505493,3.027977466583252,0.4891065030115582,0.5137334011142135,0,0
0.3462657928466797,-0.08810175955295563,3.0279359817504883,0.5109858847667682,0.477802054547326,0,0
0.34397920966148376,-0.08523692935705185,3.0278947353363037,0.510886140430918,0.4949281866542321,0,0
0.3416930139064789,-0.0823717936873436,3.02785325050354,0.4896807556469439,0.48997509674463574,0,0
0.33940717577934265,-0.07950638234615326,3.027817726135254,0.4976252924595995,0.5007867940328826,0,0
0.3371216952800751,-0.07664071023464203,3.0277819633483887,0.5058860324916714,0.5045210678082317,0,0
0.33483651280403137,-0.0737747848033905,3.0277462005615234,0.5117819786365553,0.5092149006317845,0,0
0.33255162835121155,-0.07090860605239868,3.027716636657715,0.5001571767762756,0.5103093185142923,0,0
0.330267071723938,-0.06804218888282776,3.027686834335327,0.49025340051875954,0.5103217558854273,0,0
0.3279828131198883,-0.06517556309700012,3.0276572704315186,0.4990928337310998,0.5056535002928605,0,0
0.3256988227367401,-0.06230870634317398,3.027627944946289,0.5046180634700784,0.5063275679519996,0,0
0.3234151005744934,-0.05944165587425232,3.027604103088379,0.49988884264130135,0.5125288441851644,0,0
0.3211316168308258,-0.05657442286610603,3.027580499649048,0.4879674278370108,0.47943339424929526,0,0
0.3188484013080597,-0.05370698496699333,3.0275566577911377,0.5152137958906057,0.5019282169811137,0,0
0.3165653645992279,-0.0508393794298172,3.0275328159332275,0.5093941500301182,0.49427756640789583,0,0
0.3142825663089752,-0.04797160252928734,3.0275089740753174,0.4984764627324846,0.49939883822679726,0,0
0.31199997663497925,-0.04510366916656494,3.0274910926818848,0.49172098854483826,0.5046786661679857,0,0
0.3097175359725952,-0.04223557561635971,3.0274734497070312,0.5089239093091956,0.4856415521751981,0,0
0.30743536353111267,-0.03936734423041344,3.0274558067321777,0.49650587461787665,0.490289777038471,0,0
0.3051532804965973,-0.03649896755814552,3.027437925338745,0.501944221422698,0.5056177482984933,0,0
0.30287137627601624,-0.033630456775426865,3.0274200439453125,0.49321127611753796,0.5111210850034977,0,0
0.3005896508693695,-0.030761828646063805,3.02740216255188,0.5124044869535431,0.5112915951036705,0,0
0.2983081340789795,-0.027893071994185448,3.027390241622925,0.4969787271010236,0.49809964559459613,0,0
0.29602673649787903,-0.025024201720952988,3.027378559112549,0.4869253123049534,0.49063614686991225,0,0
0.2937454581260681,-0.022155219689011574,3.0273666381835938,0.49188883913951004,0.5145271827109577,0,0
0.29146429896354675,-0.019286131486296654,3.0273549556732178,0.5176254825834048,0.4933086446432036,0,0
0.28918328881263733,-0.016416940838098526,3.027343273162842,0.5118768195505498,0.4955605260440409,0,0
0.28690239787101746,-0.013547654263675213,3.027331590652466,0.493167365590517,0.4832038027195048,0,0
0.28462162613868713,-0.01067828107625246,3.0273196697235107,0.4900531983850992,0.4926837072293421,0,0
0.2823409140110016,-0.007808815687894821,3.0273079872131348,0.5019759039191332,0.4737115154531496,0,0
0.28006038069725037,-0.004939273931086063,3.0272960662841797,0.49479558320502504,0.5095998638846047,0,0
0.2777799665927887,-0.0020696523133665323,3.0272903442382812,0.5077843037627092,0.4826632094788502,0,0
0.2754996418952942,0.000800041772890836,3.0272843837738037,0.4930518693910541,0.5102327586758073,0,0
0.2732193171977997,0.003669808153063059,3.0272786617279053,0.5032618305005715,0.49054482232375646,0,0
0.2709391117095947,0.00653964513912797,3.0272727012634277,0.5012560296570685,0.511022483262214,0,0
0.2686590552330017,0.009409544058144093,3.0272669792175293,0.5004909628928835,0.4965216073247371,0,0
0.2663790285587311,0.012279508635401726,3.0272610187530518,0.49189603095451967,0.5029548159092437,0,0
0.2640990912914276,0.01514953002333641,3.027255058288574,0.5090028263279722,0.5212068551122631,0,0
0.2618192136287689,0.01801961474120617,3.0272490978240967,0.5117615993217154,0.5037772907924533,0,0
0.2595394253730774,0.020889749750494957,3.0272433757781982,0.49746494726783635,0.490370261429267,0,0
0.25725969672203064,0.023759936913847923,3.0272374153137207,0.5104114910312214,0.4864701595983775,0,0
0.25498002767562866,0.02663017250597477,3.0272319316864014,0.5019194464232637,0.4941174938192331,0,0
0.25270041823387146,0.029500452801585197,3.027226209640503,0.5070974532844305,0.4802287471837053,0,0
0.25042083859443665,0.032370779663324356,3.0272202491760254,0.502047664289362,0.49786783937763224,0,0
0.2481413334608078,0.03524114191532135,3.027214527130127,0.4832608227921803,0.4964282797346449,0,0
0.24586187303066254,0.03811154142022133,3.0272085666656494,0.5182117555980809,0.504850308617054,0,0
0.24358244240283966,0.040981974452733994,3.0272085666656494,0.4993865693182367,0.49604059860548433,0,0
0.24130305647850037,0.043852437287569046,3.0272085666656494,0.5076609971297001,0.4992224238856228,0,0
0.23902367055416107,0.04672292619943619,3.0272085666656494,0.5007434467256093,0.49815403077592346,0,0
0.23674435913562775,0.049593452364206314,3.0272085666656494,0.49342223517955164,0.5025944355364359,0,0
0.234465092420578,0.052464015781879425,3.0272085666656494,0.49661239266838186,0.48746403808974065,0,0
0.23218584060668945,0.05533459782600403,3.0272085666656494,0.5125753534712556,0.5193569312617053,0,0
0.2299066185951233,0.05820522457361221,3.0272085666656494,0.4895275557751693,0.48507649163223804,0,0
0.2276274561882019,0.06107587739825249,3.0272085666656494,0.49879524998431174,0.4821992437935872,0,0
0.2253483533859253,0.06394656747579575,3.0272085666656494,0.49767995055490905,0.5127585559307335,0,0
0.22306925058364868,0.0668172761797905,3.0272085666656494,0.5019046259713597,0.5011677490579223,0,0
0.22079019248485565,0.06968802958726883,3.0272085666656494,0.5079404716023294,0.49456530221996214,0,0
0.218511164188385,0.07255880534648895,3.0272085666656494,0.4924627339806408,0.5079145347211288,0,0
0.21623221039772034,0.07542961835861206,3.0272085666656494,0.498174441566653,0.48619626188484993,0,0
0.21395327150821686,0.07830045372247696,3.0272085666656494,0.49189653350923473,0.5162269776774127,0,0
0.21167439222335815,0.08117132633924484,3.0272085666656494,0.4974897723819684,0.504308743431201,0,0
0.20939552783966064,0.08404222875833511,3.0272085666656494,0.5235019726178349,0.49487281245835546,0,0
0.20711667835712433,0.08691315352916718,3.0272085666656494,0.5087140900309517,0.48772873476595374,0,0
0.2048378735780716,0.08978411555290222,3.0272085666656494,0.4948277216850572,0.4968530241261342,0,0
0.20255914330482483,0.09265509992837906,3.0272085666656494,0.4973698237446824,0.49997983476742225,0,0
0.20028042793273926,0.09552611410617828,3.0272085666656494,0.48806699974039086,0.48817632528466226,0,0
0.19800180196762085,0.0983971655368805,3.0272085666656494,0.48339296879735405,0.49932389462157767,0,0
0.19572314620018005,0.1012682393193245,3.0272085666656494,0.5013604042716132,0.5134564038890022,0,0
0.19344456493854523,0.10413934290409088,3.0272085666656494,0.5050119033106046,0.5066830058455164,0,0
0.1911659836769104,0.10701048374176025,3.0272085666656494,0.5038276919298612,0.5094587905946873,0,0
0.18888747692108154,0.10988166183233261,3.0272085666656494,0.4955040524866211,0.4965248209944327,0,0
0.18660898506641388,0.11275286227464676,3.0272085666656494,0.49148970352494065,0.49514250750152766,0,0
0.1843305379152298,0.1156240925192833,3.0272085666656494,0.5083548249146695,0.4974429399760837,0,0
0.1820521503686905,0.11849536746740341,3.0272085666656494,0.5128671552088774,0.4862244555100159,0,0
0.17977377772331238,0.12136664986610413,3.0272085666656494,0.4872725509057612,0.501904084916729,0,0
0.17749540507793427,0.12423796206712723,3.0272085666656494,0.48107777977084143,0.5045873126356941,0,0
0.17521707713603973,0.12710930407047272,3.0272085666656494,0.5037316359391414,0.4993250104987398,0,0
0.17293882369995117,0.1299806833267212,3.0272085666656494,0.4943450306860239,0.5132363601458726,0,0
0.1706605702638626,0.13285209238529205,3.0272085666656494,0.494566488408113,0.5044468291110576,0,0
0.16838234663009644,0.1357235312461853,3.0272085666656494,0.5020863585567755,0.4947864780350118,0,0
0.16610415279865265,0.13859499990940094,3.0272085666656494,0.5061796034466635,0.5101049046991635,0,0
0.16382601857185364,0.14146648347377777,3.0272085666656494,0.48146375143979075,0.4985541875956795,0,0
0.16154791414737701,0.14433801174163818,3.0272085666656494,0.4892356621233706,0.4847130146373096,0,0
0.15926983952522278,0.1472095549106598,3.0272085666656494,0.49762383611412614,0.50039691440551,0,0
0.15699179470539093,0.15008112788200378,3.0272085666656494,0.4839996841431333,0.4966503611207754,0,0
0.15471377968788147,0.15295274555683136,3.0272085666656494,0.5067774266856842,0.5051829175684855,0,0
0.1524357944726944,0.15582437813282013,3.0272085666656494,0.505883127522451,0.5017743248519667,0,0
0.1501578539609909,0.1586960405111313,3.0272085666656494,0.5135631568856677,0.49591481096725665,0,0
0.1478799432516098,0.16156771779060364,3.0272085666656494,0.5027890774833259,0.4999116163166859,0,0
0.14560207724571228,0.16443942487239838,3.0272085666656494,0.4939739388168191,0.472441735758532,0,0
0.14332427084445953,0.1673111766576767,3.0272085666656494,0.492720198072183,0.5088903994707948,0,0
0.1410464495420456,0.1701829433441162,3.0272085666656494,0.4945096150150953,0.500237284871285,0,0
0.13876867294311523,0.17305472493171692,3.0272085666656494,0.5152432052843355,0.4893552283387188,0,0
0.13649094104766846,0.1759265512228012,3.0272085666656494,0.5032021577846947,0.48764698754873703,0,0
0.13421322405338287,0.1787983924150467,3.0272085666656494,0.49911002620740663,0.48103010747656294,0,0
0.13193556666374207,0.18167027831077576,3.0272085666656494,0.49827241228266544,0.5214993430426739,0,0
0.12965790927410126,0.18454216420650482,3.0272085666656494,0.49362255216488804,0.48126133535982835,0,0
0.12738029658794403,0.18741409480571747,3.0272085666656494,0.49328620113941657,0.5095930743575477,0,0
0.12510272860527039,0.19028599560260773,3.0272085666656494,0.48672478216058146,0.4979858625706023,0,0
0.12282519787549973,0.19315801560878754,3.0272085666656494,0.49430045547739443,0.49775879794871014,0,0
0.12054768949747086,0.19602997601032257,3.0272085666656494,0.5013159262350612,0.5135308220536873,0,0
0.11827020347118378,0.19890201091766357,3.0272085666656494,0.4946928796000087,0.5019184310263931,0,0
0.11599276214838028,0.20177409052848816,3.0272085666656494,0.5127293229623305,0.48081555089287903,0,0
0.11371535807847977,0.20464612543582916,3.0272085666656494,0.48265046239578324,0.48128187336265144,0,0
0.11143798381090164,0.20751826465129852,3.0272085666656494,0.5068229639517755,0.5033125413122108,0,0
0.10916063189506531,0.21039041876792908,3.0272085666656494,0.5038552432016429,0.48125983443124,0,0
0.10688331723213196,0.21326254308223724,3.0272085666656494,0.49276312479642226,0.4971669092594726,0,0
0.104606032371521,0.216134712100029,3.0272085666656494,0.49837211586361646,0.5221051225356413,0,0
0.10232875496149063,0.2190069556236267,3.0272085666656494,0.500170174319528,0.4983792548790828,0,0
0.10005152970552444,0.22187922894954681,3.0272085666656494,0.4946661916367726,0.5025399379604523,0,0
0.09777433425188065,0.22475147247314453,3.0272085666656494,0.4908240544266978,0.5082448132037994,0,0
0.09549716860055923,0.22762376070022583,3.0272085666656494,0.5056720559869128,0.49287863943226934,0,0
0.09322002530097961,0.23049606382846832,3.0272085666656494,0.5151378191598659,0.4936912269186961,0,0
0.0909428596496582,0.2333683967590332,3.0272085666656494,0.4961503774343615,0.5028211439065272,0,0
0.08866572380065918,0.23624075949192047,3.0272085666656494,0.4915675221489498,0.49498829274779166,0,0
0.08638860285282135,0.23911309242248535,3.0272085666656494,0.5019512951457543,0.5093882955212369,0,0
0.08411149680614471,0.24198541045188904,3.0272085666656494,0.5024951138570223,0.5009784256960107,0,0
0.08183439821004868,0.2448577582836151,3.0272085666656494,0.49728481588136736,0.4920112677366363,0,0
0.07955732196569443,0.24773012101650238,3.0272085666656494,0.5040061120136632,0.4991882088043187,0,0
0.07728025317192078,0.25060248374938965,3.0272085666656494,0.4948726727607134,0.5060537219370845,0,0
0.07500319182872772,0.2534748911857605,3.0272085666656494,0.500813125317401,0.4724722140956373,0,0
0.07272614538669586,0.25634729862213135,3.0272085666656494,0.5092253640062107,0.5035957316985639,0,0
0.0704491063952446,0.2592197060585022,3.0272085666656494,0.4912476356908624,0.4851945576844603,0,0
0.06817207485437393,0.26209208369255066,3.0272085666656494,0.49005705641787745,0.5119602156235084,0,0
0.06589505076408386,0.2649644911289215,3.0272085666656494,0.49177951300921235,0.47917732267861973,0,0
0.06361804157495499,0.26783692836761475,3.0272085666656494,0.5021323989780061,0.4889080530969902,0,0
0.061341043561697006,0.2707093358039856,3.0272085666656494,0.505168113375389,0.49615210837262763,0,0
0.05906406044960022,0.27358177304267883,3.0272085666656494,0.5090228832941934,0.500495708693118,0,0
0.05678709223866463,0.27645424008369446,3.0272085666656494,0.5124433578716603,0.5056806235345619,0,0
0.05451012775301933,0.2793267071247101,3.0272085666656494,0.4853154990078034,0.4947243891840966,0,0
0.05223317816853523,0.2821992039680481,3.0272085666656494,0.49530818009543115,0.51160195414406,0,0
0.04995623603463173,0.2850717008113861,3.0272085666656494,0.49502373727569715,0.5002990116177056,0,0
0.04767930880188942,0.2879441976547241,3.0272085666656494,0.49084492604208796,0.4998282048500465,0,0
0.04540238901972771,0.2908167243003845,3.0272085666656494,0.5147241477001041,0.4964037465996063,0,0
0.04312548413872719,0.2936892509460449,3.0272085666656494,0.4956441627305523,0.4886552382215284,0,0
0.04084858298301697,0.2965617775917053,3.0272085666656494,0.5025969475460047,0.49049240657475845,0,0
0.03857169672846794,0.2994343042373657,3.0272085666656494,0.5077647365936943,0.501288619264558,0,0
0.03629481419920921,0.3023068606853485,3.0272085666656494,0.5189865240382989,0.505454871543669,0,0
0.03401794657111168,0.3051794171333313,3.0272085666656494,0.5012257474704842,0.4978529611154672,0,0
0.03174109011888504,0.3080520033836365,3.0272085666656494,0.49604020045040187,0.513701354591575,0,0
0.02946423925459385,0.31092458963394165,3.0272085666656494,0.49606947762418396,0.4950890086246181,0,0
0.027187403291463852,0.31379714608192444,3.0272085666656494,0.5056092059637161,0.4961833568026439,0,0
0.024910572916269302,0.316669762134552,3.0272085666656494,0.4972429565710405,0.4897290079094669,0,0
0.022633763030171394,0.31954237818717957,3.0272085666656494,0.49088494296705343,0.4942108892405115,0,0
0.020356936380267143,0.32241499423980713,3.0272085666656494,0.5135885326072633,0.503101711144506,0,0
0.018080106005072594,0.3252876102924347,3.0272085666656494,0.502128317125263,0.49302918931260203,0,0
0.01580326072871685,0.32816022634506226,3.0272085666656494,0.5021420649328243,0.5039197246609611,0,0
0.01352640986442566,0.3310328423976898,3.0272085666656494,0.48722015773892047,0.4924450122639494,0,0
0.011249551549553871,0.333905428647995,3.0272085666656494,0.4839447931103018,0.509213054182749,0,0
0.008972682058811188,0.33677801489830017,3.0272085666656494,0.4864202808399455,0.4870690030812514,0,0
0.0066958083771169186,0.33965057134628296,3.0272085666656494,0.5131345206888573,0.49917756283244963,0,0
0.004418922122567892,0.34252312779426575,3.0272085666656494,0.4911311232857533,0.49107043836597325,0,0
0.002142029581591487,0.3453957140445709,3.0272085666656494,0.5106082658112948,0.49489565903966737,0,0
-0.00013487160322256386,0.3482683002948761,3.0272085666656494,0.5005148054611109,0.5056404416775668,0,0
-0.002411782508715987,0.3511408567428589,3.0272085666656494,0.5094302777106565,0.5049575552094364,0,0
-0.004688700661063194,0.35401350259780884,3.0272085666656494,0.505356502091885,0.5043754387661938,0,0
-0.006965628359466791,0.356886088848114,3.0272085666656494,0.4989698345839426,0.5015372277536123,0,0
-0.00924256257712841,0.359758585691452,3.0272085666656494,0.5004130304007722,0.517850144182169,0,0
-0.011519508436322212,0.3626312017440796,3.0272085666656494,0.5057981806345515,0.492263990276114,0,0
-0.013796457089483738,0.3655036985874176,3.0272085666656494,0.4853479915192226,0.4862958351437412,0,0
-0.016073420643806458,0.36837634444236755,3.0272085666656494,0.5019007062023556,0.49874597665919074,0,0
-0.01835038885474205,0.3712488114833832,3.0272085666656494,0.4994030575386837,0.4919054118761048,0,0
-0.02062736079096794,0.37412145733833313,3.0272085666656494,0.5036508321877466,0.5136068846234294,0,0
-0.022904343903064728,0.37699392437934875,3.0272085666656494,0.49649411568361107,0.493920710467095,0,0
-0.02518133819103241,0.3798665702342987,3.0272085666656494,0.4993976251555831,0.49757433621081276,0,0
-0.02745833806693554,0.38273903727531433,3.0272085666656494,0.5073557524342419,0.5065995629488049,0,0
-0.029735347256064415,0.3856116235256195,3.0272085666656494,0.507502719693098,0.5103525567689438,0,0
-0.03201236203312874,0.38848406076431274,3.0272085666656494,0.5082690391168483,0.48932025405886226,0,0
-0.03428938239812851,0.3913566470146179,3.0272085666656494,0.5071981751607618,0.4924830312822955,0,0
-0.03656641021370888,0.39422908425331116,3.0272085666656494,0.5144638983055658,0.5200141207307963,0,0
-0.03884345293045044,0.3971017003059387,3.0272085666656494,0.5047040223579923,0.49042818903799573,0,0
-0.0411204993724823,0.3999742269515991,3.0272085666656494,0.4951176207338562,0.501369912762451,0,0
-0.043397556990385056,0.4028467535972595,3.0272085666656494,0.49483592540567317,0.5125201511604452,0,0
-0.04567462205886841,0.40571922063827515,3.0272085666656494,0.5064307368376593,0.5007658928103287,0,0
-0.04795169457793236,0.40859171748161316,3.0272085666656494,0.4919946247903668,0.5067415171054671,0,0
-0.050228774547576904,0.41146430373191833,3.0272085666656494,0.496530708231279,0.49415104800653087,0,0
-0.05250585824251175,0.4143367111682892,3.0272085666656494,0.4956670711922886,0.48427223478191167,0,0
-0.05478294938802719,0.41720929741859436,3.0272085666656494,0.48645392591155756,0.5169296330006105,0,0
-0.05706005543470383,0.4200816750526428,3.0272085666656494,0.4953333024188003,0.4953575738553007,0,0
-0.05933716520667076,0.4229542016983032,3.0272085666656494,0.48017226128781854,0.49893580970585444,0,0
-0.061614274978637695,0.4258266091346741,3.0272085666656494,0.5131168535755426,0.5091378058979332,0,0
-0.06389140337705612,0.42869919538497925,3.0272085666656494,0.4976991666389134,0.5059935104811728,0,0
-0.06616853177547455,0.4315716028213501,3.0272085666656494,0.5279971900143572,0.4967588452411638,0,0
-0.06844567507505417,0.4344441592693329,3.0272085666656494,0.4997384953196377,0.4890905293330859,0,0
-0.07072282582521439,0.43731650710105896,3.0272085666656494,0.4989041974772555,0.5047036563720897,0,0
-0.0729999914765358,0.4401889741420746,3.0272085666656494,0.5046760027196521,0.4915901741428543,0,0
-0.0752771645784378,0.4430614411830902,3.0272085666656494,0.5098857091223876,0.49218640015607934,0,0
-0.07755433768033981,0.44593390822410583,3.0272085666656494,0.5020693539566883,0.502693727075605,0,0
-0.07983151078224182,0.4488064646720886,3.0272085666656494,0.509208491331521,0.4926857049343569,0,0
-0.08210869878530502,0.4516788125038147,3.0272085666656494,0.4972345566000776,0.5012988756518645,0,0
-0.08438589423894882,0.4545513689517975,3.0272085666656494,0.51062044029447,0.4826816520050844,0,0
-0.08666309714317322,0.45742374658584595,3.0272085666656494,0.49066095025470646,0.4985330332047252,0,0
-0.08894030004739761,0.46029627323150635,3.0272085666656494,0.4926095383160591,0.5039223874210452,0,0
-0.09121749550104141,0.4631686210632324,3.0272085666656494,0.5149997313080467,0.49919021978780725,0,0
-0.0934947207570076,0.4660411477088928,3.0272085666656494,0.4978890682869207,0.49703441449666935,0,0
-0.09577194601297379,0.4689134955406189,3.0272085666656494,0.5069733528966321,0.486317018097911,0,0
-0.09804916381835938,0.47178593277931213,3.0272085666656494,0.5010406608080472,0.502810428000677,0,0
-0.10032639652490616,0.47465842962265015,3.0272085666656494,0.4958130841563812,0.504057407607637,0,0
-0.10260363668203354,0.4775307774543762,3.0272085666656494,0.5130343315694413,0.494048215399627,0,0
-0.10488089919090271,0.48040327429771423,3.0272085666656494,0.4911047258933384,0.48898312702714497,0,0
-0.10715816915035248,0.4832756221294403,3.0272085666656494,0.4960999358431483,0.5160249398441323,0,0
-0.10943546146154404,0.4861481189727783,3.0272085666656494,0.4966599465536283,0.5066278681048544,0,0
-0.111712746322155,0.4890204071998596,3.0272085666656494,0.49876464210693355,0.4945580457251971,0,0
-0.11399001628160477,0.49189284443855286,3.0272085666656494,0.48884200387680815,0.4875448517047751,0,0
-0.11626730114221573,0.4947652518749237,3.0272085666656494,0.5040529417535428,0.5055199249838808,0,0
-0.11854460090398788,0.49763765931129456,3.0272085666656494,0.5103599988682966,0.48099279670806533,0,0
-0.12082190811634064,0.5005101561546326,3.0272085666656494,0.4828994428093277,0.4906328135382777,0,0
-0.12309923022985458,0.5033825039863586,3.0272085666656494,0.4998252789840665,0.5004531827524201,0,0
-0.12537653744220734,0.5062549710273743,3.0272085666656494,0.49488748391306,0.5058156992436795,0,0
-0.12765386700630188,0.5091273188591003,3.0272085666656494,0.5073534272685886,0.5056823758892474,0,0
-0.12993119657039642,0.511999785900116,3.0272085666656494,0.5038101677716511,0.48991627418843375,0,0
-0.13220855593681335,0.514872133731842,3.0272085666656494,0.5035768199291321,0.4980530941270392,0,0
-0.1344859004020691,0.5177446007728577,3.0272085666656494,0.5024270465435098,0.48475171409500184,0,0
-0.13676327466964722,0.5206170082092285,3.0272085666656494,0.4923260320387375,0.4728563510074701,0,0
-0.13904061913490295,0.5234893560409546,3.0272085666656494,0.4931442564628398,0.4892982796840837,0,0
-0.14131797850131989,0.526361882686615,3.0272085666656494,0.49292533870879135,0.5096690536552207,0,0
-0.143595352768898,0.5292341709136963,3.0272085666656494,0.4953145095915088,0.498270628584236,0,0
-0.14587272703647614,0.5321065783500671,3.0272085666656494,0.49972524882701125,0.49404611714247665,0,0
-0.14815011620521545,0.5349788069725037,3.0272085666656494,0.49940894981507045,0.5123922810378678,0,0
-0.15042750537395477,0.5378512144088745,3.0272085666656494,0.5020875071183445,0.49180574102211344,0,0
-0.15270490944385529,0.5407235622406006,3.0272085666656494,0.5025950529040885,0.5084670440662883,0,0
-0.1549823135137558,0.5435958504676819,3.0272085666656494,0.5011285976989227,0.5101951910059326,0,0
-0.1572597175836563,0.5464683175086975,3.0272085666656494,0.5075028608265321,0.5181603182046194,0,0
-0.15953713655471802,0.549340546131134,3.0272085666656494,0.48558995278020817,0.4881304092858048,0,0
-0.16181454062461853,0.5522129535675049,3.0272085666656494,0.4929892242653725,0.48807845865189814,0,0
-0.16409197449684143,0.5550852417945862,3.0272085666656494,0.49876868647823497,0.5008587792956207,0,0
-0.16636940836906433,0.5579575896263123,3.0272085666656494,0.48535670003408027,0.5037788125677498,0,0
-0.16864685714244843,0.5608299970626831,3.0272085666656494,0.5175359463078767,0.5009491382480623,0,0
-0.17092430591583252,0.5637022256851196,3.0272085666656494,0.4972482365170974,0.4847649532913323,0,0
-0.1732017695903778,0.5665746331214905,3.0272085666656494,0.502082577263889,0.4876339000977552,0,0
-0.1754792481660843,0.569446861743927,3.0272085666656494,0.5020290236951277,0.49617307689170936,0,0
-0.17775672674179077,0.5723192691802979,3.0272085666656494,0.5202382008753086,0.5106982862522926,0,0
-0.18003422021865845,0.5751916170120239,3.0272085666656494,0.5075157845514982,0.5092588739386531,0,0
-0.18231171369552612,0.5780639052391052,3.0272085666656494,0.5026664123813955,0.4969733441981356,0,0
-0.18458916246891022,0.5809363126754761,3.0272085666656494,0.48724372238541913,0.49754466642165096,0,0
-0.1868666708469391,0.5838085412979126,3.0272085666656494,0.5087436140974485,0.49797780666316876,0,0
-0.18914414942264557,0.5866809487342834,3.0272085666656494,0.4935200098722876,0.49540174719734564,0,0
-0.19142165780067444,0.5895532369613647,3.0272085666656494,0.5068614582068439,0.5076676852743244,0,0
-0.1936991661787033,0.592425525188446,3.0272085666656494,0.5063752412949499,0.49109833391252666,0,0
-0.19597670435905457,0.5952979326248169,3.0272085666656494,0.48969143551800376,0.5047430763284364,0,0
-0.19825422763824463,0.5981701612472534,3.0272085666656494,0.48098414270710854,0.49810262659484617,0,0
-0.2005317360162735,0.6010425090789795,3.0272085666656494,0.5268128101145296,0.49799163517016204,0,0
-0.20280928909778595,0.6039146780967712,3.0272085666656494,0.4894433146420307,0.49658446604879636,0,0
-0.2050868272781372,0.6067869663238525,3.0272085666656494,0.5009307782891914,0.5045486364590342,0,0
-0.20736438035964966,0.6096593737602234,3.0272085666656494,0.4924110471624459,0.514948541424029,0,0
-0.2096419334411621,0.6125315427780151,3.0272085666656494,0.4945913054263478,0.5015684790385757,0,0
-0.21191945672035217,0.6154038906097412,3.0272085666656494,0.5168864485273508,0.522354131272505,0,0
-0.214197039604187,0.6182761192321777,3.0272085666656494,0.48578488127609715,0.47804893966942585,0,0
-0.21647460758686066,0.621148407459259,3.0272085666656494,0.5136308661803111,0.49890978945874076,0,0
-0.2187521755695343,0.6240207552909851,3.0272085666656494,0.5019702515637997,0.5124557543685416,0,0
-0.22102975845336914,0.6268929839134216,3.0272085666656494,0.47630864167622566,0.49384660439474504,0,0
-0.22330732643604279,0.6297653913497925,3.0272085666656494,0.5101344583763784,0.49292642230533945,0,0
-0.2255849391222,0.632637619972229,3.0272085666656494,0.5015719793570886,0.49304239606706357,0,0
-0.22786252200603485,0.6355099081993103,3.0272085666656494,0.5113710421586344,0.5012102342739954,0,0
-0.23014013469219208,0.6383822560310364,3.0272085666656494,0.5035848303383961,0.49725896553665366,0,0
-0.2324177622795105,0.6412544250488281,3.0272085666656494,0.49738161812160125,0.48307848574332996,0,0
-0.23469537496566772,0.644126832485199,3.0272085666656494,0.5015730180846444,0.48777429521269666,0,0
-0.23697298765182495,0.6469990611076355,3.0272085666656494,0.48374538803901757,0.5036109296819922,0,0
-0.23925063014030457,0.6498714089393616,3.0272085666656494,0.5089226224324629,0.5077363973676494,0,0
-0.2415282428264618,0.6527437567710876,3.0272085666656494,0.48797820315779933,0.49883470541080077,0,0
-0.2438058853149414,0.6556159257888794,3.0272085666656494,0.5078270809828518,0.49230879830409535,0,0
-0.2460835576057434,0.6584883332252502,3.0272085666656494,0.5018284678315965,0.5169955089802154,0,0
-0.24836118519306183,0.6613605618476868,3.0272085666656494,0.4940449497765724,0.49854376282759794,0,0
-0.25063881278038025,0.6642328500747681,3.0272085666656494,0.4889173560493312,0.5097673963454572,0,0
-0.25291651487350464,0.6671051383018494,3.0272085666656494,0.5060050001846151,0.4939931100268859,0,0
-0.25519415736198425,0.6699773073196411,3.0272085666656494,0.5048112362901832,0.5063988811494069,0,0
-0.25747182965278625,0.6728495955467224,3.0272085666656494,0.49227785591232315,0.48701890140589604,0,0
-0.25974953174591064,0.6757217645645142,3.0272085666656494,0.49077395239437155,0.4984893718494608,0,0
-0.26202717423439026,0.6785939931869507,3.0272085666656494,0.4954086184132914,0.5106454329495234,0,0
-0.26430484652519226,0.6814663410186768,3.0272085666656494,0.5179601620591404,0.5116210152997938,0,0
-0.26658257842063904,0.6843385100364685,3.0272085666656494,0.5097930032113771,0.499458795160296,0,0
-0.2688602805137634,0.6872108578681946,3.0272085666656494,0.49453282436659607,0.48928851230566855,0,0
-0.2711379826068878,0.6900830268859863,3.0272085666656494,0.4943987652321731,0.503409702407208,0,0
-0.2734156847000122,0.6929551959037781,3.0272085666656494,0.5097905198069261,0.4624947851176877,0,0
-0.2756933569908142,0.6958274841308594,3.0272085666656494,0.48736383512228687,0.5023313370856197,0,0
-0.277971088886261,0.6986996531486511,3.0272085666656494,0.5008017203455843,0.48617922456013557,0,0
-0.2802487909793854,0.7015718817710876,3.0272085666656494,0.5138290104678355,0.505341692026649,0,0
-0.28252649307250977,0.7044441103935242,3.0272085666656494,0.5047949327748894,0.5009255917579899,0,0
-0.28480425477027893,0.7073163390159607,3.0272085666656494,0.4959969352443859,0.5045396462799064,0,0
-0.2870819866657257,0.7101885080337524,3.0272085666656494,0.5085369767486358,0.48626454690161225,0,0
-0.2893597185611725,0.713060736656189,3.0272085666656494,0.5056431202331999,0.49091337605528335,0,0
-0.29163745045661926,0.7159329056739807,3.0272085666656494,0.5001249194542189,0.4900138208674396,0,0
-0.2939152121543884,0.7188050746917725,3.0272085666656494,0.4869052034773178,0.5259729747499599,0,0
-0.29619300365448,0.7216774225234985,3.0272085666656494,0.496896777286748,0.5044477855340849,0,0
-0.29847073554992676,0.7245496511459351,3.0272085666656494,0.5010524405357804,0.5048505382345864,0,0
-0.3007484972476959,0.7274218201637268,3.0272085666656494,0.49288885265191806,0.48995806771936984,0,0
-0.3030262291431427,0.7302941679954529,3.0272085666656494,0.5070494009325506,0.4959914531188312,0,0
-0.30530402064323425,0.7331663370132446,3.0272085666656494,0.5079353623724692,0.5034113333535658,0,0
-0.3075817823410034,0.7360385656356812,3.0272085666656494,0.5017807331645163,0.5017684015352064,0,0
-0.30985960364341736,0.7389106154441833,3.0272085666656494,0.48620546757362926,0.47765754391917525,0,0
-0.3121374249458313,0.7417827248573303,3.0272085666656494,0.5037612066171351,0.4895897297136184,0,0
-0.31441521644592285,0.7446549534797668,3.0272085666656494,0.5061140608166572,0.4894977387318133,0,0
-0.3166930377483368,0.747527003288269,3.0272085666656494,0.4904940288204742,0.4884241471745145,0,0
-0.3189708888530731,0.750399112701416,3.0272085666656494,0.490006240555314,0.4968513531518042,0,0
-0.32124871015548706,0.7532714009284973,3.0272085666656494,0.5039553234652276,0.4957836886696822,0,0
-0.3235265612602234,0.7561434507369995,3.0272085666656494,0.49424811647062544,0.48542003260632904,0,0
-0.32580435276031494,0.7590157389640808,3.0272085666656494,0.4980566760793269,0.4952068436638808,0,0
-0.32808220386505127,0.7618879079818726,3.0272085666656494,0.5089915339312786,0.4931345538549676,0,0
-0.3303600251674652,0.7647600769996643,3.0272085666656494,0.5039211265480467,0.5027658971134945,0,0
-0.33263784646987915,0.7676323652267456,3.0272085666656494,0.48666412528561376,0.4984703974253637,0,0
-0.3349156677722931,0.7705045342445374,3.0272085666656494,0.4920674471906628,0.504726131396334,0,0
-0.3371935486793518,0.7733765840530396,3.0272085666656494,0.4951973208005215,0.4979374807344695,0,0
-0.3394714295864105,0.7762487530708313,3.0272085666656494,0.5115672486612215,0.48602114330690466,0,0
-0.34174931049346924,0.7791208028793335,3.0272085666656494,0.4834893175789071,0.5103535413890249,0,0
-0.34402719140052795,0.7819928526878357,3.0272085666656494,0.5004102762288047,0.5092598151185961,0,0
-0.3463050127029419,0.784865140914917,3.0272085666656494,0.49502020284133985,0.48539772805594816,0,0
-0.348582923412323,0.7877371907234192,3.0272085666656494,0.5005432508924561,0.4866953270881073,0,0
-0.3508608043193817,0.7906092405319214,3.0272085666656494,0.5126028612451256,0.5096284803307077,0,0
-0.3531387150287628,0.7934814691543579,3.0272085666656494,0.49990554245156804,0.48508164799366565,0,0
-0.35541656613349915,0.7963535785675049,3.0272085666656494,0.503000047074473,0.49774363735197386,0,0
-0.35769447684288025,0.7992257475852966,3.0272085666656494,0.5011869907497162,0.5030426007115703,0,0
-0.35997241735458374,0.8020980954170227,3.0272085666656494,0.495243358750451,0.47513229363240955,0,0
-0.36225026845932007,0.8049702048301697,3.0272085666656494,0.4902101438423854,0.4907027630340661,0,0
-0.36452817916870117,0.8078423738479614,3.0272085666656494,0.4926615721026037,0.5085103821385432,0,0
-0.3668060600757599,0.8107144236564636,3.0272085666656494,0.5077011767726155,0.5067490927966578,0,0
-0.369083970785141,0.8135864734649658,3.0272085666656494,0.5121415047163834,0.4876668627717332,0,0
-0.3713619112968445,0.8164587020874023,3.0272085666656494,0.49873864254922556,0.49662444519743215,0,0
-0.3736397922039032,0.8193308711051941,3.0272085666656494,0.5085021173729819,0.5001425194332682,0,0
-0.3759176731109619,0.8222030401229858,3.0272085666656494,0.4919317066548483,0.4913711892156538,0,0
-0.3781956136226654,0.8250752091407776,3.0272085666656494,0.5056475727184596,0.5010996992445483,0,0
-0.3804735839366913,0.827947199344635,3.0272085666656494,0.48791418620913823,0.4893199118180221,0,0
-0.3827515244483948,0.830819308757782,3.0272085666656494,0.49788265960323314,0.4993864914844628,0,0
-0.38502946496009827,0.8336915373802185,3.0272085666656494,0.5005782236925106,0.49901662674154473,0,0
-0.38730743527412415,0.8365635871887207,3.0272085666656494,0.5160874768774877,0.5108296277315679,0,0
-0.38958537578582764,0.8394358158111572,3.0272085666656494,0.4925283876551305,0.5071000728147621,0,0
-0.39186328649520874,0.8423079252243042,3.0272085666656494,0.49279010121498595,0.5074167830498817,0,0
-0.39414122700691223,0.8451799750328064,3.0272085666656494,0.49371436501386373,0.5080819835136251,0,0
-0.3964192271232605,0.8480522036552429,3.0272085666656494,0.4942390032344322,0.49786336350918525,0,0
-0.3986971974372864,0.8509244322776794,3.0272085666656494,0.5099437116341043,0.50635721227785,0,0
-0.40097519755363464,0.8537964224815369,3.0272085666656494,0.4941361779055005,0.4828636043322178,0,0
-0.4032531976699829,0.8566685914993286,3.0272085666656494,0.5024063173438685,0.483149759615527,0,0
-0.4055311679840088,0.8595406413078308,3.0272085666656494,0.49904879861981644,0.47134178199341464,0,0
-0.40780916810035706,0.8624126315116882,3.0272085666656494,0.49128999036139714,0.4919867117413448,0,0
-0.41008713841438293,0.8652848601341248,3.0272085666656494,0.4913575893262552,0.5098559289599558,0,0
-0.4123651683330536,0.8681568503379822,3.0272085666656494,0.4898718435892842,0.5038251523694285,0,0
-0.41464316844940186,0.8710289001464844,3.0272085666656494,0.5100604109284735,0.5012216430336782,0,0
-0.41692113876342773,0.8739010691642761,3.0272085666656494,0.5214445119816664,0.4907171245767213,0,0
-0.4191991686820984,0.8767730593681335,3.0272085666656494,0.4995932827464432,0.4863068037772179,0,0
-0.42147716879844666,0.8796451091766357,3.0272085666656494,0.5010872912831319,0.5103542136891436,0,0
-0.4237551689147949,0.8825172781944275,3.0272085666656494,0.514170851995157,0.5145097263671631,0,0
-0.4260331988334656,0.8853893280029297,3.0272085666656494,0.510542701665988,0.512389928233713,0,0
-0.4283112585544586,0.8882613182067871,3.0272085666656494,0.5235703224944175,0.48842124185956376,0,0
-0.43058931827545166,0.8911334872245789,3.0272085666656494,0.48505095124054126,0.4931370990730955,0,0
-0.4328673481941223,0.8940055966377258,3.0272085666656494,0.5020551988631048,0.49497300371011327,0,0
-0.4351453483104706,0.8968775868415833,3.0272085666656494,0.5070610177935267,0.49970894999368776,0,0
-0.4374234080314636,0.899749755859375,3.0272085666656494,0.4883884903657246,0.48577061948625433,0,0
-0.4397014081478119,0.9026217460632324,3.0272085666656494,0.5073335436370211,0.5128732439620874,0,0
-0.44197943806648254,0.9054937958717346,3.0272085666656494,0.48067358990099274,0.509407409238132,0,0
-0.4442574977874756,0.9083659648895264,3.0272085666656494,0.502041575127018,0.5043820174933189,0,0
-0.446535587310791,0.911237895488739,3.0272085666656494,0.5051670862970452,0.5044052799824683,0,0
-0.44881361722946167,0.9141099452972412,3.0272085666656494,0.4877741667049153,0.4995833347803022,0,0
-0.4510917365550995,0.9169822335243225,3.0272085666656494,0.4929414375304355,0.4958344164176316,0,0
-0.45336979627609253,0.9198542237281799,3.0272085666656494,0.5142912328210947,0.5014559502173448,0,0
-0.45564788579940796,0.9227262139320374,3.0272085666656494,0.4900595606300101,0.4838266152262134,0,0
-0.4579259157180786,0.9255982637405396,3.0272085666656494,0.4760940984182327,0.507632925154533,0,0
-0.46020397543907166,0.9284701943397522,3.0272085666656494,0.5109725722477626,0.5054326528376624,0,0
-0.46248212456703186,0.9313422441482544,3.0272085666656494,0.49456596728226704,0.5072674275015319,0,0
-0.4647602140903473,0.9342144131660461,3.0272085666656494,0.5030706683884694,0.49219625776868325,0,0
-0.4670383036136627,0.9370864629745483,3.0272085666656494,0.5061858205646378,0.4987879325067434,0,0
-0.46931639313697815,0.939958393573761,3.0272085666656494,0.5069120854720466,0.5003298187149132,0,0
-0.47159451246261597,0.9428305625915527,3.0272085666656494,0.5198479024132736,0.504327840317149,0,0
-0.4738726317882538,0.9457024931907654,3.0272085666656494,0.5004138121593869,0.4995951059753332,0,0
-0.4761506915092468,0.9485744833946228,3.0272085666656494,0.4935010393040769,0.4990675566773413,0,0
-0.47842878103256226,0.9514466524124146,3.0272085666656494,0.49980611590158847,0.5043611278099708,0,0
-0.4807068705558777,0.9543187022209167,3.0272085666656494,0.5038568049838298,0.49028446574312246,0,0
-0.4829849600791931,0.9571906924247742,3.0272085666656494,0.5068284849605479,0.5017092347646686,0,0
-0.4852631092071533,0.9600628614425659,3.0272085666656494,0.5078007256941237,0.4971410812118709,0,0
-0.48754119873046875,0.9629348516464233,3.0272085666656494,0.5022211277005343,0.4939310509242765,0,0
-0.4898192882537842,0.965806782245636,3.0272085666656494,0.4957494312822218,0.5010334349523639,0,0
-0.4920974373817444,0.968678891658783,3.0272085666656494,0.4960194617579582,0.495092097775518,0,0
-0.4943755567073822,0.9715509414672852,3.0272085666656494,0.48375689008335476,0.48935455413836726,0,0
-0.49665364623069763,0.9744229316711426,3.0272085666656494,0.4818732719853044,0.5065302417603695,0,0
-0.49893176555633545,0.9772951602935791,3.0272085666656494,0.49959244994725055,0.49360252126186305,0,0
-0.5012099146842957,0.9801672101020813,3.0272085666656494,0.5032455085822511,0.4901960721185817,0,0
-0.5034881234169006,0.983039140701294,3.0272085666656494,0.4911286745185809,0.5102302607355731,0,0
-0.5057663321495056,0.9859113097190857,3.0272085666656494,0.49267716731327454,0.4984562583021245,0,0
-0.5080444812774658,0.9887832999229431,3.0272085666656494,0.506194483907583,0.4920453712267297,0,0
-0.5103225708007812,0.9916552305221558,3.0272085666656494,0.5015201798774764,0.5010561518721548,0,0
-0.5126007199287415,0.9945273995399475,3.0272085666656494,0.5014510604156736,0.5011012587827861,0,0
-0.5148788690567017,0.9973995089530945,3.0272085666656494,0.5102778888108411,0.5024755570263254,0,0
-0.5171570181846619,1.0002714395523071,3.0272085666656494,0.5191311463297166,0.4953685178935471,0,0
-0.5194351673126221,1.003143548965454,3.0272085666656494,0.48957750140385237,0.5172918675432671,0,0
-0.5217133164405823,1.006015658378601,3.0272085666656494,0.49812296798034317,0.4879214387413543,0,0
-0.5239914655685425,1.008887529373169,3.0272085666656494,0.5104180804176336,0.5048764673473768,0,0
-0.5262696743011475,1.0117595195770264,3.0272085666656494,0.4759700305761629,0.5093540626749631,0,0
-0.5285479426383972,1.0146316289901733,3.0272085666656494,0.5080726224926393,0.49967328801058974,0,0
-0.5308261513710022,1.0175034999847412,3.0272085666656494,0.49914635959997167,0.4889259177107814,0,0
-0.5331043601036072,1.0203756093978882,3.0272085666656494,0.4983952873001948,0.4892660746987296,0,0
-0.5353826284408569,1.0232477188110352,3.0272085666656494,0.48868503236146493,0.4908484868891503,0,0
-0.5376608371734619,1.026119589805603,3.0272085666656494,0.4995499521894574,0.503209379328265,0,0
-0.5399390459060669,1.02899169921875,3.0272085666656494,0.5022929791261277,0.5043806716098518,0,0
-0.5422172546386719,1.031863808631897,3.0272085666656494,0.5106650814626389,0.48808658211543404,0,0
-0.5444954633712769,1.0347356796264648,3.0272085666656494,0.5081560998981935,0.49703886442288087,0,0
-0.5467737317085266,1.0376076698303223,3.0272085666656494,0.49174173344749883,0.4997349801877142,0,0
-0.5490519404411316,1.0404797792434692,3.0272085666656494,0.4953065270416699,0.505479747240082,0,0
-0.5513301491737366,1.0433517694473267,3.0272085666656494,0.5052691578915213,0.5132909951873259,0,0
-0.5536083579063416,1.046223759651184,3.0272085666656494,0.5254694131894189,0.5226088454558927,0,0
-0.5558865666389465,1.0490957498550415,3.0272085666656494,0.5011505302326724,0.49269109867145305,0,0
-0.5581648349761963,1.0519676208496094,3.0272085666656494,0.5030403950421533,0.480243101072406,0,0
-0.5604430437088013,1.0548394918441772,3.0272085666656494,0.5035770945938449,0.49439625416161115,0,0
-0.5627212524414062,1.0577116012573242,3.0272085666656494,0.4938703707885446,0.5071944460131904,0,0
-0.5649994611740112,1.0605833530426025,3.0272085666656494,0.5041823216899677,0.5005214554141325,0,0
-0.5672776699066162,1.06345534324646,3.0272085666656494,0.49955687943587984,0.49256574143312826,0,0
-0.5695559978485107,1.066327452659607,3.0272085666656494,0.4851258452873948,0.5128878852411334,0,0
-0.5718342661857605,1.0691994428634644,3.0272085666656494,0.4976943212655559,0.5066819863305594,0,0
-0.5741125345230103,1.0720713138580322,3.0272085666656494,0.49922238571369487,0.49375283502068923,0,0
-0.57639080286026,1.0749433040618896,3.0272085666656494,0.4849458708843997,0.5063406856720851,0,0
-0.5786690711975098,1.0778154134750366,3.0272085666656494,0.495626886460691,0.4979748032060969,0,0
-0.5809473395347595,1.080687403678894,3.0272085666656494,0.5100995174135853,0.5101379730468477,0,0
-0.5832256078720093,1.083559513092041,3.0272085666656494,0.4818812790186108,0.48890623856480225,0,0
-0.585503876209259,1.086431622505188,3.0272085666656494,0.4985724797807476,0.505148441457304,0,0
-0.587782084941864,1.0893036127090454,3.0272085666656494,0.49281707564262484,0.4997993489556735,0,0
-0.5900603532791138,1.0921756029129028,3.0272085666656494,0.4972592885702492,0.5052250664407276,0,0
-0.5923386216163635,1.0950475931167603,3.0272085666656494,0.7716965189441801,0.7836161168424745,0,0
-0.5946168899536133,1.0979194641113281,3.0272085666656494,0.7763515037474946,0.7986657449699576,0,0
-0.5968950986862183,1.100791335105896,3.0272085666656494,0.8000432312844991,0.7875914246406739,0,0
-0.599173367023468,1.103663444519043,3.0272085666656494,0.7897243825538539,0.788901331389894,0,0
-0.6014516353607178,1.1065354347229004,3.0272085666656494,0.7913859426667667,0.8003707185708772,0,0
-0.6037299036979675,1.1094073057174683,3.0272085666656494,0.7845362589459156,0.8072807394071291,0,0
-0.6060082316398621,1.1122792959213257,3.0272085666656494,0.7878641762182962,0.8124366495723792,0,0
-0.6082864999771118,1.1151514053344727,3.0272085666656494,0.7918930191285546,0.8020096979082125,0,0
-0.6105647683143616,1.11802339553833,3.0272085666656494,0.7890215212716526,0.8083511287441476,0,0
-0.6128430366516113,1.120895504951477,3.0272085666656494,0.7992093711992503,0.7904313526392246,0,0
-0.6151213645935059,1.123767614364624,3.0272085666656494,0.7524400460728324,0.7660260210780327,0,0
-0.6173996925354004,1.126639485359192,3.0272085666656494,0.7634547782128492,0.7580084670070776,0,0
-0.6196780204772949,1.1295114755630493,3.0272085666656494,0.7591247698137099,0.752402557724523,0,0
-0.6219563484191895,1.1323835849761963,3.0272085666656494,0.7435230315489327,0.749211443829834,0,0
-0.6242347359657288,1.1352554559707642,3.0272085666656494,0.7527716812711175,0.7511955248571273,0,0
-0.6265131235122681,1.1381275653839111,3.0272085666656494,0.7526447721407167,0.7358429819471897,0,0
-0.6287914514541626,1.140999674797058,3.0272085666656494,0.772926762388439,0.7523653915931917,0,0
-0.6310697793960571,1.1438716650009155,3.0272085666656494,0.7568961098326314,0.7609037363626315,0,0
-0.6333481073379517,1.1467437744140625,3.0272085666656494,0.7495438376803985,0.7687624814944715,0,0
-0.6356264352798462,1.1496158838272095,3.0272085666656494,0.7673678422361399,0.748004033149694,0,0
-0.6379047632217407,1.1524877548217773,3.0272085666656494,0.728595413886009,0.7261953457257319,0,0
-0.6401830911636353,1.1553598642349243,3.0272085666656494,0.7142178505183888,0.7203008977793999,0,0
-0.6424614191055298,1.1582319736480713,3.0272085666656494,0.7353608003113218,0.724020351107533,0,0
-0.6447397470474243,1.1611039638519287,3.0272085666656494,0.7212154487733137,0.7240106503140984,0,0
-0.6470180749893188,1.1639760732650757,3.0272085666656494,0.6995638769107355,0.7211047851982106,0,0
-0.6492964029312134,1.1668481826782227,3.0272085666656494,0.729970444719675,0.7069006976300413,0,0
-0.6515747308731079,1.16972017288208,3.0272085666656494,0.7183279398161492,0.7322710763003443,0,0
-0.6538531184196472,1.172592282295227,3.0272085666656494,0.7072615046743581,0.7328641607243307,0,0
-0.6561315059661865,1.175464391708374,3.0272085666656494,0.7142119272229769,0.7219032337300296,0,0
-0.658409833908081,1.1783363819122314,3.0272085666656494,0.7168869553306052,0.7147780161491581,0,0
-0.6606881618499756,1.1812084913253784,3.0272085666656494,0.6693647022616627,0.6794403544473653,0,0
-0.6629664897918701,1.1840806007385254,3.0272085666656494,0.6904905663271207,0.6932083948727888,0,0
-0.6652448773384094,1.1869524717330933,3.0272085666656494,0.6955673163412934,0.6928646482670118,0,0
-0.6675232648849487,1.1898245811462402,3.0272085666656494,0.6773782158395344,0.6885232979902715,0,0
-0.669801652431488,1.1926966905593872,3.0272085666656494,0.677921836949212,0.6961899966859288,0,0
-0.6720800399780273,1.1955686807632446,3.0272085666656494,0.687989080693771,0.6978969325989819,0,0
-0.6743584275245667,1.1984407901763916,3.0272085666656494,0.6876508558499436,0.7082734607175631,0,0
-0.676636815071106,1.2013128995895386,3.0272085666656494,0.6824251111823461,0.6832415953153803,0,0
-0.67891526222229,1.204184889793396,3.0272085666656494,0.6796618262913829,0.6893831692655435,0,0
-0.6811936497688293,1.207056999206543,3.0272085666656494,0.6636704388901631,0.6953928260179586,0,0
-0.6834719777107239,1.20992910861969,3.0272085666656494,0.6549991012018539,0.6396485438856088,0,0
-0.6857503652572632,1.2128010988235474,3.0272085666656494,0.6333776445558789,0.6573957897194881,0,0
-0.6880287528038025,1.2156732082366943,3.0272085666656494,0.6377646783019074,0.6494531840764327,0,0
-0.6903071999549866,1.2185453176498413,3.0272085666656494,0.6561996826347765,0.6456713821772163,0,0
-0.6925855875015259,1.2214171886444092,3.0272085666656494,0.643533695958589,0.6502699350446349,0,0
-0.6948639154434204,1.2242892980575562,3.0272085666656494,0.6555353709941552,0.6456604984471185,0,0
-0.6971423029899597,1.2271614074707031,3.0272085666656494,0.6427469633356858,0.6367075730295007,0,0
-0.699420690536499,1.2300333976745605,3.0272085666656494,0.6355888011490424,0.6292504221819024,0,0
-0.7016991376876831,1.2329055070877075,3.0272085666656494,0.6482170791044928,0.652095334995092,0,0
-0.7039774656295776,1.2357776165008545,3.0272085666656494,0.6465972584149992,0.6422515377962118,0,0
-0.7062558531761169,1.238649606704712,3.0272085666656494,0.609992042149362,0.6147878640021256,0,0
-0.708534300327301,1.2415218353271484,3.0272085666656494,0.6110424529989712,0.6030530271355593,0,0
-0.7108126282691956,1.2443939447402954,3.0272085666656494,0.5939841412022593,0.6067180432179217,0,0
-0.7130910754203796,1.2472658157348633,3.0272085666656494,0.6013992339435936,0.5864040952440368,0,0
-0.715369462966919,1.2501378059387207,3.0272085666656494,0.6084675537656232,0.6126645263806573,0,0
-0.7176478505134583,1.2530097961425781,3.0272085666656494,0.6152386147722066,0.612544119350307,0,0
-0.7199262380599976,1.2558815479278564,3.0272085666656494,0.6176770450457011,0.6175325312246874,0,0
-0.7222046256065369,1.2587532997131348,3.0272085666656494,0.6145313922979897,0.6118196871099975,0,0
-0.7244830131530762,1.2616252899169922,3.0272085666656494,0.6062410317441103,0.6274637467869162,0,0
-0.7267614006996155,1.2644972801208496,3.0272085666656494,0.6033454825977945,0.6242341980609001,0,0
-0.7290398478507996,1.267369031906128,3.0272085666656494,0.5665503903644487,0.5675171781933257,0,0
-0.7313182353973389,1.2702407836914062,3.0272085666656494,0.5817914191915946,0.5758743277028253,0,0
-0.7335966229438782,1.2731127738952637,3.0272085666656494,0.5658164430474484,0.5689509013641852,0,0
-0.7358750104904175,1.275984764099121,3.0272085666656494,0.5602556155492185,0.5858415977441558,0,0
-0.7381533980369568,1.2788565158843994,3.0272085666656494,0.5584925214925418,0.5836737567566407,0,0
-0.7404317855834961,1.2817286252975464,3.0272085666656494,0.5904072486492061,0.5814386060722105,0,0
-0.7427102327346802,1.2846006155014038,3.0272085666656494,0.5594026063153207,0.5864870720256696,0,0
-0.744988739490509,1.2874723672866821,3.0272085666656494,0.5595725851993367,0.5606340146828124,0,0
-0.7472671270370483,1.2903443574905396,3.0272085666656494,0.5688449168032292,0.5693393204670992,0,0
-0.7495455145835876,1.293216347694397,3.0272085666656494,0.5865342860053858,0.6023385919986628,0,0
-0.751823902130127,1.2960882186889648,3.0272085666656494,0.5508574566595481,0.5472674151582699,0,0
-0.7541022896766663,1.2989599704742432,3.0272085666656494,0.5236455216477289,0.5498492964886823,0,0
-0.7563807368278503,1.3018319606781006,3.0272085666656494,0.5298873367008683,0.5289405871177202,0,0
-0.7586592435836792,1.304703950881958,3.0272085666656494,0.5441046631221675,0.5381847850461774,0,0
-0.7609376311302185,1.3075757026672363,3.0272085666656494,0.5318248105870932,0.5524816628379383,0,0
-0.7632160186767578,1.3104474544525146,3.0272085666656494,0.5449468370714152,0.5311022323009412,0,0
-0.7654944062232971,1.3133193254470825,3.0272085666656494,0.5306998424782667,0.5380079266373297,0,0
-0.7677727937698364,1.31619131565094,3.0272085666656494,0.5304553077258087,0.5382630106719969,0,0
-0.7700511813163757,1.3190630674362183,3.0272085666656494,0.5431885364450887,0.5439882357262448,0,0
-0.772329568862915,1.3219349384307861,3.0272085666656494,0.5285403139753497,0.5373456180047647,0,0
-0.7746080160140991,1.3248069286346436,3.0272085666656494,0.5024432532188062,0.48237062627137056,0,0
-0.7768864035606384,1.3276786804199219,3.0272085666656494,0.4903380606015268,0.49154808746962037,0,0
-0.7791649103164673,1.3305504322052002,3.0272085666656494,0.49793337248178293,0.5088545771315167,0,0
-0.7814433574676514,1.3334224224090576,3.0272085666656494,0.5147465876094424,0.4995042629513627,0,0
-0.783721923828125,1.336294412612915,3.0272085666656494,0.4960148449513373,0.5139451278300335,0,0
-0.7860003709793091,1.3391661643981934,3.0272085666656494,0.4862809104085092,0.49865187345905393,0,0
-0.7882789373397827,1.3420379161834717,3.0272085666656494,0.49259311841082026,0.5151364184538605,0,0
-0.7905575037002563,1.3449097871780396,3.0272085666656494,0.48744201703169954,0.5064904115661999,0,0
-0.7928360104560852,1.347781777381897,3.0272085666656494,0.5101653282362996,0.49715605464306156,0,0
-0.7951145172119141,1.3506535291671753,3.0272085666656494,0.4858484835691406,0.494805830461388,0,0
-0.7973929643630981,1.3535254001617432,3.0272085666656494,0.4713655719798965,0.4688121652913298,0,0
-0.7996714115142822,1.3563973903656006,3.0272085666656494,0.464123798853449,0.46252406376004923,0,0
-0.8019503355026245,1.359269380569458,3.027012825012207,0.4631921506104594,0.4433716855313377,0,0
-0.8042269349098206,1.3621398210525513,3.026710271835327,0.461496169072494,0.46112725286855016,0,0
-0.8064984083175659,1.365006685256958,3.0263590812683105,0.47404387048172597,0.46585473762202856,0,0
-0.8087619543075562,1.3678683042526245,3.0258185863494873,0.45598481134605984,0.44353510401684704,0,0
-0.8110130429267883,1.370721697807312,3.0251731872558594,0.4515406313415544,0.4513150853267439,0,0
-0.813247561454773,1.3735642433166504,3.024286985397339,0.45969081511910936,0.4487282374290373,0,0
-0.8154588341712952,1.3763909339904785,3.0232651233673096,0.4792671693362104,0.4554620047486679,0,0
-0.8176395297050476,1.3791985511779785,3.022171974182129,0.46296171289121163,0.4741812728306843,0,0
-0.8198114633560181,1.3819947242736816,3.021061897277832,0.4127928712925309,0.4030082210391136,0,0
-0.8219395875930786,1.3847682476043701,3.0199384689331055,0.42735717902713777,0.42415797505375813,0,0
-0.8240166902542114,1.3875174522399902,3.0188112258911133,0.42893798719591847,0.4343887444194166,0,0
-0.826032817363739,1.3902398347854614,3.0176820755004883,0.42333421530639676,0.431166792994849,0,0
-0.8279757499694824,1.3929319381713867,3.0165536403656006,0.4247473316892303,0.43910950727092435,0,0
-0.829831063747406,1.3955899477005005,3.01542329788208,0.42673287677379634,0.4330334247728745,0,0
-0.8315826654434204,1.3982110023498535,3.0142953395843506,0.43305989307136294,0.4200148189652993,0,0
-0.8332126140594482,1.4007939100265503,3.0132060050964355,0.4252412162545784,0.42526061280183025,0,0
-0.8347030282020569,1.4033395051956177,3.0122265815734863,0.4051227381821859,0.4427837624130213,0,0
-0.8360342383384705,1.4058506488800049,3.011411190032959,0.44153063583225344,0.4328822180793678,0,0
-0.8371882438659668,1.4083305597305298,3.0107743740081787,0.3816053549606448,0.3983894335755888,0,0
-0.8381510376930237,1.4107798337936401,3.010493040084839,0.38316537167365283,0.4100788801487127,0,0
-0.838914692401886,1.4131975173950195,3.010565757751465,0.3941490745129557,0.40002002488527477,0,0
-0.8394788503646851,1.4155796766281128,3.0108234882354736,0.3881965409095613,0.37835545996438885,0,0
-0.8398494124412537,1.4179213047027588,3.011181592941284,0.39754956349521114,0.3997798856247634,0,0
-0.8400389552116394,1.4202133417129517,3.011657476425171,0.4010746332022267,0.4080551130600199,0,0
-0.8400627374649048,1.4224474430084229,3.0122294425964355,0.37922447100865136,0.399373213570304,0,0
-0.8399383425712585,1.4246159791946411,3.012787342071533,0.3870618083894446,0.3871568423384285,0,0
-0.8396836519241333,1.4267113208770752,3.013317823410034,0.4077408836914575,0.40706579140627075,0,0
-0.8393146395683289,1.4287304878234863,3.0138518810272217,0.3915758868940795,0.3951538723096135,0,0
-0.8388457894325256,1.4306706190109253,3.0144314765930176,0.36822651856924393,0.3774169964144461,0,0
-0.8382903337478638,1.4325311183929443,3.015089750289917,0.3662356887259112,0.38257550594001644,0,0
-0.8376603722572327,1.4343104362487793,3.0158228874206543,0.3923028121213993,0.36891039033971107,0,0
-0.8369674682617188,1.4360066652297974,3.016582727432251,0.3717054783562142,0.3749869266855154,0,0
-0.8362229466438293,1.437615156173706,3.0172958374023438,0.37732351878340153,0.36198127542509706,0,0
-0.8354371786117554,1.439131736755371,3.017896890640259,0.37104015239852295,0.3695539006844246,0,0
-0.8346216082572937,1.4405499696731567,3.0183608531951904,0.37373306566953135,0.38354243081851447,0,0
-0.833785891532898,1.4418648481369019,3.0187160968780518,0.36749578829667656,0.39678464095040794,0,0
-0.8329389691352844,1.4430713653564453,3.019026756286621,0.3693795769541779,0.36671987395880434,0,0
-0.8320877552032471,1.4441678524017334,3.019354820251465,0.3676980274727033,0.37619226596440325,0,0
-0.8312381505966187,1.445154070854187,3.0197157859802246,0.35867881989717215,0.39010809353116044,0,0
-0.8303942680358887,1.4460318088531494,3.0200634002685547,0.3549552622911944,0.3745535305832262,0,0
-0.8295601010322571,1.4468045234680176,3.020375967025757,0.36266110983065053,0.3783330374390867,0,0
-0.828737735748291,1.4474763870239258,3.0206820964813232,0.34417401382215423,0.36659377185366626,0,0
-0.8279285430908203,1.4480516910552979,3.0210089683532715,0.37176498851255524,0.38020703244431553,0,0
-0.8271329402923584,1.448534369468689,3.0213422775268555,0.3640591097093456,0.37531771271514547,0,0
-0.8263496160507202,1.4489293098449707,3.021653413772583,0.36122833899529966,0.3769985684707196,0,0
-0.8255772590637207,1.449241042137146,3.021939516067505,0.35258744545932796,0.37501516424684433,0,0
-0.8248147964477539,1.449474573135376,3.0222244262695312,0.36362492583677597,0.361094810347794,0,0
-0.8240622282028198,1.4496337175369263,3.0225205421447754,0.34942568228631216,0.37474257639407355,1,1
-0.8233199715614319,1.4497230052947998,3.022812843322754,0.35029940644194174,0.3908028851986582,0,0
-0.8225890398025513,1.4497464895248413,3.0230917930603027,0.36882649292393077,0.3848299929139347,0,0
-0.8218698501586914,1.449708342552185,3.0233614444732666,0.359497488377605,0.3874481020655046,0,0
-0.8211625814437866,1.4496128559112549,3.0236167907714844,0.36387551478286656,0.3645154268532895,0,0
-0.8204661011695862,1.4494643211364746,3.0238351821899414,0.36743605615924163,0.3700994474121438,0,0
-0.8197788000106812,1.4492669105529785,3.024016857147217,0.37492557214489675,0.38102933236066777,0,0
-0.8190997838973999,1.4490246772766113,3.024186611175537,0.37913521079213625,0.37796592200560003,0,0
-0.8184280395507812,1.4487407207489014,3.024376392364502,0.3706939077564569,0.3777252460290321,0,0
-0.8177631497383118,1.4484180212020874,3.0245912075042725,0.3831414707642936,0.3730096089644584,0,0
-0.8171054720878601,1.4480595588684082,3.024813652038574,0.36800407946908426,0.3686299271229372,0,0
-0.8164552450180054,1.4476678371429443,3.025029182434082,0.3668470590353219,0.3841276690265813,0,0
-0.8158122897148132,1.4472453594207764,3.0252294540405273,0.3765597080967849,0.3831660085737488,0,0
-0.8151761293411255,1.4467954635620117,3.0254015922546387,0.37078408529953744,0.3823498120955485,0,0
-0.8145460486412048,1.4463199377059937,3.0255420207977295,0.3533107671329916,0.3887677723669759,0,0
-0.8139209151268005,1.4458221197128296,3.025665760040283,0.3667440944738346,0.3822253741367148,0,0
-0.8133002519607544,1.4453037977218628,3.025797128677368,0.36818187067019664,0.384603985294864,0,0
-0.8126838207244873,1.444766640663147,3.0259478092193604,0.37620325293791723,0.37808628496380275,0,0
-0.8120711445808411,1.4442120790481567,3.026109457015991,0.35824590981642246,0.38988446435382357,0,0
-0.8114621043205261,1.4436414241790771,3.0262677669525146,0.38250758139182994,0.39258925319271837,0,0
-0.810856819152832,1.4430559873580933,3.0264177322387695,0.39867587754797096,0.38785772717122785,0,0
-0.8102552890777588,1.4424569606781006,3.026550531387329,0.36399469699193615,0.38181464890854416,0,0
-0.8096566200256348,1.441846251487732,3.0266642570495605,0.3839512511660695,0.3656266901037073,0,0
-0.8090604543685913,1.4412248134613037,3.026766061782837,0.3856108401768816,0.3971535543311825,0,0
-0.8084664344787598,1.4405938386917114,3.026866912841797,0.39150754710310415,0.3687222155882476,0,0
-0.8078747987747192,1.4399545192718506,3.02697491645813,0.3873358613791075,0.3937798969868033,0,0
-0.8072847723960876,1.4393069744110107,3.0270872116088867,0.37208727810977216,0.38817403656811605,0,0
-0.8066967725753784,1.4386523962020874,3.0271966457366943,0.3634091117478143,0.3882801189367126,0,0
-0.8061103820800781,1.4379910230636597,3.0273008346557617,0.37708822677784987,0.3833350147494387,0,0
-0.8055257201194763,1.4373234510421753,3.0273962020874023,0.3659029972800608,0.37756064590179944,0,0
-0.8049424290657043,1.4366505146026611,3.0274813175201416,0.38501931827131736,0.36694395313236955,0,0
-0.8043603897094727,1.4359726905822754,3.02775239944458,0.3829115424838396,0.40473038441376924,0,0
-0.803779661655426,1.4352912902832031,3.0281295776367188,0.38587118533906656,0.3788403446816412,0,0
-0.8032009601593018,1.4346072673797607,3.0285568237304688,0.40034127556585025,0.4136666783098067,0,0
-0.8026230335235596,1.4339243173599243,3.0290043354034424,0.39177731862457094,0.39364423447979857,0,0
-0.8020442128181458,1.4332472085952759,3.029446840286255,0.38898497044870195,0.38782592202862215,0,0
-0.8014624714851379,1.4325802326202393,3.0296823978424072,0.41145559713886026,0.38831294451743004,0,0
-0.8008753061294556,1.4319270849227905,3.0299875736236572,0.3858987735352478,0.4035160719282764,0,0
-0.8002814650535583,1.4312922954559326,3.0301673412323,0.4035689182300418,0.3930256610199611,0,0
-0.7996804714202881,1.430680274963379,3.030447006225586,0.39025742570416644,0.4030363379089416,0,0
-0.7990733981132507,1.4300936460494995,3.030776023864746,0.40091838824437026,0.40671157619994264,1,1
-0.7984604239463806,1.4295368194580078,3.0311293601989746,0.3998475634507702,0.3831930350841861,0,0
-0.7978425621986389,1.4290136098861694,3.031686305999756,0.3819756592486137,0.4025036822018462,0,0
-0.7972205281257629,1.4285273551940918,3.032545566558838,0.3908812288503522,0.40297056954520655,0,0
-0.7965965270996094,1.428079605102539,3.0335516929626465,0.4093893665740418,0.40066804889802454,0,0
-0.7959701418876648,1.427673101425171,3.0348129272460938,0.3951133580753205,0.40999213067200285,0,0
-0.7953408360481262,1.427309513092041,3.0360023975372314,0.4187573266248263,0.39703449403287594,0,0
-0.7947089076042175,1.4269896745681763,3.037130355834961,0.4115744042489357,0.4086600294173415,0,0
-0.7940728664398193,1.42671537399292,3.0383951663970947,0.3976000348016039,0.4109233997800326,0,0
-0.7934309244155884,1.4264893531799316,3.0395312309265137,0.40645917499865536,0.39427819967119154,0,0
-0.7927822470664978,1.4263129234313965,3.0407602787017822,0.39033278629591234,0.4038835889654932,0,0
-0.7921271920204163,1.426186442375183,3.042020797729492,0.41468413587529257,0.409420831267157,0,0
-0.7914648652076721,1.4261102676391602,3.043273448944092,0.41104135476641757,0.4032715710896078,0,0
-0.7907922267913818,1.42608642578125,3.04469895362854,0.3977114481712892,0.4101467697889143,0,0
-0.7901068925857544,1.426115870475769,3.046189785003662,0.4042029763973595,0.40594954983903286,0,0
-0.7894046306610107,1.4262001514434814,3.047687530517578,0.3998315389257369,0.39966085475035135,0,0
-0.7886812686920166,1.4263397455215454,3.0493531227111816,0.39965276907883857,0.40450991126095104,0,0
-0.7879342436790466,1.4265345335006714,3.051286458969116,0.39866014920520565,0.41542791073038915,0,0
-0.7871630191802979,1.4267830848693848,3.0535383224487305,0.39611465728868106,0.4139460108423406,0,0
-0.7863699197769165,1.4270821809768677,3.055919885635376,0.422974323518918,0.415671067620323,0,0
-0.7855570912361145,1.4274288415908813,3.058336019515991,0.40889813665994224,0.4314249197973612,0,0
-0.7847243547439575,1.4278208017349243,3.060906171798706,0.3964909156799756,0.426076199421793,0,0
-0.7838728427886963,1.4282554388046265,3.0635287761688232,0.414329224685219,0.40087884375840255,0,0
-0.783002495765686,1.4287317991256714,3.066122531890869,0.4196623316334665,0.4055930978082104,0,0
-0.7821106910705566,1.4292495250701904,3.0686535835266113,0.414922589384578,0.4104652357131819,0,0
-0.7811935544013977,1.4298102855682373,3.0709171295166016,0.4108782492065934,0.3859671474135287,0,0
-0.7802474498748779,1.430415153503418,3.072981834411621,0.4066446318583301,0.42147921999856536,0,0
-0.7792682647705078,1.4310641288757324,3.074892997741699,0.41715549450974654,0.4150866569533445,0,0
-0.7782520651817322,1.431759238243103,3.076690912246704,0.42366750465107733,0.41129308423843547,0,0
-0.7771949768066406,1.4325034618377686,3.078401803970337,0.42217263291913243,0.4094034251374413,0,0
-0.7760929465293884,1.4333003759384155,3.0802390575408936,0.3957389516368399,0.42014701782519415,0,0
-0.7749447226524353,1.4341520071029663,3.0820980072021484,0.40170473361308096,0.4139576698588727,0,0
-0.7737484574317932,1.4350602626800537,3.0837433338165283,0.4177888797747926,0.39921830591434015,0,0
-0.7725043296813965,1.4360241889953613,3.085442304611206,0.3993658018962118,0.40355651754278216,0,0
-0.7712151408195496,1.4370408058166504,3.087139368057251,0.40340125399276644,0.4347832189280027,0,0
-0.7698849439620972,1.4381060600280762,3.0888009071350098,0.4099940022761183,0.4104847148076793,0,0
-0.7685169577598572,1.4392166137695312,3.090420722961426,0.40634333544331036,0.40013928956587175,0,0
-0.7671120166778564,1.4403691291809082,3.0919859409332275,0.4337608164918875,0.41417372127866614,0,0
-0.7656698226928711,1.4415630102157593,3.093299150466919,0.4208592187226911,0.3944779189617136,0,0
-0.7641909122467041,1.442795753479004,3.0944414138793945,0.4163315608345505,0.41126289498461366,0,0
-0.7626761794090271,1.4440644979476929,3.095463991165161,0.40835015561464977,0.4178145928907256,1,1
-0.7611261606216431,1.4453672170639038,3.096400260925293,0.41270278075163114,0.41382748467538305,0,0
-0.7595409154891968,1.4467028379440308,3.097266674041748,0.4087227065221889,0.40624115277207506,0,0
-0.7579197883605957,1.4480705261230469,3.0980780124664307,0.4278101380906191,0.40892562723956116,0,0
-0.7562613487243652,1.4494712352752686,3.0988428592681885,0.41268536052398874,0.41765673053393715,0,0
-0.7545638084411621,1.4509063959121704,3.099564790725708,0.42365404706977333,0.40453141172794604,0,0
-0.7528247833251953,1.4523775577545166,3.1002449989318848,0.4058363576812025,0.4219786935851068,0,0
-0.7510418891906738,1.45388662815094,3.100895404815674,0.4283967193731242,0.4101295169443975,0,0
-0.7492139339447021,1.4554363489151,3.10152006149292,0.4168140830815535,0.41477543797567795,0,0
-0.7473400235176086,1.4570286273956299,3.10211181640625,0.41447652058049317,0.4030324025841555,0,0
-0.7454200387001038,1.4586660861968994,3.1026711463928223,0.42120841985083474,0.4244040995814284,0,0
-0.7434541583061218,1.4603511095046997,3.103410005569458,0.3955307743704179,0.4115684490388559,0,0
-0.7414452433586121,1.4620826244354248,3.104233503341675,0.419225084779379,0.4230271497227893,0,0
-0.7393975853919983,1.4638594388961792,3.105112075805664,0.40946746055760447,0.42396956731880636,0,0
-0.7373168468475342,1.4656786918640137,3.1060004234313965,0.4086093065313195,0.4248695360838081,0,0
-0.735207200050354,1.467538833618164,3.1068761348724365,0.41467526799077176,0.41038970799593133,0,0
-0.7330719232559204,1.4694368839263916,3.1079366207122803,0.3940622165926985,0.44636131951488656,0,0
-0.7309150099754333,1.4713680744171143,3.1092774868011475,0.3972392062062945,0.41823988883044994,0,0
-0.7287436127662659,1.4733262062072754,3.1105663776397705,0.42590502932179136,0.3989839950290889,0,0
-0.7265669107437134,1.4753016233444214,3.1118078231811523,0.41767393160185606,0.40630669863893276,0,0
-0.724393367767334,1.477286696434021,3.1130714416503906,0.41916905924250814,0.4262611567827708,0,0
-0.7222296595573425,1.479276418685913,3.114349365234375,0.4121856282584514,0.40130411092835033,0,0
-0.7200802564620972,1.4812672138214111,3.115591049194336,0.41127657281362134,0.40827982564667414,0,0
-0.717947244644165,1.4832570552825928,3.116774320602417,0.4175434921476334,0.4225803328305086,0,0
-0.715830385684967,1.4852449893951416,3.1179001331329346,0.4203642320554588,0.42628735258866846,0,0
-0.7137278318405151,1.4872324466705322,3.1189773082733154,0.4031168661333714,0.4016191067418757,0,0
-0.7116361260414124,1.489220380783081,3.120007276535034,0.41201194806545316,0.41862517323018816,0,0
-0.7095509767532349,1.4912121295928955,3.1209893226623535,0.42202643436258425,0.4298402977186416,0,0
-0.7074666619300842,1.493209719657898,3.121907949447632,0.4131534253675275,0.4346766558430512,0,0
-0.7053764462471008,1.4952154159545898,3.122746467590332,0.4202308954298895,0.4225883485979992,0,0
-0.7032734155654907,1.4972323179244995,3.12351393699646,0.4041461158313628,0.40861686706962,0,0
-0.7011518478393555,1.4992623329162598,3.1242642402648926,0.4238441712964402,0.4126561562745481,0,0
-0.6990081071853638,1.5013084411621094,3.125018835067749,0.40402469029989074,0.4319300498273201,0,0
-0.696840226650238,1.5033735036849976,3.1257612705230713,0.4056108099108645,0.4008561481694575,0,0
-0.6946471333503723,1.5054595470428467,3.1264712810516357,0.4140621856442949,0.42058458406028915,0,0
-0.6924282908439636,1.5075687170028687,3.1271519660949707,0.4391034048859558,0.4071199006763683,0,0
-0.6901835799217224,1.509702444076538,3.1278035640716553,0.42730296731100437,0.4084126012124246,0,0
-0.6879130601882935,1.5118608474731445,3.128427505493164,0.43211870223256654,0.4279496812619865,0,0
-0.6856169700622559,1.5140444040298462,3.129024028778076,0.4201122147602198,0.4098611426556111,0,0
-0.6832960844039917,1.5162526369094849,3.129594564437866,0.4311818055548839,0.400936504646908,0,0
-0.6809512376785278,1.5184855461120605,3.1301400661468506,0.4133532283989237,0.42428852789631466,1,1
-0.6785832643508911,1.5207418203353882,3.130666971206665,0.4353677713891228,0.41145601893212963,0,0
-0.676193118095398,1.5230215787887573,3.1311697959899902,0.4159967378296706,0.4037118502471715,0,0
-0.6737821102142334,1.525323510169983,3.131652593612671,0.42788502882035945,0.4289268213421525,0,0
-0.6713517904281616,1.5276453495025635,3.1321070194244385,0.4068537487876547,0.4148997555897641,0,0
-0.6689037084579468,1.529987096786499,3.132336378097534,0.4074530926005916,0.39785865990960523,0,0
-0.6664415597915649,1.5323444604873657,3.1324374675750732,0.4285119074592626,0.4164414867876672,0,0
-0.6639688611030579,1.5347133874893188,3.1324729919433594,0.4096690089924023,0.4041216748346232,0,0
-0.6614891290664673,1.537089467048645,3.1323065757751465,0.41473211550146255,0.399292518610814,0,0
-0.6590070724487305,1.5394691228866577,3.1320197582244873,0.41103321250861297,0.4019793719456064,0,0
-0.6565274596214294,1.5418473482131958,3.131666421890259,0.41329620831601227,0.4123762948689606,0,0
-0.6540539264678955,1.5442198514938354,3.131089448928833,0.4271743630242376,0.39210283407339236,0,0
-0.6515903472900391,1.5465800762176514,3.130396842956543,0.4315752107729096,0.4096110009213156,0,0
-0.6491389274597168,1.5489234924316406,3.129664182662964,0.42326746643390417,0.4145635702160652,0,0
-0.6467007398605347,1.5512447357177734,3.128920555114746,0.4007039742605139,0.4056173550236516,0,0
-0.6442763209342957,1.553541660308838,3.1281843185424805,0.42378087358504873,0.40692664147020735,0,0
-0.6418657302856445,1.5558133125305176,3.1274611949920654,0.4221331351306627,0.4075426484827855,0,0
-0.6394681930541992,1.5580607652664185,3.1267588138580322,0.42600382782808105,0.4126107464064378,0,0
-0.6370819211006165,1.5602866411209106,3.126279354095459,0.3988518228120989,0.4232621689479622,0,0
-0.6347069144248962,1.5624929666519165,3.1259305477142334,0.4025997571541289,0.40956296934394026,0,0
-0.6323440670967102,1.564682126045227,3.1256680488586426,0.41718180672315863,0.4150386424387739,0,0
-0.6299937963485718,1.5668561458587646,3.1254634857177734,0.41101607754722796,0.40906531725489953,0,0
-0.6276559233665466,1.569019079208374,3.1252965927124023,0.3965681044070698,0.38308940505334904,0,0
-0.625330924987793,1.5711729526519775,3.1249518394470215,0.41120967129427133,0.39398559751796086,0,0
-0.6230209469795227,1.5733141899108887,3.1245105266571045,0.42217188003407985,0.4071081968037317,0,0
-0.6207293272018433,1.5754400491714478,3.124020576477051,0.41811299005813324,0.4156517320124568,0,0
-0.6184582114219666,1.5775479078292847,3.1235082149505615,0.41045936938363636,0.41337793484971197,0,0
-0.6162083745002747,1.579636812210083,3.123004674911499,0.41963218431631494,0.4039901594824177,0,0
-0.6139787435531616,1.5817068815231323,3.1227099895477295,0.39599603858633475,0.4127533218318842,0,0
-0.6117692589759827,1.5837571620941162,3.1225380897521973,0.4143012301529206,0.4167368901196422,0,0
-0.6095798015594482,1.5857880115509033,3.1224365234375,0.42101686571411584,0.4172483872689005,0,0
-0.6074090600013733,1.5878009796142578,3.1225697994232178,0.3954358719983777,0.42063567387633877,0,0
-0.6052573323249817,1.5897958278656006,3.122833490371704,0.41343023953747265,0.41078607020835406,0,0
-0.6031244397163391,1.591774344444275,3.1229727268218994,0.42384730209736077,0.3941916533557827,0,0
-0.6010117530822754,1.5937352180480957,3.1230385303497314,0.4180848615005722,0.4157799973372902,0,0
-0.5989198088645935,1.5956783294677734,3.122868776321411,0.41121640601961873,0.39885990558233286,0,0
-0.5968500971794128,1.5976016521453857,3.122371196746826,0.42228751060343817,0.3985988461954471,0,0
-0.5948052406311035,1.5995008945465088,3.1216955184936523,0.4187686227784155,0.40682133903739937,0,0
-0.5927871465682983,1.601372241973877,3.120931386947632,0.39847160980339374,0.3994560057931137,0,0
-0.5907984375953674,1.6032109260559082,3.1201112270355225,0.41979577979026417,0.405887628513334,0,0
-0.5888411402702332,1.6050127744674683,3.119049549102783,0.4219803840938445,0.3914738984447621,1,1
-0.5869176983833313,1.6067739725112915,3.117887020111084,0.40190817210475765,0.40819352572707085,0,0
-0.5850291848182678,1.608492374420166,3.116694927215576,0.4128356762121089,0.40234235334038015,0,0
-0.5831745266914368,1.6101683378219604,3.1155223846435547,0.40856120409761065,0.4122705169109257,0,0
-0.5813508033752441,1.6118056774139404,3.1143691539764404,0.41314559825904335,0.40866099165879394,0,0
-0.5795525908470154,1.6134086847305298,3.1132333278656006,0.42329384103655726,0.41086619275353026,0,0
-0.5777727961540222,1.6149848699569702,3.1119425296783447,0.41145825196217606,0.39464672796698214,0,0
-0.5760052800178528,1.616541862487793,3.1105430126190186,0.40515560906358655,0.407667213263353,0,0
-0.5742450952529907,1.6180884838104248,3.1088876724243164,0.4102911247387586,0.39826020143301527,0,0
-0.5724897384643555,1.6196311712265015,3.1071252822875977,0.41842166643887724,0.4121045338764649,0,0
-0.5707376003265381,1.6211762428283691,3.1053507328033447,0.42735511854820296,0.40575174171030987,0,0
-0.5689858794212341,1.622727394104004,3.103593587875366,0.4201987198730098,0.40308839981683314,0,0
-0.5672299265861511,1.6242892742156982,3.102098226547241,0.39236461006408696,0.4112229704034864,0,0
-0.5654667019844055,1.6258642673492432,3.100771188735962,0.4116540041149344,0.41427512584809906,0,0
-0.563693642616272,1.627453327178955,3.0995590686798096,0.4037225212121422,0.4061400352318863,0,0
-0.5619088411331177,1.6290593147277832,3.0984365940093994,0.4230207551352372,0.42055145802708976,0,0
-0.5601102113723755,1.6306802034378052,3.097376823425293,0.4228528476368747,0.40294557670905784,0,0
-0.5582960247993469,1.6323097944259644,3.096372127532959,0.3927324682171712,0.3990479213481978,0,0
-0.5564641356468201,1.6339353322982788,3.095430850982666,0.4156268098899495,0.4158738101964618,0,0
-0.5546112656593323,1.6355394124984741,3.0945677757263184,0.40857491729737216,0.4095885224665687,0,0
-0.5527323484420776,1.6371009349822998,3.0937581062316895,0.41487083503213706,0.40994658066158146,0,0
-0.5508220195770264,1.6385984420776367,3.0928962230682373,0.4088351849405992,0.39891869057520657,0,0
-0.5488755106925964,1.6400119066238403,3.0918972492218018,0.40383201367322724,0.39278887212935565,0,0
-0.5468893647193909,1.6413209438323975,3.0907955169677734,0.4098802327433295,0.4150647961830294,0,0
-0.544862687587738,1.6425045728683472,3.089726686477661,0.4039064533791332,0.4150212353640773,0,0
-0.5427969694137573,1.6435432434082031,3.0888102054595947,0.4004955971108103,0.3962260783657266,0,0
-0.5406951308250427,1.6444193124771118,3.0880632400512695,0.40839798756030243,0.3944710890695448,0,0
-0.5385596752166748,1.6451172828674316,3.0874247550964355,0.4099896128823162,0.4042799992861502,0,0
-0.5363919734954834,1.6456270217895508,3.086838483810425,0.40643498040910525,0.41447035845799324,0,0
-0.5341928005218506,1.6459413766860962,3.0862784385681152,0.4127925178493474,0.4321923779404803,0,0
-0.5319636464118958,1.646056890487671,3.0857229232788086,0.4177027136042245,0.4038172093219158,0,0
-0.5297067761421204,1.6459739208221436,3.085197687149048,0.42411588628859553,0.4098258286349634,0,0
-0.5274246335029602,1.6456953287124634,3.084695816040039,0.41664769869649765,0.4091616695629747,0,0
-0.5251204371452332,1.6452264785766602,3.084205389022827,0.4166947485181929,0.4112776400970451,0,0
-0.5227970480918884,1.6445754766464233,3.083757162094116,0.44119248118089177,0.4140434326184446,0,0
-0.5204577445983887,1.643751621246338,3.0833985805511475,0.39214696555392686,0.4063272922734461,0,0
-0.5181050300598145,1.6427668333053589,3.0831358432769775,0.4235157796846982,0.42956261085654973,0,0
-0.5157409310340881,1.641632318496704,3.0829265117645264,0.4230250213792525,0.4170696314398879,0,0
-0.5133669376373291,1.64035964012146,3.082711696624756,0.41697766582628776,0.41428739760486666,0,0
-0.510983943939209,1.6389579772949219,3.0824453830718994,0.4096387050912126,0.4047115131989941,0,0
-0.5085925459861755,1.6374369859695435,3.0821127891540527,0.4254182540939536,0.42044350645834183,0,0
-0.5061933398246765,1.6358059644699097,3.0817534923553467,0.4374195211012416,0.45097049014294216,0,0
-0.5037872791290283,1.634074330329895,3.081437110900879,0.4395890945714761,0.43144233866625276,0,0
-0.5013753175735474,1.6322522163391113,3.0812060832977295,0.4288093809557768,0.4382767400514418,0,0
-0.498958557844162,1.6303491592407227,3.081050157546997,0.4282682337271381,0.42296125830492903,0,0
-0.4965375065803528,1.6283730268478394,3.0809271335601807,0.440697966372881,0.4316437144084916,0,0
-0.4941125810146332,1.626330852508545,3.0807926654815674,0.44310371848446606,0.4359338560230415,0,0
-0.4916841685771942,1.6242276430130005,3.080613136291504,0.43152142154047646,0.4406158206054796,0,0
-0.4892524480819702,1.6220686435699463,3.0803844928741455,0.42855126981642255,0.43899530773862777,0,0
-0.486817866563797,1.6198571920394897,3.0801427364349365,0.4266521547972195,0.44880803342737385,0,0
-0.48438119888305664,1.6175981760025024,3.0799317359924316,0.4367893430236262,0.4251420723592083,0,0
-0.48194295167922974,1.6152966022491455,3.079770803451538,0.4659669512551969,0.45495450577684005,0,0
-0.47950342297554016,1.6129562854766846,3.0796546936035156,0.47219751836241325,0.4609710992369902,0,0
-0.4770627021789551,1.6105811595916748,3.0795581340789795,0.46494170660784656,0.4610371541564283,0,0
-0.4746210277080536,1.6081738471984863,3.079453945159912,0.4906703066471081,0.4837959760406437,0,0
-0.47217845916748047,1.6057372093200684,3.079322576522827,0.46078455645155,0.49085036625641626,0,0
-0.46973535418510437,1.6032733917236328,3.0791683197021484,0.47699005262749794,0.45993955451319285,0,0
-0.4672917127609253,1.6007840633392334,3.0790114402770996,0.4605031073029021,0.49207296437938564,0,0
-0.46484801173210144,1.598271369934082,3.0788705348968506,0.47221561849921706,0.4662789507972223,0,0
-0.4624045789241791,1.595737099647522,3.0787534713745117,0.46655142907085556,0.4647582777719183,0,0
-0.45996129512786865,1.5931830406188965,3.078660726547241,0.462160884199846,0.4741440679166559,0,0
-0.45751839876174927,1.5906118154525757,3.0785789489746094,0.4943370724967241,0.4754564173387573,0,0
-0.45507577061653137,1.5880244970321655,3.0784943103790283,0.5083958240835823,0.5049649795961029,0,0
-0.45263344049453735,1.5854226350784302,3.0783960819244385,0.5082776249384585,0.48404497598423885,0,0
-0.45019155740737915,1.5828068256378174,3.078287363052368,0.5144175713342403,0.5101124498784603,0,0
-0.4477502405643463,1.5801780223846436,3.0781805515289307,0.5289649939324867,0.5187836290572484,0,0
-0.4453095495700836,1.5775378942489624,3.0780813694000244,0.4918745565331083,0.4901773381863368,0,0
-0.442869633436203,1.5748870372772217,3.0779964923858643,0.4894646644970287,0.4995393381599026,0,0
-0.4404304623603821,1.572226881980896,3.0779242515563965,0.4934758075420859,0.5110487916166935,0,0
-0.4379920959472656,1.569557785987854,3.077859878540039,0.4995569443462554,0.5054969043961656,0,0
-0.4355543553829193,1.5668812990188599,3.077794075012207,0.5046302364920263,0.497816835073002,0,0
-0.4331173300743103,1.5641975402832031,3.0777220726013184,0.5378086046419776,0.5423595608474855,0,0
-0.4306809604167938,1.5615071058273315,3.0776479244232178,0.5234707110124949,0.5444789004169199,0,0
-0.4282452464103699,1.558810830116272,3.0775749683380127,0.5356788233148723,0.5294201231783443,0,0
-0.4258103668689728,1.556109070777893,3.0775091648101807,0.5378747923077655,0.530753988945428,0,0
-0.423376202583313,1.5534019470214844,3.0774481296539307,0.5301108066898435,0.5354175559453257,0,0
-0.4209428131580353,1.5506904125213623,3.077392816543579,0.547956351859222,0.550643934152943,0,0
-0.4185101389884949,1.5479750633239746,3.077343225479126,0.5261257863751267,0.5398916376717541,0,0
-0.416078120470047,1.5452557802200317,3.0772924423217773,0.5490885724238006,0.5483764960657863,0,0
-0.41364672780036926,1.542533278465271,3.0772433280944824,0.5478611154139538,0.5432736816161118,0,0
-0.4112159013748169,1.539807915687561,3.0771939754486084,0.5631300000535358,0.5299248686839719,0,0
-0.40878576040267944,1.5370798110961914,3.07714581489563,0.572186975236764,0.5608552229225453,0,0
-0.40635624527931213,1.534348726272583,3.077101469039917,0.5735343618064564,0.5760749468284435,0,0
-0.4039272665977478,1.5316156148910522,3.0770606994628906,0.5760514504822888,0.5639458379158475,0,0
-0.4014989733695984,1.52888023853302,3.077021360397339,0.5649563881819691,0.5800959300977517,0,0
-0.39907121658325195,1.5261427164077759,3.076986312866211,0.5721220300642244,0.5747575708431593,0,0
-0.3966439664363861,1.5234038829803467,3.0769495964050293,0.5691206920147888,0.5637676515066158,0,0
-0.39421719312667847,1.5206637382507324,3.0769174098968506,0.5547296125751655,0.5784355202676067,0,0
-0.3917909264564514,1.5179216861724854,3.0768837928771973,0.570146225894027,0.5876183012537902,0,0
-0.38936513662338257,1.5151785612106323,3.0768508911132812,0.5774910947395617,0.5687096603968977,0,0
-0.3869398832321167,1.5124340057373047,3.076819896697998,0.5769174698924796,0.5912571472288903,0,0
-0.3845149576663971,1.509688138961792,3.0767910480499268,0.6105207245185256,0.5876304186664956,0,0
-0.3820904791355133,1.5069414377212524,3.0767629146575928,0.6197400118897786,0.6166366868657966,0,0
-0.37966644763946533,1.504193902015686,3.07673716545105,0.6107864580453547,0.5966317263067641,0,0
-0.377242773771286,1.5014455318450928,3.0767133235931396,0.6191183302330057,0.610466157665877,0,0
-0.37481945753097534,1.4986969232559204,3.076692819595337,0.604966307254081,0.6232690653297962,0,0
-0.3723963797092438,1.4959474802017212,3.076671600341797,0.6193858906185871,0.6214130611301681,0,0
-0.3699737787246704,1.4931974411010742,3.076650857925415,0.620574486599807,0.6066047192770311,0,0
-0.36755135655403137,1.49044668674469,3.0766308307647705,0.611857154172776,0.6043952802201941,0,0
-0.36512935161590576,1.4876952171325684,3.0766115188598633,0.6106760882929226,0.6197692433882845,0,0
-0.3627075254917145,1.4849433898925781,3.076592445373535,0.640904354402769,0.5966721856062445,0,0
-0.36028605699539185,1.4821916818618774,3.0765774250030518,0.6472542992957556,0.6321503187607029,0,0
-0.3578648269176483,1.479439377784729,3.076561689376831,0.6380358220699135,0.6454043019086603,0,0
-0.3554438650608063,1.476686716079712,3.076545238494873,0.6391686320310382,0.6395566661700017,0,0
-0.35302311182022095,1.4739336967468262,3.076528549194336,0.6428233002389468,0.6538081965148785,0,0
-0.3506025969982147,1.4711802005767822,3.0765175819396973,0.6386160861288778,0.6422951325158968,0,0
-0.34818223118782043,1.4684268236160278,3.0765068531036377,0.6512942295231237,0.6405837653232728,0,0
-0.34576213359832764,1.4656733274459839,3.0764963626861572,0.6578629154386023,0.6476516662131313,0,0
-0.34334221482276917,1.4629193544387817,3.0764858722686768,0.6442594613107565,0.6394644986660599,0,0
-0.3409225046634674,1.4601655006408691,3.076475143432617,0.6601272391753897,0.6569755836078918,0,0
-0.3385029137134552,1.4574111700057983,3.0764641761779785,0.6374047730186341,0.6504433391252593,0,0
-0.3360835015773773,1.4546568393707275,3.0764529705047607,0.6750190781007308,0.6848918001585229,0,0
-0.3336642384529114,1.4519023895263672,3.076441764831543,0.6786223215530315,0.6683922586241737,0,0
-0.3312450647354126,1.4491479396820068,3.0764360427856445,0.6944970207321954,0.6895715408568505,0,0
-0.32882609963417053,1.4463931322097778,3.076430559158325,0.6785976792501367,0.6817820360985347,0,0
-0.32640722393989563,1.4436382055282593,3.076425075531006,0.6893933094835856,0.6716377584993516,0,0
-0.3239884376525879,1.4408832788467407,3.0764198303222656,0.6862174313505103,0.6789693368782449,0,0
-0.3215698003768921,1.438128113746643,3.0764143466949463,0.6993096229213229,0.6697626772144911,0,0
-0.31915128231048584,1.435373067855835,3.076408624649048,0.7036338536715944,0.6834048040770561,0,0
-0.31673288345336914,1.4326181411743164,3.0764031410217285,0.6764640311324238,0.6966978891311074,0,0
-0.3143145442008972,1.4298627376556396,3.07639741897583,0.6814655383764963,0.6952394674101239,0,0
-0.3118963837623596,1.4271074533462524,3.0763919353485107,0.7276990887941264,0.7177343663891834,0,0
-0.3094782829284668,1.4243521690368652,3.0763864517211914,0.7291947928564386,0.7113611120385667,0,0
-0.30706027150154114,1.4215967655181885,3.076380968093872,0.7187028045017784,0.713778618026564,0,0
-0.30464228987693787,1.4188413619995117,3.0763754844665527,0.7235754828910377,0.7303636053095052,0,0
-0.30222439765930176,1.4160860776901245,3.0763700008392334,0.716101589189627,0.7240745470830225,0,0
-0.2998065948486328,1.4133306741714478,3.076364517211914,0.7270131388146907,0.7330535272293839,0,0
-0.29738888144493103,1.410575032234192,3.0763587951660156,0.7208325013944602,0.7198282674681162,0,0
-0.29497116804122925,1.407819390296936,3.0763587951660156,0.7140188595605572,0.7211093839663213,0,0
-0.292553573846817,1.4050638675689697,3.0763587951660156,0.7155576448180784,0.7289211348489164,0,0
-0.2901360094547272,1.4023083448410034,3.0763587951660156,0.7089769646331388,0.7276739944923324,0,0
-0.28771844506263733,1.399552822113037,3.0763587951660156,0.7456433329542476,0.7626251570555148,0,0
-0.28530094027519226,1.3967971801757812,3.0763587951660156,0.7622112881163903,0.7623015108564897,0,0
-0.2828834652900696,1.394041657447815,3.0763587951660156,0.7708297117271393,0.7457501967440843,0,0
-0.2804660499095917,1.3912861347198486,3.0763587951660156,0.7521557617422684,0.7523764918863372,0,0
-0.27804869413375854,1.3885306119918823,3.0763587951660156,0.7598546917212865,0.7505319875372676,0,0
-0.2756314277648926,1.3857749700546265,3.0763587951660156,0.747511541543833,0.7410316238477519,0,0
-0.2732141613960266,1.383019208908081,3.0763587951660156,0.7627895551511196,0.7693748047336808,0,0
-0.2707969844341278,1.3802635669708252,3.0763587951660156,0.7472988188706774,0.7588205380405653,0,0
-0.2683798372745514,1.3775079250335693,3.0763587951660156,0.7727957477371072,0.7557559057922769,0,0
-0.26596271991729736,1.374752163887024,3.0763587951660156,0.7602596041574052,0.7729752987584819,0,0
-0.2635456323623657,1.371996521949768,3.0763587951660156,0.7868740753430412,0.7856754286305879,0,0
-0.26112860441207886,1.3692408800125122,3.0763587951660156,0.8021664631051385,0.7976028703548057,0,0
-0.25871163606643677,1.3664852380752563,3.0763587951660156,0.7881382072564251,0.8214040390685581,0,0
-0.25629472732543945,1.363729476928711,3.0763587951660156,0.7913855322796162,0.7833267728764934,0,0
-0.2538778781890869,1.3609737157821655,3.0763587951660156,0.7935280447759333,0.7966425580227907,0,0
-0.2514610290527344,1.3582179546356201,3.0763587951660156,0.7989854328869357,0.7882757702028642,0,0
-0.2490442544221878,1.3554620742797852,3.0763587951660156,0.7955569721141151,0.7891283828590815,0,0
-0.246627539396286,1.3527063131332397,3.0763587951660156,0.7967558845701971,0.7969672965393377,0,0
-0.2442108392715454,1.3499505519866943,3.0763587951660156,0.7711870877904029,0.804979458727564,0,0
-0.2417941689491272,1.3471946716308594,3.0763587951660156,0.7992668779668008,0.7874468005905029,0,0
-0.23937758803367615,1.344438910484314,3.0763587951660156,0.49255748688300355,0.49405823078614325,0,0
-0.23696103692054749,1.341683268547058,3.0763587951660156,0.4859494379709007,0.4931512493281401,0,0
-0.234544575214386,1.3389275074005127,3.0763587951660156,0.49199243901629947,0.4900055935308103,0,0
-0.2321280837059021,1.3361716270446777,3.0763587951660156,0.5079266880915639,0.49686048006213646,0,0
-0.22971168160438538,1.3334157466888428,3.0763587951660156,0.5012000405950507,0.5199732094604315,0,0
-0.22729529440402985,1.3306598663330078,3.0763587951660156,0.4976779700514465,0.5003809483667243,0,0
-0.22487899661064148,1.3279039859771729,3.0763587951660156,0.504521054761537,0.4856708243409522,0,0
-0.2224627137184143,1.3251479864120483,3.0763587951660156,0.5144418004898883,0.501117059006058,0,0
-0.22004647552967072,1.3223921060562134,3.0763587951660156,0.5060637236022895,0.495706009016076,0,0
-0.2176303118467331,1.319636344909668,3.0763587951660156,0.5064953111079195,0.4984897185521348,0,0
-0.21521420776844025,1.316880464553833,3.0763587951660156,0.4961545269118142,0.4894767976534006,0,0
-0.2127981036901474,1.314124584197998,3.0763587951660156,0.488683609332194,0.4908438286721715,0,0
-0.21038207411766052,1.3113688230514526,3.0763587951660156,0.5039109161714559,0.49895330331285936,0,0
-0.20796608924865723,1.3086127042770386,3.0763587951660156,0.5103354562069287,0.5089005818277964,0,0
-0.2055501490831375,1.305856704711914,3.0763587951660156,0.49680738715283823,0.49942086643879785,0,0
-0.20313423871994019,1.3031005859375,3.0763587951660156,0.4998502492958858,0.4989170910565464,0,0
-0.20071837306022644,1.3003445863723755,3.0763587951660156,0.5076905411336573,0.5151515873778983,0,0
-0.19830253720283508,1.297588586807251,3.0763587951660156,0.49535429030688466,0.4997204305704654,0,0
-0.1958867609500885,1.2948325872421265,3.0763587951660156,0.4944087779056151,0.5117706533681543,0,0
-0.1934709995985031,1.2920767068862915,3.0763587951660156,0.49021872901568897,0.49282389637186985,0,0
-0.1910553127527237,1.2893205881118774,3.0763587951660156,0.49902166765345923,0.4989371044294409,0,0
-0.18863965570926666,1.2865644693374634,3.0763587951660156,0.4802849243014402,0.5011985611386006,0,0
-0.1862240433692932,1.2838084697723389,3.0763587951660156,0.5034200737837373,0.5178814404750973,0,0
-0.18380847573280334,1.2810524702072144,3.0763587951660156,0.4878543284598935,0.4953261301457379,0,0
-0.18139295279979706,1.2782963514328003,3.0763587951660156,0.492974671895049,0.504547816624645,0,0
-0.17897750437259674,1.2755402326583862,3.0763587951660156,0.4997613309224433,0.4954023897582467,0,0
-0.17656204104423523,1.2727842330932617,3.0763587951660156,0.5011424846956384,0.5003276824871458,0,0
-0.1741466373205185,1.2700281143188477,3.0763587951660156,0.5136604606333703,0.5069266106641728,0,0
-0.17173129320144653,1.2672719955444336,3.0763587951660156,0.5111331079140132,0.5080441846659572,0,0
-0.16931597888469696,1.26451575756073,3.0763587951660156,0.5000665933361667,0.4937973060430407,0,0
-0.16690070927143097,1.2617597579956055,3.0763587951660156,0.5043877043159064,0.5046454941145067,0,0
-0.16448546946048737,1.259003758430481,3.0763587951660156,0.48665353835891684,0.5014954713911217,0,0
-0.16207027435302734,1.256247639656067,3.0763587951660156,0.5259430512622486,0.5100639908639476,0,0
-0.1596551239490509,1.2534915208816528,3.0763587951660156,0.4943621274265459,0.49256046331761255,0,0
-0.15724000334739685,1.2507352828979492,3.0763587951660156,0.5087473068078181,0.5114790247247554,0,0
-0.15482491254806519,1.247978925704956,3.0763587951660156,0.5151397688997853,0.5022296193704338,0,0
-0.1524098813533783,1.2452226877212524,3.0763587951660156,0.48812181174985847,0.509545124703263,0,0
-0.149994894862175,1.2424665689468384,3.0763587951660156,0.501788486162469,0.4875370405354188,0,0
-0.14757993817329407,1.2397104501724243,3.0763587951660156,0.4837646077762676,0.49299161350086507,0,0
-0.14516502618789673,1.2369540929794312,3.0763587951660156,0.506084872743025,0.5002952746822341,0,0
-0.14275012910366058,1.2341978549957275,3.0763587951660156,0.5065163655134708,0.5158765506406158,0,0
-0.14033524692058563,1.231441617012024,3.0763587951660156,0.5088455913539397,0.483008896438872,0,0
-0.13792037963867188,1.2286853790283203,3.0763587951660156,0.498433652003875,0.49801387200980124,0,0
-0.1355055272579193,1.2259291410446167,3.0763587951660156,0.5149014177224499,0.49335073222698417,0,0
-0.13309068977832794,1.223172903060913,3.0763587951660156,0.49335128677961526,0.5014572947675988,0,0
-0.13067588210105896,1.2204166650772095,3.0763587951660156,0.5047358638441927,0.4890766382579326,0,0
-0.12826108932495117,1.2176603078842163,3.0763587951660156,0.50013379952048,0.5073548966833996,0,0
-0.12584631145000458,1.2149040699005127,3.0763587951660156,0.5176538512149208,0.5155104210747286,0,0
-0.12343154102563858,1.2121479511260986,3.0763587951660156,0.5016905718405964,0.5097011054681883,0,0
-0.12101678550243378,1.2093918323516846,3.0763587951660156,0.49926502571793846,0.4970828707252546,0,0
-0.11860205233097076,1.2066354751586914,3.0763587951660156,0.48793430052554765,0.5102238662357508,0,0
-0.11618734896183014,1.2038789987564087,3.0763587951660156,0.488006613522636,0.4962789508625164,0,0
-0.11377263814210892,1.2011226415634155,3.0763587951660156,0.4761488064870214,0.4828629498415074,0,0
-0.11135795712471008,1.198366403579712,3.0763587951660156,0.4814831802794812,0.501352577166601,0,0
-0.10894326865673065,1.1956101655960083,3.0763587951660156,0.5081850371891203,0.5179955337374582,0,0
-0.1065286174416542,1.1928538084030151,3.0763587951660156,0.5125585602891949,0.4937396534257603,0,0
-0.10411398857831955,1.1900973320007324,3.0763587951660156,0.4907003880187799,0.501597586637174,0,0
-0.1016993597149849,1.1873409748077393,3.0763587951660156,0.5038006927803613,0.4895338273562458,0,0
-0.09928475320339203,1.1845847368240356,3.0763587951660156,0.4914758117222936,0.5060257856911018,0,0
-0.09687015414237976,1.1818283796310425,3.0763587951660156,0.5044829783863388,0.49935053221891473,0,0
-0.09445558488368988,1.1790720224380493,3.0763587951660156,0.5010371573449592,0.49527345562823394,0,0
-0.0920410305261612,1.1763156652450562,3.0763587951660156,0.5117713176386993,0.502680301521447,0,0
-0.0896264836192131,1.173559308052063,3.0763587951660156,0.4956918636194199,0.49743566866533695,0,0
-0.08721195161342621,1.1708029508590698,3.0763587951660156,0.5005019097875897,0.5039937089203461,0,0
-0.0847974345088005,1.1680467128753662,3.0763587951660156,0.5271743055935891,0.5110926726886321,0,0
-0.0823829248547554,1.165290355682373,3.0763587951660156,0.5094765443219835,0.5051609232162335,0,0
-0.07996843755245209,1.1625339984893799,3.0763587951660156,0.49594292806740853,0.5080353566202371,0,0
-0.07755395770072937,1.1597775220870972,3.0763587951660156,0.5023417637623133,0.5014674197294777,0,0
-0.07513950020074844,1.157021164894104,3.0763587951660156,0.5140322024060321,0.49185807332114584,0,0
-0.07272505760192871,1.1542649269104004,3.0763587951660156,0.49738329006840887,0.4909290586186165,0,0
-0.07031062990427017,1.1515085697174072,3.0763587951660156,0.49122515575795944,0.4967211120196793,0,0
-0.06789618730545044,1.148752212524414,3.0763587951660156,0.49910383531907093,0.486325289223698,0,0
-0.0654817521572113,1.1459959745407104,3.0763587951660156,0.492535495392979,0.5208991316174584,0,0
-0.06306730210781097,1.1432396173477173,3.0763587951660156,0.49931064899095107,0.5006745816042348,0,0
-0.060652852058410645,1.1404833793640137,3.0763587951660156,0.479294559190543,0.49350547735552347,0,0
-0.05823838710784912,1.1377272605895996,3.0763587951660156,0.4897605728476481,0.4901652802230973,0,0
-0.0558239184319973,1.134970784187317,3.0763587951660156,0.47858961403097017,0.5106260283442917,0,0
-0.05340944230556488,1.1322143077850342,3.0763587951660156,0.49511355399102913,0.5048128187100717,0,0
-0.05099495127797127,1.129457950592041,3.0763587951660156,0.49537794145328545,0.49263125308902983,0,0
-0.04858045279979706,1.1267015933990479,3.0763587951660156,0.4934801856456419,0.4879784014034613,0,0
-0.04616595059633255,1.1239452362060547,3.0763587951660156,0.5105749882614594,0.5006249644940974,0,0
-0.043751444667577744,1.1211888790130615,3.0763587951660156,0.5039445808194658,0.4910469265074391,0,0
-0.04133692383766174,1.1184324026107788,3.0763587951660156,0.49300307395354165,0.49811857280523136,0,0
-0.038922395557165146,1.1156760454177856,3.0763587951660156,0.4935685493441391,0.49638180978662694,0,0
-0.03650786355137825,1.1129196882247925,3.0763587951660156,0.5085725486137626,0.5178493237722793,0,0
-0.03409332036972046,1.1101633310317993,3.0763587951660156,0.5143828037788056,0.48871715655739245,0,0
-0.03167876601219177,1.1074069738388062,3.0763587951660156,0.5086602619177705,0.49927000746111505,0,0
-0.029264215379953384,1.1046504974365234,3.0763587951660156,0.5041844650349864,0.4950304994099446,0,0
-0.02684965170919895,1.1018941402435303,3.0763587951660156,0.5093674133788757,0.5197851714335867,0,0
-0.024435074999928474,1.099137783050537,3.0763587951660156,0.5041268496750761,0.49131611617918297,0,0
-0.022020496428012848,1.096381425857544,3.0763587951660156,0.49928926186892275,0.5084702853817404,0,0
-0.019605906680226326,1.0936250686645508,3.0763587951660156,0.5051830251048735,0.4822906176463376,0,0
-0.017191315069794655,1.090868592262268,3.0763587951660156,0.5082825692948447,0.505797669961634,0,0
-0.014776713214814663,1.088112235069275,3.0763587951660156,0.49589361376571145,0.5055411935503118,0,0
-0.012362108565866947,1.0853559970855713,3.0763587951660156,0.47469885659545,0.5046651638751022,0,0
-0.009947492741048336,1.0825996398925781,3.0763587951660156,0.5189166919426159,0.48199691965711844,0,0
-0.0075328717939555645,1.0798434019088745,3.0763587951660156,0.5044247390026203,0.4910037502849316,0,0
-0.005118245724588633,1.0770869255065918,3.0763587951660156,0.49221413118721263,0.497112791106485,0,0
-0.0027036070823669434,1.0743305683135986,3.0763587951660156,0.5127274395274382,0.49748368786757263,0,0
-0.0002889664319809526,1.0715742111206055,3.0763587951660156,0.49793697481317334,0.5089011912324236,0,0
0.002125683007761836,1.0688178539276123,3.0763587951660156,0.48602805342797367,0.48565809555486217,0,0
0.004540340509265661,1.0660614967346191,3.0763587951660156,0.5089130255334617,0.505174922971268,0,0
0.006955003831535578,1.0633050203323364,3.0763587951660156,0.4877120743315362,0.48497937156585047,0,0
0.009369675070047379,1.0605486631393433,3.0763587951660156,0.5108390948602455,0.5072178783993749,0,0
0.011784350499510765,1.05779230594635,3.0763587951660156,0.49202788537649295,0.5086587093783339,0,0
0.014199035242199898,1.055035948753357,3.0763587951660156,0.512313820943457,0.49210967379791154,0,0
0.016613725572824478,1.0522795915603638,3.0763587951660156,0.4955176296429287,0.4853979259856259,0,0
0.019028425216674805,1.049523115158081,3.0763587951660156,0.5264783974814268,0.49614999934125115,0,0
0.02144312672317028,1.046766757965088,3.0763587951660156,0.49632660913317767,0.4906889594498439,0,0
0.02385783940553665,1.0440104007720947,3.0763587951660156,0.475715839523518,0.49528378019739583,0,0
0.026272550225257874,1.0412540435791016,3.0763587951660156,0.4938390293939509,0.5012440060147494,0,0
0.02868727408349514,1.0384976863861084,3.0763587951660156,0.5036866950445209,0.5022341771957914,0,0
0.031102003529667854,1.0357412099838257,3.0763587951660156,0.4983921917448244,0.507552341260205,0,0
0.033516742289066315,1.0329848527908325,3.0763587951660156,0.5020178876120424,0.5025167044632556,-1,-1
0.03593148663640022,1.0302284955978394,3.076353073120117,0.49617532046014234,0.4992078479419849,0,0
0.03834613785147667,1.027471899986267,3.076777935028076,0.49220231387269786,0.5101960146784507,0,0
0.04076101630926132,1.0247167348861694,3.0778756141662598,0.5091849485375113,0.48857553153790434,0,0
0.043176859617233276,1.0219670534133911,3.0797746181488037,0.49282490663988876,0.48570653576775613,0,0
0.045594923198223114,1.019229769706726,3.082533836364746,0.5062985391726074,0.5128767012631364,0,0
0.048017892986536026,1.0165135860443115,3.086162567138672,0.5088815809101951,0.48386474567147036,0,0
0.050448786467313766,1.0138288736343384,3.0906548500061035,0.5112143834298655,0.515801467079912,0,0
0.05288984254002571,1.0111857652664185,3.0959842205047607,0.49441253728571843,0.5186585596684499,0,0
0.055342379957437515,1.0085965394973755,3.1021487712860107,0.501321752117837,0.5000974127056851,0,0
0.05780791863799095,1.006074070930481,3.1091086864471436,0.5023810613363857,0.5042748522173001,0,0
0.06028846651315689,1.003631591796875,3.116844892501831,0.4849491809331513,0.5084978178163518,0,0
0.06278474628925323,1.0012801885604858,3.1252989768981934,0.49223329810377286,0.5127882230264497,0,0
0.06529542058706284,0.9990310668945312,3.134477138519287,0.49053839393417237,0.5205772041197296,0,0
0.06781768053770065,0.9968945384025574,-3.1388449668884277,0.4961072891470435,0.4911096144356698,0,0
0.0703478455543518,0.994882345199585,-3.128305673599243,0.500300764072227,0.48227591858129415,0,0
0.07288212329149246,0.9930042624473572,-3.1171486377716064,0.47990619397065204,0.5131104649774925,0,0
0.07541486620903015,0.9912688732147217,-3.1053783893585205,0.5232757260491274,0.5007789155391935,0,0
0.07793998718261719,0.9896835088729858,-3.093029737472534,0.48933233046212693,0.5012801792990093,0,0
0.08044898509979248,0.9882542490959167,-3.080096960067749,0.5001296557814284,0.5004475570568547,0,0
0.08293327689170837,0.9869869351387024,-3.066633462905884,0.49183979439655534,0.4989921287561487,0,0
0.08538305759429932,0.9858848452568054,-3.0526373386383057,0.5127016573593248,0.5102087791314364,0,0
0.08778755366802216,0.9849516153335571,-3.038135528564453,0.4999784180623239,0.5035594287583514,0,0
0.09013655036687851,0.9841881990432739,-3.023186445236206,0.5060189483609383,0.49850786698812116,0,0
0.09241768717765808,0.9835947155952454,-3.0077250003814697,0.4899609875890882,0.5050801780418083,0,0
0.09462020546197891,0.9831702709197998,-2.9918365478515625,0.49131088776099,0.4897329175192925,0,0
0.09673270583152771,0.9829117059707642,-2.9755167961120605,0.4945526092665456,0.49316782864860986,0,0
0.09874308854341507,0.9828150272369385,-2.9588406085968018,0.5138269753518829,0.5057278397349815,0,0
0.10064134001731873,0.9828745126724243,-2.941685676574707,0.49979297344731577,0.5061399508972926,0,0
0.1024174764752388,0.9830822944641113,-2.9241998195648193,0.48979545558149873,0.5029273003408216,0,0
0.10406150668859482,0.9834287762641907,-2.9063830375671387,0.5107939502689266,0.5118667694542158,0,0
0.10556536167860031,0.9839038252830505,-2.8881988525390625,0.5091813613656492,0.5065624813769081,0,0
0.10692165791988373,0.984494149684906,-2.8697376251220703,0.49748101572532716,0.49208129014140894,0,0
0.10812307149171829,0.985185980796814,-2.8509860038757324,0.502926976363725,0.5060063255930527,0,0
0.10916421562433243,0.9859654307365417,-2.831930160522461,0.501796226901389,0.5010481654874603,0,0
0.1100413128733635,0.9868170619010925,-2.8126211166381836,0.5131360093414552,0.5228714389954636,0,0
0.11075147986412048,0.987724781036377,-2.7930617332458496,0.5087902652487005,0.5067193036078171,0,0
0.111293725669384,0.9886731505393982,-2.7732434272766113,0.49858474935990643,0.5006775199539576,0,0
0.11166960000991821,0.9896464347839355,-2.753199815750122,0.5091813314821696,0.5008091826012787,0,0
0.11188244074583054,0.990628182888031,-2.732943058013916,0.4994846297978494,0.5193294006256296,0,0
0.11193741112947464,0.9916025400161743,-2.712477684020996,0.5006610634531297,0.5073188676577378,0,0
0.1118420958518982,0.9925546646118164,-2.691823959350586,0.5092405584518004,0.499803329143402,0,0
0.11160627752542496,0.9934688210487366,-2.6710093021392822,0.49756164478728315,0.4992289856456653,0,0
0.11124123632907867,0.9943307638168335,-2.650034189224243,0.5118085419801168,0.4930316652823037,0,0
0.11075975745916367,0.9951271414756775,-2.6289021968841553,0.4828622091879668,0.4980161582871246,0,0
0.11017680168151855,0.9958459734916687,-2.6076436042785645,0.5022511932707004,0.49499723105420723,0,0
0.1095089465379715,0.9964762926101685,-2.5862762928009033,0.5118996591362958,0.49922994743763566,0,0
0.10877323895692825,0.9970080852508545,-2.5647900104522705,0.5031919527517967,0.5048444231910633,0,0
0.10798684507608414,0.9974345564842224,-2.5431766510009766,0.4985276936042601,0.4958133647877086,0,0
0.1071685180068016,0.9977523684501648,-2.5214874744415283,0.5095364449122756,0.5080155272362017,0,0
0.10633843392133713,0.997959315776825,-2.4997506141662598,0.475489172525747,0.5258262806117335,0,0
0.10551571100950241,0.9980550408363342,-2.4779350757598877,0.5181173339667208,0.4873713953095957,0,0
0.10471683740615845,0.998042106628418,-2.456024646759033,0.5024741147555534,0.5066441579815182,0,0
0.10395725816488266,0.9979280829429626,-2.434075117111206,0.4935948870697547,0.49644877404474946,0,0
0.10325250774621964,0.9977233409881592,-2.41213059425354,0.5150388271041002,0.5123747000430194,0,0
0.10261638462543488,0.9974386096000671,-2.3901660442352295,0.5037889746300518,0.5018603254157101,0,0
0.10205850005149841,0.9970858097076416,-2.368175983428955,0.5108408061457701,0.5237177845617593,0,0
0.10158451646566391,0.9966790676116943,-2.34619140625,0.5040133077151919,0.5040227150448053,0,0
0.10119736939668655,0.9962337613105774,-2.3242342472076416,0.4977313244220833,0.494047929802017,0,0
0.10089804977178574,0.995764970779419,-2.3023037910461426,0.4959196021254458,0.5045435702891413,0,0
0.10068508982658386,0.9952859282493591,-2.280398368835449,0.5064638269923502,0.49364694394614345,0,0
0.100554458796978,0.9948078989982605,-2.2585253715515137,0.5034665171045675,0.5099258135609182,0,0
0.10050011426210403,0.9943411350250244,-2.236704111099243,0.4997496767471612,0.5055496201664864,0,0
0.10051500797271729,0.9938951134681702,-2.2149455547332764,0.5001762477452532,0.4903154220865458,0,0
0.10059180855751038,0.993477463722229,-2.193253517150879,0.5071961606763389,0.4953988765047521,0,0
0.10072295367717743,0.9930949807167053,-2.171639919281006,0.503807690641378,0.4991908888372916,0,0
0.10090040415525436,0.9927524328231812,-2.1501152515411377,0.48913669895187106,0.4943693143097723,0,0
0.10111530125141144,0.9924524426460266,-2.1286940574645996,0.5041024638123675,0.49704667795074814,0,0
0.1013580784201622,0.9921954870223999,-2.1073880195617676,0.5029968429140358,0.5057049365268185,0,0
0.10161930322647095,0.991981565952301,-2.0862083435058594,0.5029377304988465,0.49706966583432116,0,0
0.10189075022935867,0.9918088316917419,-2.065152406692505,0.48962281485169573,0.5005344360419073,0,0
0.10216622054576874,0.9916753172874451,-2.0442323684692383,0.4951796901835954,0.49706363726010655,0,0
0.1024412214756012,0.9915788769721985,-2.023463726043701,0.5007190999469653,0.4793370436539522,0,0
0.10271231085062027,0.9915163516998291,-2.0028586387634277,0.5150383932135004,0.5013967864129313,0,0
0.102976493537426,0.9914847016334534,-1.9824317693710327,0.49940597869876685,0.5004348033744231,0,0
0.10323071479797363,0.9914799928665161,-1.9621893167495728,0.5062017929160881,0.4963181477140892,0,0
0.10347195714712143,0.9914981126785278,-1.9421430826187134,0.5060333717363454,0.5092620411892368,0,0
0.10369758307933807,0.9915345311164856,-1.9223027229309082,0.5036483534110966,0.4936048642343882,0,0
0.10390568524599075,0.9915857911109924,-1.902679681777954,0.496123100831547,0.49096323138718495,0,0
0.10409507900476456,0.9916484355926514,-1.883278250694275,0.5014306258782473,0.49441199322017226,0,0
0.10426505655050278,0.9917207956314087,-1.8641071319580078,0.5043838547298277,0.5068618609232257,0,0
0.10441561788320541,0.9918003678321838,-1.8451707363128662,0.4950745018618023,0.5041694843173623,0,0
0.10454721748828888,0.9918853640556335,-1.8264808654785156,0.49008203517767257,0.5099487169513817,0,0
0.10466092824935913,0.9919740557670593,-1.8080445528030396,0.5070722883997817,0.4939992997859816,0,0
0.10475829988718033,0.9920646548271179,-1.7898744344711304,0.4919085211121347,0.5028012686953449,0,0
0.10484112799167633,0.9921552538871765,-1.7719664573669434,0.5071899074221253,0.49209009829310996,0,0
0.10491109639406204,0.9922440648078918,-1.7543330192565918,0.4938230263060359,0.4833150289315375,0,0
0.10496971756219864,0.9923297762870789,-1.7369799613952637,0.4794182104756306,0.5099553303212732,0,0
0.10501832515001297,0.9924108386039734,-1.7199134826660156,0.5069403708700339,0.49714299046464283,0,0
0.1050582155585289,0.992485761642456,-1.7031327486038208,0.5108259838279695,0.49169457731104504,0,0
0.1050904393196106,0.9925538301467896,-1.6866495609283447,0.509717537480079,0.48865177426258904,0,0
0.1051158532500267,0.9926143884658813,-1.6704654693603516,0.5192673502594797,0.49320461230486357,0,0
0.10513520240783691,0.9926671981811523,-1.6545804738998413,0.4996293391051853,0.49863811985493384,0,0
0.10514908283948898,0.9927125573158264,-1.6390074491500854,0.49019701622620904,0.4893106722377261,0,0
0.10515817254781723,0.9927502274513245,-1.623740553855896,0.5044987312928965,0.5118203371562018,0,0
0.10516306757926941,0.9927812218666077,-1.60878586769104,0.49445961184265275,0.48215667390301736,0,0
0.10516441613435745,0.9928062558174133,-1.5941492319107056,0.516616605457671,0.5131634475921418,0,0
0.10516276955604553,0.992825984954834,-1.5798300504684448,0.49080613688460567,0.5040268412536865,0,0
0.10515881329774857,0.9928414225578308,-1.5658290386199951,0.4999049988689321,0.5070705701987807,0,0
0.10515320301055908,0.9928534030914307,-1.5521514415740967,0.5007769247188995,0.5052797450343127,0,0
0.10514659434556961,0.99286288022995,-1.53879714012146,0.5011691418665108,0.5149540979947407,0,0
0.10513956099748611,0.9928707480430603,-1.5257657766342163,0.4999758588452542,0.500560538011166,0,0
0.10513269901275635,0.9928776621818542,-1.5130575895309448,0.4927994881643463,0.5069593390485537,0,0
0.1051265075802803,0.9928842186927795,-1.5006723403930664,0.4939918905822867,0.493734664445101,0,0
0.10512137413024902,0.9928910732269287,-1.4886103868484497,0.5184809941987256,0.48849354219147006,0,0
0.10511763393878937,0.9928982257843018,-1.4768717288970947,0.4952504741196968,0.5044916941319051,0,0
0.10511552542448044,0.9929061532020569,-1.4654501676559448,0.5147196168024428,0.5051875569030743,0,0
0.10511516034603119,0.9929149746894836,-1.454352617263794,0.4825558250560124,0.5016578971169156,0,0
0.10511656105518341,0.992924690246582,-1.4435720443725586,0.4961388100539307,0.49353303550638766,0,0
0.10511964559555054,0.992935299873352,-1.4331097602844238,0.5110578625479681,0.4900660460552315,0,0
0.10512429475784302,0.9929467439651489,-1.4229652881622314,0.4832156043316948,0.5094189036408562,0,0
0.10513028502464294,0.9929587244987488,-1.4131324291229248,0.5191926013478276,0.5084104847102608,0,0
0.10513734072446823,0.9929713010787964,-1.403611183166504,0.5183656226623267,0.4964085225495982,0,0
0.10514518618583679,0.992983877658844,-1.3943947553634644,0.4981312867446588,0.5005000420721248,0,0
0.10515351593494415,0.9929964542388916,-1.3854854106903076,0.4880818591917672,0.5044869532237715,0,0
0.10516203939914703,0.9930089712142944,-1.3768802881240845,0.4941631563899376,0.49547570636557176,0,0
0.10517039149999619,0.9930211901664734,-1.3685743808746338,0.5028758829786238,0.5066578865488348,0,0
0.10517837852239609,0.993032693862915,-1.3605622053146362,0.5076068528782889,0.4971141461093932,0,0
0.10518574714660645,0.9930437803268433,-1.3528435230255127,0.5086347168393246,0.5035804899327367,0,0
0.10519233345985413,0.9930541515350342,-1.3454126119613647,0.4892914380224721,0.49745671017792215,0,0
0.1051979809999466,0.9930636882781982,-1.338262915611267,0.5043744054635761,0.517832925916416,0,0
0.10520260035991669,0.9930726289749146,-1.331395149230957,0.4915062166021318,0.5010367953161267,0,0
0.10520638525485992,0.9930812120437622,-1.324808955192566,0.5002335620195719,0.5085829415764423,0,0
0.10520797967910767,0.9930872321128845,-1.3184999227523804,0.5082426442842433,0.5025335630005879,0,0
0.10520400106906891,0.9930848479270935,-1.3124605417251587,0.5120415808625665,0.5183730767459208,0,0
0.10518942773342133,0.9930652379989624,-1.3066737651824951,0.502793971608343,0.5097969010189595,0,0
0.10515841096639633,0.9930172562599182,-1.3011049032211304,0.5177283308608305,0.4853393595257618,0,0
0.10510347783565521,0.9929287433624268,-1.2957500219345093,0.49826527986664293,0.4944394862100432,0,0
0.10501531511545181,0.9927857518196106,-1.2906348705291748,0.5089336340950963,0.48895046380518653,0,0
0.10488542169332504,0.9925721287727356,-1.285751461982727,0.5124190186688191,0.49647095653151574,0,0
0.10470788180828094,0.992271900177002,-1.281045913696289,0.4958089020839494,0.49712062969321197,0,0
0.10447822511196136,0.9918720126152039,-1.276501178741455,0.5025707297811493,0.49241267879686007,0,0
0.10419168323278427,0.9913613200187683,-1.2721483707427979,0.4902815455415902,0.5047949785974344,0,0
0.1038435846567154,0.990729808807373,-1.2680083513259888,0.5167034091256357,0.49226386943362277,0,0
0.10343116521835327,0.9899680614471436,-1.2640752792358398,0.4898343763515594,0.5102068825577695,0,0
0.10295353829860687,0.9890689849853516,-1.260331392288208,0.48271324755111433,0.48297379107690847,0,0
0.10241084545850754,0.9880279898643494,-1.256763219833374,0.49716295010983325,0.5091482124181559,0,0
0.10180330276489258,0.9868431091308594,-1.2533700466156006,0.4947249398899796,0.49328864642413306,0,0
0.10113125294446945,0.9855144619941711,-1.250136375427246,0.5000614330905174,0.4922792048049976,0,0
0.10039553046226501,0.9840440154075623,-1.2470576763153076,0.5204560590218554,0.48671420024382034,0,0
0.09959746897220612,0.9824357032775879,-1.2441225051879883,0.49681799538351773,0.5186782143404481,0,0
0.09873901307582855,0.9806945323944092,-1.2413256168365479,0.5124544740825638,0.5057555965252702,0,0
0.09782276302576065,0.9788264036178589,-1.238649606704712,0.496560682333165,0.5043547593872153,0,0
0.09685174375772476,0.9768375754356384,-1.2360877990722656,0.5172132052819919,0.5000773053597727,0,0
0.09582912921905518,0.9747346043586731,-1.2336288690567017,0.5060956443995362,0.5042484198400174,0,0
0.09475775808095932,0.9725239276885986,-1.2312637567520142,0.4948356503371531,0.5112636085407056,0,0
0.09364011883735657,0.9702119827270508,-1.228996753692627,0.5090750580219167,0.49598969351689515,0,0
0.0924781933426857,0.9678060412406921,-1.2268341779708862,0.4963698876574904,0.5046748355827807,0,0
0.09127367287874222,0.965313732624054,-1.224780797958374,0.5233000982669163,0.4923475271054822,0,0
0.0900283232331276,0.9627432823181152,-1.2228376865386963,0.4855065884337166,0.49844168607841655,0,0
0.08874456584453583,0.9601031541824341,-1.2210001945495605,0.5017025609899275,0.5012413349914812,0,0
0.08742561936378479,0.9574012756347656,-1.2192630767822266,0.5028862357495133,0.5136797261466568,0,0
0.08607565611600876,0.9546452760696411,-1.2176194190979004,0.4951281446837449,0.5006114345323354,0,0
0.08469941467046738,0.9518415927886963,-1.2160530090332031,0.49154491426619124,0.5253003048945198,0,0
0.08330190181732178,0.9489952325820923,-1.2145518064498901,0.5110170691397226,0.5046854706347501,0,0
0.0818878710269928,0.9461096525192261,-1.2131142616271973,0.4910336179188548,0.5135098089734933,0,0
0.08046133816242218,0.943187952041626,-1.2117277383804321,0.514884939411361,0.49437929346757675,0,0
0.0790252834558487,0.9402320384979248,-1.2103947401046753,0.5025457599791916,0.5104091703305769,0,0
0.07758166640996933,0.9372435808181763,-1.2091147899627686,0.490573289547873,0.49531501285741897,0,0
0.07613173872232437,0.9342243075370789,-1.2078921794891357,0.5030492968805369,0.5016342497641283,0,0
0.07467632740736008,0.9311762452125549,-1.2067227363586426,0.5069761063034465,0.5025442560708938,0,0
0.07321615517139435,0.9281012415885925,-1.2056092023849487,0.4897117780365409,0.5138260622820274,0,0
0.07175188511610031,0.9250012040138245,-1.2045464515686035,0.501071938560858,0.509428879382048,0,0
0.07028418034315109,0.9218779802322388,-1.2035303115844727,0.5031061115606766,0.49890839825787936,0,0
0.06881361454725266,0.9187335968017578,-1.2025583982467651,0.4986746661733315,0.4965121504391323,0,0
0.06734059005975723,0.9155693054199219,-1.2016288042068481,0.4786550420431605,0.5191382444751267,0,0
0.06586530059576035,0.912386953830719,-1.2007403373718262,0.4982639683762685,0.4869786303901108,0,0
0.06438783556222916,0.9091872572898865,-1.1998931169509888,0.49895489924402603,0.5157881058447128,0,0
0.06290820240974426,0.9059723019599915,-1.199083924293518,0.5016703598661577,0.5084882273377644,0,0
0.06142652407288551,0.9027433395385742,-1.1983119249343872,0.5082401163313296,0.48745582104690366,0,0
0.059943024069070816,0.8995018601417542,-1.1975743770599365,0.5042091378530127,0.4998062992355589,0,0
0.05845808982849121,0.8962493538856506,-1.1968730688095093,0.5034778841345061,0.48332911300613923,0,0
0.05697214603424072,0.8929869532585144,-1.1961997747421265,0.5097835597058437,0.5156457642009747,0,0
0.05548563599586487,0.8897157311439514,-1.1955583095550537,0.4935289711819587,0.5121157273286181,0,0
0.05399898812174797,0.8864365816116333,-1.194941520690918,0.5137982136037508,0.5138527499316002,0,0
0.0525125153362751,0.883150041103363,-1.194354772567749,0.48698245249577043,0.5088000536453064,0,0
0.05102647840976715,0.8798564076423645,-1.1937915086746216,0.49319197379790736,0.49353863091866174,0,0
0.049541059881448746,0.8765567541122437,-1.193258285522461,0.506041981075648,0.5039435536309425,0,0
0.04805639013648033,0.8732511401176453,-1.1927483081817627,0.5039379259609101,0.49795947194965706,0,0
0.046572621911764145,0.869940459728241,-1.1922613382339478,0.4949635800660403,0.5127164253906865,0,0
0.04508989304304123,0.8666250705718994,-1.1917942762374878,0.4912445020474362,0.490320907591605,0,0
0.04360836371779442,0.863305389881134,-1.1913470029830933,0.5053579512576442,0.49713166572435824,0,0
0.04212817922234535,0.8599818348884583,-1.1909213066101074,0.5065581196796992,0.49336655180769007,0,0
0.04064945504069328,0.8566544651985168,-1.1905126571655273,0.5007137847016564,0.5021725339299726,0,0
0.03917226195335388,0.8533235192298889,-1.190128207206726,0.49400190553658313,0.501189008266788,0,0
0.03769664466381073,0.8499894738197327,-1.1897540092468262,0.4834105776620568,0.5078687056359023,0,0
0.03622261434793472,0.846652626991272,-1.1893987655639648,0.5169857024349298,0.48370205697464674,0,0
0.03475017473101616,0.8433129191398621,-1.1890615224838257,0.4902478410536508,0.5002299292586626,0,0
0.033279333263635635,0.8399708271026611,-1.1887407302856445,0.5116844062242051,0.517888438363974,0,0
0.031810104846954346,0.8366262912750244,-1.1884310245513916,0.49657761151915353,0.498954092348421,0,0
0.030342502519488335,0.8332797288894653,-1.1881376504898071,0.5120643294997043,0.49875373580056714,0,0
0.028876539319753647,0.8299311399459839,-1.1878564357757568,0.5010441098725968,0.5140033370037485,0,0
0.02741219662129879,0.8265807032585144,-1.1875879764556885,0.516597805754225,0.4986656029807678,0,0
0.025949448347091675,0.8232284188270569,-1.1873317956924438,0.4958855747129181,0.4697654540215775,0,0
0.02448827028274536,0.8198745250701904,-1.1870874166488647,0.4909763317259232,0.49677012634966483,0,0
0.023028621450066566,0.8165192008018494,-1.186854362487793,0.49681946474347455,0.5074227257326864,0,0
0.02157047763466835,0.8131623864173889,-1.186632513999939,0.48764158400889673,0.5058738010057012,0,0
0.02011382393538952,0.8098044395446777,-1.1864181756973267,0.49368872850304046,0.4896467054919888,0,0
0.018658628687262535,0.8064451813697815,-1.186216115951538,0.5042982187871513,0.4993538901084937,0,0
0.01720486953854561,0.8030847311019897,-1.1860251426696777,0.4867836086962859,0.49881896474719045,0,0
0.015752514824271202,0.7997230887413025,-1.1858404874801636,0.5090875591055639,0.5039279822603864,0,0
0.014301523566246033,0.7963604927062988,-1.1856606006622314,0.5060636210772744,0.5088869198550806,0,0
0.01285186130553484,0.7929970026016235,-1.185491919517517,0.5103451246014878,0.5012379256913224,0,0
0.011403482407331467,0.7896326780319214,-1.1853302717208862,0.5081080124028207,0.47408625675707294,0,0
0.00995635986328125,0.7862675786018372,-1.1851755380630493,0.4999810707036091,0.4882739359915397,0,0
0.008510454557836056,0.7829016447067261,-1.1850250959396362,0.4965491249886083,0.4955713658519248,0,0
0.007065739948302507,0.7795348763465881,-1.1848864555358887,0.4920709595961722,0.49406681659921076,0,0
0.00562217365950346,0.7761674523353577,-1.1847548484802246,0.504754262661772,0.5079911978781241,0,0
0.0041797268204391,0.7727993726730347,-1.1846293210983276,0.4975218507050643,0.5000957387763577,0,0
0.0027383563574403524,0.7694307565689087,-1.1845097541809082,0.4902490700457932,0.5176575256343378,0,0
0.001298025599680841,0.7660614252090454,-1.1843962669372559,0.49022996375056827,0.4984957202757553,0,0
-0.00014129796181805432,0.7626914978027344,-1.1842827796936035,0.4881066707180205,0.5054051474310768,0,0
-0.001579653355292976,0.7593210339546204,-1.1841752529144287,0.4861175298977621,0.5120959211151688,0,0
-0.0030170679092407227,0.7559501528739929,-1.1840736865997314,0.4791256431504732,0.5077718270696299,0,0
-0.00445357384160161,0.7525786757469177,-1.183977484703064,0.5056551527199207,0.5004231236766478,0,0
-0.005889203865081072,0.7492070198059082,-1.1838871240615845,0.49053917369967165,0.4949470212743358,0,0
-0.007323991507291794,0.7458348870277405,-1.1837968826293945,0.5025290659769139,0.49207973248031167,0,0
-0.008757971227169037,0.7424622774124146,-1.183713436126709,0.5084285939948779,0.5027483378909169,0,0
-0.0101911760866642,0.7390891909599304,-1.1836342811584473,0.5053439793764443,0.502534866719345,0,0
-0.011623634956777096,0.7357156872749329,-1.1835551261901855,0.49252234355637226,0.498224353995313,0,0
-0.013055374845862389,0.732342004776001,-1.1834837198257446,0.4977540091335789,0.5040464051345415,0,0
-0.014486421830952168,0.7289679646492004,-1.1834123134613037,0.4991585414324418,0.4922458373885248,0,0
-0.015916800126433372,0.7255935072898865,-1.1833453178405762,0.5061322511093286,0.5155588451124545,0,0
-0.017346544191241264,0.7222187519073486,-1.1832783222198486,0.5010886490625428,0.5162921228129913,0,0
-0.01877567544579506,0.7188436985015869,-1.1832188367843628,0.48054163194332994,0.5037872652975338,0,0
-0.020204219967126846,0.7154685258865356,-1.183159589767456,0.5106709577130867,0.5267951377059974,0,0
-0.021632205694913864,0.7120929956436157,-1.1831061840057373,0.4989812462709748,0.49940756487334326,0,0
-0.023059651255607605,0.7087172269821167,-1.183052897453308,0.4984863969029289,0.5080510264380454,0,0
-0.02448658086359501,0.7053412795066833,-1.1830047369003296,0.4908154060271828,0.4782394584271682,0,0
-0.025913018733263016,0.7019650340080261,-1.1829564571380615,0.4838275013389242,0.49638100073518393,0,0
-0.02733897604048252,0.6985886096954346,-1.1829084157943726,0.5105322400222594,0.5034219307532952,0,0
-0.028764476999640465,0.6952118873596191,-1.1828663349151611,0.5139120749298257,0.49128892599738605,0,0
-0.030189545825123787,0.6918351054191589,-1.1828241348266602,0.5011697626499928,0.4898401683511672,0,0
-0.031614191830158234,0.6884580254554749,-1.1827820539474487,0.4968144001076041,0.5041320191588242,0,0
-0.033038437366485596,0.6850807070732117,-1.1827459335327148,0.5000500154425752,0.5122053236310404,0,0
-0.03446230664849281,0.6817033290863037,-1.1827096939086914,0.5094229008234313,0.50374740429677,0,0
-0.03588581085205078,0.678325891494751,-1.182673692703247,0.5251805369340256,0.5175446072997452,0,0
-0.037308964878320694,0.6749480962753296,-1.1826434135437012,0.5053382737376597,0.5087508132287437,0,0
-0.03873177990317345,0.6715703010559082,-1.1826133728027344,0.4954661173565547,0.5189019843219451,0,0
-0.04015427082777023,0.6681922078132629,-1.1825833320617676,0.4898238157701499,0.5206989742868832,0,0
-0.04157644510269165,0.6648141145706177,-1.1825532913208008,0.5136189595692487,0.4961831459483029,0,0
-0.042998332530260086,0.6614358425140381,-1.1825300455093384,0.5034609613098252,0.4882725330491579,0,0
-0.04441993311047554,0.658057451248169,-1.182506799697876,0.5174214157116642,0.5060480128385286,0,0
-0.04584126174449921,0.6546790599822998,-1.182483434677124,0.5110842528720525,0.5055060942763426,0,0
-0.04726233333349228,0.6513004302978516,-1.1824604272842407,0.5223102968555406,0.4977539209513348,0,0
-0.04868316277861595,0.6479216814041138,-1.1824371814727783,0.4723705144397099,0.500826940002203,0,0
-0.05010375380516052,0.6445427536964417,-1.1824190616607666,0.49915783906789163,0.5035297403463191,0,0
-0.05152411758899689,0.6411638259887695,-1.1824009418487549,0.5040948038166364,0.5091344458730162,0,0
-0.05294426158070564,0.6377847790718079,-1.1823830604553223,0.5010286955932639,0.48155880277835666,0,0
-0.05436420068144798,0.6344056725502014,-1.1823649406433105,0.48595236094033645,0.5037779702036409,0,0
-0.055783942341804504,0.6310265064239502,-1.1823468208312988,0.49840419174214545,0.501587574865581,0,0
-0.0572034977376461,0.6276471614837646,-1.182328701019287,0.5019499657035748,0.5178596776639905,0,0
-0.05862287059426308,0.6242677569389343,-1.1823174953460693,0.4836665279384215,0.49104538998643865,0,0
-0.060042064636945724,0.6208882927894592,-1.1823065280914307,0.5080350557860901,0.5084538873242969,0,0
-0.06146109476685524,0.6175088286399841,-1.182295322418213,0.49547036738316874,0.5121819951930221,0,0
-0.06287997215986252,0.6141293048858643,-1.1822841167449951,0.4994994788808425,0.5065352618533154,0,0
-0.06429870426654816,0.6107496023178101,-1.1822729110717773,0.46338862353466664,0.4769624343337911,0,0
-0.06571727246046066,0.6073698997497559,-1.1822617053985596,0.506326040268855,0.4953985898086614,0,0
-0.06713572144508362,0.6039901375770569,-1.1822504997253418,0.4957599139985374,0.4932701192358341,0,0
-0.06855402886867523,0.6006103157997131,-1.182239294052124,0.49858698236067656,0.5085010442227617,0,0
-0.0699722170829773,0.5972304344177246,-1.1822283267974854,0.5113205996418386,0.49378958570454534,0,0
-0.07139028608798981,0.5938504934310913,-1.1822214126586914,0.49720213448646466,0.4971818210515951,0,0
-0.07280823588371277,0.5904704928398132,-1.1822144985198975,0.48928919817240996,0.5014095990580297,0,0
-0.07422608882188797,0.5870904326438904,-1.1822075843811035,0.5040013120455782,0.4927638610992451,0,0
-0.07564385235309601,0.5837103724479675,-1.1822006702423096,0.5027094576398015,0.515428374001661,0,0
-0.0770614892244339,0.5803302526473999,-1.1821938753128052,0.5047759100378297,0.4923445996981337,0,0
-0.07847903668880463,0.5769500732421875,-1.1821869611740112,0.48302027555263877,0.49966018300400517,0,0
-0.0798964872956276,0.5735698938369751,-1.1821800470352173,0.5055598259611871,0.47776490786591314,0,0
-0.081313855946064,0.5701896548271179,-1.1821731328964233,0.5171581841120443,0.5053442725288513,0,0
-0.08273113518953323,0.5668092966079712,-1.1821662187576294,0.47951134825865455,0.5013908862405446,0,0
-0.0841483473777771,0.5634289979934692,-1.182159423828125,0.4983410553631783,0.46609002270733424,0,0
-0.0855654776096344,0.5600485801696777,-1.182152509689331,0.5134885204357923,0.5079691732487711,0,0
-0.08698254078626633,0.556668221950531,-1.182145595550537,0.48425496679943014,0.4993840811319282,0,0
-0.08839954435825348,0.5532877445220947,-1.1821386814117432,0.4990384823748103,0.5025134347875642,0,0
-0.08981648832559586,0.5499073266983032,-1.1821320056915283,0.5109563872776363,0.4944457740954133,0,0
-0.09123335778713226,0.5465268492698669,-1.1821250915527344,0.5003805989326401,0.49027320351113346,0,0
-0.09265021234750748,0.5431463718414307,-1.1821181774139404,0.5160726986337103,0.511203908432532,0,0
-0.09406699985265732,0.5397658944129944,-1.1821181774139404,0.5127166582616985,0.49986403070731544,0,0
-0.09548375010490417,0.5363853573799133,-1.1821181774139404,0.5009937301056442,0.4947368463231913,0,0
-0.09690044075250626,0.5330048203468323,-1.1821181774139404,0.5172016856430699,0.5082200299778212,0,0
-0.09831709414720535,0.5296242833137512,-1.1821181774139404,0.48973381632888624,0.5104441005998476,0,0
-0.09973371028900146,0.5262437462806702,-1.1821181774139404,0.488470319446201,0.5081975836189664,0,0
-0.1011502668261528,0.5228631496429443,-1.1821181774139404,0.5154507698690513,0.4942855211412663,0,0
-0.10256678611040115,0.5194824934005737,-1.1821181774139404,0.4973380953296043,0.5082463572501724,0,0
-0.10398325324058533,0.5161018371582031,-1.1821181774139404,0.4947239405775294,0.4986238567683768,0,0
-0.10539966076612473,0.5127211809158325,-1.1821181774139404,0.49223655233065355,0.5034260097704941,0,0
-0.10681603848934174,0.5093404650688171,-1.1821181774139404,0.5023658238619256,0.5104754172225164,0,0
-0.10823236405849457,0.5059598684310913,-1.1821181774139404,0.5288919276100503,0.502604541951308,0,0
-0.10964865982532501,0.5025790929794312,-1.1821181774139404,0.5193745438094655,0.5008381217790391,0,0
-0.11106491833925247,0.49919837713241577,-1.1821181774139404,0.5064024105511442,0.49375791203299485,0,0
-0.11248110234737396,0.495817631483078,-1.1821181774139404,0.4827910970289716,0.5106673165432231,0,0
-0.11389725655317307,0.49243682622909546,-1.1821181774139404,0.49980165964998213,0.48709494933749614,0,0
-0.11531336605548859,0.4890560507774353,-1.1821181774139404,0.499905077235191,0.5037853887849001,0,0
-0.11672944575548172,0.48567521572113037,-1.1821181774139404,0.49866761316233804,0.5092498333257928,0,0
-0.11814547330141068,0.4822944104671478,-1.1821181774139404,0.498993851326563,0.5083998228784548,0,0
-0.11956146359443665,0.4789135754108429,-1.1821181774139404,0.5125876651395498,0.48750985640833816,0,0
-0.12097740173339844,0.47553274035453796,-1.1821181774139404,0.5055528804926714,0.5024463072109653,0,0
-0.12239330261945724,0.47215187549591064,-1.1821181774139404,0.5167655842392552,0.5082790466688446,0,0
-0.12380915880203247,0.46877098083496094,-1.1821181774139404,0.4961445673150217,0.5126987333285843,0,0
-0.12522494792938232,0.46539008617401123,-1.1821181774139404,0.49687889033369487,0.4804175238032017,0,0
-0.12664073705673218,0.46200916171073914,-1.1821181774139404,0.4783453353058928,0.4866636108904815,0,0
-0.12805646657943726,0.4586282968521118,-1.1821181774139404,0.5009936219618395,0.4847584649804597,0,0
-0.12947215139865875,0.45524731278419495,-1.1821181774139404,0.49417973152213857,0.5009940044036845,0,0
-0.13088780641555786,0.4518663287162781,-1.1821181774139404,0.5003450414167098,0.520752530915365,0,0
-0.1323034167289734,0.4484853446483612,-1.1821181774139404,0.4962189540369449,0.4989635815294193,0,0
-0.13371898233890533,0.44510433077812195,-1.1821181774139404,0.5073463810992518,0.5011920314570723,0,0
-0.1351345032453537,0.44172337651252747,-1.1821181774139404,0.49035979442448546,0.48911017191741774,0,0
-0.1365499645471573,0.4383423626422882,-1.1821181774139404,0.48445904589874705,0.5071177355993312,0,0
-0.1379653960466385,0.43496134877204895,-1.1821181774139404,0.5092680971317973,0.5063409646714762,0,0
-0.1393807828426361,0.43158024549484253,-1.1821181774139404,0.5050077046007361,0.5106203015977743,0,0
-0.14079615473747253,0.42819923162460327,-1.1821181774139404,0.5179321376468417,0.4844651633769746,0,0
-0.14221146702766418,0.42481815814971924,-1.1821181774139404,0.48716931494350907,0.4886689249704054,0,0
-0.14362674951553345,0.42143699526786804,-1.1821181774139404,0.5073675560009719,0.49797182755304953,0,0
-0.14504198729991913,0.41805583238601685,-1.1821181774139404,0.4855866200792631,0.4940829756569537,0,0
-0.14645718038082123,0.41467463970184326,-1.1821181774139404,0.5057473150994841,0.5105633382543028,0,0
-0.14787234365940094,0.4112934470176697,-1.1821181774139404,0.5016303838390398,0.5098500823504458,0,0
-0.14928746223449707,0.4079122245311737,-1.1821181774139404,0.5063158523424371,0.4883069409280592,0,0
-0.15070253610610962,0.40453100204467773,-1.1821181774139404,0.5001838756627264,0.4880622479625732,0,0
-0.15211758017539978,0.40114977955818176,-1.1821181774139404,0.49897146368416884,0.5046546668397226,0,0
-0.15353259444236755,0.3977685868740082,-1.1821181774139404,0.4917468212796961,0.4980061817395869,0,0
-0.15494753420352936,0.3943873345851898,-1.1821181774139404,0.5109147576449864,0.49731513105608616,0,0
-0.15636245906352997,0.39100611209869385,-1.1821181774139404,0.5138996076654686,0.5081665724509578,0,0
-0.157777339220047,0.3876248598098755,-1.1821181774139404,0.5043419900018822,0.49146708571058306,0,0
-0.15919217467308044,0.38424351811408997,-1.1821181774139404,0.4888263263808136,0.5078955918640786,0,0
-0.1606069803237915,0.38086217641830444,-1.1821181774139404,0.4888963219569682,0.4899955042767847,0,0
-0.16202174127101898,0.37748080492019653,-1.1821181774139404,0.4939844469099721,0.4982106469862203,0,0
-0.16343648731708527,0.3740994334220886,-1.1821181774139404,0.497449352370281,0.5059417687616362,0,0
-0.16485115885734558,0.3707180917263031,-1.1821181774139404,0.4979872377514667,0.5285088010312362,0,0
-0.1662658005952835,0.3673366904258728,-1.1821181774139404,0.4809665498987757,0.4888375649962268,0,0
-0.16768039762973785,0.3639553189277649,-1.1821181774139404,0.49942816728336725,0.5032281881674354,0,0
-0.169094979763031,0.3605738878250122,-1.1821181774139404,0.50371226292643,0.4956939771755211,0,0
-0.17050953209400177,0.35719242691993713,-1.1821181774139404,0.48715928773021844,0.4956889408536037,0,0
-0.17192402482032776,0.35381099581718445,-1.1821181774139404,0.4982833063724368,0.49375553631424124,0,0
-0.17333848774433136,0.3504295349121094,-1.1821181774139404,0.5080734246015133,0.4961101760294209,0,0
-0.17475293576717377,0.3470480442047119,-1.1821181774139404,0.4943574617386379,0.5037520555398958,0,0
-0.1761673241853714,0.34366652369499207,-1.1821181774139404,0.5093169565752014,0.4932399022811842,0,0
-0.17758171260356903,0.3402850329875946,-1.1821181774139404,0.5073339202837944,0.5145537166746057,0,0
-0.1789960116147995,0.33690351247787476,-1.1821181774139404,0.5111187582131116,0.49831073102169826,0,0
-0.18041029572486877,0.3335219919681549,-1.1821181774139404,0.503260614275339,0.4988147242364095,0,0
-0.18182453513145447,0.33014047145843506,-1.1821181774139404,0.5021217471433925,0.49943038720652705,0,0
-0.18323877453804016,0.3267589211463928,-1.1821181774139404,0.4982256492946723,0.508948088653814,0,0
-0.18465293943881989,0.3233773410320282,-1.1821181774139404,0.5140700695521818,0.5095071042489255,0,0
-0.18606707453727722,0.3199957609176636,-1.1821181774139404,0.49163926532888724,0.5134671292237787,0,0
-0.18748119473457336,0.31661415100097656,-1.1821181774139404,0.5060461105842158,0.5081907604894309,0,0
-0.18889524042606354,0.31323257088661194,-1.1821181774139404,0.5101875687650886,0.49655965941795377,0,0
-0.1903092861175537,0.30985093116760254,-1.1821181774139404,0.5048182693092191,0.4902722202010446,0,0
-0.1917232871055603,0.30646929144859314,-1.1821181774139404,0.5058593522904179,0.48995234550709066,0,0
-0.1931372582912445,0.30308762192726135,-1.1821181774139404,0.5062281226049958,0.4954364744431266,0,0
-0.19455121457576752,0.29970595240592957,-1.1821181774139404,0.5014267438881679,0.49583709731296877,0,0
-0.19596512615680695,0.2963242530822754,-1.1821181774139404,0.49976255291399013,0.48515039028434104,0,0
-0.1973789781332016,0.2929425537586212,-1.1821181774139404,0.5132312102327707,0.5296119598802241,0,0
-0.19879283010959625,0.28956082463264465,-1.1821181774139404,0.4853873322330589,0.5142137195988064,0,0
-0.20020662248134613,0.2861790955066681,-1.1821181774139404,0.5023772922886612,0.4960735918426511,0,0
-0.20162038505077362,0.28279733657836914,-1.1821181774139404,0.4937084050132311,0.5009187269697601,0,0
-0.20303410291671753,0.2794155776500702,-1.1821181774139404,0.5067531622038022,0.4925729127421649,0,0
-0.20444779098033905,0.27603378891944885,-1.1821181774139404,0.5025719755778959,0.4900456441489855,0,0
-0.2058614045381546,0.2726520001888275,-1.1821181774139404,0.5155310756276704,0.5056922126813167,0,0
-0.20727500319480896,0.2692701816558838,-1.1821181774139404,0.5009443269951405,0.49023945757186566,0,0
-0.20868860185146332,0.26588836312294006,-1.1821181774139404,0.4960294867721892,0.5019211431333975,0,0
-0.21010224521160126,0.26250654458999634,-1.1821181774139404,0.4921775712506467,0.4945649760104758,0,0
-0.2115158885717392,0.2591247260570526,-1.1821181774139404,0.49504771181989754,0.4988227957401846,0,0
-0.21292951703071594,0.2557429075241089,-1.1821181774139404,0.5005422371368005,0.5017581865967526,0,0
-0.21434317529201508,0.25236108899116516,-1.1821181774139404,0.4827024279473658,0.4921807375185884,0,0
-0.2157568335533142,0.24897925555706024,-1.1821181774139404,0.5008054771372618,0.49466037737150026,0,0
-0.21717049181461334,0.24559743702411652,-1.1821181774139404,0.49425540047188316,0.4985352700177071,0,0
-0.21858417987823486,0.2422156184911728,-1.1821181774139404,0.4985576407971012,0.5029176293584345,0,0
-0.2199978530406952,0.23883378505706787,-1.1821181774139404,0.5019373344697344,0.49571731474177155,0,0
-0.2214115560054779,0.23545198142528534,-1.1821181774139404,0.4933802405381565,0.513794487279318,0,0
-0.22282524406909943,0.2320701777935028,-1.1821181774139404,0.5051331550172229,0.48741098068710303,0,0
-0.22423894703388214,0.22868837416172028,-1.1821181774139404,0.5039825001706039,0.49596715796597635,0,0
-0.22565266489982605,0.22530658543109894,-1.1821181774139404,0.4975010289049452,0.5090576781059555,0,0
-0.22706641256809235,0.2219247817993164,-1.1821181774139404,0.515372722754045,0.4976818816724,0,0
-0.22848020493984222,0.21854297816753387,-1.1821181774139404,0.5044813523521575,0.4916981189786808,0,0
-0.22989396750926971,0.21516118943691254,-1.1821181774139404,0.50370337481405,0.4928336730016329,0,0
-0.2313077449798584,0.2117793709039688,-1.1821181774139404,0.507687529661919,0.4971441741515324,0,0
-0.23272152245044708,0.20839756727218628,-1.1821181774139404,0.4921010675544976,0.5121105049071311,0,0
-0.23413531482219696,0.20501577854156494,-1.1821181774139404,0.4970360472675794,0.5188651479386477,0,0
-0.23554912209510803,0.2016339749097824,-1.1821181774139404,0.5060021712592875,0.4893226406470386,0,0
-0.2369629442691803,0.19825217127799988,-1.1821181774139404,0.506738192435355,0.5051910719669361,0,0
-0.23837676644325256,0.19487033784389496,-1.1821181774139404,0.5036641009197703,0.5052981083558598,0,0
-0.2397906333208084,0.19148851931095123,-1.1821181774139404,0.48500926594989857,0.5017630322188352,0,0
-0.24120448529720306,0.1881066858768463,-1.1821181774139404,0.49706456677283944,0.4790562170010888,0,0
-0.24261832237243652,0.18472488224506378,-1.1821181774139404,0.5097208089014992,0.5043498891235154,0,0
-0.24403218924999237,0.18134307861328125,-1.1821181774139404,0.4929579185865615,0.5127485559914896,0,0
-0.2454461008310318,0.1779613047838211,-1.1821181774139404,0.48762569928393407,0.5030290531222804,0,0
-0.24685996770858765,0.17457948625087738,-1.1821181774139404,0.49841730405724755,0.5042309078150102,0,0
-0.24827386438846588,0.17119768261909485,-1.1821181774139404,0.5035843032999308,0.4988371769791419,0,0
-0.24968776106834412,0.16781587898731232,-1.1821181774139404,0.5026739458552534,0.4912255425334373,0,0
-0.25110167264938354,0.16443407535552979,-1.1821181774139404,0.4888490670110187,0.5012915604619396,0,0
-0.252515584230423,0.16105225682258606,-1.1821181774139404,0.5097119195106254,0.4961666077986874,0,0
-0.2539295256137848,0.15767045319080353,-1.1821181774139404,0.5140948399499519,0.5055241189471178,0,0
-0.2553434669971466,0.154288649559021,-1.1821181774139404,0.4808192590671818,0.5201405795367079,0,0
-0.2567574083805084,0.15090686082839966,-1.1821181774139404,0.5196027601389607,0.5010376711757777,0,0
-0.2581713795661926,0.14752505719661713,-1.1821181774139404,0.5110196423648256,0.5045867512002621,0,0
-0.25958535075187683,0.1441432535648346,-1.1821181774139404,0.4920310113117788,0.4890058213811493,0,0
-0.26099932193756104,0.14076144993305206,-1.1821181774139404,0.5008573393448583,0.5016769228189829,0,0
-0.26241329312324524,0.13737964630126953,-1.1821181774139404,0.4977228028094141,0.5031350870507066,0,0
-0.26382729411125183,0.133997842669487,-1.1821181774139404,0.47888188275195376,0.47185891050969253,0,0
-0.26524126529693604,0.13061603903770447,-1.1821181774139404,0.5205488664444684,0.49581778248863934,0,0
-0.2666552662849426,0.12723423540592194,-1.1821181774139404,0.4949407503617152,0.5041738115347012,0,0
-0.2680692970752716,0.1238524317741394,-1.1821181774139404,0.5044073437018817,0.4960631856060164,0,0
-0.2694833278656006,0.12047064304351807,-1.1821181774139404,0.49726577610783546,0.48816079426700487,0,0
-0.27089738845825195,0.11708884686231613,-1.1821181774139404,0.4857213809217526,0.4917963979818086,0,0
-0.2723114788532257,0.1137070432305336,-1.1821181774139404,0.49453330275494095,0.5043769716714613,0,0
-0.2737255394458771,0.11032525449991226,-1.1821181774139404,0.4967297767276709,0.502704306923164,0,0
-0.27513962984085083,0.10694346576929092,-1.1821181774139404,0.4941027274591023,0.5036732939540463,0,0
-0.2765537202358246,0.10356166958808899,-1.1821181774139404,0.50304960942816,0.5132466176900788,0,0
-0.27796781063079834,0.10017985850572586,-1.1821181774139404,0.5020732659327377,0.5053688344143943,0,0
-0.2793819010257721,0.09679806977510452,-1.1821181774139404,0.475501552396629,0.5156230811907133,0,0
-0.28079602122306824,0.09341626614332199,-1.1821181774139404,0.5080061331798507,0.5131073273697109,0,0
-0.2822101414203644,0.09003446251153946,-1.1821181774139404,0.5106718743070412,0.4906664056816489,0,0
-0.2836242616176605,0.08665266633033752,-1.1821181774139404,0.5150096965481654,0.5014525871868638,0,0
-0.28503838181495667,0.08327087759971619,-1.1821181774139404,0.503638573066678,0.5209984217021169,0,0
-0.2864525020122528,0.07988908886909485,-1.1821181774139404,0.49689826174727736,0.49617557382505123,0,0
-0.28786662220954895,0.07650730013847351,-1.1821181774139404,0.5097099218833129,0.49641686875875635,0,0
-0.2892807722091675,0.07312550395727158,-1.1821181774139404,0.4990236751167328,0.5041494896810214,0,0
-0.2906949520111084,0.06974370777606964,-1.1821181774139404,0.5103676981745845,0.4978931586128675,0,0
-0.2921091318130493,0.0663619115948677,-1.1821181774139404,0.49914109336859586,0.5109458616158041,0,0
-0.29352331161499023,0.06298012286424637,-1.1821181774139404,0.5112283369652076,0.4948830816512765,0,0
-0.2949375510215759,0.059598326683044434,-1.1821181774139404,0.49489806624768584,0.5091288425657279,0,0
-0.29635173082351685,0.056216541677713394,-1.1821181774139404,0.5016267818444458,0.49815003915420575,0,0
-0.29776594042778015,0.052834752947092056,-1.1821181774139404,0.5073035436033936,0.4891600820000453,0,0
-0.29918015003204346,0.04945296049118042,-1.1821181774139404,0.5072924007631685,0.5081507352487091,0,0
-0.30059435963630676,0.04607116058468819,-1.1821181774139404,0.5004280143977243,0.5034809970051561,0,0
-0.30200859904289246,0.04268937185406685,-1.1821181774139404,0.5137105078643502,0.5094293772712485,0,0
-0.30342283844947815,0.03930758312344551,-1.1821181774139404,0.505909636000003,0.491616766125176,0,0
-0.30483710765838623,0.035925790667533875,-1.1821181774139404,0.5103564146860471,0.4947235094515,0,0
-0.3062513768672943,0.03254400193691254,-1.1821181774139404,0.5042003591623324,0.5112692245174678,0,0
-0.3076656460762024,0.029162215068936348,-1.1821181774139404,0.5055157566909668,0.4992605938635641,0,0
-0.30907994508743286,0.02578043006360531,-1.1821181774139404,0.4868383787906531,0.503444626324193,0,0
-0.31049424409866333,0.022398637607693672,-1.1821181774139404,0.5094838094361509,0.4965229614535517,0,0
-0.3119085729122162,0.019016852602362633,-1.1821181774139404,0.5136660579439847,0.5079223740041957,0,0
-0.31332287192344666,0.015635065734386444,-1.1821181774139404,0.5223832789842489,0.49180792098674136,0,0
-0.3147371709346771,0.012253278866410255,-1.1821181774139404,0.4925689067889081,0.5171528084597333,0,0
-0.31615149974823,0.008871491998434067,-1.1821181774139404,0.5043047013752495,0.5036219174045471,0,0
-0.31756582856178284,0.005489705130457878,-1.1821181774139404,0.501909715182224,0.486698297530147,0,0
-0.3189801573753357,0.002107919892296195,-1.1821181774139404,0.5074525940540918,0.5131491724858477,0,0
-0.32039448618888855,-0.0012738672085106373,-1.1821181774139404,0.4972687945460759,0.4901847905743878,0,0
-0.3218088448047638,-0.004655653145164251,-1.1821181774139404,0.4905662847823008,0.499240488199556,0,0
-0.32322320342063904,-0.008037440478801727,-1.1821181774139404,0.491104780260124,0.4954052913943381,0,0
-0.32463759183883667,-0.011419226415455341,-1.1821181774139404,0.517562276081438,0.5003226690401983,0,0
-0.3260519802570343,-0.014801012352108955,-1.1821181774139404,0.5099982364597918,0.4932801123312274,0,0
-0.32746636867523193,-0.018182795494794846,-1.1821181774139404,0.5082570148834993,0.49695404282341216,0,0
-0.32888075709342957,-0.021564584225416183,-1.1821181774139404,0.4960200936535785,0.5037842671234952,0,0
-0.3302951753139496,-0.024946365505456924,-1.1821181774139404,0.5106225877346083,0.5222393693114469,0,0
-0.3317095935344696,-0.028328150510787964,-1.1821181774139404,0.5092383040487498,0.4991600131683123,0,0
-0.3331240117549896,-0.031709935516119,-1.1821181774139404,0.5060237602109937,0.494613216678489,0,0
-0.33453842997550964,-0.03509172424674034,-1.1821181774139404,0.5068992111114967,0.5009520238174753,0,0
-0.33595287799835205,-0.03847350925207138,-1.1821181774139404,0.5040663226416946,0.49195818100474886,0,0
-0.33736732602119446,-0.04185529425740242,-1.1821181774139404,0.5181705064470177,0.5094669942873051,0,0
-0.33878177404403687,-0.04523707926273346,-1.1821181774139404,0.484916971231534,0.49376671446774995,0,0
-0.3401962220668793,-0.0486188642680645,-1.1821181774139404,0.49665884525789467,0.5027955470615632,0,0
-0.3416106700897217,-0.05200064182281494,-1.1821181774139404,0.5023525941131961,0.509079573425142,0,0
-0.3430251479148865,-0.05538242310285568,-1.1821181774139404,0.5043491884822693,0.5091130995859908,0,0
-0.34443962574005127,-0.05876419320702553,-1.1821181774139404,0.48936720782493076,0.5078241846937682,0,0
-0.34585410356521606,-0.06214597448706627,-1.1821181774139404,0.5167277354812745,0.5020484628212581,0,0
-0.34726861119270325,-0.06552774459123611,-1.1821181774139404,0.5088961595938848,0.49134991510823783,0,0
-0.3486831486225128,-0.06890953332185745,-1.1821181774139404,0.5073007793027842,0.5056088480185488,0,0
-0.35009765625,-0.0722913146018982,-1.1821181774139404,0.5009617660289677,0.5067598815401686,0,0
-0.3515121340751648,-0.07567308843135834,-1.1821181774139404,0.49321689454937057,0.5126188785875423,0,0
-0.352926641702652,-0.07905486971139908,-1.1821181774139404,0.5062282241051885,0.4858931815982471,0,0
-0.35434120893478394,-0.08243664354085922,-1.1821181774139404,0.5021087205721813,0.5025935820940712,0,0
-0.3557557761669159,-0.08581842482089996,-1.1821181774139404,0.49723979731239465,0.48784588383123856,0,0
-0.3571702837944031,-0.0892002061009407,-1.1821181774139404,0.4987786402498194,0.5028152171789402,0,0
-0.35858485102653503,-0.09258199483156204,-1.1821181774139404,0.5344876142320787,0.5128855325250224,0,0
-0.3599993884563446,-0.09596376866102219,-1.1821181774139404,0.4908836592246439,0.4995293663410038,0,0
-0.3614139258861542,-0.09934555739164352,-1.1821181774139404,0.5029218646842258,0.5010778256953714,0,0
-0.3628285229206085,-0.10272733122110367,-1.1821181774139404,0.5067798872789283,0.4867783671842554,0,0
-0.36424311995506287,-0.10610910505056381,-1.1821181774139404,0.5098254587916807,0.5136165431596157,0,0
-0.36565765738487244,-0.10949087888002396,-1.1821181774139404,0.5128865151306493,0.5127938724790057,0,0
-0.367072194814682,-0.1128726527094841,-1.1821181774139404,0.5025620990624785,0.514759121043116,0,0
-0.36848679184913635,-0.11625444144010544,-1.1821181774139404,0.4974834210457456,0.5062187517490022,0,0
-0.3699013888835907,-0.11963621526956558,-1.1821181774139404,0.4995805610773654,0.49968690233747237,0,0
-0.37131601572036743,-0.12301798909902573,-1.1821181774139404,0.5052959913088596,0.5119075877554152,0,0
-0.37273064255714417,-0.12639977037906647,-1.1821181774139404,0.4991716741456905,0.5024800866860009,0,0
-0.3741452693939209,-0.1297815442085266,-1.1821181774139404,0.4818575681262796,0.5078060635405701,0,0
-0.37555986642837524,-0.13316331803798676,-1.1821181774139404,0.504839873155176,0.5095663484209524,0,0
-0.37697452306747437,-0.1365450918674469,-1.1821181774139404,0.48441968221214415,0.5050402490732602,0,0
-0.3783892095088959,-0.13992688059806824,-1.1821181774139404,0.4918952737042727,0.4999736777928917,0,0
-0.379803866147995,-0.14330865442752838,-1.1821181774139404,0.50209019709497,0.5066718833265905,0,0
-0.38121846318244934,-0.14669042825698853,-1.1821181774139404,0.48969448168573015,0.5103688013191182,0,0
-0.38263314962387085,-0.15007220208644867,-1.1821181774139404,0.4690739795081363,0.505660630047583,0,0
-0.38404783606529236,-0.1534539759159088,-1.1821181774139404,0.4990219489414418,0.5098140376613041,0,0
-0.38546252250671387,-0.15683574974536896,-1.1821181774139404,0.48963287958193674,0.4730775634145991,0,0
-0.38687723875045776,-0.1602175235748291,-1.1821181774139404,0.4845464816163233,0.5139924299961206,0,0
-0.3882918655872345,-0.16359929740428925,-1.1821181774139404,0.5088130915042813,0.5132613205253775,0,0
-0.3897066116333008,-0.1669810712337494,-1.1821181774139404,0.5019288916814676,0.5047827821829315,0,0
-0.3911213278770447,-0.17036284506320953,-1.1821181774139404,0.4890566669008869,0.502848512177874,0,0
-0.3925360441207886,-0.17374461889266968,-1.1821181774139404,0.5035145433512644,0.499280473252089,0,0
-0.39395076036453247,-0.17712639272212982,-1.1821181774139404,0.48685863373413735,0.48978193659289504,0,0
-0.39536550641059875,-0.18050819635391235,-1.1821181774139404,0.5030683356180878,0.4996165450763727,0,0
-0.39678025245666504,-0.1838899701833725,-1.1821181774139404,0.4968616714910315,0.5080180678010976,0,0
-0.3981949985027313,-0.18727174401283264,-1.1821181774139404,0.49095740002362176,0.5134949121530672,0,0
-0.3996097445487976,-0.19065351784229279,-1.1821181774139404,0.5047477136141477,0.497055851144767,0,0
-0.4010244905948639,-0.19403529167175293,-1.1821181774139404,0.5027678971116538,0.5110632818185028,0,0
-0.40243926644325256,-0.19741706550121307,-1.1821181774139404,0.49589394798708775,0.49571522615175495,0,0
-0.40385404229164124,-0.20079883933067322,-1.1821181774139404,0.4885804382099305,0.5119817100024419,0,0
-0.4052688479423523,-0.20418059825897217,-1.1821181774139404,0.4938713040580576,0.49738739175427005,0,0
-0.40668362379074097,-0.2075623720884323,-1.1821181774139404,0.5034163536139188,0.521813454746588,0,0
-0.40809839963912964,-0.21094414591789246,-1.1821181774139404,0.5150888762874518,0.4943314173252179,0,0
-0.4095132052898407,-0.2143259346485138,-1.1821181774139404,0.49474796232930185,0.49122580051473586,0,0
-0.41092804074287415,-0.21770770847797394,-1.1821181774139404,0.4883060824668197,0.49852461651152236,0,0
-0.4123428463935852,-0.2210894674062729,-1.1821181774139404,0.5038657077080565,0.5023743763741167,0,0
-0.41375765204429626,-0.22447124123573303,-1.1821181774139404,0.48038751162008714,0.4903998541965398,0,0
-0.4151724576950073,-0.22785301506519318,-1.1821181774139404,0.49227003254173574,0.5050081572612019,0,0
-0.41658729314804077,-0.23123478889465332,-1.1821181774139404,0.47802944152675075,0.49105271834767433,0,0
-0.4180021286010742,-0.23461656272411346,-1.1821181774139404,0.48562658794165386,0.5062327970821303,0,0
-0.41941696405410767,-0.2379983365535736,-1.1821181774139404,0.5122251779955215,0.49188878516345347,0,0
-0.4208317697048187,-0.24138009548187256,-1.1821181774139404,0.5065993371521559,0.49775474121789165,0,0
-0.4222465753555298,-0.2447618842124939,-1.1821181774139404,0.5144910945095689,0.4873854745200539,0,0
-0.423661470413208,-0.24814365804195404,-1.1821181774139404,0.4909465573567215,0.49532791417330974,0,0
-0.42507633566856384,-0.2515254616737366,-1.1821181774139404,0.5159183641314435,0.5062361827016206,0,0
-0.4264912009239197,-0.2549072206020355,-1.1821181774139404,0.4930167518057518,0.517572439508141,0,0
-0.4279060363769531,-0.2582889795303345,-1.1821181774139404,0.499494518470821,0.5114141774024484,0,0
-0.42932090163230896,-0.2616707384586334,-1.1821181774139404,0.4984192670823769,0.5319930632875858,0,0
-0.4307357966899872,-0.2650524973869324,-1.1821181774139404,0.5210712763200827,0.5053803685248605,0,0
-0.4321506917476654,-0.2684342563152313,-1.1821181774139404,0.48633171587848323,0.5051041531788864,0,0
-0.43356558680534363,-0.2718160152435303,-1.1821181774139404,0.4903063215876051,0.48456843118056253,0,0
-0.43498048186302185,-0.2751977741718292,-1.1821181774139404,0.5066328993611857,0.49521803303894807,0,0
-0.4363953769207001,-0.2785795331001282,-1.1821181774139404,0.5075540651911112,0.512736353419133,0,0
-0.4378102421760559,-0.2819612920284271,-1.1821181774139404,0.4917631181619017,0.4889590973677862,0,0
-0.4392251670360565,-0.2853430509567261,-1.1821181774139404,0.4851384884236056,0.502761410060909,0,0
-0.44064009189605713,-0.288724809885025,-1.1821181774139404,0.4983772105027651,0.5055381130548052,0,0
-0.44205501675605774,-0.292106568813324,-1.1821181774139404,0.49788316215009515,0.502915773853642,0,0
-0.44346997141838074,-0.29548829793930054,-1.1821181774139404,0.5045373585871561,0.4945307002969095,0,0
-0.44488492608070374,-0.2988700866699219,-1.1821181774139404,0.49828958866084117,0.4868345257993633,0,0
-0.44629988074302673,-0.30225181579589844,-1.1821181774139404,0.4951554806554041,0.4989906521644597,0,0
-0.44771480560302734,-0.3056336045265198,-1.1821181774139404,0.48424936628991905,0.5138431429336233,0,0
-0.44912976026535034,-0.30901533365249634,-1.1821181774139404,0.5086035113184677,0.5063436950494511,0,0
-0.45054471492767334,-0.3123971223831177,-1.1821181774139404,0.5074981937055549,0.4815230112644724,0,0
-0.45195966958999634,-0.31577885150909424,-1.1821181774139404,0.4932300990938921,0.4925496041977196,0,0
-0.4533746540546417,-0.3191606402397156,-1.1821181774139404,0.4926845937285188,0.50430913873219,0,0
-0.4547896385192871,-0.3225423991680145,-1.1821181774139404,0.48910075613885134,0.4809888356887652,0,0
-0.4562046229839325,-0.3259241580963135,-1.1821181774139404,0.5007714907743878,0.5118496083173776,0,0
-0.45761963725090027,-0.32930588722229004,-1.1821181774139404,0.4837779468593571,0.5011211414413891,0,0
-0.45903465151786804,-0.332687646150589,-1.1821181774139404,0.4866825612972379,0.4974022828088319,0,0
-0.4604497253894806,-0.33606940507888794,-1.1821181774139404,0.523415480334202,0.49091524968607086,0,0
-0.46186473965644836,-0.3394511640071869,-1.1821181774139404,0.4956213626658705,0.5009117605741716,0,0
-0.46327975392341614,-0.34283292293548584,-1.1821181774139404,0.492840294403912,0.506367032872371,0,0
-0.4646947681903839,-0.3462146818637848,-1.1821181774139404,0.5032824702088496,0.49937346784136616,0,0
-0.4661097526550293,-0.34959644079208374,-1.1821181774139404,0.5109485451393478,0.4998793876983896,0,0
-0.46752476692199707,-0.3529781699180603,-1.1821181774139404,0.5061288605650586,0.4953599882901082,0,0
-0.46893978118896484,-0.35635989904403687,-1.1821181774139404,0.4836629227662418,0.5041652604813827,0,0
-0.4703548550605774,-0.3597416877746582,-1.1821181774139404,0.5126206038526167,0.4982190959720631,0,0
-0.47176989912986755,-0.36312344670295715,-1.1821181774139404,0.5160216333459209,0.4818361341014952,0,0
-0.4731849133968353,-0.3665052354335785,-1.1821181774139404,0.4944264630262331,0.48098007880420895,0,0
-0.4745999574661255,-0.36988696455955505,-1.1821181774139404,0.49884303970096555,0.5108467973058115,0,0
-0.47601500153541565,-0.373268723487854,-1.1821181774139404,0.5231791455430335,0.5185944028480369,0,0
-0.4774300456047058,-0.37665051221847534,-1.1821181774139404,0.5131850923634765,0.5026050674578784,0,0
-0.47884508967399597,-0.3800322711467743,-1.1821181774139404,0.49528825505556223,0.5130623598733212,0,0
-0.4802601635456085,-0.38341397047042847,-1.1821181774139404,0.5114559037099797,0.49397620142447896,0,0
-0.4816752076148987,-0.3867957293987274,-1.1821181774139404,0.49093646570770366,0.491003347273388,0,0
-0.48309025168418884,-0.39017751812934875,-1.1821181774139404,0.5141271402146296,0.5188704036097159,0,0
-0.4845053553581238,-0.3935592770576477,-1.1821181774139404,0.5070932110942152,0.4873099574785786,0,0
-0.48592042922973633,-0.39694103598594666,-1.1821181774139404,0.5088945849924155,0.4875699169614892,0,0
-0.4873355031013489,-0.4003227949142456,-1.1821181774139404,0.5088738393872979,0.5073599052816283,0,0
-0.4887505769729614,-0.40370458364486694,-1.1821181774139404,0.49774270351020744,0.49148854715500684,0,0
-0.490165650844574,-0.4070863425731659,-1.1821181774139404,0.4961536407992305,0.5085830036597603,0,0
-0.4915807843208313,-0.41046807169914246,-1.1821181774139404,0.5016697794933476,0.4996650090951861,0,0
-0.4929959177970886,-0.4138498306274414,-1.1821181774139404,0.5092220930980458,0.4984754185451103,0,0
-0.49441102147102356,-0.41723161935806274,-1.1821181774139404,0.4863594921205304,0.5018026290349853,0,0
-0.4958261251449585,-0.4206133782863617,-1.1821181774139404,0.49200965425418774,0.4989148335497981,0,0
-0.4972412586212158,-0.4239950478076935,-1.1821181774139404,0.5143505842218535,0.5106655911761947,0,0
-0.49865636229515076,-0.42737680673599243,-1.1821181774139404,0.4977613853841685,0.48751331986687935,0,0
-0.5000714659690857,-0.43075859546661377,-1.1821181774139404,0.4920104603333264,0.5060843921766347,0,0
-0.5014866590499878,-0.4341403543949127,-1.1821181774139404,0.5172780125284209,0.4906731031696102,0,0
-0.5029017329216003,-0.4375220239162445,-1.1821181774139404,0.5087484967656387,0.49615072025602824,0,0
-0.5043168663978577,-0.44090378284454346,-1.1821181774139404,0.5016368448598224,0.5072556791805193,0,0
-0.5057321190834045,-0.4442855715751648,-1.1821181774139404,0.5065526622478476,0.5093182294852873,0,0
-0.5071472525596619,-0.44766733050346375,-1.1821181774139404,0.49082656430153715,0.4754729118592024,0,0
-0.5085625052452087,-0.45104900002479553,-1.1821181774139404,0.5208583704763231,0.5137443779369861,0,0
-0.5099776387214661,-0.45443081855773926,-1.1821181774139404,0.4911028735723377,0.5015653791648661,0,0
-0.5113928914070129,-0.4578126072883606,-1.1821181774139404,0.5028760434895336,0.5026864100274677,0,0
-0.5128080248832703,-0.46119430661201477,-1.1821181774139404,0.4962209386933922,0.5016421227524551,0,0
-0.5142232179641724,-0.46457597613334656,-1.1821181774139404,0.506096608353026,0.5138375953607929,0,0
-0.5156384110450745,-0.4679577946662903,-1.1821181774139404,0.4955412300040958,0.4860531056425817,0,0
-0.5170536041259766,-0.4713395833969116,-1.1821181774139404,0.5026823717199334,0.5055232425150966,0,0
-0.5184687376022339,-0.4747212827205658,-1.1821181774139404,0.49616729007538557,0.5162240707467293,0,0
-0.519883930683136,-0.47810298204421997,-1.1821181774139404,0.4890166861932077,0.5045488266561076,0,0
-0.5212991237640381,-0.4814847707748413,-1.1821181774139404,0.5160260438932281,0.501405310596928,0,0
-0.5227143168449402,-0.48486658930778503,-1.1821181774139404,0.5149800867683111,0.5013612969419724,0,0
-0.5241295099258423,-0.4882482886314392,-1.1821181774139404,0.4926759790603066,0.5029992228122279,0,0
-0.5255447626113892,-0.4916299879550934,-1.1821181774139404,0.48880744679276006,0.4917961757807964,0,0
-0.526960015296936,-0.4950117766857147,-1.1821181774139404,0.49000967585097566,0.4919979769675269,0,0
-0.5283753275871277,-0.49839359521865845,-1.1821181774139404,0.505736801530247,0.4871353288486958,0,0
-0.5297905802726746,-0.5017752647399902,-1.1821181774139404,0.5045747159252855,0.5080923620477203,0,0
-0.5312057733535767,-0.505156934261322,-1.1821181774139404,0.4927375198984378,0.4965615222873275,0,0
-0.5326210856437683,-0.5085386633872986,-1.1821181774139404,0.5040896738553295,0.4999346614883732,0,0
-0.5340363383293152,-0.5119204521179199,-1.1821181774139404,0.48832338755725013,0.5021686372491635,0,0
-0.5354516506195068,-0.5153021216392517,-1.1821181774139404,0.5048240534259822,0.5115478980546231,0,0
-0.5368668437004089,-0.5186837911605835,-1.1821181774139404,0.4900044373580262,0.4963433945752259,0,0
-0.5382820963859558,-0.5220655798912048,-1.1821181774139404,0.5070173936654718,0.5033317032562215,0,0
-0.5396972894668579,-0.5254473686218262,-1.1821181774139404,0.512101226352743,0.492740773925967,0,0
-0.5411125421524048,-0.528829038143158,-1.1821181774139404,0.4864186941256549,0.5073429377797555,0,0
-0.5425279140472412,-0.5322107076644897,-1.1821181774139404,0.5138508947022066,0.4877550938490049,0,0
-0.5439431667327881,-0.5355924367904663,-1.1821181774139404,0.5168087014174517,0.5162964895814105,0,0
-0.5453585386276245,-0.5389742255210876,-1.1821181774139404,0.5033282503300679,0.48939658507645745,0,0
-0.5467738509178162,-0.5423559546470642,-1.1821181774139404,0.5206896478310687,0.4988806398410423,0,0
-0.5481892228126526,-0.545737624168396,-1.1821181774139404,0.5230237746886552,0.513689373994283,0,0
-0.549604594707489,-0.5491193532943726,-1.1821181774139404,0.4955104224899601,0.5199068313328078,0,0
-0.5510198473930359,-0.5525011420249939,-1.1821181774139404,0.49408189149051834,0.5055324141702466,0,0
-0.5524352192878723,-0.5558828711509705,-1.1821181774139404,0.48700380447918323,0.5033957140315088,0,0
-0.553850531578064,-0.5592645406723022,-1.1821181774139404,0.507341400214755,0.47603700465202436,0,0
-0.5552659034729004,-0.5626462697982788,-1.1821181774139404,0.5042481486048794,0.504004251346237,0,0
-0.556681215763092,-0.5660280585289001,-1.1821181774139404,0.4899836883070862,0.4976251941974233,0,0
-0.5580965876579285,-0.5694097876548767,-1.1821181774139404,0.5089518795648502,0.4845604696330068,0,0
-0.5595119595527649,-0.5727914571762085,-1.1821181774139404,0.5029083614387848,0.505005477718933,0,0
-0.5609272122383118,-0.5761731863021851,-1.1821181774139404,0.5217342436826956,0.503582777154017,0,0
-0.562342643737793,-0.5795549750328064,-1.1821181774139404,0.4771757532712614,0.49315627341769064,0,0
-0.5637580156326294,-0.582936704158783,-1.1821181774139404,0.508862765904732,0.4795898271933647,0,0
-0.5651734471321106,-0.5863183736801147,-1.1821181774139404,0.4954329474733026,0.5005050190682822,0,0
-0.566588819026947,-0.5897001028060913,-1.1821181774139404,0.4746987487174373,0.4981714372847768,0,0
-0.5680042505264282,-0.5930818915367126,-1.1821181774139404,0.4942256403284887,0.5024331402075538,0,0
-0.5694196224212646,-0.5964636206626892,-1.1821181774139404,0.5089153286865239,0.49128184246476286,0,0
-0.5708349943161011,-0.599845290184021,-1.1821181774139404,0.48544227680843444,0.5009592037458805,0,0
-0.5722503066062927,-0.6032270193099976,-1.1821181774139404,0.5054708588098954,0.4995463015959457,0,0
-0.5736656785011292,-0.6066087484359741,-1.1821181774139404,0.4887289184847666,0.5038782588226043,0,0
-0.5750810503959656,-0.6099904775619507,-1.1821181774139404,0.4981993221164487,0.5060806287082392,0,0
-0.576496422290802,-0.6133721470832825,-1.1821181774139404,0.5146644854924155,0.5075929983237114,0,0
-0.5779117941856384,-0.616753876209259,-1.1821181774139404,0.48748891577517434,0.5068204862099648,0,0
-0.5793271660804749,-0.6201356649398804,-1.1821181774139404,0.49048577009470495,0.5050931534469475,0,0
-0.5807424783706665,-0.6235173940658569,-1.1821181774139404,0.49296645091389124,0.48899823256886527,0,0
-0.5821578502655029,-0.6268990635871887,-1.1821181774139404,0.4906548936946454,0.509771955637119,0,0
-0.5835732221603394,-0.6302807927131653,-1.1821181774139404,0.4833002778346847,0.49255803922033,0,0
-0.5849887132644653,-0.6336625814437866,-1.1821181774139404,0.49027009530671234,0.5175383723804263,0,0
-0.5864042043685913,-0.6370443105697632,-1.1821181774139404,0.5103563088185704,0.5067977837426728,0,0
-0.5878196358680725,-0.640425980091095,-1.1821181774139404,0.5076871548417736,0.49967493989040473,0,0
-0.5892351269721985,-0.6438077092170715,-1.1821181774139404,0.4953999607399608,0.4949593393286252,0,0
-0.5906505584716797,-0.6471894979476929,-1.1821181774139404,0.5078695634170058,0.49166457575837424,0,0
-0.5920659303665161,-0.6505712270736694,-1.1821181774139404,0.49139288330657543,0.4950791320241959,0,0
-0.5934814214706421,-0.6539528965950012,-1.1821181774139404,0.49437087898132637,0.4860004404941803,0,0
-0.5948968529701233,-0.6573346257209778,-1.1821181774139404,0.49856276617549156,0.511157486841507,0,0
-0.5963122844696045,-0.6607164144515991,-1.1821181774139404,0.4980097912489433,0.5072098573109818,0,0
-0.5977277159690857,-0.6640981435775757,-1.1821181774139404,0.5042414038026509,0.4937094802301129,0,0
-0.5991430878639221,-0.6674798130989075,-1.1821181774139404,0.5035520027036121,0.507799040505619,0,0
-0.6005584597587585,-0.670861542224884,-1.1821181774139404,0.5003408079952473,0.4975911203146479,0,0
-0.6019739508628845,-0.6742433309555054,-1.1821181774139404,0.483182022091255,0.4788126155333315,0,0
-0.6033893823623657,-0.6776250600814819,-1.1821181774139404,0.5032957841596644,0.503418047416715,0,0
-0.6048047542572021,-0.6810067892074585,-1.1821181774139404,0.5151570225080925,0.502172120833986,0,0
-0.6062202453613281,-0.6843885183334351,-1.1821181774139404,0.471388219635356,0.5105018382007497,0,0
-0.6076357364654541,-0.6877702474594116,-1.1821181774139404,0.5075391343504115,0.48590772549834477,0,0
-0.6090511679649353,-0.6911519765853882,-1.1821181774139404,0.49526044070893727,0.5058347167478447,0,0
-0.610466718673706,-0.69453364610672,-1.1821181774139404,0.4982217882085801,0.5061799463767882,0,0
-0.611882209777832,-0.6979153752326965,-1.1821181774139404,0.4911797401721309,0.4915866812000769,0,0
-0.613297700881958,-0.7012971639633179,-1.1821181774139404,0.505513068744567,0.49576307262292807,0,0
-0.614713191986084,-0.7046788930892944,-1.1821181774139404,0.5026792627039731,0.5071676984329649,0,0
-0.6161287426948547,-0.7080607414245605,-1.1821181774139404,0.5196449592706177,0.5027065969310883,0,0
-0.6175442337989807,-0.7114424109458923,-1.1821181774139404,0.4851787046770664,0.5121836869217082,0,0
-0.6189596652984619,-0.7148241400718689,-1.1821181774139404,0.48681362218766244,0.5049441442878219,0,0
-0.6203751564025879,-0.7182059288024902,-1.1821181774139404,0.4983867923948534,0.5030394627166108,0,0
-0.6217906475067139,-0.7215876579284668,-1.1821181774139404,0.5017873103416659,0.4887831933105464,0,0
-0.6232061386108398,-0.7249693870544434,-1.1821181774139404,0.48798274902010064,0.4982037162053418,0,0
-0.624621570110321,-0.7283511161804199,-1.1821181774139404,0.4967031585964457,0.5053897257110257,0,0
-0.6260370016098022,-0.7317327260971069,-1.1821181774139404,0.4896520088090746,0.4868971948326903,0,0
-0.6274524927139282,-0.735114574432373,-1.1821181774139404,0.5079196419088091,0.5031834050550917,0,0
-0.6288679838180542,-0.7384962439537048,-1.1821181774139404,0.47879312702637866,0.500229472443252,0,0
-0.630283534526825,-0.7418779730796814,-1.1821181774139404,0.4901734100506183,0.5010763134757962,0,0
-0.6316991448402405,-0.7452597618103027,-1.1821181774139404,0.4998106740700323,0.4871294240500934,0,0
-0.6331146955490112,-0.748641312122345,-1.1821181774139404,0.4822290792093774,0.4894926653935643,0,0
-0.634530246257782,-0.7520232796669006,-1.1821181774139404,0.5099736943954015,0.5093658523972505,0,0
-0.6359458565711975,-0.7554050087928772,-1.1821181774139404,0.5067853472341959,0.5065788532923017,0,0
-0.637361466884613,-0.7587865591049194,-1.1821181774139404,0.5101404546036842,0.492689450383726,0,0
-0.6387770771980286,-0.7621685266494751,-1.1821181774139404,0.5190475787966635,0.5044588627533128,0,0
-0.6401926875114441,-0.7655501961708069,-1.1821181774139404,0.49510680231097515,0.49378349465171795,0,0
-0.6416082978248596,-0.7689319252967834,-1.1821181774139404,0.49498157462331693,0.5039683125157727,0,0
-0.6430239081382751,-0.7723137140274048,-1.1821181774139404,0.5091852179527243,0.48899996422791964,0,0
-0.6444395184516907,-0.7756953239440918,-1.1821181774139404,0.4997382214618458,0.5009250618335587,0,0
-0.6458551287651062,-0.7790772318840027,-1.1821181774139404,0.49681557209325644,0.49632419298100366,0,0
-0.6472707390785217,-0.7824589014053345,-1.1821181774139404,0.49843611863219384,0.49406027821247966,0,0
-0.6486863493919373,-0.7858405113220215,-1.1821181774139404,0.49720330180464084,0.4993061034783,0,0
-0.6501019597053528,-0.7892224788665771,-1.1821181774139404,0.5029188175957093,0.5142327241340036,0,0
-0.6515175700187683,-0.7926040291786194,-1.1821181774139404,0.49059444773290656,0.4988949337482315,0,0
-0.6529331803321838,-0.795985758304596,-1.1821181774139404,0.4934113663949609,0.49496736307882166,0,0
-0.6543487906455994,-0.7993675470352173,-1.1821181774139404,0.48787891961269947,0.5011428403649207,0,0
-0.6557644009590149,-0.8027490973472595,-1.1821181774139404,0.5097227852779936,0.4918030875307071,0,0
-0.6571800112724304,-0.8061310648918152,-1.1821181774139404,0.49184122156267124,0.5044993974993368,0,0
-0.6585956811904907,-0.8095127940177917,-1.1821181774139404,0.5061610481677921,0.5156639006552871,0,0
-0.6600112915039062,-0.812894344329834,-1.1821181774139404,0.5105368712190775,0.4956381162338948,0,0
-0.661426842212677,-0.8162763118743896,-1.1821181774139404,0.5106915511422099,0.49548019642361624,0,0
-0.6628425121307373,-0.8196579217910767,-1.1821181774139404,0.5003176190780868,0.5088736359150503,0,0
-0.6642580628395081,-0.8230395317077637,-1.1821181774139404,0.5271875881230174,0.5139097130380682,0,0
-0.6656737327575684,-0.826421320438385,-1.1821181774139404,0.4994877292494978,0.5036196950228524,0,0
-0.6670892834663391,-0.8298028707504272,-1.1821181774139404,0.5027774977981447,0.49916610321500277,0,0
-0.6685049533843994,-0.8331848382949829,-1.1821181774139404,0.5089833355119576,0.48864328307604865,0,0
-0.6699205040931702,-0.8365664482116699,-1.1821181774139404,0.5040526101390855,0.47257968977174475,0,0
-0.6713361740112305,-0.8399479985237122,-1.1821181774139404,0.4914724965833822,0.48961033283622446,0,0
-0.6727517247200012,-0.8433299660682678,-1.1821181774139404,0.4956956058150034,0.4922877405295523,0,0
-0.6741673946380615,-0.8467116355895996,-1.1821181774139404,0.49162370952984863,0.4950495249280267,0,0
-0.6755829453468323,-0.8500933647155762,-1.1821181774139404,0.4920681834965594,0.52708833561455,0,0
-0.6769986152648926,-0.8534751534461975,-1.1821181774139404,0.513164773181462,0.5176476480322632,0,0
-0.6784141659736633,-0.8568567037582397,-1.1821181774139404,0.48688315362838147,0.5041672819595673,0,0
-0.6798298358917236,-0.8602386713027954,-1.1821181774139404,0.48785154903803213,0.5063370858209573,0,0
-0.6812453866004944,-0.863620400428772,-1.1821181774139404,0.5055857681413465,0.5032558641358542,0,0
-0.6826610565185547,-0.8670019507408142,-1.1821181774139404,0.5061286959405827,0.4940243961381792,0,0
-0.6840766072273254,-0.8703839182853699,-1.1821181774139404,0.5139084396506638,0.49540372747151945,0,0
-0.6854922771453857,-0.8737654685974121,-1.1821181774139404,0.5094669025142995,0.5009060044338385,0,0
-0.6869078874588013,-0.8771471977233887,-1.1821181774139404,0.4929706773141042,0.48512871042924105,0,0
-0.6883235573768616,-0.88052898645401,-1.1821181774139404,0.48332334704561475,0.5113930640963837,0,0
-0.6897392272949219,-0.8839105367660522,-1.1821181774139404,0.52140757878965,0.5081638037180147,0,0
-0.691154956817627,-0.8872925043106079,-1.1821181774139404,0.5069456920097796,0.49976669594866774,0,0
-0.6925705671310425,-0.8906741142272949,-1.1821181774139404,0.4971019831124126,0.5069530561656593,0,0
-0.6939862370491028,-0.8940557241439819,-1.1821181774139404,0.5226025469840446,0.5081919491834157,0,0
-0.6954019069671631,-0.8974376916885376,-1.1821181774139404,0.5043105192992797,0.5067454488065415,0,0
-0.6968175768852234,-0.9008192420005798,-1.1821181774139404,0.5144424095910293,0.5030807702934302,0,0
-0.6982331871986389,-0.9042010307312012,-1.1821181774139404,0.5115269046309505,0.49937497038451295,0,0
-0.6996488571166992,-0.9075828194618225,-1.1821181774139404,0.4952786301565786,0.49630361156635233,0,0
-0.7010645866394043,-0.9109644293785095,-1.1821181774139404,0.49646851099466677,0.5007460354644082,0,0
-0.702480137348175,-0.9143462777137756,-1.1821181774139404,0.5044407240939015,0.505093222484488,0,0
-0.7038957476615906,-0.9177279472351074,-1.1821181774139404,0.4997681256320686,0.4999563433420462,0,0
-0.7053113579750061,-0.9211095571517944,-1.1821181774139404,0.5257023687638362,0.5027464569033118,0,0
-0.7067269682884216,-0.9244915246963501,-1.1821181774139404,0.5103839986612695,0.5022738398465535,0,0
-0.7081425786018372,-0.9278731346130371,-1.1821181774139404,0.5131673035071257,0.49321958600933485,0,0
-0.7095581889152527,-0.9312548637390137,-1.1821181774139404,0.5181302103865159,0.5092482954824141,0,0
-0.7109737992286682,-0.9346367120742798,-1.1821181774139404,0.4785872808046738,0.5035879279995018,0,0
-0.7123894095420837,-0.9380183219909668,-1.1821181774139404,0.5036245682375614,0.5032395320839695,0,0
-0.7138050198554993,-0.9414002895355225,-1.1821181774139404,0.4999154250458528,0.4922517236147498,0,0
-0.7152206301689148,-0.9447819590568542,-1.1821181774139404,0.48225580343359925,0.5047975704537855,0,0
-0.7166362404823303,-0.9481635689735413,-1.1821181774139404,0.5203150387116607,0.5042997424236906,0,0
-0.7180519104003906,-0.9515455961227417,-1.1821181774139404,0.48272933920227773,0.49857709280813284,0,0
-0.7194676399230957,-0.9549272656440735,-1.1821181774139404,0.51057297371647,0.47849118020450515,0,0
-0.7208834290504456,-0.9583089351654053,-1.1821181774139404,0.5006934901966356,0.5061848743062748,0,0
-0.7222991585731506,-0.9616907238960266,-1.1821181774139404,0.5082878889442801,0.5160834659351655,0,0
-0.7237148284912109,-0.9650723338127136,-1.1821181774139404,0.5000979548690963,0.5000449390249214,0,0
-0.7251304984092712,-0.9684542417526245,-1.1821181774139404,0.48968506654016003,0.5037886349629457,0,0
-0.7265462875366211,-0.9718359112739563,-1.1821181774139404,0.4992914968798616,0.5001013898112547,0,0
-0.727962076663971,-0.9752175211906433,-1.1821181774139404,0.4909624013683468,0.5069017610123662,0,0
-0.729377806186676,-0.978599488735199,-1.1821181774139404,0.5066581514367721,0.48586445984987114,0,0
-0.7307934761047363,-0.9819810390472412,-1.1821181774139404,0.5189149474937039,0.5086786456161918,0,0
-0.7322092056274414,-0.9853628277778625,-1.1821181774139404,0.4870440688934596,0.5071282655466834,0,0
-0.7336251139640808,-0.9887447357177734,-1.1821181774139404,0.5112434038818996,0.49539318384608994,0,0
-0.7350408434867859,-0.9921263456344604,-1.1821181774139404,0.5068535163654914,0.4949784211499952,0,0
-0.7364565134048462,-0.9955082535743713,-1.1821181774139404,0.5039876614792929,0.49592680137368694,0,0
-0.7378721833229065,-0.9988899827003479,-1.1821181774139404,0.5025435710268252,0.49255126745373357,0,0
-0.7392879128456116,-1.0022715330123901,-1.1821181774139404,0.48482770982576195,0.49881857438911187,0,0
-0.7407036423683167,-1.0056535005569458,-1.1821181774139404,0.5259560728550815,0.48327584105521415,0,0
-0.7421194314956665,-1.0090351104736328,-1.1821181774139404,0.507685761168263,0.5041105675086573,0,0
-0.7435351014137268,-1.0124167203903198,-1.1821181774139404,0.48903009762627186,0.5041969678280733,0,0
-0.7449508309364319,-1.0157984495162964,-1.1821181774139404,0.5024351929552009,0.5069858908336019,0,0
-0.7463666200637817,-1.019180178642273,-1.1821181774139404,0.4980393839790047,0.4953694017452458,0,0
-0.747782289981842,-1.022562026977539,-1.1821181774139404,0.5065180350127712,0.4924981665747629,0,0
-0.7491979002952576,-1.025943636894226,-1.1821181774139404,0.49993897551185745,0.49640296403327233,0,0
-0.7506136298179626,-1.029325246810913,-1.1821181774139404,0.5078980390184017,0.4836105072966302,0,0
-0.752029538154602,-1.0327072143554688,-1.1821181774139404,0.4986291986048611,0.5068528376751041,0,0
-0.7534453272819519,-1.0360888242721558,-1.1821181774139404,0.47563462088567693,0.48950158258462956,0,0
-0.754861056804657,-1.0394705533981323,-1.1821181774139404,0.486012333292631,0.48522390798844484,0,0
-0.7562768459320068,-1.0428524017333984,-1.1821181774139404,0.4999805250324688,0.5056236935887509,0,0
-0.7576926946640015,-1.046234130859375,-1.1821181774139404,0.5048178255457988,0.48392473319664764,0,0
-0.7591085433959961,-1.0496158599853516,-1.1821181774139404,0.49337281082811885,0.7990403837212026,0,0
-0.7605242729187012,-1.0529975891113281,-1.1821181774139404,0.5171385025551992,0.8066797610327922,0,0
-0.7619400024414062,-1.0563791990280151,-1.1821181774139404,0.5019978779242471,0.8180141633071042,0,0
-0.7633557915687561,-1.0597611665725708,-1.1821181774139404,0.5030053747193624,0.7901970006019317,0,0
-0.7647716999053955,-1.0631427764892578,-1.1821181774139404,0.49126832996856235,0.7866401621498228,0,0
-0.7661874890327454,-1.0665245056152344,-1.1821181774139404,0.5060858522402362,0.8010488924186556,0,0
-0.7676032185554504,-1.069906234741211,-1.1821181774139404,0.49004128115266776,0.8015416904531606,0,0
-0.7690190076828003,-1.0732879638671875,-1.1821181774139404,0.5125536293532886,0.7981547644948023,0,0
-0.7704347968101501,-1.0766698122024536,-1.1821181774139404,0.49403547326116604,0.7972841320645826,0,0
-0.7718506455421448,-1.0800514221191406,-1.1821181774139404,0.5016158825947292,0.7875391547868659,0,0
-0.7732663750648499,-1.0834330320358276,-1.1821181774139404,0.5128904031405714,0.7547292649275902,0,0
-0.7746820449829102,-1.0868149995803833,-1.1821181774139404,0.5009491949637066,0.7604456775629593,0,0
-0.7760978937149048,-1.0901966094970703,-1.1821181774139404,0.4996175745775827,0.7477178638200975,0,0
-0.7775138020515442,-1.0935783386230469,-1.1821181774139404,0.5007318850918162,0.7450284126069486,0,0
-0.7789296507835388,-1.0969600677490234,-1.1821181774139404,0.4978001296823594,0.7369522842137547,0,0
-0.7803453803062439,-1.100341796875,-1.1821181774139404,0.5040688805236795,0.7653589520483977,0,0
-0.781761109828949,-1.1037236452102661,-1.1821181774139404,0.5091470316545907,0.7693274027090429,0,0
-0.7831769585609436,-1.1071053743362427,-1.1821181774139404,0.4960715459087155,0.7474386561240265,0,0
-0.7845927476882935,-1.1104869842529297,-1.1821181774139404,0.49708124273728027,0.7624302593347716,0,0
-0.7860084772109985,-1.1138689517974854,-1.1821181774139404,0.4793033551942162,0.7412159944500575,0,0
-0.7874242067337036,-1.1172505617141724,-1.1821181774139404,0.7742643427909663,0.7305891065803136,0,0
-0.7888400554656982,-1.120632290840149,-1.1821181774139404,0.8029360982395399,0.7257292074808194,0,0
-0.7902560234069824,-1.1240140199661255,-1.1821181774139404,0.807735982253691,0.7259701911009967,0,0
-0.791671872138977,-1.127395749092102,-1.1821181774139404,0.8004778622822835,0.7224995148997588,0,0
-0.7930876016616821,-1.1307775974273682,-1.1821181774139404,0.7885608567997602,0.7129599536267043,0,0
-0.794503390789032,-1.1341592073440552,-1.1821181774139404,0.7857145701548702,0.71488239120281,0,0
-0.7959191799163818,-1.1375408172607422,-1.1821181774139404,0.7988624644599451,0.7108980110461047,0,0
-0.797335147857666,-1.1409227848052979,-1.1821181774139404,0.7870912054857402,0.7216058433665347,0,0
-0.7987509965896606,-1.1443043947219849,-1.1821181774139404,0.78986022237092,0.7010463422919185,0,0
-0.8001667857170105,-1.1476861238479614,-1.1821181774139404,0.792518372572015,0.7344117311881476,0,0
-0.8015826940536499,-1.151067852973938,-1.1821181774139404,0.7573697300637049,0.6716364914218992,0,0
-0.8029986023902893,-1.1544495820999146,-1.1821181774139404,0.7459794942312014,0.6757884823541561,0,0
-0.8044144511222839,-1.1578314304351807,-1.1821181774139404,0.7499545254648121,0.6736366434163307,0,0
-0.8058302402496338,-1.1612131595611572,-1.1821181774139404,0.7471145653041816,0.6831505738748597,0,0
-0.8072459697723389,-1.1645946502685547,-1.1821181774139404,0.7643105982158273,0.6750287624594113,0,0
-0.8086618185043335,-1.1679766178131104,-1.1821181774139404,0.7476382439037768,0.6757479354603062,0,0
-0.8100777268409729,-1.1713582277297974,-1.1821181774139404,0.7389030574772942,0.6898248841820072,0,0
-0.8114935755729675,-1.174739956855774,-1.1821181774139404,0.7565741783145934,0.6849442878453467,0,0
-0.8129093050956726,-1.17812180519104,-1.1821181774139404,0.7501342668343721,0.6769088208203804,0,0
-0.8143250942230225,-1.1815035343170166,-1.1821181774139404,0.7492044457753905,0.68107891809964,0,0
-0.8157410025596619,-1.1848853826522827,-1.1821181774139404,0.706507278131564,0.6426241090442161,0,0
-0.8171568512916565,-1.1882669925689697,-1.1821181774139404,0.7080474607866638,0.6432381273868423,0,0
-0.8185727000236511,-1.1916486024856567,-1.1821181774139404,0.7138792366615537,0.6199569123069679,0,0
-0.819988489151001,-1.1950305700302124,-1.1821181774139404,0.7191504743608779,0.6399879576609956,0,0
-0.8214043378829956,-1.1984121799468994,-1.1821181774139404,0.715474649285956,0.6592644539449711,0,0
-0.8228203058242798,-1.201793909072876,-1.1821181774139404,0.7142092206569101,0.6655920951122751,0,0
-0.8242361545562744,-1.2051756381988525,-1.1821181774139404,0.719524550316529,0.6481280421933979,0,0
-0.8256519436836243,-1.208557367324829,-1.1821181774139404,0.712129978498604,0.6344293062650157,0,0
-0.8270676732063293,-1.2119392156600952,-1.1821181774139404,0.7133672235076483,0.651653587743798,0,0
-0.828483521938324,-1.2153208255767822,-1.1821181774139404,0.7043822938704538,0.6504652763620977,0,0
-0.8298993706703186,-1.2187024354934692,-1.1821181774139404,0.6763581015519768,0.616312529644071,0,0
-0.8313151597976685,-1.222084403038025,-1.1821181774139404,0.6838943880870829,0.6073603464519908,0,0
-0.8327310085296631,-1.225466012954712,-1.1821181774139404,0.6972389213715209,0.6204011816187674,0,0
-0.8341469764709473,-1.2288477420806885,-1.1821181774139404,0.6731244436721401,0.6032360244516479,0,0
-0.8355629444122314,-1.232229471206665,-1.1821181774139404,0.6602501530006408,0.6114156891256495,0,0
-0.8369788527488708,-1.2356112003326416,-1.1821181774139404,0.6736532571168123,0.6256876486575084,0,0
-0.8383947014808655,-1.2389930486679077,-1.1821181774139404,0.6903969037781404,0.6172493143857815,0,0
-0.8398105502128601,-1.2423746585845947,-1.1821181774139404,0.6768741789397609,0.6039275861852508,0,0
-0.8412265777587891,-1.2457562685012817,-1.1821181774139404,0.682296278996467,0.608023326177545,0,0
-0.8426425457000732,-1.2491382360458374,-1.1821181774139404,0.6681107530168353,0.6282824910052207,0,0
-0.8440585136413574,-1.2525198459625244,-1.1821181774139404,0.6465670583943911,0.5595272616505431,0,0
-0.845474362373352,-1.255901575088501,-1.1821181774139404,0.6357051497466669,0.566124125706883,0,0
-0.8468902111053467,-1.259283423423767,-1.1821181774139404,0.6138242247175769,0.5846574542685807,0,0
-0.8483061194419861,-1.2626651525497437,-1.1821181774139404,0.6357188205926554,0.5698114358759893,0,0
-0.8497220873832703,-1.2660470008850098,-1.1821181774139404,0.6416977037762313,0.5877639403207169,0,0
-0.8511380553245544,-1.2694286108016968,-1.1821181774139404,0.6383130795960795,0.5811462186089554,0,0
-0.8525539040565491,-1.2728102207183838,-1.1821181774139404,0.6390108572658387,0.5907629193293408,0,0
-0.8539697527885437,-1.2761921882629395,-1.1821181774139404,0.6430218704785421,0.5842678196592761,0,0
-0.8553856611251831,-1.2795737981796265,-1.1821181774139404,0.6167491953804501,0.5732025945394931,0,0
-0.8568016886711121,-1.282955527305603,-1.1821181774139404,0.6464718118072491,0.5563031156619088,0,0
-0.8582175970077515,-1.2863372564315796,-1.1821181774139404,0.5995136923159877,0.5408175642560656,0,0
-0.8596333861351013,-1.2897189855575562,-1.1821181774139404,0.5947529457519016,0.5407503101530743,0,0
-0.8610492944717407,-1.2931008338928223,-1.1821181774139404,0.6296498841034335,0.5360694566467121,0,0
-0.8624652624130249,-1.2964825630187988,-1.1821181774139404,0.6093032281233367,0.5338770897625738,0,0
-0.8638812303543091,-1.2998640537261963,-1.1821181774139404,0.5958327284304284,0.5258267093390274,0,0
-0.8652971386909485,-1.303246021270752,-1.1821181774139404,0.6308737967428115,0.5403501299534386,0,0
-0.8667129874229431,-1.306627631187439,-1.1821181774139404,0.6089522427144579,0.5386486855560519,0,0
-0.8681288361549377,-1.3100093603134155,-1.1821181774139404,0.6009986212887722,0.5458185878676699,0,0
-0.8695448040962219,-1.3133912086486816,-1.1821181774139404,0.6054301943590241,0.5509150515482866,0,0
-0.8709607720375061,-1.3167729377746582,-1.1821181774139404,0.6134146818119611,0.5230728674136624,0,0
-0.8723766803741455,-1.3201547861099243,-1.1821181774139404,0.5581434600356336,0.497720930998414,0,0
-0.8737925291061401,-1.3235363960266113,-1.1821181774139404,0.5705137458632898,0.4988640886462501,0,0
-0.8752083778381348,-1.3269180059432983,-1.1821181774139404,0.5739095493614025,0.498394495210449,0,0
-0.8766242861747742,-1.330299973487854,-1.1821181774139404,0.5578310566050964,0.5117469142093468,0,0
-0.8780402541160583,-1.333681583404541,-1.1821181774139404,0.5673019200723739,0.4991001691413737,0,0
-0.8794562220573425,-1.3370633125305176,-1.1821181774139404,0.5699457474755676,0.5123926847641298,0,0
-0.8808721303939819,-1.3404450416564941,-1.1821181774139404,0.5569107456643908,0.49712906624495784,0,0
-0.8822880387306213,-1.3438267707824707,-1.1821181774139404,0.5664557137790676,0.5121544761807756,0,0
-0.8837040066719055,-1.3472086191177368,-1.1821181774139404,0.5672969694485719,0.5006679610300178,0,0
-0.8851200938224792,-1.3505903482437134,-1.1821181774139404,0.5572279289096043,0.494580857477534,0,0
-0.8865360617637634,-1.3539718389511108,-1.1821181774139404,0.5432395862543629,0.4642339192989858,0,0
-0.8879519104957581,-1.3573538064956665,-1.1821181774139404,0.5468604620161818,0.4560535605417242,0,0
-0.8893678784370422,-1.3607354164123535,-1.1821181774139404,0.5338375583799707,0.4616354085858211,0,0
-0.890783965587616,-1.36411714553833,-1.1821181774139404,0.5122949277019324,0.4902698089927518,0,0
-0.8922000527381897,-1.3674992322921753,-1.1823126077651978,0.5168827405527109,0.4489871082183248,0,0
-0.89361572265625,-1.37087881565094,-1.1826131343841553,0.5364368217662346,0.4582561465475922,0,0
-0.8950306177139282,-1.3742517232894897,-1.1829639673233032,0.5276955871765878,0.4707344696325027,0,0
-0.8964447379112244,-1.3776143789291382,-1.183342695236206,0.5468416069188614,0.48054240277129856,0,0
-0.897858202457428,-1.3809627294540405,-1.1837420463562012,0.529905423216775,0.4747578779344825,0,0
-0.8992713689804077,-1.3842939138412476,-1.1841275691986084,0.5375080502881175,0.4576295783281706,0,0
-0.9006839394569397,-1.3876070976257324,-1.1846897602081299,0.4831606335132914,0.4214431116115027,0,0
-0.9020958542823792,-1.3908990621566772,-1.1855419874191284,0.49627569078399514,0.42771588315431536,0,0
-0.903505265712738,-1.3941642045974731,-1.1867345571517944,0.4920593116029621,0.43667165065387925,0,0
-0.9049097299575806,-1.3973933458328247,-1.188293695449829,0.4939728459233359,0.42757118307243513,0,0
-0.9063052535057068,-1.4005746841430664,-1.1902241706848145,0.5042446735428325,0.4103557190248962,0,0
-0.9076863527297974,-1.403694748878479,-1.19252347946167,0.5089416616977043,0.42401369146317974,0,0
-0.9090456366539001,-1.4067381620407104,-1.1952321529388428,0.508314315022834,0.42320285224608745,0,0
-0.910375714302063,-1.4096870422363281,-1.198351263999939,0.4989274114020624,0.42179570040248215,0,0
-0.9116699695587158,-1.4125250577926636,-1.201819896697998,0.4931071139303942,0.4447561866041113,0,0
-0.9129205346107483,-1.4152368307113647,-1.2056798934936523,0.5170761325148134,0.4269844062149613,0,0
-0.9141660928726196,-1.4179378747940063,-1.2096188068389893,0.44881790800597166,0.4070117663940277,0,0
-0.9153527021408081,-1.4204789400100708,-1.2137328386306763,0.4548237270304609,0.3981995298536406,0,0
-0.916473925113678,-1.4228451251983643,-1.217820405960083,0.4566563751742341,0.3988934500037142,0,0
-0.9175236821174622,-1.4250258207321167,-1.2219924926757812,0.4444105856729625,0.3887649984903014,0,0
-0.9184978008270264,-1.4270151853561401,-1.226158618927002,0.4686263794516969,0.3997679846152728,0,0
-0.9193933010101318,-1.4288121461868286,-1.2304599285125732,0.4531436205351109,0.4039892942083479,0,0
-0.9202083349227905,-1.4304200410842896,-1.2349520921707153,0.4509077667647001,0.40486902951597065,0,0
-0.9209427833557129,-1.4318455457687378,-1.2394644021987915,0.4574368944489716,0.3831926643232858,0,0
-0.921597421169281,-1.4330978393554688,-1.2441214323043823,0.46131966735286944,0.4012989588704846,0,0
-0.9221749901771545,-1.4341877698898315,-1.248753309249878,0.43929710632764035,0.4004442623744575,0,0
-0.9226819276809692,-1.435127854347229,-1.253441572189331,0.4233190675189707,0.3668818014020978,0,0
-0.9231261610984802,-1.4359323978424072,-1.258237600326538,0.4362243896560281,0.3836982021001226,0,0
-0.923514187335968,-1.4366168975830078,-1.2632675170898438,0.43455944222725307,0.3700840544044798,0,0
-0.923850953578949,-1.437195897102356,-1.2684907913208008,0.4214281738861826,0.3619512985708268,0,0
-0.9241410493850708,-1.4376829862594604,-1.2738969326019287,0.40927023642265714,0.36760587043279574,0,0
-0.9243900775909424,-1.4380918741226196,-1.2795720100402832,0.42156005892614984,0.3679674951136648,0,0
-0.9246039390563965,-1.4384360313415527,-1.2855827808380127,0.4187192907288515,0.3695487152427919,0,0
-0.9247863292694092,-1.4387283325195312,-1.2918827533721924,0.423838024561713,0.36561876222476253,0,0
-0.9249393939971924,-1.4389803409576416,-1.2983874082565308,0.4253342960576497,0.3714198614708353,0,0
-0.9250646233558655,-1.439200758934021,-1.3050634860992432,0.41763816015758454,0.3575613509874777,0,0
-0.9251633882522583,-1.4393975734710693,-1.3117282390594482,0.3907730313909743,0.35778474484061645,0,0
-0.9252382516860962,-1.4395760297775269,-1.3182473182678223,0.39010924538076835,0.35933267672776953,0,0
-0.9252911806106567,-1.4397403001785278,-1.3247674703598022,0.4116269024202029,0.35706263493879004,0,0
-0.925324022769928,-1.439893364906311,-1.3311666250228882,0.39973543841462633,0.3525864077741413,0,0
-0.9253381490707397,-1.440035343170166,-1.3375765085220337,0.40531973475164007,0.3577682659740854,0,0
-0.9253345727920532,-1.4401661157608032,-1.344068169593811,0.4151859655534979,0.3646289020403283,0,0
-0.925314724445343,-1.4402856826782227,-1.3506840467453003,0.4102510276176264,0.37293165979056275,0,0
-0.9252799153327942,-1.440393328666687,-1.35744309425354,0.40326474055936246,0.35247946297586397,0,0
-0.9252310991287231,-1.4404881000518799,-1.3643579483032227,0.40788359913409467,0.3628446844124963,0,0
-0.9251704812049866,-1.4405708312988281,-1.37142813205719,0.40303328196595745,0.35083768597328685,0,0
-0.9250994324684143,-1.4406414031982422,-1.3786532878875732,0.4010718345896109,0.3470523310883667,0,0
-0.9250198602676392,-1.4407007694244385,-1.3858363628387451,0.396207921960691,0.3375365893404944,0,0
-0.9249327778816223,-1.4407490491867065,-1.3928673267364502,0.3839072402588605,0.34559633331904005,0,0
-0.9248387813568115,-1.4407860040664673,-1.399678111076355,0.39033053258648476,0.35679806066052183,0,0
-0.9247379302978516,-1.4408104419708252,-1.406244158744812,0.3771238702994747,0.33973175216662443,0,0
-0.9246297478675842,-1.4408206939697266,-1.4125494956970215,0.39343825631904816,0.3562502398998807,0,0
-0.9245131611824036,-1.44081449508667,-1.418595552444458,0.3968121116514753,0.35730899448502,0,0
-0.9243868589401245,-1.4407891035079956,-1.4245773553848267,0.42058540299391634,0.3706402593000382,0,0
-0.9242490530014038,-1.4407426118850708,-1.4306105375289917,0.4021706220287974,0.36750067879796755,0,0
-0.9240989685058594,-1.4406739473342896,-1.4367567300796509,0.4144308513438141,0.35430406940059267,1,1
-0.9239360094070435,-1.440583348274231,-1.442855715751648,0.38036606855282423,0.3743479440202573,0,0
-0.9237599968910217,-1.4404715299606323,-1.4488167762756348,0.38390287684927293,0.34598379479299834,0,0
-0.9235709309577942,-1.4403388500213623,-1.4545929431915283,0.3750763609840037,0.35161204476603114,0,0
-0.9233683347702026,-1.4401859045028687,-1.4601595401763916,0.3850942788355703,0.36397519237506587,0,0
-0.923152506351471,-1.4400131702423096,-1.4655040502548218,0.385323343292621,0.34377496299028987,0,0
-0.9229229092597961,-1.4398202896118164,-1.470625877380371,0.3784906710257869,0.36698510951243474,0,0
-0.9226791858673096,-1.4396077394485474,-1.4755305051803589,0.392559057099409,0.35508215221086065,0,0
-0.9224212169647217,-1.4393742084503174,-1.4802186489105225,0.36759914351105644,0.3616461835866459,0,0
-0.9221485257148743,-1.439119815826416,-1.4847031831741333,0.39398131341679166,0.3400675834044281,0,0
-0.9218606352806091,-1.438844084739685,-1.4889845848083496,0.3744719890311567,0.3506935091902709,0,0
-0.9215574264526367,-1.4385462999343872,-1.4930757284164429,0.3985326284355612,0.33526775596431846,0,0
-0.9212386608123779,-1.4382268190383911,-1.4969881772994995,0.38656328047136757,0.3668945932773294,0,0
-0.9209044575691223,-1.4378851652145386,-1.5007271766662598,0.3653934894858205,0.3599888180084085,0,0
-0.9205544590950012,-1.4375211000442505,-1.504298448562622,0.3833391954440382,0.3736735688073975,0,0
-0.9201889038085938,-1.4371354579925537,-1.5077072381973267,0.3786169579573326,0.3573620681889451,0,0
-0.9198083281517029,-1.436728596687317,-1.5109639167785645,0.3783266219328943,0.3534066635677146,0,0
-0.9194126129150391,-1.4363009929656982,-1.5140730142593384,0.38341643549501514,0.3537342853039078,0,0
-0.9190024733543396,-1.4358534812927246,-1.5170464515686035,0.3924374674922042,0.35225473515296174,0,0
-0.9185786843299866,-1.4353867769241333,-1.5198845863342285,0.38233903807754444,0.35587014158692787,0,0
-0.9181414842605591,-1.4349018335342407,-1.5225995779037476,0.37483142304411105,0.35762605088203114,0,0
-0.9176918268203735,-1.434400200843811,-1.525384783744812,0.40036304359661956,0.3900261802734758,0,0
-0.9172304272651672,-1.4338834285736084,-1.5281630754470825,0.3781273831740142,0.37438051230186015,0,0
-0.9167582988739014,-1.4333537817001343,-1.5308829545974731,0.3741549959850261,0.36873217282779575,0,0
-0.9162763953208923,-1.432813286781311,-1.5335229635238647,0.3691355235927278,0.36551729585427184,0,0
-0.9157856702804565,-1.4322633743286133,-1.5360726118087769,0.38536109252939893,0.3511027880254683,0,0
-0.9152868390083313,-1.4317059516906738,-1.5385174751281738,0.39164287778939894,0.3645026494229208,0,0
-0.9147807955741882,-1.431141972541809,-1.5408626794815063,0.3934904215439569,0.36563717075090757,0,0
-0.9142680764198303,-1.4305721521377563,-1.5431119203567505,0.3913251039590617,0.3728241093693574,0,0
-0.9137492775917053,-1.429997205734253,-1.5452629327774048,0.389719606023547,0.37099979482074036,0,0
-0.913224995136261,-1.4294177293777466,-1.547315001487732,0.37684553748986416,0.37901674603039964,0,0
-0.9126956462860107,-1.428834080696106,-1.5492793321609497,0.3796113034615396,0.36851363095305795,0,0
-0.9121611714363098,-1.4282463788986206,-1.551154375076294,0.3887788060688568,0.37832733153952003,0,0
-0.9116217494010925,-1.4276552200317383,-1.5529459714889526,0.3807906212269672,0.38401122901332463,0,0
-0.9110775589942932,-1.4270602464675903,-1.5546600818634033,0.39324755430542185,0.37166756544148843,0,0
-0.9105286002159119,-1.4264614582061768,-1.5562963485717773,0.3933182362474641,0.36424925679863385,0,0
-0.9099747538566589,-1.425858974456787,-1.5578608512878418,0.38136758592733816,0.3904659525656313,0,0
-0.9094161987304688,-1.4252527952194214,-1.559353232383728,0.3947128491352719,0.36359931405135637,0,0
-0.9088528156280518,-1.4246432781219482,-1.5607795715332031,0.37807869968990254,0.3790691980756854,0,0
-0.9082847833633423,-1.42402982711792,-1.5621399879455566,0.39161927971267513,0.3895113805637719,0,0
-0.9077121615409851,-1.4234133958816528,-1.5634403228759766,0.3935369105830482,0.36892871311420217,1,1
-0.9071349501609802,-1.4227933883666992,-1.564679741859436,0.37954654392127024,0.365238882432714,0,0
-0.9065532088279724,-1.4221704006195068,-1.5658652782440186,0.3902381653129986,0.36991013957734004,0,0
-0.9059674143791199,-1.4215443134307861,-1.5669957399368286,0.38890086659693596,0.37102915155126553,0,0
-0.9053773283958435,-1.4209157228469849,-1.5680787563323975,0.3755313756212238,0.39310678451961917,0,0
-0.9047834277153015,-1.4202845096588135,-1.5691133737564087,0.3970119431352651,0.37238279480471675,0,0
-0.9041855335235596,-1.4196512699127197,-1.5701000690460205,0.39509985468923436,0.3833937971584575,0,0
-0.9035839438438416,-1.419015645980835,-1.5710442066192627,0.38840937802054054,0.39255606564861306,0,0
-0.9029788374900818,-1.4183783531188965,-1.5719462633132935,0.39222385779956526,0.3902898115301563,0,0
-0.9023706316947937,-1.4177392721176147,-1.57280695438385,0.3751240055286219,0.3871109637556939,0,0
-0.9017593264579773,-1.4170987606048584,-1.5736311674118042,0.3926220150690381,0.3866341170690575,0,0
-0.9011451005935669,-1.4164570569992065,-1.5742204189300537,0.388804348145077,0.4064434265714876,0,0
-0.9005288481712341,-1.4158145189285278,-1.574476957321167,0.39574296883539556,0.40156619747592703,0,0
-0.8999119400978088,-1.4151721000671387,-1.5747323036193848,0.404158640438989,0.37187051133907045,0,0
-0.8992968201637268,-1.4145317077636719,-1.575178861618042,0.40562513436377057,0.391148295149499,0,0
-0.8986855745315552,-1.4138957262039185,-1.5759174823760986,0.40896588975365666,0.37936013264997537,0,0
-0.8980807662010193,-1.4132676124572754,-1.5768074989318848,0.4040280488804775,0.4078626262383461,0,0
-0.8974880576133728,-1.4126485586166382,-1.5777757167816162,0.3876194942212609,0.3667853241590133,0,0
-0.8969127535820007,-1.4120393991470337,-1.5787676572799683,0.39326910583772134,0.39282979971448506,0,0
-0.8963595032691956,-1.4114400148391724,-1.5799497365951538,0.4095133747984247,0.3801029671222761,0,0
-0.8958321809768677,-1.410849928855896,-1.5812174081802368,0.39190868417084945,0.3945282090359853,0,0
-0.8953332901000977,-1.410268783569336,-1.582519292831421,0.3972779438369839,0.39298482250565003,0,0
-0.8948634266853333,-1.4096957445144653,-1.5836124420166016,0.3983042488700653,0.4143506447134228,0,0
-0.8944226503372192,-1.4091300964355469,-1.5847615003585815,0.42885532699642515,0.39850829204867894,0,0
-0.8940094113349915,-1.4085718393325806,-1.585930347442627,0.4324491802031225,0.40478765905759,0,0
-0.8936247825622559,-1.4080193042755127,-1.587275743484497,0.4114052561635222,0.3784601125671573,0,0
-0.8932698965072632,-1.4074708223342896,-1.588891863822937,0.41015596462468273,0.37533009339225165,0,0
-0.8929455280303955,-1.406925082206726,-1.5908313989639282,0.4002424608582432,0.3904223702907591,0,0
-0.8926528096199036,-1.4063808917999268,-1.5931077003479004,0.40227244230036635,0.38627505921870336,0,0
-0.8923916220664978,-1.4058387279510498,-1.5955352783203125,0.38962733256699006,0.3973821286122399,0,0
-0.8921606540679932,-1.4052990674972534,-1.598004937171936,0.41388868031816867,0.41149198402231285,0,0
-0.8919596672058105,-1.4047608375549316,-1.600462794303894,0.4074856685240995,0.40275697284958684,0,0
-0.8917909860610962,-1.4042209386825562,-1.6028716564178467,0.4240381250344407,0.4165702659703886,0,0
-0.891659140586853,-1.4036738872528076,-1.6052143573760986,0.41566962208460095,0.41109280376123725,0,0
-0.8915713429450989,-1.4031115770339966,-1.6074775457382202,0.40057551113097717,0.4050708208554109,0,0
-0.891537070274353,-1.4025236368179321,-1.6096272468566895,0.40918900625080096,0.4242668673795245,0,0
-0.8915664553642273,-1.40189790725708,-1.6116445064544678,0.42366247969816795,0.4339560122317866,0,0
-0.8916694521903992,-1.4012211561203003,-1.6135687828063965,0.41199300790454835,0.40500508907209537,0,0
-0.8918554782867432,-1.4004818201065063,-1.6156343221664429,0.4164392591158845,0.3900972070284288,0,0
-0.8921313881874084,-1.3996728658676147,-1.617654800415039,0.40057430097267843,0.4220340727591952,0,0
-0.8925026059150696,-1.398789644241333,-1.6196686029434204,0.41843779266309605,0.41142899545381306,1,1
-0.8929728865623474,-1.3978286981582642,-1.6216239929199219,0.42557484706746085,0.42882000960482974,0,0
-0.893544614315033,-1.3967880010604858,-1.62350594997406,0.4279044136541255,0.4211305896160575,0,0
-0.894218921661377,-1.395666241645813,-1.6253175735473633,0.40305447152984863,0.41484399622175433,0,0
-0.8949964642524719,-1.394463062286377,-1.6270521879196167,0.4246629737273863,0.4114614216184225,0,0
-0.8958757519721985,-1.393178105354309,-1.6287094354629517,0.4230113091504132,0.40909919203813644,0,0
-0.896855354309082,-1.3918119668960571,-1.6302955150604248,0.4062683856346445,0.4094859175639471,0,0
-0.8979328870773315,-1.3903656005859375,-1.6318128108978271,0.41147344466344843,0.4238966265973904,0,0
-0.8991056680679321,-1.3888400793075562,-1.633261799812317,0.42605903319380484,0.43077363667866203,0,0
-0.900370180606842,-1.387237548828125,-1.634827733039856,0.4105192164055576,0.3973152844635958,0,0
-0.9017205238342285,-1.385561466217041,-1.6364457607269287,0.40942431589610656,0.4123652060395467,0,0
-0.9031484723091125,-1.3838163614273071,-1.6380562782287598,0.4178127085613626,0.4145211572448926,0,0
-0.9046456217765808,-1.382006287574768,-1.6396074295043945,0.43599577006072177,0.4310367246939209,0,0
-0.9062038064002991,-1.3801356554031372,-1.6411062479019165,0.4229743181995969,0.4275359430179323,0,0
-0.9078165292739868,-1.3782086372375488,-1.6425707340240479,0.4346190581053726,0.41556728701573903,0,0
-0.9094789028167725,-1.3762294054031372,-1.6437959671020508,0.399342750951114,0.41588747337183074,0,0
-0.9111860394477844,-1.3742042779922485,-1.6448593139648438,0.40449199970557376,0.416401454333507,0,0
-0.9129336476325989,-1.372139811515808,-1.6458076238632202,0.415172118142997,0.40838347521502544,0,0
-0.9147166013717651,-1.3700430393218994,-1.6466574668884277,0.42784046011062093,0.4148128807350956,0,0
-0.9165311455726624,-1.367919921875,-1.647416353225708,0.42851815362595486,0.4149610142021833,0,0
-0.9183730483055115,-1.3657755851745605,-1.6481072902679443,0.44122682399418006,0.4170262217397246,0,0
-0.9202392101287842,-1.3636138439178467,-1.6487585306167603,0.42330610909080296,0.4247511404940708,0,0
-0.9221277832984924,-1.3614362478256226,-1.6493804454803467,0.4099716225543929,0.4361323106004008,0,0
-0.9240373969078064,-1.359243631362915,-1.649978756904602,0.42856169692404705,0.4238917345333817,0,0
-0.9259673357009888,-1.357035517692566,-1.650549292564392,0.4136552127247751,0.4241892165814725,0,0
-0.9279171824455261,-1.3548105955123901,-1.651092529296875,0.41065533342670346,0.4170085420095953,0,0
-0.929887056350708,-1.3525673151016235,-1.6516103744506836,0.4143590022967627,0.4094063793074553,0,0
-0.9318770170211792,-1.3503035306930542,-1.652106761932373,0.400059610708611,0.41100057677648066,0,0
-0.9338873624801636,-1.3480175733566284,-1.6525801420211792,0.4122945951108075,0.40735480978181404,0,0
-0.9359184503555298,-1.3457080125808716,-1.6530287265777588,0.42101946231376824,0.4287073569873107,0,0
-0.9379702210426331,-1.34337317943573,-1.6534591913223267,0.4133588256899604,0.41083339769197436,0,0
-0.9400427341461182,-1.3410122394561768,-1.6538714170455933,0.42119363288776523,0.42663748461877804,0,0
-0.9421356916427612,-1.3386248350143433,-1.6542649269104004,0.4353548709292976,0.40690013450520846,0,0
-0.9442487955093384,-1.3362107276916504,-1.6546382904052734,0.40080980304348707,0.4185759857465008,0,0
-0.946381151676178,-1.3337700366973877,-1.6549962759017944,0.4203895467523489,0.4286627111209815,0,0
-0.9485324025154114,-1.3313034772872925,-1.6553375720977783,0.43312296177937276,0.41838939248449036,0,0
-0.9507012963294983,-1.328811526298523,-1.6556636095046997,0.4168138769881855,0.4248984865167397,0,0
-0.952887237071991,-1.3262953758239746,-1.6559748649597168,0.4073889842059822,0.4117275812111757,0,0
-0.9550888538360596,-1.3237560987472534,-1.6562697887420654,0.4099097093910487,0.40412229636847863,0,0
-0.9573054313659668,-1.321195125579834,-1.6565523147583008,0.42083209928906723,0.40470452618714403,0,0
-0.9595353603363037,-1.3186136484146118,-1.6568214893341064,0.4188040232177051,0.4179433620081027,1,1
-0.9617776870727539,-1.3160128593444824,-1.6570816040039062,0.4272137208655226,0.4312953128923551,0,0
-0.9640311002731323,-1.3133940696716309,-1.6573307514190674,0.41298924325994274,0.415587242861197,0,0
-0.9662951231002808,-1.3107588291168213,-1.657569408416748,0.42397878341578127,0.43059057357853925,0,0
-0.9685685634613037,-1.3081083297729492,-1.6577972173690796,0.41990356787107447,0.4044381645052871,0,0
-0.9708505272865295,-1.3054442405700684,-1.6580116748809814,0.41011688801271906,0.4086580706434943,0,0
-0.973140299320221,-1.3027676343917847,-1.6582146883010864,0.40626248952329747,0.4012869417345999,0,0
-0.9754371643066406,-1.3000794649124146,-1.6584079265594482,0.41225089835145157,0.4119523285693174,0,0
-0.9777401089668274,-1.2973809242248535,-1.6585934162139893,0.4216263717670043,0.4221490004817547,0,0
-0.9800485968589783,-1.2946727275848389,-1.658773422241211,0.4151324920318412,0.4150189192660625,0,0
-0.9823617935180664,-1.291955590248108,-1.6589456796646118,0.4417631654352216,0.43209772103078203,0,0
-0.9846793413162231,-1.2892303466796875,-1.6591110229492188,0.4277063757662238,0.42837658144757224,0,0
-0.9870010018348694,-1.2864978313446045,-1.6592682600021362,0.4289660381945384,0.43106626060649583,0,0
-0.9893261194229126,-1.283758521080017,-1.6594176292419434,0.4235259724819959,0.4189435698939436,0,0
-0.9916543364524841,-1.2810132503509521,-1.659558892250061,0.4187229922214927,0.40534075884016946,0,0
-0.9939852952957153,-1.2782621383666992,-1.659693717956543,0.4091889071122797,0.42975316296083094,0,0
-0.9963186979293823,-1.275505781173706,-1.659824252128601,0.4296669730506235,0.4325872525858967,0,0
-0.998654305934906,-1.2727447748184204,-1.6599454879760742,0.43965088461790636,0.43477497239990315,0,0
-1.0009918212890625,-1.2699793577194214,-1.6600641012191772,0.42918245358245277,0.415516975322184,0,0
-1.003330945968628,-1.267209768295288,-1.660176157951355,0.41416301718662946,0.4159913441237158,0,0
-1.0056716203689575,-1.2644367218017578,-1.6602836847305298,0.40757052781357345,0.4235929201457025,0,0
-1.0080136060714722,-1.261660099029541,-1.6603832244873047,0.40829293422757784,0.4193510552857049,0,0
-1.0103565454483032,-1.258880376815796,-1.6604793071746826,0.4178610844344323,0.43599126749689826,0,0
-1.0127009153366089,-1.256097674369812,-1.6605720520019531,0.43841426591429694,0.4091755253672214,0,0
-1.0150460004806519,-1.253312349319458,-1.6606624126434326,0.40700951808196517,0.41081524956884596,0,0
-1.0173916816711426,-1.2505245208740234,-1.660748839378357,0.415176084376039,0.40379596449751665,0,0
-1.0197380781173706,-1.2477343082427979,-1.660831093788147,0.42446275460169913,0.43681333337885697,0,0
-1.0220849514007568,-1.24494206905365,-1.6609079837799072,0.4242399468211285,0.423755873152618,0,0
-1.0244324207305908,-1.2421479225158691,-1.6609807014465332,0.42894446740187475,0.4123968183877383,0,0
-1.0267802476882935,-1.2393519878387451,-1.6610482931137085,0.41278803933389163,0.4392265063909935,0,0
-1.0291285514831543,-1.2365542650222778,-1.6611167192459106,0.41246019746333407,0.42824570922638916,0,0
-1.0314770936965942,-1.2337549924850464,-1.6611816883087158,0.4141609195535349,0.42415205203267675,0,0
-1.0338257551193237,-1.2309545278549194,-1.6612409353256226,0.41532115339052883,0.42762823923527266,0,0
-1.0361744165420532,-1.2281526327133179,-1.6613001823425293,0.422940997966205,0.41312002493825206,0,0
-1.0385234355926514,-1.2253495454788208,-1.6613543033599854,0.4206879571950185,0.42615699582506933,0,0
-1.040872573852539,-1.2225455045700073,-1.6614083051681519,0.409930027503191,0.4189717721005898,0,0
-1.0432215929031372,-1.219740390777588,-1.6614582538604736,0.4279187451132536,0.42684537589379623,0,0
-1.045570731163025,-1.216934084892273,-1.661313772201538,0.39424905350322803,0.4181664029136676,0,0
-1.047918677330017,-1.2141289710998535,-1.6610612869262695,0.41954515855977725,0.4134345621522117,0,0
-1.0502634048461914,-1.2113287448883057,-1.6607484817504883,0.4361783357332991,0.42317134897528336,0,0
-1.0526026487350464,-1.2085366249084473,-1.6604055166244507,0.401554254972285,0.41323611660069887,1,1
-1.0549343824386597,-1.2057560682296753,-1.6600581407546997,0.41586638731599684,0.42236280736757403,0,0
-1.0572571754455566,-1.2029885053634644,-1.6597126722335815,0.4349413459849165,0.40673190794068753,0,0
-1.059570550918579,-1.2002352476119995,-1.6593657732009888,0.40220324574275773,0.42322081292134817,0,0
-1.0618743896484375,-1.1974961757659912,-1.6590269804000854,0.4184982023125749,0.41496621876745005,0,0
-1.0641690492630005,-1.19477117061615,-1.6587014198303223,0.4270910730971762,0.43297477364438275,0,0
-1.0664557218551636,-1.1920584440231323,-1.6583882570266724,0.4259625161943745,0.41549926314460395,0,0
-1.0687357187271118,-1.1893563270568848,-1.65809166431427,0.4202702756152883,0.4131682017773954,0,0
-1.0710101127624512,-1.1866629123687744,-1.6578073501586914,0.4324968137899271,0.4387618331068126,0,0
-1.073280692100525,-1.1839754581451416,-1.6577292680740356,0.44420253654170144,0.39854845070525663,0,0
-1.0755473375320435,-1.1812937259674072,-1.65776789188385,0.4270109905846883,0.42037129348299673,0,0
-1.0778082609176636,-1.178618311882019,-1.6578729152679443,0.4166346879800941,0.4095016629169564,0,0
-1.0800620317459106,-1.1759494543075562,-1.6580132246017456,0.42083350378887696,0.44082431686558005,0,0
-1.08230721950531,-1.173288106918335,-1.658172369003296,0.40267567891560685,0.4139114893750423,0,0
-1.0845431089401245,-1.1706339120864868,-1.6583396196365356,0.416381219979159,0.4387391487561589,0,0
-1.0867693424224854,-1.1679869890213013,-1.658508539199829,0.4147953862284003,0.43006464312043813,0,0
-1.0889861583709717,-1.165346384048462,-1.658677577972412,0.4269233400013165,0.4214900969598442,0,0
-1.0911946296691895,-1.1627107858657837,-1.6588424444198608,0.43421771299606116,0.4314152304977468,0,0
-1.0933958292007446,-1.1600792407989502,-1.659002661705017,0.41969688796158694,0.44102137553399257,0,0
-1.0955922603607178,-1.1574498414993286,-1.6591572761535645,0.4214037429742493,0.4270301965516166,0,0
-1.0977816581726074,-1.1548207998275757,-1.6593018770217896,0.42566512528038586,0.41387600601486035,0,0
-1.0999571084976196,-1.1521916389465332,-1.6594382524490356,0.43260318018242383,0.4311841062914624,0,0
-1.1021047830581665,-1.149562120437622,-1.6595559120178223,0.4221480013652888,0.43016521719096623,0,0
-1.1042052507400513,-1.1469330787658691,-1.659656047821045,0.41895058309532524,0.4275948990911925,0,0
-1.1062368154525757,-1.1443079710006714,-1.6597552299499512,0.4155945376466706,0.42255215361621457,0,0
-1.108176589012146,-1.1416906118392944,-1.6598628759384155,0.42140062181775195,0.4268678185752603,0,0
-1.1100026369094849,-1.1390854120254517,-1.6599806547164917,0.42767719793541603,0.42795160122758596,0,0
-1.1116931438446045,-1.1364946365356445,-1.660094141960144,0.4001462912472434,0.43689710890610844,0,0
-1.1132258176803589,-1.133918046951294,-1.6601828336715698,0.40295169824106347,0.4347621181904044,0,0
-1.1145795583724976,-1.131353735923767,-1.660246729850769,0.43035425665174915,0.418077340930611,0,0
-1.115736722946167,-1.1288005113601685,-1.6603050231933594,0.4285464384403025,0.4336289830846266,0,0
-1.1166847944259644,-1.1262584924697876,-1.660366177558899,0.42888203141931214,0.4481586534508003,0,0
-1.1174160242080688,-1.1237285137176514,-1.6604335308074951,0.441162155598917,0.42447842063000324,0,0
-1.1179264783859253,-1.1212124824523926,-1.6605088710784912,0.42841913568909656,0.42989602497675816,0,0
-1.118215560913086,-1.1187111139297485,-1.660598874092102,0.4196763661053484,0.4348052363762156,0,0
-1.1182862520217896,-1.116225242614746,-1.6606770753860474,0.44180410879892157,0.43921442450131687,0,0
-1.1181436777114868,-1.1137549877166748,-1.6607478857040405,0.44929064506064437,0.45079166814467453,0,0
-1.1177952289581299,-1.1113001108169556,-1.660813331604004,0.42624235627616797,0.4216107271262241,0,0
-1.1172500848770142,-1.1088600158691406,-1.6608823537826538,0.40552175081462977,0.4303185745440573,0,0
-1.1165181398391724,-1.1064338684082031,-1.6609532833099365,0.4246251592905088,0.44234741995885457,0,0
-1.1156113147735596,-1.1040215492248535,-1.6610190868377686,0.417491592511364,0.4212000272913734,0,0
-1.1145411729812622,-1.1016223430633545,-1.6610713005065918,0.4523828757875638,0.45090477039110416,0,0
-1.1133205890655518,-1.0992354154586792,-1.6611084938049316,0.44613585056979305,0.4492631922241469,0,0
-1.111961007118225,-1.096859097480774,-1.6611335277557373,0.41718386872697727,0.44507879832656394,0,0
-1.1104735136032104,-1.0944910049438477,-1.6611567735671997,0.464184651073445,0.45629864452134616,0,0
-1.1088682413101196,-1.0921286344528198,-1.6611847877502441,0.4409421834508245,0.4607179930877071,0,0
-1.107154369354248,-1.0897701978683472,-1.6612228155136108,0.45161562655165144,0.4569461489139428,0,0
-1.105340838432312,-1.0874141454696655,-1.6612659692764282,0.43949801888106405,0.4511507335828341,0,0
-1.1034367084503174,-1.0850595235824585,-1.6613070964813232,0.45378486066887896,0.4524825096119961,0,0
-1.1014503240585327,-1.082706093788147,-1.6613422632217407,0.43568495904586035,0.44584498999501415,0,0
-1.0993891954421997,-1.080353856086731,-1.661372423171997,0.43058627430429214,0.4439182710168126,0,0
-1.097260594367981,-1.0780019760131836,-1.661400318145752,0.4844565978954188,0.4910683418517714,0,0
-1.0950701236724854,-1.0756499767303467,-1.6614277362823486,0.4801482676282871,0.46784328164352273,0,0
-1.0928233861923218,-1.0732976198196411,-1.661454439163208,0.47924918303303266,0.4833909155360678,0,0
-1.0905253887176514,-1.0709444284439087,-1.6614850759506226,0.4696111741916138,0.47017496060732855,0,0
-1.088180661201477,-1.0685906410217285,-1.6615148782730103,0.4812422493235439,0.471180854009982,0,0
-1.085793137550354,-1.0662360191345215,-1.661541223526001,0.4732677369060139,0.4796859229509599,0,0
-1.083366870880127,-1.0638811588287354,-1.661566138267517,0.4713502188095042,0.4783980229428259,0,0
-1.0809054374694824,-1.061525821685791,-1.6615893840789795,0.47539450290547924,0.4694780049290066,0,0
-1.0784116983413696,-1.0591706037521362,-1.6616113185882568,0.47638280760000895,0.4614943445316593,0,0
-1.0758882761001587,-1.056815266609192,-1.6616313457489014,0.47326841655765806,0.4939261698542516,0,0
-1.0733381509780884,-1.0544599294662476,-1.6616514921188354,0.5118960605105244,0.5119376594413397,0,0
-1.070763111114502,-1.0521048307418823,-1.6616699695587158,0.5160737760871158,0.512214639813094,0,0
-1.068165898323059,-1.0497499704360962,-1.6616899967193604,0.5075677287122162,0.5010918336557793,0,0
-1.0655481815338135,-1.0473957061767578,-1.661708116531372,0.5042027244318718,0.50131704291119,0,0
-1.0629119873046875,-1.045041799545288,-1.6617249250411987,0.5034177653730917,0.5106368759928253,0,0
-1.0602587461471558,-1.0426886081695557,-1.661741852760315,0.4973518127757093,0.48449171305281086,0,0
-1.0575900077819824,-1.040335774421692,-1.661757230758667,0.5137875867877614,0.5123778517409693,0,0
-1.0549074411392212,-1.0379836559295654,-1.661771535873413,0.49708062806800546,0.5014051107873392,0,0
-1.052211880683899,-1.0356318950653076,-1.6617841720581055,0.5061541340617628,0.5154027768686144,0,0
-1.0495047569274902,-1.033280611038208,-1.6617966890335083,0.5128671380746511,0.49869723618379225,0,0
-1.046787142753601,-1.0309300422668457,-1.661807894706726,0.5262258404518564,0.5318911604599592,0,0
-1.0440598726272583,-1.028579831123352,-1.6618191003799438,0.5403600908489778,0.556706262350905,0,0
-1.0413240194320679,-1.0262298583984375,-1.661830186843872,0.5421373859939775,0.5379963998539882,0,0
-1.0385804176330566,-1.0238804817199707,-1.6618411540985107,0.5491740162620008,0.5451620814019669,0,0
-1.0358296632766724,-1.0215314626693726,-1.6618506908416748,0.5447483282642063,0.5433502034842982,0,0
-1.0330722332000732,-1.0191826820373535,-1.661860466003418,0.5383988250339363,0.5472560086084223,0,0
-1.0303090810775757,-1.0168341398239136,-1.6618688106536865,0.5404483951663207,0.5466813507157343,0,0
-1.027540683746338,-1.0144859552383423,-1.6618770360946655,0.544004868639238,0.5393016971955548,0,0
-1.0247676372528076,-1.01213800907135,-1.661885380744934,0.5425985929804662,0.5543450590611887,0,0
-1.0219902992248535,-1.0097904205322266,-1.661893606185913,0.5425721918534424,0.554867287142003,0,0
-1.0192091464996338,-1.0074427127838135,-1.661901831626892,0.5738042604303756,0.5818036052069558,0,0
-1.0164241790771484,-1.0050954818725586,-1.661910057067871,0.5698816810519098,0.5966240795679889,0,0
-1.0136362314224243,-1.0027482509613037,-1.6619155406951904,0.5673304854577512,0.5840946852887199,0,0
-1.0108453035354614,-1.000401258468628,-1.6619209051132202,0.5627304251730377,0.5793601950106955,0,0
-1.008051872253418,-0.9980543851852417,-1.661926507949829,0.5744591499246495,0.5842866605370914,0,0
-1.0052558183670044,-0.9957074522972107,-1.6619319915771484,0.5767363338270465,0.5848330737036108,0,0
-1.0024577379226685,-0.9933609962463379,-1.6619374752044678,0.5775791152392874,0.5816281342583288,0,0
-0.9996575713157654,-0.9910144209861755,-1.6619428396224976,0.5765054793394173,0.5908945888821605,0,0
-0.9968556761741638,-0.9886679649353027,-1.6619482040405273,0.5785229218437644,0.5754890873325126,0,0
-0.9940523505210876,-0.9863215684890747,-1.6619536876678467,0.5726523246636988,0.5921468872941879,0,0
-0.9912474155426025,-0.9839754104614258,-1.661959171295166,0.615492314992753,0.6312926050688302,0,0
-0.9884411096572876,-0.9816292524337769,-1.6619633436203003,0.6008189762903972,0.6186792478645188,0,0
-0.9856334924697876,-0.9792832732200623,-1.661967396736145,0.6244926642589789,0.6329399578078433,0,0
-0.982824981212616,-0.9769374132156372,-1.6619702577590942,0.5942749200974967,0.6020855453751945,0,0
-0.9800153374671936,-0.9745915532112122,-1.6619728803634644,0.635643785101684,0.6125432119035329,0,0
-0.9772047996520996,-0.9722456932067871,-1.6619755029678345,0.5988065055664646,0.6242456865333931,0,0
-0.9743935465812683,-0.9698998928070068,-1.6619783639907837,0.6125364257588758,0.5938678626306015,0,0
-0.9715814590454102,-0.9675541520118713,-1.6619809865951538,0.6077523734908832,0.6124099183225766,0,0
-0.968768835067749,-0.9652085304260254,-1.661983609199524,0.6220085639764203,0.613595557901339,0,0
-0.9659556746482849,-0.962863028049469,-1.6619864702224731,0.6141371502810056,0.6041608776660867,0,0
-0.963141679763794,-0.9605175256729126,-1.6619892120361328,0.657448797891867,0.6582472948962151,0,0
-0.9603273868560791,-0.9581720232963562,-1.661992073059082,0.6442028911490243,0.6647813357982424,0,0
-0.9575126767158508,-0.9558265209197998,-1.6619946956634521,0.6449858088968613,0.6485632573063266,0,0
-0.9546975493431091,-0.953481137752533,-1.6619973182678223,0.6468978550836046,0.6414934702125964,0,0
-0.9518820643424988,-0.9511358141899109,-1.6619973182678223,0.6518172395181712,0.6419467295180378,0,0
-0.949066162109375,-0.9487904906272888,-1.6619987487792969,0.6334575235686795,0.6581184944913636,0,0
-0.9462500214576721,-0.9464452862739563,-1.6619999408721924,0.657451194758405,0.6435599184152266,0,0
-0.9434337019920349,-0.944100022315979,-1.662001371383667,0.6518475418332127,0.6345841129651284,0,0
-0.9406171441078186,-0.9417548775672913,-1.6620025634765625,0.6678986280835247,0.6440225050713896,0,0
-0.9378002285957336,-0.9394096732139587,-1.662003993988037,0.6607297581702445,0.6624106521767726,0,0
-0.9349831342697144,-0.9370644688606262,-1.6620054244995117,0.6864626233596814,0.6713978360741459,0,0
-0.9321658611297607,-0.9347193241119385,-1.6620068550109863,0.6756249513433408,0.69563668872731,0,0
-0.9293485283851624,-0.9323741793632507,-1.6620080471038818,0.6772588111922491,0.691282129431942,0,0
-0.9265309572219849,-0.930029034614563,-1.6620094776153564,0.6847799257512848,0.6879194473404326,0,0
-0.9237132668495178,-0.92768394947052,-1.6620123386383057,0.6927098896166963,0.699490700455785,0,0
-0.9208954572677612,-0.9253389239311218,-1.6620123386383057,0.6903927026928757,0.6949901241111563,0,0
-0.9180775880813599,-0.9229939579963684,-1.6620123386383057,0.6778144619091875,0.6718486218772545,0,0
-0.9152597188949585,-0.9206489324569702,-1.6620123386383057,0.6913316077693825,0.6798838959523348,0,0
-0.9124416708946228,-0.918303906917572,-1.6620123386383057,0.7028648350589756,0.6843399774584211,0,0
-0.9096235036849976,-0.9159588813781738,-1.6620123386383057,0.6892120598829182,0.7047034298050392,0,0
-0.9068052768707275,-0.9136139154434204,-1.6620123386383057,0.7186578194565358,0.7373219704354811,0,0
-0.903986930847168,-0.9112688899040222,-1.6620123386383057,0.720173430161793,0.7265865033678423,0,0
-0.9011685848236084,-0.9089239239692688,-1.6620123386383057,0.7079154023598232,0.728737471899906,0,0
-0.8983501195907593,-0.9065789580345154,-1.6620123386383057,0.7160475933185634,0.7347478219434802,0,0
-0.8955315947532654,-0.9042342305183411,-1.6620123386383057,0.7110908373783994,0.7218362714514155,0,0
-0.8927130699157715,-0.901889443397522,-1.6620123386383057,0.7163376171450669,0.7311720432843037,0,0
-0.8898943662643433,-0.8995445370674133,-1.6620123386383057,0.7230968552952957,0.7075066376263164,0,0
-0.8870754837989807,-0.8971996307373047,-1.6620123386383057,0.7431645377832004,0.7311442553436138,0,0
-0.8842565417289734,-0.894854724407196,-1.6620123386383057,0.7324117892746829,0.7344709901141702,0,0
-0.8814375996589661,-0.8925100564956665,-1.6620123386383057,0.7223752390736957,0.711641211452504,0,0
-0.878618597984314,-0.8901653289794922,-1.6620123386383057,0.7630132355230226,0.7625322170578527,0,0
-0.8757994174957275,-0.8878206014633179,-1.6620123386383057,0.747171945626235,0.7593360921555912,0,0
-0.8729802370071411,-0.8854758143424988,-1.6620123386383057,0.7552149137854572,0.7633773392667029,0,0
-0.8701609969139099,-0.8831309676170349,-1.6620123386383057,0.7564555568899195,0.7554754903709603,0,0
-0.8673415780067444,-0.8807861804962158,-1.6620123386383057,0.7536537924670521,0.7631500682792915,0,0
-0.8645223379135132,-0.8784414529800415,-1.6620123386383057,0.7621997069533895,0.7676714008367103,0,0
-0.8617028594017029,-0.8760966658592224,-1.6620123386383057,0.7463051473095363,0.7686781153464051,0,0
-0.8588833808898926,-0.8737519383430481,-1.6620123386383057,0.7513618953912137,0.7697776258394005,0,0
-0.8560637831687927,-0.8714072108268738,-1.6620123386383057,0.7589476480677175,0.7449746451998303,0,0
-0.8532443046569824,-0.8690624833106995,-1.6620123386383057,0.753273875580261,0.755194403482343,0,0
-0.8504248261451721,-0.8667176961898804,-1.6620123386383057,0.801981166376761,0.4769716491875874,0,0
-0.8476053476333618,-0.8643730282783508,-1.6620123386383057,0.8026846404815503,0.49373313289198867,0,0
-0.8447858095169067,-0.8620283603668213,-1.6620123386383057,0.8057222805562417,0.5079117837966314,0,0
-0.8419661521911621,-0.859683632850647,-1.6620123386383057,0.8151091696245235,0.506197106325793,0,0
-0.8391464948654175,-0.8573390245437622,-1.6620123386383057,0.8095552351701505,0.4864603534128771,0,0
-0.8363267183303833,-0.8549944162368774,-1.6620123386383057,0.7976541250694701,0.48450499542341474,0,0
-0.8335068821907043,-0.8526499271392822,-1.6620123386383057,0.7796919083932454,0.49610066325615765,0,0
-0.8306871652603149,-0.8503054976463318,-1.6620123386383057,0.7822134152320789,0.5012217046908335,0,0
-0.8278672099113464,-0.8479610085487366,-1.6620123386383057,0.7930249151454971,0.4987184789734533,0,0
-0.8250473737716675,-0.8456165194511414,-1.6620123386383057,0.7897515380106356,0.501776025221333,0,0
-0.822227418422699,-0.8432719111442566,-1.6620123386383057,0.5083818613071571,0.5006169344698211,0,0
-0.8194075226783752,-0.8409273624420166,-1.6620123386383057,0.5034118626911998,0.5183556047894273,0,0
-0.8165875673294067,-0.8385826945304871,-1.6620123386383057,0.5081857380715339,0.4970489032584671,0,0
-0.8137676119804382,-0.8362379670143127,-1.6620123386383057,0.5090858211239145,0.49607052463105406,0,0
-0.8109476566314697,-0.8338934183120728,-1.6620123386383057,0.5230685635948829,0.5171281851868365,0,0
-0.8081275224685669,-0.8315489292144775,-1.6620123386383057,0.5117380774348533,0.5080183577542311,0,0
-0.8053074479103088,-0.8292043805122375,-1.6620123386383057,0.5075957530559906,0.48883706256263576,0,0
-0.8024874925613403,-0.8268598914146423,-1.6620123386383057,0.4889919708855461,0.514009785296158,0,0
-0.799667239189148,-0.8245153427124023,-1.6620123386383057,0.504167644269878,0.5119157540035397,0,0
-0.7968471646308899,-0.8221708536148071,-1.6620123386383057,0.49927050037827814,0.5109023603853995,0,0
-0.7940269708633423,-0.8198263645172119,-1.6620123386383057,0.5159872373601204,0.49813238196684756,0,0
-0.7912067770957947,-0.8174818754196167,-1.6620123386383057,0.48967266364164885,0.4941845589964094,0,0
-0.7883865833282471,-0.8151373863220215,-1.6620123386383057,0.5057195345026868,0.5052155149291868,0,0
-0.7855664491653442,-0.8127928972244263,-1.6620123386383057,0.51847258633682,0.5023083558540172,0,0
-0.7827462553977966,-0.810448408126831,-1.6620123386383057,0.5028421764547524,0.5174896992447094,0,0
-0.7799261808395386,-0.8081039190292358,-1.6620123386383057,0.48629734711309003,0.50318811766133,0,0
-0.777105987071991,-0.8057594895362854,-1.6620123386383057,0.5086834699589912,0.5019504709602922,0,0
-0.7742859125137329,-0.8034150004386902,-1.6620123386383057,0.48946446955589634,0.5085764082207294,0,0
-0.7714658975601196,-0.801070511341095,-1.6620123386383057,0.5196332288271837,0.5070826612952669,0,0
-0.7686457633972168,-0.7987261414527893,-1.6620123386383057,0.5037121367370223,0.4976124654241429,0,0
-0.7658257484436035,-0.7963816523551941,-1.6620123386383057,0.49485418061043146,0.4949820364708169,0,0
-0.7630057334899902,-0.7940371632575989,-1.6620123386383057,0.5102811741103082,0.4953723975535498,0,0
-0.7601856589317322,-0.7916927933692932,-1.6620123386383057,0.5019726638832473,0.5015224583430868,0,0
-0.7573657035827637,-0.789348304271698,-1.6620123386383057,0.4899008047475792,0.48558947524671026,0,0
-0.7545456886291504,-0.7870038151741028,-1.6620123386383057,0.4848890721988484,0.5069162216817287,0,0
-0.7517256736755371,-0.7846594452857971,-1.6620123386383057,0.48619230614808695,0.5080351491302588,0,0
-0.7489058375358582,-0.7823149561882019,-1.6620123386383057,0.5069972982201013,0.509188416011584,0,0
-0.7460857629776001,-0.7799704670906067,-1.6620123386383057,0.4936646836062961,0.4992960007749964,0,0
-0.7432659268379211,-0.777626097202301,-1.6620123386383057,0.5044069892192131,0.5323557638826225,0,0
-0.7404460906982422,-0.7752816081047058,-1.6620123386383057,0.4803495911356991,0.49569618879950433,0,0
-0.7376261353492737,-0.7729371190071106,-1.6620123386383057,0.4889789276113422,0.4825076843364733,0,0
-0.7348062992095947,-0.7705927491188049,-1.6620123386383057,0.4987196768119445,0.49865447849209277,0,0
-0.7319863438606262,-0.7682482600212097,-1.6620123386383057,0.5157790496040772,0.512144752237249,0,0
-0.7291666269302368,-0.7659037709236145,-1.6620123386383057,0.49980286080513,0.5081924476143073,0,0
-0.7263467907905579,-0.7635594010353088,-1.6620123386383057,0.5077131620480355,0.5013933876967618,0,0
-0.7235270142555237,-0.7612149119377136,-1.6620123386383057,0.5060798368873719,0.49395427006106996,0,0
-0.7207071185112,-0.7588704228401184,-1.6620123386383057,0.4943742845374007,0.5178061487253494,0,0
-0.7178873419761658,-0.7565260529518127,-1.6620123386383057,0.5069913009747798,0.49819669952824625,0,0
-0.715067446231842,-0.7541815638542175,-1.6620123386383057,0.5051482262527793,0.5014079213767763,0,0
-0.7122476696968079,-0.7518370747566223,-1.6620123386383057,0.4931786198060487,0.5039105339122122,0,0
-0.7094278335571289,-0.7494927048683167,-1.6620123386383057,0.5003920111568827,0.4888984571522516,0,0
-0.7066081762313843,-0.7471482157707214,-1.6620123386383057,0.49956645723206033,0.4979327832196351,0,0
-0.7037884593009949,-0.7448037266731262,-1.6620123386383057,0.4936161293917041,0.5066685060624545,0,0
-0.7009687423706055,-0.7424593567848206,-1.6620123386383057,0.4960836982720621,0.505556439333308,0,0
-0.6981489062309265,-0.7401148676872253,-1.6620123386383057,0.48951526211643787,0.5115071059916991,0,0
-0.6953292489051819,-0.7377703785896301,-1.6620123386383057,0.49621192887912746,0.4981583572948742,0,0
-0.6925095319747925,-0.7354260087013245,-1.6620123386383057,0.5096587937205699,0.48844196610593077,0,0
-0.6896899938583374,-0.7330815196037292,-1.6620123386383057,0.5104275259275902,0.4886979808746777,0,0
-0.686870276927948,-0.730737030506134,-1.6620123386383057,0.505593089030468,0.4954085353745108,0,0
-0.6840507984161377,-0.7283926010131836,-1.6620123386383057,0.49506124760171094,0.49871620402742106,0,0
-0.6812312006950378,-0.7260481119155884,-1.6620123386383057,0.49453236377919774,0.5034115928938603,0,0
-0.6784116625785828,-0.7237036228179932,-1.6620123386383057,0.5088966240503322,0.5005657215363909,0,0
-0.6755919456481934,-0.7213590741157532,-1.6620123386383057,0.504951599002657,0.5096074488232365,0,0
-0.6727724075317383,-0.719014585018158,-1.6620123386383057,0.5087259542955781,0.5095405954511384,0,0
-0.6699528098106384,-0.7166701555252075,-1.6620123386383057,0.507774468072189,0.5040132797678684,0,0
-0.6671333909034729,-0.7143256664276123,-1.6620123386383057,0.492363252647165,0.5003897527465667,0,0
-0.664313793182373,-0.7119811773300171,-1.6620123386383057,0.5164281013200368,0.4992294781863314,0,0
-0.661494255065918,-0.7096367478370667,-1.6620123386383057,0.5049186673400977,0.49056784739770587,0,0
-0.6586747169494629,-0.7072923183441162,-1.6620123386383057,0.5164252975677188,0.49140636495324713,0,0
-0.6558552384376526,-0.7049478888511658,-1.6620123386383057,0.4954647348463037,0.5000684568166465,0,0
-0.6530357599258423,-0.7026034593582153,-1.6620123386383057,0.4973595368670616,0.5088021199707504,0,0
-0.6502162218093872,-0.7002590298652649,-1.6620123386383057,0.5019115032442566,0.5121043745459457,0,0
-0.6473968029022217,-0.6979146003723145,-1.6620123386383057,0.4964493668609242,0.5051730754633733,0,0
-0.6445773839950562,-0.695570170879364,-1.6620123386383057,0.5078373158435312,0.5043855406901439,0,0
-0.6417580842971802,-0.6932257413864136,-1.6620123386383057,0.5094545838107185,0.4858984590422717,0,0
-0.6389386057853699,-0.6908813118934631,-1.6620123386383057,0.5027911623218715,0.5082975959038002,0,0
-0.6361191868782043,-0.6885368824005127,-1.6620123386383057,0.48249739941660985,0.5115184223394035,0,0
-0.6332997679710388,-0.6861924529075623,-1.6620123386383057,0.5080164812647091,0.49631143760856955,0,0
-0.6304804086685181,-0.6838480234146118,-1.6620123386383057,0.5179916226379052,0.5030530567123995,0,0
-0.6276610493659973,-0.6815035939216614,-1.6620123386383057,0.4971100967381142,0.5065207068241337,0,0
-0.6248416900634766,-0.6791591644287109,-1.6620123386383057,0.49438087638629385,0.4918202013652175,0,0
-0.6220224499702454,-0.6768147349357605,-1.6620123386383057,0.4973262096407432,0.514292043457924,0,0
-0.6192030906677246,-0.6744703054428101,-1.6620123386383057,0.5149254953088536,0.4892709340975219,0,0
-0.6163838505744934,-0.6721258759498596,-1.6620123386383057,0.5142230897250418,0.47412604422395016,0,0
-0.6135646104812622,-0.669781506061554,-1.6620123386383057,0.5002892812757932,0.4741104945146146,0,0
-0.6107451915740967,-0.6674370765686035,-1.6620123386383057,0.4902331492525936,0.5017517060888196,0,0
-0.6079260110855103,-0.6650926470756531,-1.6620123386383057,0.49574543471196836,0.49192820789526315,0,0
-0.6051067113876343,-0.6627482175827026,-1.6620123386383057,0.4863133906866368,0.49362572972453844,0,0
-0.6022874712944031,-0.660403847694397,-1.6620123386383057,0.5165510921150261,0.5026898007950985,0,0
-0.5994682908058167,-0.6580594182014465,-1.6620123386383057,0.49270272598840276,0.5016312666730741,0,0
-0.5966489315032959,-0.6557149887084961,-1.6620123386383057,0.4947224902506846,0.48416522079578533,0,0
-0.5938298106193542,-0.6533705592155457,-1.6620123386383057,0.48562733141159936,0.5023175953106955,0,0
-0.5910106301307678,-0.6510261297225952,-1.6620123386383057,0.5208787052197059,0.48887361747365865,0,0
-0.5881913900375366,-0.6486817598342896,-1.6620123386383057,0.5135673408875734,0.5034206812957019,0,0
-0.585372269153595,-0.6463373303413391,-1.6620123386383057,0.5010442252798794,0.5083925352009464,0,0
-0.5825530290603638,-0.6439929008483887,-1.6620123386383057,0.49966746552155095,0.503671046238182,0,0
-0.5797339081764221,-0.6416484713554382,-1.6620123386383057,0.5053865821708063,0.5107448110632229,0,0
-0.5769148468971252,-0.6393040418624878,-1.6620123386383057,0.505423033642544,0.4983948103876003,0,0
-0.574095606803894,-0.6369595527648926,-1.6620123386383057,0.5159026179594554,0.5064271838184207,0,0
-0.5712764859199524,-0.6346151232719421,-1.6620123386383057,0.49284767813276725,0.5165258924503086,0,0
-0.5684574246406555,-0.6322706937789917,-1.6620123386383057,0.515557377313336,0.5024670585098987,0,0
-0.5656383037567139,-0.6299262046813965,-1.6620123386383057,0.5077452988261253,0.49240102506825384,0,0
-0.562819242477417,-0.627581775188446,-1.6620123386383057,0.5043985534193038,0.49556357096049186,0,0
-0.5600001811981201,-0.6252373456954956,-1.6620123386383057,0.4908153379923505,0.49270949684716037,0,0
-0.5571811199188232,-0.6228929162025452,-1.6620123386383057,0.4909873772106763,0.5124823160391871,0,0
-0.5543620586395264,-0.62054842710495,-1.6620123386383057,0.5135889745019382,0.5175111429197284,0,0
-0.551543116569519,-0.6182039976119995,-1.6620123386383057,0.49656352722333297,0.514324762526974,0,0
-0.5487240552902222,-0.6158595681190491,-1.6620123386383057,0.5006635632147923,0.492663134933294,0,0
-0.5459050536155701,-0.6135150790214539,-1.6620123386383057,0.4959408882661668,0.502097067979545,0,0
-0.5430861115455627,-0.6111706495285034,-1.6620123386383057,0.5047610907636749,0.4932171208434932,0,0
-0.5402670502662659,-0.608826220035553,-1.6620123386383057,0.502831033530167,0.5119344176285648,0,0
-0.537447988986969,-0.6064817309379578,-1.6620123386383057,0.5034703578232885,0.495114821826028,0,0
-0.5346291661262512,-0.6041373014450073,-1.6620123386383057,0.4982292855517794,0.49468168482471364,0,0
-0.5318102240562439,-0.6017928719520569,-1.6620123386383057,0.5000566622309004,0.5001434918717579,0,0
-0.5289912223815918,-0.5994483828544617,-1.6620123386383057,0.5128025620007155,0.4965750480073081,0,0
-0.5261723399162292,-0.5971039533615112,-1.6620123386383057,0.4900990691827664,0.5172904713189074,0,0
-0.5233534574508667,-0.5947595238685608,-1.6620123386383057,0.5134121414291577,0.5029195629946547,0,0
-0.5205344557762146,-0.5924150347709656,-1.6620123386383057,0.5053174879157143,0.5119468607709253,0,0
-0.5177156329154968,-0.5900706052780151,-1.6620123386383057,0.48479972733136595,0.48595401542436545,0,0
-0.5148968696594238,-0.5877261757850647,-1.6620123386383057,0.5127210098362768,0.5218504599232664,0,0
-0.5120779871940613,-0.5853816866874695,-1.6620123386383057,0.4886303397538523,0.4958962101014315,0,0
-0.5092591047286987,-0.583037257194519,-1.6620123386383057,0.4984029325094848,0.49667121403671816,0,0
-0.506440281867981,-0.5806928277015686,-1.6620123386383057,0.49292804648030636,0.5196069542615217,0,0
-0.503621518611908,-0.5783483386039734,-1.6620123386383057,0.4915630370825752,0.5108264981682096,0,0
-0.5008026957511902,-0.576003909111023,-1.6620123386383057,0.5035210050796406,0.48956518689185713,0,0
-0.49798384308815,-0.5736594796180725,-1.6620123386383057,0.5218658787663666,0.47683292918374803,0,0
-0.4951649606227875,-0.5713149905204773,-1.6620123386383057,0.4974862906648039,0.5122104691871171,0,0
-0.4923461675643921,-0.5689705610275269,-1.6620123386383057,0.5181033715119977,0.4890599239446302,-1,-1
-0.48952731490135193,-0.5666259527206421,-1.6624585390090942,0.4983485327576976,0.5034882780188638,0,0
-0.4867088496685028,-0.5642833113670349,-1.6633213758468628,0.4948204156604742,0.48238962161422516,0,0
-0.48389291763305664,-0.5619479417800903,-1.6645665168762207,0.4800386274744728,0.5105566220178027,0,0
-0.4810841381549835,-0.5596286654472351,-1.6661654710769653,0.49812079097543127,0.49320407155517426,0,0
-0.4782901406288147,-0.5573360323905945,-1.6681007146835327,0.49663158240252037,0.485721106126002,0,0
-0.4755215346813202,-0.5550838112831116,-1.670401930809021,0.4998822684146649,0.49210528131379944,0,0
-0.4727894067764282,-0.552888035774231,-1.6730074882507324,0.48371677085406983,0.49952828414037137,0,0
-0.47010502219200134,-0.5507634878158569,-1.6758590936660767,0.5053167953486519,0.5074248434417319,0,0
-0.46748247742652893,-0.5487241148948669,-1.6790764331817627,0.5105700460750869,0.5084422351031008,0,0
-0.46493569016456604,-0.5467852354049683,-1.6826766729354858,0.5044075887237439,0.49594992788714154,0,0
-0.46247586607933044,-0.5449599623680115,-1.6865297555923462,0.4943391960684011,0.508296902909709,0,0
-0.46011286973953247,-0.543258011341095,-1.6906085014343262,0.5038522665447888,0.4934585258209016,0,0
-0.4578562378883362,-0.5416858792304993,-1.694970965385437,0.5248212199427567,0.5097388091821742,0,0
-0.4557139277458191,-0.5402467846870422,-1.699573278427124,0.4998620195987974,0.5071357469617592,0,0
-0.45369186997413635,-0.5389412045478821,-1.704385757446289,0.5072796302459458,0.5001558484986741,0,0
-0.4517946243286133,-0.5377665758132935,-1.7093703746795654,0.49677359048501607,0.5023157575444299,0,0
-0.4500238597393036,-0.5367182493209839,-1.7145099639892578,0.5026711633755189,0.5074492681210937,0,0
-0.44838032126426697,-0.5357886552810669,-1.7197866439819336,0.5039133678422656,0.5125990363389884,0,0
-0.44686320424079895,-0.5349693894386292,-1.7252031564712524,0.5003968861397765,0.48284561419128136,0,0
-0.4454703629016876,-0.5342510342597961,-1.7307789325714111,0.5122211565602561,0.4971043967442098,0,0
-0.4441972076892853,-0.5336238145828247,-1.7364329099655151,0.49101705984160493,0.5138248469600021,0,0
-0.4430377185344696,-0.5330764055252075,-1.7420923709869385,0.5048600536403539,0.4869705424077913,0,0
-0.4419856369495392,-0.5325977802276611,-1.7477834224700928,0.49921541416903953,0.5085028373402297,0,0
-0.4410352110862732,-0.5321772694587708,-1.753577709197998,0.491252467315234,0.5012896338056254,0,0
-0.4401801824569702,-0.5318070650100708,-1.759485125541687,0.5093077815068238,0.49643178268250554,0,0
-0.4394127428531647,-0.5314803719520569,-1.7654411792755127,0.4982317711686997,0.5083847788827107,0,0
-0.438724547624588,-0.5311914086341858,-1.7714052200317383,0.5053819772455297,0.4911924294765594,0,0
-0.43810784816741943,-0.5309348106384277,-1.777397632598877,0.4947549602566524,0.4968686217208795,0,0
-0.43755635619163513,-0.5307052731513977,-1.7834417819976807,0.4947314283703264,0.4793565235348126,0,0
-0.43706512451171875,-0.5304986834526062,-1.7895256280899048,0.5150328329561149,0.5009584979274931,0,0
-0.43662968277931213,-0.5303114652633667,-1.79562509059906,0.5014582503586202,0.5061136921955878,0,0
-0.4362456202507019,-0.5301408767700195,-1.8017278909683228,0.48289428941922274,0.5077077694668152,0,0
-0.4359080195426941,-0.5299844741821289,-1.8078136444091797,0.49409581230405697,0.4985517016350674,0,0
-0.4356117248535156,-0.5298396944999695,-1.8138774633407593,0.5092723989839618,0.49161377551143787,0,0
-0.43535199761390686,-0.5297043919563293,-1.8199197053909302,0.5037120414417686,0.4895261636040757,0,0
-0.4351242780685425,-0.5295767784118652,-1.8259422779083252,0.5088629567181894,0.49748353124817696,0,0
-0.43492504954338074,-0.5294554233551025,-1.8319437503814697,0.48701764702335704,0.5179910963696699,0,0
-0.4347511827945709,-0.5293399095535278,-1.8379158973693848,0.49792683820918887,0.4965729636423038,0,0
-0.4345998764038086,-0.529229998588562,-1.84385085105896,0.49545518373829395,0.5041654837194663,0,0
-0.4344683587551117,-0.5291255712509155,-1.8497408628463745,0.5046746777851177,0.4891352990948802,0,0
-0.43435436487197876,-0.5290266275405884,-1.855580449104309,0.4837930699302813,0.48479701440181705,0,0
-0.43425533175468445,-0.5289327502250671,-1.8613698482513428,0.4974350238214036,0.5042722240732677,0,0
-0.43416914343833923,-0.5288436412811279,-1.8670991659164429,0.494713122795607,0.4959996432382691,0,0
-0.43409407138824463,-0.5287590026855469,-1.8727693557739258,0.49323431027296916,0.485021231800638,0,0
-0.43402865529060364,-0.5286785960197449,-1.8783776760101318,0.5138511026289655,0.5048068253803354,0,0
-0.4339717924594879,-0.5286023616790771,-1.883915901184082,0.5018771569577304,0.5004605367674246,0,0
-0.43392235040664673,-0.5285303592681885,-1.889383316040039,0.5291695875440395,0.4987461678200179,0,0
-0.4338796138763428,-0.5284624695777893,-1.8947792053222656,0.5183593354818032,0.5128632119000556,0,0
-0.4338425397872925,-0.5283987522125244,-1.9000974893569946,0.48836594824119256,0.4934852669135198,0,0
-0.4338105618953705,-0.5283390879631042,-1.9053385257720947,0.49131732078851714,0.49332749040993434,0,0
-0.43378281593322754,-0.528283417224884,-1.9104959964752197,0.49471640999296146,0.5020735032188882,0,0
-0.4337587058544159,-0.528231680393219,-1.915570616722107,0.5000247129725409,0.5088562063008815,0,0
-0.4337376654148102,-0.5281835198402405,-1.920555830001831,0.48602397669154107,0.48910699836133487,0,0
-0.43371930718421936,-0.5281388163566589,-1.9254570007324219,0.4973235681126675,0.5068911017659428,0,0
-0.43370330333709717,-0.5280971527099609,-1.9302630424499512,0.5119882056904318,0.4994142277638545,0,0
-0.4336894452571869,-0.5280585885047913,-1.9349793195724487,0.5026103256809041,0.5131334583442865,0,0
-0.4336773753166199,-0.5280227661132812,-1.9396060705184937,0.4888019252174806,0.511454276317166,0,0
-0.43366706371307373,-0.5279895663261414,-1.9441368579864502,0.5015998270629874,0.5086393349923373,0,0
-0.4336581528186798,-0.527958869934082,-1.948571801185608,0.5116751845301906,0.48495090076825503,0,0
-0.4336506426334381,-0.527930498123169,-1.9529107809066772,0.5013052459621838,0.48483696694251405,0,0
-0.43364429473876953,-0.5279044508934021,-1.9571536779403687,0.49282683337075067,0.5031636127820399,0,0
-0.4336389899253845,-0.5278804302215576,-1.9613010883331299,0.5099793380939409,0.48902599754703835,0,0
-0.433634489774704,-0.5278583765029907,-1.9653525352478027,0.49929861944339765,0.48334300529963525,0,0
-0.43363070487976074,-0.5278381109237671,-1.9693021774291992,0.4877835755898698,0.4928806550115721,0,0
-0.4336274564266205,-0.5278194546699524,-1.9731559753417969,0.5125410983994825,0.4904164458296711,0,0
-0.43362483382225037,-0.5278024673461914,-1.976907730102539,0.5046040991749778,0.5050614134389065,0,0
-0.4336225390434265,-0.5277868509292603,-1.980563759803772,0.4754631640786182,0.505590128099117,0,0
-0.433620810508728,-0.5277723670005798,-1.984117865562439,0.5062029686011615,0.5097287471659967,0,0
-0.4336194097995758,-0.5277592539787292,-1.9875763654708862,0.5260859003881848,0.5050770994160082,0,0
-0.4336182773113251,-0.5277471542358398,-1.9909389019012451,0.5126015047674988,0.5215475627189484,0,0
-0.4336174428462982,-0.5277360677719116,-1.9941993951797485,0.5256183042107114,0.4904946332650781,0,0
-0.4336168169975281,-0.5277259945869446,-1.9973639249801636,0.5223358918886207,0.47252785483522214,0,0
-0.4336164891719818,-0.5277167558670044,-2.000432014465332,0.5022360837139448,0.5039975177981669,0,0
-0.43361619114875793,-0.5277083516120911,-2.0034050941467285,0.5060574297561105,0.4953221621545435,0,0
-0.43361610174179077,-0.527700662612915,-2.006282091140747,0.504979133104481,0.49364553127694755,0,0
-0.4336160719394684,-0.5276936292648315,-2.0090692043304443,0.5047628381941854,0.5125777440161771,0,0
-0.43361613154411316,-0.5276872515678406,-2.011760711669922,0.49928729938970656,0.4982040908648297,0,0
-0.43361589312553406,-0.5276813507080078,-2.014348030090332,0.4976611725318964,0.4807103438382159,0,0
-0.43361780047416687,-0.5276767611503601,-2.016831159591675,0.5028629163266295,0.5088310967898333,0,0
-0.4336282014846802,-0.527675449848175,-2.019204616546631,0.5012990465392679,0.5026986658053543,0,0
-0.43365737795829773,-0.5276806950569153,-2.021468162536621,0.5150117192287971,0.5055251658738856,0,0
-0.43371859192848206,-0.5276975035667419,-2.0236148834228516,0.4996243702499166,0.4958609688954172,0,0
-0.43382829427719116,-0.5277318358421326,-2.0256218910217285,0.5014680964027511,0.5058189433711571,0,0
-0.43400463461875916,-0.5277893543243408,-2.027499198913574,0.5118864408565996,0.4891593448173966,0,0
-0.4342661499977112,-0.5278736352920532,-2.0293025970458984,0.49272102238854315,0.4720664612562446,0,0
-0.43463003635406494,-0.5279865860939026,-2.031062602996826,0.5126179530599321,0.5119169192049108,0,0
-0.43511101603507996,-0.528130292892456,-2.032773971557617,0.5036577704650306,0.49150883504723564,0,0
-0.43572187423706055,-0.5283075571060181,-2.0343918800354004,0.5156060809692536,0.4974698006462771,0,0
-0.43647336959838867,-0.528522253036499,-2.035900115966797,0.5025870134111078,0.5072672547190595,0,0
-0.4373735189437866,-0.5287777185440063,-2.037328004837036,0.503700863893225,0.5142684453657227,0,0
-0.43842777609825134,-0.5290765762329102,-2.038705825805664,0.4902718799856864,0.5136141343830541,0,0
-0.43963849544525146,-0.5294209122657776,-2.0400302410125732,0.5039901293112302,0.5079268137734985,0,0
-0.44100600481033325,-0.5298119187355042,-2.0413060188293457,0.4844887906433758,0.5046354093464457,0,0
-0.4425280690193176,-0.5302504301071167,-2.042538642883301,0.5155870122357551,0.5090889689455876,0,0
-0.444200724363327,-0.5307361483573914,-2.04372239112854,0.5049649983159609,0.49060587505136105,0,0
-0.44601839780807495,-0.5312685966491699,-2.044868230819702,0.5111026149824042,0.506886274692203,0,0
-0.4479750692844391,-0.531846284866333,-2.045992612838745,0.4876651663186046,0.5045332879483799,0,0
-0.4500639736652374,-0.5324673056602478,-2.047088861465454,0.4991837055664472,0.49903301233911,0,0
-0.45227736234664917,-0.5331293940544128,-2.0481338500976562,0.48887318526733636,0.506394115273558,0,0
-0.45460665225982666,-0.5338307023048401,-2.0491065979003906,0.5058915443636969,0.5086219424468506,0,0
-0.45704230666160583,-0.5345698595046997,-2.0499930381774902,0.5085703669832761,0.5053980871607033,0,0
-0.45957452058792114,-0.5353463292121887,-2.0508105754852295,0.5000666319522855,0.5074515928710996,0,0
-0.4621941149234772,-0.5361586213111877,-2.0515940189361572,0.4798862654901691,0.5033232757762989,0,0
-0.4648929238319397,-0.5370042324066162,-2.0523552894592285,0.4967485071246857,0.50700454622636,0,0
-0.46766358613967896,-0.5378791093826294,-2.053065299987793,0.5082336030611444,0.5010878623816222,0,0
-0.4704994857311249,-0.5387786030769348,-2.0537195205688477,0.5090736971335472,0.5109917230715733,0,0
-0.47339490056037903,-0.5396987199783325,-2.054356575012207,0.5032327215353252,0.5249393440962862,0,0
-0.47634488344192505,-0.5406365990638733,-2.0549981594085693,0.49424659377164554,0.4889614938035771,0,0
-0.47934508323669434,-0.5415900349617004,-2.0556371212005615,0.5077176691720082,0.491223964148082,0,0
-0.4823913276195526,-0.5425578355789185,-2.0562543869018555,0.5154543364804961,0.5025125844221761,0,0
-0.4854797124862671,-0.5435388684272766,-2.0568394660949707,0.5090082578962248,0.49662997659619684,0,0
-0.48860663175582886,-0.5445317029953003,-2.0573861598968506,0.4955447921492335,0.5192614357108474,0,0
-0.49176838994026184,-0.5455346703529358,-2.0578927993774414,0.5158689157386729,0.4904436829671064,0,0
-0.49496179819107056,-0.5465461611747742,-2.0583691596984863,0.5041664603812169,0.49588410497860447,0,0
-0.4981839060783386,-0.5475646257400513,-2.0588278770446777,0.5053567026895633,0.5093425428594794,0,0
-0.5014321208000183,-0.5485891699790955,-2.059276580810547,0.5022420434414863,0.4825336651281456,0,0
-0.504704475402832,-0.549619197845459,-2.0597124099731445,0.4995596270261971,0.4994084046669721,0,0
-0.5079987645149231,-0.5506541728973389,-2.060133218765259,0.49837535400545824,0.498861011129008,0,0
-0.5113134384155273,-0.5516937971115112,-2.0605311393737793,0.4990886334091707,0.5004992227240904,0,0
-0.5146467089653015,-0.5527375936508179,-2.060908794403076,0.5041043047367646,0.5005451063718575,0,0
-0.517996609210968,-0.553784966468811,-2.0612621307373047,0.49752216905130003,0.4948402734935278,0,0
-0.5213616490364075,-0.5548354387283325,-2.0615973472595215,0.48530833684956176,0.5098352925053752,0,0
-0.5247402191162109,-0.5558884739875793,-2.0619187355041504,0.4899891593429267,0.4992614974536081,0,0
-0.5281311273574829,-0.5569437146186829,-2.062228202819824,0.48527936033073094,0.5100405401081185,0,0
-0.5315332412719727,-0.558000922203064,-2.062525987625122,0.49919277030677794,0.49723738916300003,0,0
-0.5349457263946533,-0.5590597987174988,-2.062812328338623,0.5123716386226856,0.48911482985417704,0,0
-0.5383676886558533,-0.560120165348053,-2.0630836486816406,0.5158724820296435,0.5158548644567542,0,0
-0.5417982935905457,-0.5611818432807922,-2.0633432865142822,0.5000388426341787,0.49964037437172243,0,0
-0.5452365875244141,-0.5622445344924927,-2.063589572906494,0.4877363593679336,0.5011062636669872,0,0
-0.5486818552017212,-0.5633079409599304,-2.0638227462768555,0.5005459469699994,0.47892972843841586,0,0
-0.552133321762085,-0.5643719434738159,-2.064044713973999,0.4886438307541917,0.48453711165423824,0,0
-0.5555904507637024,-0.5654363632202148,-2.0642614364624023,0.49693443332453946,0.5272759069759305,0,0
-0.5590526461601257,-0.5665009617805481,-2.0644679069519043,0.4957530136409576,0.4980163836115135,0,0
-0.5625194907188416,-0.5675656199455261,-2.064664840698242,0.5215232548753648,0.5027493160720947,0,0
-0.5659905672073364,-0.5686302781105042,-2.0648505687713623,0.5004166331866003,0.498096785512688,0,0
-0.569465696811676,-0.5696949362754822,-2.0650289058685303,0.5016717588317213,0.5181933606210181,0,0
-0.5729442834854126,-0.5707593560218811,-2.065197706222534,0.49816242398843735,0.4983789089885082,0,0
-0.5764260292053223,-0.5718234181404114,-2.065356969833374,0.49962253909000337,0.5135144192991877,0,0
-0.5799105167388916,-0.572887122631073,-2.06550931930542,0.5012772260867846,0.5099512943641817,0,0
-0.5833975076675415,-0.5739504098892212,-2.065654993057251,0.4967995272654012,0.518065846159244,0,0
-0.586887001991272,-0.5750132203102112,-2.065797805786133,0.5149501717573414,0.48446007626039417,0,0
-0.5903786420822144,-0.576075553894043,-2.0659356117248535,0.48973938050616467,0.49707353841402785,0,0
-0.5938721299171448,-0.577137291431427,-2.066067695617676,0.4982311872935062,0.5179142239703519,0,0
-0.597367525100708,-0.5781984925270081,-2.066192388534546,0.5145149643371145,0.5030143368366974,0,0
-0.6008644700050354,-0.5792591571807861,-2.0663132667541504,0.5039520178049143,0.5102230127623968,0,0
-0.6043629050254822,-0.5803192853927612,-2.0664267539978027,0.4960682228260753,0.49029763139921106,0,0
-0.6078627109527588,-0.581378698348999,-2.066531181335449,0.4834160097883966,0.5105444936512537,0,0
-0.6113636493682861,-0.5824375748634338,-2.066631317138672,0.5046872217761171,0.49881872426100693,0,0
-0.6148656606674194,-0.5834956765174866,-2.0667314529418945,0.49403125926888325,0.5097756101250631,0,0
-0.6183686852455139,-0.5845532417297363,-2.0668249130249023,0.5057468024896403,0.5054777693263507,0,0
-0.6218726634979248,-0.5856102705001831,-2.0669147968292236,0.4956504979777887,0.5041337152641263,0,0
-0.6253774166107178,-0.5866666436195374,-2.066997528076172,0.503398235774134,0.4950493198661826,0,0
-0.6288830637931824,-0.5877224206924438,-2.067080497741699,0.49451189330720213,0.5136319010627793,0,0
-0.6323893666267395,-0.5887776017189026,-2.0671567916870117,0.5179949317369762,0.4808168986871585,0,0
-0.6358962655067444,-0.5898322463035583,-2.067227840423584,0.4895571086101305,0.5094749829746842,0,0
-0.639403760433197,-0.5908862352371216,-2.0672988891601562,0.5030299308919726,0.48605278000394686,0,0
-0.6429118514060974,-0.5919398069381714,-2.067363739013672,0.485632565978721,0.493026392415664,0,0
-0.6464203596115112,-0.5929926037788391,-2.0674290657043457,0.4981845041237767,0.49468124230534155,0,0
-0.649929404258728,-0.5940450429916382,-2.067488670349121,0.5050923425834585,0.4853912762655188,0,0
-0.6534388661384583,-0.5950968861579895,-2.0675487518310547,0.5142673539087558,0.49377809235629916,0,0
-0.6569486260414124,-0.5961481928825378,-2.0676016807556152,0.509582247569787,0.5047027666249828,0,0
-0.6604587435722351,-0.5971990823745728,-2.067654609680176,0.5108199292300442,0.4945186708696412,0,0
-0.6639692187309265,-0.5982494354248047,-2.067701816558838,0.49783303063445294,0.5023792992775264,0,0
-0.667479932308197,-0.5992993116378784,-2.067748785018921,0.497842184805671,0.49592885733191616,0,0
-0.6709909439086914,-0.6003488302230835,-2.067795753479004,0.4858570140471995,0.5109279202161786,0,0
-0.6745023131370544,-0.6013978123664856,-2.067838668823242,0.48507173050087093,0.5050305547537477,0,0
-0.6780138611793518,-0.602446436882019,-2.0678813457489014,0.5067747343589992,0.5007952985292454,0,0
-0.681525707244873,-0.6034946441650391,-2.0679244995117188,0.5124190771194637,0.5119413698267519,0,0
-0.6850377321243286,-0.6045424938201904,-2.067960262298584,0.49246719199396044,0.5074795038825646,0,0
-0.6885498762130737,-0.6055899262428284,-2.067996025085449,0.5015038519515247,0.4924896054741645,0,0
-0.6920621991157532,-0.6066370010375977,-2.0680320262908936,0.4797042406672285,0.4948454531396462,0,0
-0.6955747008323669,-0.6076837778091431,-2.068060874938965,0.4952181836743648,0.4843209821726075,0,0
-0.699087381362915,-0.6087302565574646,-2.0680899620056152,0.5107177971612596,0.5003274104066239,0,0
-0.7026001811027527,-0.6097762584686279,-2.0681192874908447,0.5041361847335878,0.5212453531001332,0,0
-0.7061129212379456,-0.6108219623565674,-2.068148136138916,0.5124618494033858,0.505315160885812,0,0
-0.7096260190010071,-0.611867368221283,-2.0681724548339844,0.497962042629623,0.49282390776126483,0,0
-0.7131391167640686,-0.6129125952720642,-2.0681962966918945,0.5057002173645078,0.502859781043511,0,0
-0.7166523337364197,-0.6139575839042664,-2.0682201385498047,0.5011537573490569,0.499744678931782,0,0
-0.7201657295227051,-0.6150023341178894,-2.068244218826294,0.4964706059587295,0.4865117456259459,0,0
-0.7236790657043457,-0.6160467863082886,-2.068268060684204,0.49483649825726456,0.4954889165409364,0,0
-0.7271926999092102,-0.6170909404754639,-2.0682859420776367,0.4848583970699911,0.5025157712779362,0,0
-0.7307062149047852,-0.6181348562240601,-2.0683040618896484,0.5038039634269489,0.49447992392680495,0,0
-0.7342198491096497,-0.6191786527633667,-2.06832218170166,0.49277376153894786,0.48387081302526197,0,0
-0.7377337217330933,-0.6202222108840942,-2.0683398246765137,0.4852418659177979,0.49222600111037657,0,0
-0.7412475347518921,-0.6212655305862427,-2.0683579444885254,0.5033705096324684,0.5146984758683117,0,0
-0.74476158618927,-0.6223086714744568,-2.068375825881958,0.5010303222923262,0.4924159745615751,0,0
-0.7482755184173584,-0.6233516335487366,-2.068387031555176,0.5010910320659158,0.4976428231321247,0,0
-0.7517893314361572,-0.6243943572044373,-2.0683979988098145,0.5018654887602966,0.48089573778791733,0,0
-0.7553033232688904,-0.6254369616508484,-2.0684094429016113,0.49680146485199617,0.5137770679183794,0,0
-0.7588174939155579,-0.6264793276786804,-2.06842041015625,0.4842289313468081,0.504064398697311,0,0
-0.7623316645622253,-0.6275216341018677,-2.0684313774108887,0.5033946634895125,0.49986168331453634,0,0
-0.765845775604248,-0.6285638213157654,-2.0684425830841064,0.5073635537264101,0.4881510665009594,0,0
-0.7693600654602051,-0.629605770111084,-2.068453788757324,0.5058080410850724,0.5019338808142721,0,0
-0.7728744745254517,-0.630647599697113,-2.068464756011963,0.4884000756944501,0.49485252359867987,0,0
-0.7763887643814087,-0.6316893696784973,-2.0684759616851807,0.5058263242513732,0.5087715160113955,0,0
-0.7799030542373657,-0.6327309012413025,-2.0684826374053955,0.5259758696783103,0.4994969555113107,0,0
-0.7834174633026123,-0.6337723731994629,-2.0684895515441895,0.5041757620302577,0.47744771839057576,0,0
-0.7869319319725037,-0.6348137259483337,-2.0684967041015625,0.49644324853808897,0.4956796488353573,0,0
-0.7904463410377502,-0.635854959487915,-2.0685033798217773,0.5012817203003378,0.4905713813247709,0,0
-0.7939609289169312,-0.6368962526321411,-2.068510055541992,0.49537222149902255,0.5047491400695453,0,0
-0.7974754571914673,-0.6379373073577881,-2.0685172080993652,0.5232845176356006,0.5028317527427786,0,0
-0.8009899854660034,-0.6389781832695007,-2.06852388381958,0.5070167974473426,0.5006043813265818,0,0
-0.8045044541358948,-0.6400191187858582,-2.068530559539795,0.4981656700848492,0.5013743412536501,0,0
-0.8080190420150757,-0.6410598158836365,-2.068537712097168,0.4929813640987249,0.5140860685745393,0,0
-0.8115336298942566,-0.6421005129814148,-2.0685441493988037,0.5166549133781028,0.5019288851327094,0,0
-0.815048336982727,-0.6431411504745483,-2.0685510635375977,0.49874448464783827,0.5207094337283203,0,0
-0.8185631036758423,-0.6441816687583923,-2.0685579776763916,0.5051816253296001,0.4957523370566919,0,0
-0.8220776319503784,-0.6452221274375916,-2.0685648918151855,0.4901983530332825,0.5259452284446312,0,0
-0.8255922794342041,-0.646262526512146,-2.0685715675354004,0.4965385289196019,0.4923235315523078,0,0
-0.8291069865226746,-0.6473028659820557,-2.0685787200927734,0.5056072273989415,0.5018530599567287,0,0
-0.832621693611145,-0.6483432054519653,-2.0685787200927734,0.5030444139432698,0.5153756185056102,0,0
-0.8361364603042603,-0.6493834257125854,-2.0685787200927734,0.4980125371185666,0.48975915246961094,0,0
-0.8396511673927307,-0.6504237055778503,-2.0685787200927734,0.5140256931048394,0.49479410355599085,0,0
-0.8431658744812012,-0.6514638066291809,-2.0685787200927734,0.5005518365463145,0.49613376500894796,0,0
-0.8466807007789612,-0.6525039672851562,-2.0685787200927734,0.4893984698844121,0.494389622127666,0,0
-0.8501955270767212,-0.6535440683364868,-2.0685787200927734,0.5025545389555869,0.5250369930356182,0,0
-0.8537103533744812,-0.6545840501785278,-2.0685787200927734,0.49413559178200256,0.48753165170520313,0,0
-0.8572252988815308,-0.6556239128112793,-2.0685787200927734,0.5084230218653149,0.48433856657089813,0,0
-0.8607401847839355,-0.6566637754440308,-2.0685787200927734,0.4983413397807227,0.5056942035155735,0,0
-0.8642550110816956,-0.6577036380767822,-2.0685787200927734,0.492011550735786,0.5133650392851776,0,0
-0.8677697777748108,-0.6587433815002441,-2.0685787200927734,0.4985231576817333,0.49205355822421776,0,0
-0.8712846636772156,-0.659783124923706,-2.0685787200927734,0.5040875880035515,0.5116495215139367,0,0
-0.8747995495796204,-0.6608228087425232,-2.0685787200927734,0.5023832714789999,0.49631254782872564,0,0
-0.8783145546913147,-0.6618623733520508,-2.0685787200927734,0.5051247620642714,0.5224307458761159,0,0
-0.8818295001983643,-0.6629019379615784,-2.0685787200927734,0.5026651296060218,0.493725398554078,0,0
-0.8853443264961243,-0.663941502571106,-2.0685787200927734,0.505517098796886,0.5101633673644284,0,0
-0.8888592720031738,-0.6649810075759888,-2.0685787200927734,0.5121412427301265,0.5008431257524057,0,0
-0.8923741579055786,-0.6660204529762268,-2.0685787200927734,0.48745941056572506,0.4881845728978745,0,0
-0.8958891034126282,-0.6670598387718201,-2.0685787200927734,0.5052382237193143,0.5019755764900926,0,0
-0.8994040489196777,-0.6680991649627686,-2.0685787200927734,0.505120595770183,0.5064416666772488,0,0
-0.9029188752174377,-0.6691384315490723,-2.0685787200927734,0.4688576648581429,0.48523274707208075,0,0
-0.9064337611198425,-0.670177698135376,-2.0685787200927734,0.5005436626926951,0.5058918329361805,0,0
-0.9099487066268921,-0.6712169051170349,-2.0685787200927734,0.5018338835142455,0.5007334119555743,0,0
-0.9134637117385864,-0.6722560524940491,-2.0685787200927734,0.5284803917408618,0.5108884151259867,0,0
-0.9169787168502808,-0.6732951998710632,-2.0685787200927734,0.5053155836421593,0.5063534999929759,0,0
-0.9204936623573303,-0.6743342280387878,-2.0685787200927734,0.5147258431668061,0.5021648266702369,0,0
-0.9240086078643799,-0.6753732562065125,-2.0685787200927734,0.5136439681751482,0.5057938540518202,0,0
-0.9275237321853638,-0.6764121651649475,-2.0685787200927734,0.5025965154337166,0.4858540175260636,0,0
-0.9310387969017029,-0.6774511337280273,-2.0685787200927734,0.49564113734565945,0.49721448193745893,0,0
-0.9345538020133972,-0.6784899830818176,-2.0685787200927734,0.504210313829373,0.5007273767728516,0,0
-0.9380688071250916,-0.6795287132263184,-2.0685787200927734,0.5081096507218869,0.5068485449317788,0,0
-0.9415839910507202,-0.6805675029754639,-2.0685787200927734,0.493254676292467,0.495235368458351,0,0
-0.9450991749763489,-0.6816063523292542,-2.0685787200927734,0.5100060696144944,0.5102425782477824,0,0
-0.9486142992973328,-0.6826450824737549,-2.0685787200927734,0.5027968942638674,0.5065133230468858,0,0
-0.9521294236183167,-0.6836836338043213,-2.0685787200927734,0.4838206379847678,0.5155228603722346,0,0
-0.9556444883346558,-0.684722363948822,-2.0685787200927734,0.4780527763134147,0.49148052172474144,0,0
-0.9591596722602844,-0.6857609152793884,-2.0685787200927734,0.49708195919203985,0.4959804742648627,0,0
-0.9626748561859131,-0.6867993474006653,-2.0685787200927734,0.49343752859875284,0.48583362936935903,0,0
-0.9661900401115417,-0.6878378391265869,-2.0685787200927734,0.49815041810504884,0.51973037913399,0,0
-0.9697051644325256,-0.688876211643219,-2.0685787200927734,0.4928693570477839,0.48280943362031775,0,0
-0.9732203483581543,-0.6899145841598511,-2.0685787200927734,0.5100849222739307,0.49941090292062856,0,0
-0.9767355918884277,-0.6909528970718384,-2.0685787200927734,0.5095894664322206,0.48733322532779627,0,0
-0.9802508354187012,-0.6919911503791809,-2.0685787200927734,0.49033642765928737,0.4906583583369061,0,0
-0.9837660193443298,-0.6930294036865234,-2.0685787200927734,0.5105393076101306,0.48339346813606626,0,0
-0.9872813820838928,-0.6940675377845764,-2.0685787200927734,0.49492113820070677,0.5091514222527419,0,0
-0.990796685218811,-0.6951057314872742,-2.0685787200927734,0.5094125822635928,0.5106882156463444,0,0
-0.9943119287490845,-0.6961437463760376,-2.0685787200927734,0.49755662849541815,0.499842486065437,0,0
-0.9978272914886475,-0.6971818208694458,-2.0685787200927734,0.49612905499865134,0.5082485113700337,0,0
-1.001342535018921,-0.698219895362854,-2.0685787200927734,0.49874505797446494,0.49611105922107673,0,0
-1.0048580169677734,-0.6992578506469727,-2.0685787200927734,0.5017568095278999,0.5067441280109938,0,0
-1.008373498916626,-0.7002957463264465,-2.0685787200927734,0.4960658668269486,0.4849433833394317,0,0
-1.011888861656189,-0.7013336420059204,-2.0685787200927734,0.503628111369842,0.48784410188490296,0,0
-1.015404224395752,-0.7023715972900391,-2.0685787200927734,0.5068684863133652,0.5082997469591646,0,0
-1.0189194679260254,-0.7034093737602234,-2.0685787200927734,0.5062125656217346,0.5010732434573569,0,0
-1.022434949874878,-0.7044471502304077,-2.0685787200927734,0.5012548906986506,0.5055471620456644,0,0
-1.025950312614441,-0.7054847478866577,-2.0685787200927734,0.5009022050077929,0.5060360351395635,0,0
-1.029465675354004,-0.706522524356842,-2.0685787200927734,0.49184655902799873,0.4830926693350914,0,0
-1.032981038093567,-0.7075600624084473,-2.0685787200927734,0.5020563411197949,0.497607952220659,0,0
-1.0364962816238403,-0.7085976004600525,-2.0685787200927734,0.49547363736795746,0.5038703653028421,0,0
-1.0400116443634033,-0.7096351981163025,-2.0685787200927734,0.48342470259020587,0.5057661100595333,0,0
-1.0435271263122559,-0.7106726169586182,-2.0685787200927734,0.5098176511496965,0.5044250726145519,0,0
-1.047042727470398,-0.7117100954055786,-2.0685787200927734,0.49334625482022215,0.5016051103115098,0,0
-1.050558090209961,-0.7127476334571838,-2.0685787200927734,0.4977915781571492,0.49353896539981984,0,0
-1.0540735721588135,-0.71378493309021,-2.0685787200927734,0.5039639299408615,0.4899858691466779,0,0
-1.0575891733169556,-0.7148222327232361,-2.0685787200927734,0.4894065517480666,0.4901826010260453,0,0
-1.061104655265808,-0.7158595323562622,-2.0685787200927734,0.4967705295620252,0.5017464733070263,0,0
-1.064620018005371,-0.7168967723846436,-2.0685787200927734,0.48807422502449105,0.5025885172322807,0,0
-1.0681354999542236,-0.7179340124130249,-2.0685787200927734,0.4910435788570263,0.4975802816731201,0,0
-1.0716509819030762,-0.7189711928367615,-2.0685787200927734,0.4886912988048093,0.498552981890335,0,0
-1.0751665830612183,-0.7200084328651428,-2.0685787200927734,0.5051634935200215,0.4976382327403653,0,0
-1.0786819458007812,-0.7210454940795898,-2.0685787200927734,0.5023524860741422,0.4895060002071157,0,0
-1.0821975469589233,-0.7220826148986816,-2.0685787200927734,0.4770678751949223,0.5063759735452777,0,0
-1.0857130289077759,-0.7231196761131287,-2.0685787200927734,0.7831673655563957,0.4832295599682061,0,0
-1.0892283916473389,-0.7241566777229309,-2.0685787200927734,0.7732483039198762,0.5158977808030404,0,0
-1.092743992805481,-0.7251936793327332,-2.0685787200927734,0.7726755285729654,0.49220594537309753,0,0
-1.0962594747543335,-0.726230800151825,-2.0685787200927734,0.7685164348995301,0.49951985898533435,0,0
-1.0997748374938965,-0.7272679209709167,-2.0685787200927734,0.7716994882072492,0.48507307144749606,0,0
-1.1032902002334595,-0.7283051013946533,-2.0685787200927734,0.7697501350836664,0.4870441279247565,0,0
-1.106805682182312,-0.7293421626091003,-2.0685787200927734,0.7827118516098076,0.5003207340319261,0,0
-1.1103211641311646,-0.7303792834281921,-2.0685787200927734,0.7784743913568666,0.5107044857954385,0,0
-1.113836646080017,-0.7314164638519287,-2.0685787200927734,0.7612804819565336,0.5221980548169382,0,0
-1.1173522472381592,-0.7324535250663757,-2.0685787200927734,0.7592900475598413,0.5009535071868491,0,0
-1.1208677291870117,-0.7334905862808228,-2.0685787200927734,0.7271921232362819,0.4958611681993642,0,0
-1.1243832111358643,-0.7345276474952698,-2.0685787200927734,0.7399125764406518,0.4990829352306946,0,0
-1.1278986930847168,-0.7355648279190063,-2.0685787200927734,0.7284011406080696,0.5095156419407838,0,0
-1.1314141750335693,-0.7366019487380981,-2.0685787200927734,0.7352772174517648,0.4992015569541385,0,0
-1.1349297761917114,-0.7376391291618347,-2.0685787200927734,0.7471604035693457,0.5149478402918058,0,0
-1.1384453773498535,-0.7386762499809265,-2.0685787200927734,0.7372395243795288,0.5090005831490824,0,0
-1.141960859298706,-0.7397133708000183,-2.0685787200927734,0.7136532519285517,0.48487880563014396,0,0
-1.1454763412475586,-0.7407505512237549,-2.0685787200927734,0.7259468904790278,0.49407890203994415,0,0
-1.1489917039871216,-0.741787850856781,-2.0685787200927734,0.7335668637091587,0.49144601766232837,0,0
-1.1525071859359741,-0.7428250312805176,-2.0685787200927734,0.7405801720714948,0.5110778932113472,0,0
-1.156022548675537,-0.7438621520996094,-2.0685787200927734,0.6922274154043514,0.7507679740881894,0,0
-1.1595380306243896,-0.7448993921279907,-2.0685787200927734,0.6972060965812055,0.7671432808944622,0,0
-1.1630535125732422,-0.7459366917610168,-2.0685787200927734,0.6988407505339697,0.7616248235892171,0,0
-1.1665688753128052,-0.7469738721847534,-2.0685787200927734,0.7159854215448144,0.7485251374276447,0,0
-1.1700843572616577,-0.7480109930038452,-2.0685787200927734,0.701606535691394,0.7720174261221899,0,0
-1.1735999584197998,-0.7490482330322266,-2.0685787200927734,0.7072155505459244,0.7690298767196039,0,0
-1.1771154403686523,-0.7500855922698975,-2.0685787200927734,0.6882575673015118,0.7575957125312697,0,0
-1.1806309223175049,-0.7511229515075684,-2.0685787200927734,0.6942415554820932,0.7549697379986121,0,0
-1.1841462850570679,-0.7521601319313049,-2.0685787200927734,0.7076415099765528,0.764813822351824,0,0
-1.1876617670059204,-0.7531973123550415,-2.0685787200927734,0.6899500081517312,0.7580360950073699,0,0
-1.1911771297454834,-0.7542346119880676,-2.0685787200927734,0.6561671654724869,0.7141809540034434,0,0
-1.1946927309036255,-0.7552719116210938,-2.0685787200927734,0.6730620264590016,0.747462717447496,0,0
-1.198208212852478,-0.7563092112541199,-2.0685787200927734,0.6827340012496204,0.7293379950428625,0,0
-1.2017236948013306,-0.7573464512825012,-2.0685787200927734,0.6684407632111498,0.7366478430339987,0,0
-1.2052390575408936,-0.7583837509155273,-2.0685787200927734,0.6523220586767436,0.7268102524250541,0,0
-1.2087544202804565,-0.7594209909439087,-2.0685787200927734,0.6670365772712256,0.7059651749092367,0,0
-1.212269902229309,-0.76045823097229,-2.0685787200927734,0.6689448028709798,0.7320426938345088,0,0
-1.2157855033874512,-0.7614954710006714,-2.0685787200927734,0.6633280729979174,0.7205241299049148,0,0
-1.2193008661270142,-0.7625327706336975,-2.0685787200927734,0.6636161358421375,0.7271858664778704,0,0
-1.2228163480758667,-0.7635700702667236,-2.0685787200927734,0.6468331341235165,0.7221912047198605,0,0
-1.2263317108154297,-0.764607310295105,-2.0685787200927734,0.6222316530858811,0.7044767080203469,0,0
-1.2298471927642822,-0.7656445503234863,-2.0685787200927734,0.6237617782127426,0.683791613159367,0,0
-1.2333626747131348,-0.7666817307472229,-2.0685787200927734,0.6252659384330661,0.694833626739399,0,0
-1.2368782758712769,-0.7677191495895386,-2.0685787200927734,0.6202035455519983,0.6773245016175587,0,0
-1.2403937578201294,-0.7687563896179199,-2.0685787200927734,0.6343201029977577,0.690240611461793,0,0
-1.2439091205596924,-0.7697936296463013,-2.0685787200927734,0.6245654545581915,0.6894578567434194,0,0
-1.247424602508545,-0.7708309292793274,-2.0685787200927734,0.6240753327747518,0.7066783241538761,0,0
-1.2509400844573975,-0.7718682885169983,-2.0685787200927734,0.6163783324008643,0.704408049291963,0,0
-1.25445556640625,-0.7729055881500244,-2.0685787200927734,0.6207032656589065,0.6935107122675491,0,0
-1.257970929145813,-0.7739428281784058,-2.0685787200927734,0.6106305451076087,0.6878497027737921,0,0
-1.261486291885376,-0.7749800682067871,-2.0685787200927734,0.5850273222490866,0.6441337299237183,0,0
-1.2650017738342285,-0.7760174870491028,-2.0685787200927734,0.5865315840137053,0.6494654801175396,0,0
-1.2685173749923706,-0.7770548462867737,-2.0685787200927734,0.5807726926290602,0.6637594901133655,0,0
-1.2720327377319336,-0.7780922055244446,-2.0685787200927734,0.5786647526692424,0.6570724577967141,0,0
-1.2755482196807861,-0.7791295647621155,-2.0685787200927734,0.5811414542094951,0.6464776806686551,0,0
-1.2790638208389282,-0.7801669239997864,-2.0685787200927734,0.5951050002879967,0.6648805598915358,0,0
-1.2825791835784912,-0.781204342842102,-2.0685787200927734,0.5909772015731694,0.6405582383738928,0,0
-1.2860947847366333,-0.7822416424751282,-2.0685787200927734,0.5960384139689978,0.6547222295640155,0,0
-1.2896102666854858,-0.7832790017127991,-2.0685787200927734,0.582017163021748,0.6500941265408359,0,0
-1.2931257486343384,-0.7843164801597595,-2.0685787200927734,0.5988913967797369,0.6551349295179392,0,0
-1.2966411113739014,-0.7853537797927856,-2.0685787200927734,0.5489057569629325,0.6145902920666386,0,0
-1.3001564741134644,-0.7863910794258118,-2.0685787200927734,0.5503169124647355,0.6229797704806087,0,0
-1.303671956062317,-0.7874284386634827,-2.0685787200927734,0.5483234992907031,0.63209650089625,0,0
-1.3071874380111694,-0.7884658575057983,-2.0685787200927734,0.5441016600510769,0.6101742382821731,0,0
-1.3107030391693115,-0.7895032167434692,-2.0685787200927734,0.5704670927947628,0.6175739249992492,0,0
-1.3142186403274536,-0.7905407547950745,-2.0685787200927734,0.5527623325694685,0.6220184542669578,0,0
-1.3177342414855957,-0.7915782332420349,-2.0685787200927734,0.5472071988127359,0.6159134153390498,0,0
-1.3212496042251587,-0.792615532875061,-2.0685787200927734,0.5483361243457188,0.6232538442526522,0,0
-1.3247650861740112,-0.7936529517173767,-2.0685787200927734,0.5485179757917283,0.6083788204592873,0,0
-1.3282806873321533,-0.7946903705596924,-2.0685787200927734,0.5361087449322285,0.6155178365177557,0,0
-1.3317961692810059,-0.7957277894020081,-2.0685787200927734,0.5070364096637884,0.5961783198058926,0,0
-1.3353115320205688,-0.7967652082443237,-2.0685787200927734,0.5125743837362772,0.5668571800579156,0,0
-1.3388268947601318,-0.7978026270866394,-2.0685787200927734,0.5069645541995913,0.5899785929442414,0,0
-1.3423423767089844,-0.7988401055335999,-2.0685787200927734,0.5101638619943352,0.5714392746096697,0,0
-1.3458577394485474,-0.7998774647712708,-2.0685787200927734,0.49549982315503677,0.5794657850559743,0,0
-1.3493732213974,-0.8009148836135864,-2.0685787200927734,0.5236599444522749,0.5799750854075106,0,0
-1.3528887033462524,-0.8019523620605469,-2.0685787200927734,0.5241055469035292,0.59113332770975,0,0
-1.356404185295105,-0.8029897809028625,-2.0685787200927734,0.5071760448313548,0.5740045411098587,0,0
-1.3599196672439575,-0.8040273189544678,-2.0685787200927734,0.5036760768060707,0.5892839106504806,0,0
-1.36343514919281,-0.8050647974014282,-2.0685787200927734,0.5142811456521408,0.5725376226366348,0,0
-1.3669506311416626,-0.8061022162437439,-2.0685787200927734,0.48197221268558604,0.5482736972836111,0,0
-1.3704661130905151,-0.8071397542953491,-2.0685787200927734,0.46133826259729716,0.5332753726039257,0,0
-1.3739814758300781,-0.8081772923469543,-2.0685787200927734,0.48913527219263275,0.5367069268270748,0,0
-1.3774969577789307,-0.8092146515846252,-2.0685787200927734,0.4840420630471711,0.5322660323359142,0,0
-1.3810125589370728,-0.8102520704269409,-2.0685787200927734,0.4774925389904081,0.5478571519944856,0,0
-1.3845279216766357,-0.8112895488739014,-2.0685787200927734,0.46381467195725484,0.5491827030302159,0,0
-1.3880434036254883,-0.8123270273208618,-2.0685787200927734,0.4828181052007886,0.5408601004931084,0,0
-1.3915588855743408,-0.8133645057678223,-2.0685787200927734,0.47831769315206923,0.5374211038631307,0,0
-1.3950743675231934,-0.8144019842147827,-2.0685787200927734,0.4901003243026664,0.553200525164164,0,0
-1.3985897302627563,-0.8154395818710327,-2.0685787200927734,0.48101096565298224,0.5627765161489571,0,0
-1.4021052122116089,-0.8164770007133484,-2.0685787200927734,0.4608645970770773,0.5171236140793704,0,0
-1.4056209325790405,-0.8175145983695984,-2.0683846473693848,0.4443186467792963,0.5048319138497939,0,0
-1.4091345071792603,-0.8185520172119141,-2.067889928817749,0.4171394138602877,0.5147564522721285,0,0
-1.4126393795013428,-0.8195891976356506,-2.0670371055603027,0.4405990379134664,0.5211726408522972,0,0
-1.4161250591278076,-0.8206251859664917,-2.0657989978790283,0.4424645781482454,0.49464872002405247,0,0
-1.4195767641067505,-0.8216574192047119,-2.06412410736084,0.4471916340186906,0.4935253490077849,0,0
-1.422974944114685,-0.8226838707923889,-2.0619912147521973,0.44693966964439996,0.5087600998070712,0,0
-1.426300048828125,-0.8237031698226929,-2.059469223022461,0.44163388142753585,0.5047770016620938,0,0
-1.4295307397842407,-0.8247113227844238,-2.0567002296447754,0.4571218892066258,0.510069158467814,0,0
-1.4326467514038086,-0.8257060050964355,-2.053447723388672,0.4181896253510275,0.4896254439046662,0,0
-1.4356321096420288,-0.826686441898346,-2.0500078201293945,0.3932145112612078,0.45376085969264207,0,0
-1.4384722709655762,-0.82765132188797,-2.0465519428253174,0.38485349491518694,0.4895099446716839,0,0
-1.4411522150039673,-0.8285952806472778,-2.0429601669311523,0.41283673550251687,0.450034058021364,0,0
-1.4436596632003784,-0.8295095562934875,-2.039299488067627,0.38866224785519526,0.48759023140210705,0,0
-1.4459834098815918,-0.8303843140602112,-2.0357887744903564,0.39771342898811984,0.4581514086825032,0,0
-1.4481121301651,-0.8312092423439026,-2.0323684215545654,0.3856220637931622,0.47272933113827337,0,0
-1.4500364065170288,-0.8319754600524902,-2.028824806213379,0.4139798429251868,0.4550687850793378,0,0
-1.4517502784729004,-0.8326770067214966,-2.0250344276428223,0.40147805604356374,0.4756818260072584,0,0
-1.4532513618469238,-0.83330899477005,-2.0212807655334473,0.3944324812666337,0.4716512599489161,0,0
-1.4545400142669678,-0.8338680267333984,-2.0174012184143066,0.4002786358753977,0.46508232939149774,0,0
-1.455618977546692,-0.8343513011932373,-2.013355016708374,0.37986439583394976,0.4225107277951662,0,0
-1.456496238708496,-0.8347578644752502,-2.0090997219085693,0.38316161459837644,0.44023487371104225,0,0
-1.457183837890625,-0.8350880742073059,-2.0046193599700928,0.36601898009915274,0.44475443452714863,0,0
-1.4576961994171143,-0.8353437781333923,-1.9998581409454346,0.36615050778326097,0.43493393387638757,0,0
-1.4580520391464233,-0.8355263471603394,-1.9948132038116455,0.38303444160045036,0.43817916766057347,0,0
-1.458269715309143,-0.8356367945671082,-1.9896156787872314,0.3814075598474697,0.4285475137280519,0,0
-1.4583683013916016,-0.8356770873069763,-1.9842675924301147,0.36721237931368794,0.43899990959870544,0,0
-1.4583678245544434,-0.8356506824493408,-1.9786096811294556,0.372046514376151,0.4204666578893017,0,0
-1.4582889080047607,-0.8355599641799927,-1.9726619720458984,0.385584602115491,0.4425532390305015,0,0
-1.4581488370895386,-0.8354054689407349,-1.9665471315383911,0.3729881951355755,0.44480088489206465,0,0
-1.4579644203186035,-0.8351883292198181,-1.960273265838623,0.37904287778431417,0.40828148541670906,0,0
-1.4577511548995972,-0.8349119424819946,-1.9537731409072876,0.36464189763304566,0.41281319811793343,0,0
-1.4575235843658447,-0.8345799446105957,-1.9470677375793457,0.37816023822964906,0.4157938142130825,0,0
-1.457294225692749,-0.8341956734657288,-1.9401822090148926,0.3690353826202586,0.4269140306823317,0,0
-1.4570722579956055,-0.8337634801864624,-1.933131456375122,0.358191857894955,0.4254535631979619,0,0
-1.4568670988082886,-0.8332887887954712,-1.9259443283081055,0.3645559631346709,0.4244051884352543,0,0
-1.4566855430603027,-0.8327775001525879,-1.9186104536056519,0.3822159355636589,0.4062559709960415,0,0
-1.4565324783325195,-0.8322363495826721,-1.9111484289169312,0.3536406763954454,0.4141658112498325,0,0
-1.456412434577942,-0.8316730260848999,-1.903581976890564,0.36509018916210884,0.4106045476332821,0,0
-1.456328272819519,-0.8310951590538025,-1.8958854675292969,0.35805458990138606,0.41932679522324046,0,0
-1.4562827348709106,-0.8305098414421082,-1.8880457878112793,0.3735093845601156,0.42741704847083434,0,0
-1.456275463104248,-0.8299246430397034,-1.8801034688949585,0.36437329878290675,0.41815534377040353,0,0
-1.4563060998916626,-0.829347550868988,-1.872075080871582,0.3897438272988604,0.401789397371062,0,0
-1.4563729763031006,-0.8287861347198486,-1.8639483451843262,0.3654682109592071,0.40167598589617715,0,0
-1.456475019454956,-0.8282472491264343,-1.8557008504867554,0.3690026834960561,0.4175409742725494,0,0
-1.4566091299057007,-0.827735960483551,-1.8475500345230103,0.3717022146949025,0.3901001878198092,0,0
-1.4567675590515137,-0.8272557854652405,-1.8396079540252686,0.38326438486594294,0.3963101342370057,0,0
-1.45694100856781,-0.8268070220947266,-1.8317277431488037,0.3396543098752774,0.4193776820722154,0,0
-1.4571170806884766,-0.826388418674469,-1.8238027095794678,0.3733090965997618,0.4148569774144473,0,0
-1.4572861194610596,-0.825996994972229,-1.8157812356948853,0.35574103665433204,0.41766145050331094,0,0
-1.4574404954910278,-0.8256285190582275,-1.8078709840774536,0.37424292817417015,0.3987412527398788,0,0
-1.4575705528259277,-0.8252773284912109,-1.799985647201538,0.37342143818630763,0.4023874072230315,0,0
-1.4576671123504639,-0.824937641620636,-1.7920788526535034,0.37149809829938346,0.4022487511278832,0,0
-1.457721471786499,-0.8246048092842102,-1.784109354019165,0.3595427497369716,0.4032996871095335,0,0
-1.457728385925293,-0.8242763876914978,-1.7760393619537354,0.38010770802989746,0.4049812773559114,0,0
-1.4576866626739502,-0.8239496946334839,-1.7678674459457397,0.37129904581323414,0.4116216170162161,0,0
-1.4575963020324707,-0.8236231803894043,-1.759788990020752,0.37237483969532653,0.39903671839480415,0,0
-1.4574593305587769,-0.8232950568199158,-1.7519043684005737,0.36344777085266766,0.394113789585449,0,0
-1.4572739601135254,-0.8229613304138184,-1.744263768196106,0.36068545136660013,0.37706627304703483,0,0
-1.4570374488830566,-0.8226167559623718,-1.7367135286331177,0.3509264839722206,0.4049171960923259,0,0
-1.4567466974258423,-0.8222564458847046,-1.7293474674224854,0.38195846561531077,0.39803201649502484,0,0
-1.456397294998169,-0.8218755125999451,-1.7222150564193726,0.3621552570511347,0.38130817851988486,0,0
-1.4559844732284546,-0.8214678764343262,-1.7153387069702148,0.36793292886944207,0.3786599871037925,0,0
-1.4555025100708008,-0.8210275769233704,-1.7087277173995972,0.3900267587419617,0.39207012163751404,0,0
-1.4549455642700195,-0.8205488920211792,-1.7023773193359375,0.3733124032503375,0.3728355303316548,0,0
-1.4543076753616333,-0.8200266361236572,-1.6962906122207642,0.38455640143438125,0.3899603068662716,0,0
-1.453583002090454,-0.8194555044174194,-1.6904624700546265,0.36423417417766824,0.39512179629289107,0,0
-1.4527673721313477,-0.8188302516937256,-1.6848835945129395,0.37379393813554207,0.3826694594169007,0,0
-1.451857089996338,-0.8181467652320862,-1.6795458793640137,0.36848066832240917,0.3763404817525538,0,0
-1.450850248336792,-0.8174011707305908,-1.6744402647018433,0.37826913590709643,0.3940768508724148,0,0
-1.4497452974319458,-0.8165903687477112,-1.669561505317688,0.3881474656232474,0.3829210358885576,0,0
-1.4485422372817993,-0.8157114386558533,-1.6649028062820435,0.38876102877782637,0.388908863821293,0,0
-1.447242259979248,-0.8147616982460022,-1.6604571342468262,0.37224687110480853,0.3759375343814246,0,0
-1.4458467960357666,-0.8137387633323669,-1.656214952468872,0.38382192908919976,0.3960464051938078,0,0
-1.4443581104278564,-0.8126411437988281,-1.6521657705307007,0.373491116369762,0.3848903167671373,0,0
-1.442779302597046,-0.8114683032035828,-1.648300290107727,0.3776159396979395,0.3968546390675449,0,0
-1.4411128759384155,-0.8102204203605652,-1.6446094512939453,0.374417192157863,0.39971027409279514,0,0
-1.4393621683120728,-0.808898389339447,-1.6410917043685913,0.38107357685353704,0.38869577953285117,0,0
-1.4375306367874146,-0.807504415512085,-1.6377310752868652,0.3899637370577146,0.38979657615491964,0,0
-1.435622215270996,-0.8060405850410461,-1.634340524673462,0.3886482156566092,0.41533279117309746,0,0
-1.4336439371109009,-0.8045109510421753,-1.6312131881713867,0.41354988439072526,0.3966155880573694,0,0
-1.4316060543060303,-0.8029224872589111,-1.6284786462783813,0.4024440099492865,0.39534571512418637,0,0
-1.429520845413208,-0.801285445690155,-1.625823736190796,0.39850636329934264,0.4217605313679884,0,0
-1.4274441003799438,-0.7996549606323242,-1.623214840888977,0.4011468875179701,0.41633681887712165,0,0
-1.425349473953247,-0.7980024814605713,-1.6204912662506104,0.3873592310325924,0.4206054009860216,0,0
-1.4232518672943115,-0.7963428497314453,-1.6177681684494019,0.39094773654733594,0.39690835266217755,0,0
-1.4211665391921997,-0.7946910858154297,-1.6149951219558716,0.4170730328794283,0.40870925630199334,0,0
-1.4191102981567383,-0.7930579781532288,-1.6124027967453003,0.40160572802459654,0.3943953311999929,0,0
-1.4171013832092285,-0.7914507389068604,-1.6100125312805176,0.40978809461972965,0.4160107917091661,0,0
-1.4151602983474731,-0.7898738980293274,-1.6076605319976807,0.39760160162064834,0.40471499977180286,0,0
-1.4133068323135376,-0.7883308529853821,-1.6053924560546875,0.4321773538898798,0.43006071484678715,0,0
-1.4115582704544067,-0.7868220210075378,-1.6032344102859497,0.4397150128355835,0.4467376293859536,0,0
-1.4099315404891968,-0.7853450179100037,-1.6011848449707031,0.44820438720367944,0.4162930148198497,0,0
-1.4084420204162598,-0.7838935852050781,-1.5992628335952759,0.4221250631357108,0.43177265926501096,0,0
-1.4071041345596313,-0.7824599146842957,-1.5974613428115845,0.4440491556551811,0.4354627679074214,0,0
-1.4059295654296875,-0.7810350060462952,-1.595736026763916,0.43198617941146783,0.4184550909378581,0,0
-1.4049288034439087,-0.7796095609664917,-1.5940515995025635,0.4225453709121727,0.42851004624902367,0,0
-1.4041074514389038,-0.7781741619110107,-1.592418909072876,0.4281844857429827,0.4401673426085701,0,0
-1.4034699201583862,-0.7767195701599121,-1.5908643007278442,0.4086300277757885,0.43033292465127265,0,0
-1.4030182361602783,-0.7752364277839661,-1.589390754699707,0.4325121247587624,0.4405751320993327,0,0
-1.402753233909607,-0.7737165689468384,-1.5881518125534058,0.4535354676156267,0.44819924334003564,0,0
-1.4026726484298706,-0.7721549868583679,-1.5870529413223267,0.4431209559980489,0.43733512910339856,0,0
-1.4027714729309082,-0.7705487012863159,-1.5858241319656372,0.4496806119364941,0.4536235296394883,0,0
-1.4030412435531616,-0.7688994407653809,-1.5847282409667969,0.46042053808076894,0.4442533662526433,0,0
-1.4034695625305176,-0.7672121524810791,-1.5839213132858276,0.45501688937668733,0.43427123010004115,0,0
-1.4040405750274658,-0.7654949426651001,-1.583298921585083,0.4591980974931587,0.46061160287426284,0,0
-1.404736042022705,-0.7637592554092407,-1.5827927589416504,0.4570290225419279,0.4558271386109145,0,0
-1.40553617477417,-0.762020468711853,-1.582354187965393,0.4363289156951667,0.4485407771628485,0,0
-1.4064257144927979,-0.7602947950363159,-1.5822292566299438,0.46169283120781757,0.43103915945608046,0,0
-1.4073890447616577,-0.758598268032074,-1.5821375846862793,0.43618423894429803,0.453022550601091,0,0
-1.4084115028381348,-0.7569466233253479,-1.581795334815979,0.4302805114022575,0.4728685703776806,0,0
-1.4094794988632202,-0.7553524374961853,-1.5813924074172974,0.4611237318838757,0.46271225149896905,0,0
-1.4105805158615112,-0.7538253664970398,-1.5810009241104126,0.48219607187233593,0.4521174064318493,0,0
-1.4117015600204468,-0.7523725628852844,-1.5803699493408203,0.44274492632339935,0.4796708441212477,0,0
-1.4128295183181763,-0.751000165939331,-1.5795847177505493,0.46627239906371265,0.4585919620268568,0,0
-1.413953423500061,-0.7497137784957886,-1.5787241458892822,0.45936072685485063,0.4517270263399565,0,0
-1.415064811706543,-0.7485187649726868,-1.5778775215148926,0.4628048659943197,0.46241772569588807,0,0
-1.416157841682434,-0.7474188208580017,-1.577203631401062,0.45331485276251765,0.43996548076482084,0,0
-1.4172275066375732,-0.7464155554771423,-1.5766462087631226,0.4614039475139912,0.45858973924670204,0,0
-1.418270468711853,-0.7455088496208191,-1.5763617753982544,0.4523218739033456,0.4492761156502443,1,1
-1.4192845821380615,-0.7446956634521484,-1.5760447978973389,0.44881581351065747,0.46658001864754833,0,0
-1.4202673435211182,-0.7439716458320618,-1.5756932497024536,0.45513901300526255,0.4603574677494378,0,0
-1.4212170839309692,-0.7433323860168457,-1.5753413438796997,0.45820932919854107,0.45954269208135845,0,0
-1.422133445739746,-0.7427729964256287,-1.5749707221984863,0.4587809015005925,0.4663644618317169,0,0
-1.4230175018310547,-0.7422893047332764,-1.57459557056427,0.4591182876498798,0.45732092882429715,0,0
-1.423871636390686,-0.741877019405365,-1.5744409561157227,0.4769878834025567,0.4415948754000846,0,0
-1.424697995185852,-0.7415316104888916,-1.5744056701660156,0.4553706650327332,0.47032976091902967,0,0
-1.4254988431930542,-0.7412487268447876,-1.5746346712112427,0.4860997497074198,0.4478190554112434,0,0
-1.4262757301330566,-0.741023063659668,-1.575209379196167,0.4628314057948354,0.4291705216412389,0,0
-1.4270297288894653,-0.7408483624458313,-1.5761651992797852,0.4528290358226991,0.44693102900944287,0,0
-1.4277619123458862,-0.7407185435295105,-1.5773189067840576,0.44137286345787474,0.44376896864009924,0,0
-1.4284740686416626,-0.7406249642372131,-1.5785733461380005,0.4506368797361611,0.4633724484708431,0,0
-1.4291683435440063,-0.7405576705932617,-1.579921841621399,0.472300792594712,0.45583811038225575,0,0
-1.429847240447998,-0.7405071258544922,-1.5814154148101807,0.4507986997260357,0.4368873680413025,0,0
-1.4305120706558228,-0.7404659390449524,-1.5830023288726807,0.4659392607405906,0.4645153892313168,0,0
-1.4311641454696655,-0.7404289841651917,-1.5847671031951904,0.46013879759590065,0.4496334112651776,0,0
-1.4318042993545532,-0.7403931617736816,-1.5866115093231201,0.4629548682388292,0.46269751516005325,0,0
-1.4324326515197754,-0.7403576374053955,-1.5884652137756348,0.4660398655468301,0.4513102256582331,0,0
-1.4330493211746216,-0.7403225302696228,-1.590491533279419,0.4529909297588961,0.44768374922651016,0,0
-1.4336543083190918,-0.7402893304824829,-1.592579960823059,0.45512683578049057,0.4556950809064703,0,0
-1.4342474937438965,-0.7402597665786743,-1.5946663618087769,0.4610103184315111,0.4598760613616593,0,0
-1.4348292350769043,-0.740236759185791,-1.5969047546386719,0.4653732053878979,0.44460534676256314,0,0
-1.435399055480957,-0.7402229309082031,-1.5991917848587036,0.4468811641700244,0.44837718843407476,0,0
-1.4359586238861084,-0.7402186393737793,-1.6014695167541504,0.45209088607390124,0.47382510543682804,0,0
-1.4365103244781494,-0.7402229309082031,-1.603502869606018,0.44569373075083035,0.4564813849706839,0,0
-1.4370555877685547,-0.7402340769767761,-1.605168342590332,0.4326353931234518,0.45086596232552595,0,0
-1.4375964403152466,-0.7402511239051819,-1.606788158416748,0.46115853358908904,0.4207502488376186,0,0
-1.4381331205368042,-0.7402718663215637,-1.6083543300628662,0.4633042438049045,0.4590421538968032,0,0
-1.4386659860610962,-0.7402951717376709,-1.6100527048110962,0.4623802333845919,0.44983240091861265,0,0
-1.439195156097412,-0.7403200268745422,-1.6116000413894653,0.4365134686650365,0.45565216126544456,0,0
-1.4397199153900146,-0.7403456568717957,-1.613230586051941,0.45013295293558403,0.4471572478577174,0,0
-1.4402388334274292,-0.740371584892273,-1.6146825551986694,0.44609159917415675,0.4548587448978013,0,0
-1.4407496452331543,-0.7403972744941711,-1.6160047054290771,0.4437017353873398,0.4462181670115631,0,0
-1.4412522315979004,-0.7404199242591858,-1.6172306537628174,0.45902864523809245,0.4678932351772382,0,0
-1.4417468309402466,-0.7404374480247498,-1.6183851957321167,0.4445242598942247,0.4443462867715792,0,0
-1.4422364234924316,-0.7404449582099915,-1.6194710731506348,0.4560194994575831,0.45089283830659677,0,0
-1.4427250623703003,-0.7404375076293945,-1.6206892728805542,0.45437197311424393,0.4478949379514607,0,0
-1.4432157278060913,-0.7404106259346008,-1.6217707395553589,0.4396691398879912,0.45400629500979633,0,0
-1.443710207939148,-0.7403608560562134,-1.6229450702667236,0.4604201891509372,0.44414782659290514,0,0
-1.4442096948623657,-0.7402862906455994,-1.6241506338119507,0.447681307721263,0.4404057180800868,1,1
-1.444715142250061,-0.740185022354126,-1.6253591775894165,0.44493618886377295,0.4413107687563272,0,0
-1.44523024559021,-0.7400531768798828,-1.626552700996399,0.4383105848540034,0.44549920446764185,0,0
-1.4457601308822632,-0.7398852705955505,-1.627909541130066,0.45587861985222755,0.44920302515792154,0,0
-1.4463107585906982,-0.7396755814552307,-1.6295279264450073,0.4518836171116732,0.43393109002970537,0,0
-1.4468848705291748,-0.7394192218780518,-1.6314681768417358,0.45172128759718705,0.4393047241215228,0,0
-1.4474835395812988,-0.7391129732131958,-1.6335515975952148,0.43674485608369296,0.43930530091298153,0,0
-1.4481087923049927,-0.738754153251648,-1.6358774900436401,0.4640682577668672,0.43229975145466076,0,0
-1.4487597942352295,-0.7383408546447754,-1.638298511505127,0.4462354512775077,0.44375968524509046,0,0
-1.449437141418457,-0.7378719449043274,-1.6407321691513062,0.4497990556888131,0.4427176525929157,0,0
-1.4501416683197021,-0.7373448610305786,-1.6431323289871216,0.4432822826848578,0.4440951267011431,0,0
-1.4508761167526245,-0.7367563843727112,-1.6452689170837402,0.4259914783215051,0.4510960197320256,0,0
-1.4516420364379883,-0.7361048460006714,-1.6472162008285522,0.44429774681523,0.43558258175474085,0,0
-1.4524421691894531,-0.7353885173797607,-1.6488232612609863,0.43844904200753276,0.4634223965047018,0,0
-1.4532777070999146,-0.734607994556427,-1.650205135345459,0.43844148318221243,0.4492670506709574,0,0
-1.4541510343551636,-0.7337643504142761,-1.6512408256530762,0.4480695781004771,0.46140613901517796,0,0
-1.455061674118042,-0.732860267162323,-1.651862621307373,0.44277647100991274,0.457541084404561,0,0
-1.4560093879699707,-0.7319014668464661,-1.652241587638855,0.43636287062027174,0.44893005485070187,0,0
-1.4569920301437378,-0.7308936715126038,-1.6524730920791626,0.44736120104303967,0.44025595609939944,0,0
-1.458008885383606,-0.7298423647880554,-1.6526118516921997,0.43278582529490217,0.4440726382157165,0,0
-1.4590600728988647,-0.728751003742218,-1.6526999473571777,0.43111073755521806,0.4446267797058708,0,0
-1.4601473808288574,-0.7276207208633423,-1.6527585983276367,0.4472188564804844,0.44505963733904064,0,0
-1.4612725973129272,-0.7264507412910461,-1.6527959108352661,0.4273880422789166,0.4360477460855167,0,0
-1.4624396562576294,-0.7252383828163147,-1.6530067920684814,0.4507645779507017,0.4316293619469926,0,0
-1.4636496305465698,-0.7239819765090942,-1.6533185243606567,0.43529452944466646,0.43496169269723356,0,0
-1.4649028778076172,-0.7226788997650146,-1.6538769006729126,0.4629542014902484,0.43053247420323904,0,0
-1.4661977291107178,-0.721328854560852,-1.6545648574829102,0.4295652804286161,0.42919263034496763,0,0
-1.4675315618515015,-0.7199317812919617,-1.6553069353103638,0.4496195377756802,0.4435040367386728,0,0
-1.4689022302627563,-0.7184874415397644,-1.6560680866241455,0.4367934956298743,0.4323177984652468,0,0
-1.4703073501586914,-0.7169957160949707,-1.6568297147750854,0.44565911389251917,0.43978700338270094,0,0
-1.4717462062835693,-0.7154554724693298,-1.657568335533142,0.44500103528343293,0.448129662427004,0,0
-1.4732176065444946,-0.713865339756012,-1.658285140991211,0.4213471888386701,0.439237331905088,0,0
-1.4747220277786255,-0.7122241258621216,-1.6589826345443726,0.41899766516706294,0.4464307527271344,0,0
-1.4762592315673828,-0.7105303406715393,-1.6594547033309937,0.44696585464767435,0.4574845251346883,0,0
-1.4778296947479248,-0.7087850570678711,-1.6597901582717896,0.43583571128113635,0.43375308925590794,0,0
-1.479432225227356,-0.7069907188415527,-1.6598395109176636,0.39897715702084063,0.4384355221058474,0,0
-1.481064796447754,-0.7051526308059692,-1.6597321033477783,0.43915699568483124,0.4393115071479475,0,0
-1.4827247858047485,-0.703276515007019,-1.6595491170883179,0.4323246997790666,0.4205156034162215,0,0
-1.484410285949707,-0.7013676166534424,-1.6593245267868042,0.43050223620682215,0.43235364062995246,0,0
-1.4861184358596802,-0.6994301676750183,-1.6588499546051025,0.44225109122561723,0.4570740186168058,0,0
-1.4878454208374023,-0.6974700093269348,-1.658254623413086,0.43369178932695335,0.44210879692318,1,1
-1.4895884990692139,-0.6954928040504456,-1.6574087142944336,0.43556438479535614,0.4507433984162145,0,0
-1.4913445711135864,-0.6935051679611206,-1.6564545631408691,0.44153267814006536,0.43697960981630707,0,0
-1.4931105375289917,-0.6915121674537659,-1.6554648876190186,0.4417227372753349,0.4448096476890591,0,0
-1.494882583618164,-0.6895175576210022,-1.6544418334960938,0.43311087418531846,0.4498821797270842,0,0
-1.4966590404510498,-0.6875232458114624,-1.653457522392273,0.4284017234581082,0.4396015258901067,0,0
-1.498439073562622,-0.6855296492576599,-1.6524944305419922,0.42386846455627286,0.4427324408734479,0,0
-1.5002232789993286,-0.6835352182388306,-1.651563286781311,0.43745127002709683,0.44456827663577686,0,0
-1.502013087272644,-0.6815372109413147,-1.6506664752960205,0.4293821643159604,0.43551974929290105,0,0
-1.5038104057312012,-0.6795321106910706,-1.6497902870178223,0.4451117648880259,0.4431252596987518,0,0
-1.5056179761886597,-0.6775161623954773,-1.6489337682724,0.4478212967130823,0.4364542017196029,0,0
-1.507438063621521,-0.6754850149154663,-1.648305058479309,0.46098206797127733,0.44234812039197596,0,0
-1.509272575378418,-0.6734363436698914,-1.6478195190429688,0.4473023915075922,0.4381070288083332,0,0
-1.5111210346221924,-0.6713687181472778,-1.6474242210388184,0.44298282289797974,0.43452220810627956,0,0
-1.512984275817871,-0.6692811250686646,-1.6470836400985718,0.4320221261717082,0.43370441209278665,0,0
-1.5148626565933228,-0.6671727299690247,-1.6467838287353516,0.44812908924594413,0.4416886609812553,0,0
-1.5167555809020996,-0.665042519569397,-1.6465139389038086,0.4309181702895249,0.4401985298976335,0,0
-1.518663763999939,-0.6628894805908203,-1.6462674140930176,0.44048107534538794,0.43320528083431625,0,0
-1.5205878019332886,-0.6607123017311096,-1.646227478981018,0.45387413414823086,0.44086809752951595,0,0
-1.5225266218185425,-0.6585116386413574,-1.64630925655365,0.4274238694350283,0.44264525787552494,0,0
-1.5244771242141724,-0.656288743019104,-1.6464574337005615,0.43818302811594473,0.4396389619108172,0,0
-1.5264368057250977,-0.6540452241897583,-1.6466395854949951,0.44319415910768506,0.44377315178003646,0,0
-1.528403878211975,-0.6517819166183472,-1.6470346450805664,0.45098719545996846,0.44848150442418994,0,0
-1.530374526977539,-0.6495014429092407,-1.6475450992584229,0.4357402530482597,0.4296013630903227,0,0
-1.532344937324524,-0.6472070217132568,-1.6481258869171143,0.42330314780841294,0.4382425679259511,0,0
-1.5343109369277954,-0.6449017524719238,-1.6487544775009155,0.4159184121468215,0.43444197819715513,0,0
-1.5362701416015625,-0.6425879597663879,-1.6491914987564087,0.4461217746052741,0.45082096460190946,0,0
-1.5382202863693237,-0.6402698159217834,-1.6493159532546997,0.4360585046933957,0.46179654863023734,0,0
-1.5401593446731567,-0.6379539966583252,-1.6492621898651123,0.4402194485102553,0.44622487180458514,0,0
-1.5420854091644287,-0.6356465816497803,-1.6491185426712036,0.43239409607833906,0.4389429732948471,0,0
-1.5439963340759277,-0.6333526372909546,-1.6489216089248657,0.41918089365912947,0.4408975987799734,0,0
-1.5458922386169434,-0.6310752034187317,-1.6486859321594238,0.44672714611954634,0.42829440255128126,0,0
-1.547773003578186,-0.6288161277770996,-1.6484249830245972,0.4449586208301118,0.4365056698215084,0,0
-1.5496412515640259,-0.6265747547149658,-1.6481636762619019,0.44286133468508876,0.4212421225801375,0,0
-1.551499366760254,-0.624349057674408,-1.6478996276855469,0.44099563724728935,0.4305330550631545,0,0
-1.5533517599105835,-0.6221355199813843,-1.6478320360183716,0.4570165220864109,0.44825646417318965,0,0
-1.555200457572937,-0.6199316382408142,-1.6478807926177979,0.43637351409503056,0.4377345364467134,0,0
-1.5570489168167114,-0.6177359223365784,-1.647996187210083,0.4307902436006793,0.43964461140074174,0,0
-1.5588990449905396,-0.6155461072921753,-1.6481449604034424,0.4230405865563207,0.4338567797124845,0,0
-1.5607523918151855,-0.6133597493171692,-1.648322582244873,0.44618644874565977,0.4454039271287621,0,0
-1.5626128911972046,-0.6111736297607422,-1.6485264301300049,0.44414791997431197,0.44240575837057516,1,1
-1.5644822120666504,-0.6089838147163391,-1.6487302780151367,0.4364681297430723,0.4461155974304047,0,0
-1.566362977027893,-0.606785774230957,-1.6487250328063965,0.42814362548909235,0.45979208350134354,0,0
-1.5682556629180908,-0.6045782566070557,-1.6486104726791382,0.44413060404678806,0.4377507201181904,0,0
-1.5701600313186646,-0.6023610830307007,-1.6484333276748657,0.44295918596526923,0.43105540072757487,0,0
-1.572075366973877,-0.6001344919204712,-1.6482254266738892,0.4481482014481579,0.44806875035659827,0,0
-1.5740010738372803,-0.5978984832763672,-1.6480053663253784,0.43590606062497006,0.43388553662021234,0,0
-1.5759379863739014,-0.5956528186798096,-1.6475812196731567,0.41075753264853404,0.4501209178578446,0,0
-1.5778844356536865,-0.593398928642273,-1.6468554735183716,0.4446583848976807,0.4503647789222393,0,0
-1.5798381567001343,-0.5911417007446289,-1.6459742784500122,0.4311913596324606,0.44238463800753786,0,0
-1.5817959308624268,-0.5888859629631042,-1.6450332403182983,0.43782349096900397,0.4376699099923982,0,0
-1.583754301071167,-0.5866358876228333,-1.644059419631958,0.44824187779646485,0.44369721340889795,0,0
-1.585711121559143,-0.5843943357467651,-1.643297791481018,0.45708281709025167,0.44430097089997656,0,0
-1.5876632928848267,-0.5821642875671387,-1.6424700021743774,0.441043954497951,0.4564801188143448,0,0
-1.5896060466766357,-0.5799508690834045,-1.6416112184524536,0.44388115297691566,0.4371864700408611,0,0
-1.5915364027023315,-0.5777588486671448,-1.6407519578933716,0.4351380636734795,0.4310004347598705,0,0
-1.59345281124115,-0.575590968132019,-1.6396875381469727,0.44187302457122246,0.45316765122335534,0,0
-1.5953532457351685,-0.5734502673149109,-1.6385490894317627,0.4371841774562917,0.44634666663034844,0,0
-1.5972355604171753,-0.5713383555412292,-1.637186050415039,0.44278115505794496,0.45270655351907746,0,0
-1.5990986824035645,-0.5692571997642517,-1.6355304718017578,0.4492926051138428,0.4508653757418555,0,0
-1.6009405851364136,-0.5672107934951782,-1.6337348222732544,0.45194055854686593,0.4326581645782779,0,0
-1.6027554273605347,-0.5652024149894714,-1.6319116353988647,0.44800713881277787,0.4558318453291631,0,0
-1.6045339107513428,-0.5632328987121582,-1.6300956010818481,0.4405739130936252,0.43353851608171773,0,0
-1.6062617301940918,-0.5613014698028564,-1.6283599138259888,0.43297667556520825,0.42030650330952934,0,0
-1.6079208850860596,-0.5594064593315125,-1.6266794204711914,0.44204476660541486,0.42868396013554205,0,0
-1.6094919443130493,-0.5575461983680725,-1.6250392198562622,0.4335542933041123,0.44278009160434023,0,0
-1.6109545230865479,-0.5557174682617188,-1.6234526634216309,0.42649390791037267,0.43027367388460197,0,0
-1.6122881174087524,-0.5539144277572632,-1.6219184398651123,0.45467840452477987,0.45739548598776825,0,0
-1.6134746074676514,-0.5521275401115417,-1.6204400062561035,0.42821752208747216,0.44798949260836446,0,0
-1.6144992113113403,-0.5503448843955994,-1.6190464496612549,0.4423682543888265,0.4324801221745864,0,0
-1.6153509616851807,-0.5485544800758362,-1.6177380084991455,0.4430003647103019,0.4530056199636378,0,0
-1.616020917892456,-0.5467466115951538,-1.6164735555648804,0.43653636128491435,0.44076045953179893,0,0
-1.6165026426315308,-0.5449151992797852,-1.6152526140213013,0.4427648904735186,0.4367461407162353,0,0
-1.6167904138565063,-0.5430565476417542,-1.614097237586975,0.4506840701287068,0.4328861342463857,0,0
-1.6168828010559082,-0.5411684513092041,-1.6129992008209229,0.4331469744467927,0.4541333510105138,0,0
-1.6167809963226318,-0.5392497777938843,-1.6119531393051147,0.4364367757016261,0.44167670930618746,0,0
-1.6164885759353638,-0.5372998714447021,-1.6109614372253418,0.4490230898267815,0.4428396541085723,0,0
-1.6160105466842651,-0.5353186130523682,-1.6100101470947266,0.4488749885254462,0.43512457030085444,0,0
-1.6153546571731567,-0.5333064794540405,-1.6091002225875854,0.4429183500174698,0.4575256841317257,0,0
-1.6145288944244385,-0.5312644839286804,-1.6082501411437988,0.44946970660432456,0.44462544862476655,0,0
-1.6135438680648804,-0.5291942954063416,-1.6074750423431396,0.4339762142105939,0.45588513807867803,0,0
-1.6124101877212524,-0.5270975232124329,-1.6067702770233154,0.45856812034763805,0.4644294013595588,0,0
-1.6111395359039307,-0.5249758958816528,-1.60610830783844,0.45186461022151614,0.47890746036493337,0,0
-1.609742522239685,-0.5228304266929626,-1.6054553985595703,0.46370796789312924,0.45346627624577557,0,0
-1.608229398727417,-0.5206617712974548,-1.6047978401184082,0.4623606710808606,0.4465833517418703,0,0
-1.6066099405288696,-0.518470048904419,-1.604141354560852,0.4603003224667089,0.4748107768299514,0,0
-1.6048932075500488,-0.5162554979324341,-1.6034983396530151,0.44751354114550546,0.4572832886295348,0,0
-1.6030875444412231,-0.5140190720558167,-1.6028879880905151,0.44532320453411295,0.47687728680230623,0,0
-1.6012011766433716,-0.5117623209953308,-1.6023290157318115,0.44792244988726304,0.4498694264688565,0,0
-1.5992416143417358,-0.5094871520996094,-1.6018216609954834,0.46967780447061086,0.4501963718908893,0,0
-1.5972163677215576,-0.507195234298706,-1.601352572441101,0.45697878592582636,0.4456643608065342,0,0
-1.595131754875183,-0.5048878192901611,-1.6009016036987305,0.4818363940901812,0.4831030991074309,0,0
-1.5929937362670898,-0.5025654435157776,-1.6004581451416016,0.49764581766678073,0.4884359448950999,0,0
-1.5908068418502808,-0.5002280473709106,-1.600019097328186,0.47914144390444663,0.4917044488525552,0,0
-1.588576316833496,-0.4978758990764618,-1.5995842218399048,0.4964279534301788,0.46798731131435867,0,0
-1.5863053798675537,-0.4955092966556549,-1.5991621017456055,0.4794591227137257,0.4871165843331008,0,0
-1.5839978456497192,-0.4931294918060303,-1.5987648963928223,0.4828851130366157,0.4782556754551809,0,0
-1.581656575202942,-0.49073752760887146,-1.5983964204788208,0.4900157087764434,0.47332692764009066,0,0
-1.57928466796875,-0.4883345067501068,-1.5980528593063354,0.4767471808380867,0.48396021494853825,0,0
-1.5768852233886719,-0.48592162132263184,-1.5977256298065186,0.4939218641728416,0.4677784396014999,0,0
-1.5744613409042358,-0.4834993779659271,-1.5974105596542358,0.4785577040654072,0.5040063203115545,0,0
-1.5720144510269165,-0.48106813430786133,-1.5971044301986694,0.5171869816135297,0.5164222983092893,0,0
-1.5695477724075317,-0.4786281883716583,-1.5968050956726074,0.5376321918565121,0.5060210889777864,0,0
-1.5670617818832397,-0.47617995738983154,-1.5965125560760498,0.5291066096525325,0.5003639279093423,0,0
-1.5645588636398315,-0.4737240970134735,-1.596236228942871,0.5092784428857672,0.5172801809481491,0,0
-1.562040090560913,-0.4712614119052887,-1.5959758758544922,0.5241047878269458,0.5262619993299793,0,0
-1.5595074892044067,-0.4687926769256592,-1.595731496810913,0.5329434615172572,0.5182674955863626,0,0
-1.5569618940353394,-0.46631863713264465,-1.5955005884170532,0.5118769118689047,0.5316018728648665,0,0
-1.5544049739837646,-0.4638396203517914,-1.5952789783477783,0.5170435495607872,0.5255320197285599,0,0
-1.5518375635147095,-0.46135589480400085,-1.5950639247894287,0.5288281174773044,0.5005314264321166,0,0
-1.549261450767517,-0.4588676989078522,-1.594856858253479,0.5086819299239853,0.529125124309773,0,0
-1.546676754951477,-0.4563751816749573,-1.59465491771698,0.5556769803525333,0.5662556952395101,0,0
-1.544085144996643,-0.45387881994247437,-1.5944652557373047,0.5599965757233603,0.5520781950321435,0,0
-1.541486144065857,-0.4513790011405945,-1.5942834615707397,0.5662372090884242,0.5384509738934334,0,0
-1.5388811826705933,-0.44887611269950867,-1.5941141843795776,0.5531498411523023,0.5508714132978342,0,0
-1.5362707376480103,-0.44637060165405273,-1.5939513444900513,0.5630283474768369,0.5574106788356832,0,0
-1.533656120300293,-0.44386258721351624,-1.5937952995300293,0.5526801314129874,0.5587537846969389,0,0
-1.5310364961624146,-0.4413522183895111,-1.593643069267273,0.5506294093385397,0.5520887984904282,0,0
-1.5284136533737183,-0.4388396441936493,-1.5934975147247314,0.5502631687448386,0.5558066194522242,0,0
-1.5257877111434937,-0.4363250434398651,-1.5933587551116943,0.5532560826498713,0.555795516030492,0,0
-1.5231587886810303,-0.43380847573280334,-1.5932254791259766,0.5381401964874548,0.5500238049894913,0,0
-1.5205271244049072,-0.43129029870033264,-1.5930975675582886,0.5852566095116297,0.5822522698279173,0,0
-1.5178931951522827,-0.42877066135406494,-1.5929803848266602,0.5940018831287698,0.5776622786959315,0,0
-1.5152573585510254,-0.42624956369400024,-1.5928658246994019,0.6061303333961925,0.5984215360779718,0,0
-1.5126194953918457,-0.4237273633480072,-1.592756748199463,0.5868942777109356,0.5894996169538406,0,0
-1.5099799633026123,-0.42120400071144104,-1.5926556587219238,0.5895926422246835,0.5828080718102057,0,0
-1.5073391199111938,-0.4186795651912689,-1.592557430267334,0.5862677726719839,0.5781466968791757,0,0
-1.5046970844268799,-0.4161541163921356,-1.5924630165100098,0.5859475178533043,0.5717385562477271,0,0
-1.5020544528961182,-0.4136277139186859,-1.5923740863800049,0.5958006319393736,0.5890652560809887,0,0
-1.49941086769104,-0.4111005365848541,-1.592286467552185,0.5844398823921932,0.5911192903684314,0,0
-1.496766448020935,-0.40857255458831787,-1.5922040939331055,0.6034073170080178,0.5786320362269411,0,0
-1.4941211938858032,-0.40604397654533386,-1.5921262502670288,0.6382732619176653,0.5958694508102303,0,0
-1.4914757013320923,-0.4035146236419678,-1.5920519828796387,0.6062167162708089,0.6330373313826586,0,0
-1.4888296127319336,-0.40098488330841064,-1.5919833183288574,0.6299026493005194,0.6131020999534711,0,0
-1.4861832857131958,-0.398454487323761,-1.591913104057312,0.6047757357381742,0.6090060912116763,0,0
-1.4835366010665894,-0.39592355489730835,-1.591849684715271,0.6261305771402204,0.6319554317119865,0,0
-1.4808895587921143,-0.3933921754360199,-1.5917863845825195,0.6106541429764558,0.6118365122055522,0,0
-1.4782423973083496,-0.39086028933525085,-1.5917284488677979,0.6264543162314253,0.6197744506202484,0,0
-1.4755949974060059,-0.38832807540893555,-1.5916703939437866,0.6278214104470866,0.6151612638503664,0,0
-1.4729477167129517,-0.3857954442501068,-1.5916179418563843,0.6286478741590982,0.6224251920722526,0,0
-1.470300555229187,-0.38326242566108704,-1.5915653705596924,0.6198132067910097,0.6165283328550181,0,0
-1.4676531553268433,-0.3807291090488434,-1.5915181636810303,0.6561072626383856,0.659557307441264,0,0
-1.4650053977966309,-0.3781954050064087,-1.5914709568023682,0.6776983743062741,0.6779052740669321,0,0
-1.4623581171035767,-0.3756614625453949,-1.5914291143417358,0.6790871356783438,0.6556132819911027,0,0
-1.459710955619812,-0.3731272220611572,-1.591387391090393,0.6703107410963083,0.6701953489267484,0,0
-1.4570637941360474,-0.3705926835536957,-1.5913454294204712,0.6755927063043823,0.665137872303796,0,0
-1.4544163942337036,-0.36805790662765503,-1.5913103818893433,0.6829754093053999,0.6605263883238143,0,0
-1.451769232749939,-0.3655228316783905,-1.5912754535675049,0.6528847759293157,0.6526044692464238,0,0
-1.4491219520568848,-0.3629876971244812,-1.591240406036377,0.6655899770259026,0.6517585767544504,0,0
-1.4464751482009888,-0.36045223474502563,-1.5912107229232788,0.6535798436949821,0.6628991734718883,0,0
-1.4438282251358032,-0.3579166531562805,-1.5911809206008911,0.6557519422021018,0.6495891877517624,0,0
-1.4411816596984863,-0.3553808331489563,-1.5911511182785034,0.699650624391337,0.6925969905231109,0,0
-1.4385349750518799,-0.35284483432769775,-1.5911215543746948,0.7108282343160652,0.7048412636414032,0,0
-1.4358885288238525,-0.35030868649482727,-1.591097354888916,0.6942678515110517,0.6967764545732973,0,0
-1.4332423210144043,-0.3477722704410553,-1.5910730361938477,0.6999903318882674,0.6901548450130447,0,0
-1.430596113204956,-0.34523576498031616,-1.5910488367080688,0.713655514104405,0.6984828320793596,0,0
-1.4279499053955078,-0.3426991105079651,-1.5910245180130005,0.6885533126836342,0.6940752952285719,0,0
-1.4253036975860596,-0.34016233682632446,-1.5910003185272217,0.7153508730266158,0.6914797613354925,0,0
-1.4226579666137695,-0.3376253843307495,-1.590981364250183,0.6987662289533232,0.6881542246835614,0,0
-1.420012354850769,-0.3350883424282074,-1.590962529182434,0.7012066662352006,0.6902921362978346,0,0
-1.417366623878479,-0.33255112171173096,-1.5909435749053955,0.7095071853929645,0.6918693174572457,0,0
-1.414721131324768,-0.33001381158828735,-1.5909247398376465,0.7552841451045389,0.735072663748819,0,0
-1.4120756387710571,-0.3274763226509094,-1.590905785560608,0.7273814765719651,0.7360438347591993,0,0
-1.4094305038452148,-0.3249387741088867,-1.5908869504928589,0.7304517668896325,0.7215112550790639,0,0
-1.4067853689193726,-0.32240113615989685,-1.5908679962158203,0.7324350894656328,0.7325341673212273,0,0
-1.4041404724121094,-0.3198632597923279,-1.5908572673797607,0.7436421780264605,0.7349427451215649,0,0
-1.4014954566955566,-0.3173253834247589,-1.5908465385437012,0.7284178695034427,0.7289814333785148,0,0
-1.3988505601882935,-0.3147873878479004,-1.590835690498352,0.7347521206788301,0.7452823968218498,0,0
-1.3962057828903198,-0.3122493028640747,-1.5908249616622925,0.729636362212722,0.7433673002913608,0,0
-1.3935611248016357,-0.3097110986709595,-1.590814232826233,0.7452625625185094,0.740749685200449,0,0
-1.3909165859222412,-0.30717283487319946,-1.5908032655715942,0.7367372504884215,0.7311840269728416,0,0
-1.3882722854614258,-0.30463454127311707,-1.5907925367355347,0.779822472738179,0.7756623806163576,0,0
-1.3856279850006104,-0.3020961284637451,-1.590781807899475,0.7945757786864981,0.7661866161741224,0,0
-1.3829838037490845,-0.299557626247406,-1.590770959854126,0.7676688475538574,0.7790893920608589,0,0
-1.3803396224975586,-0.29701903462409973,-1.5907657146453857,0.7869504255923062,0.7741875396722692,0,0
-1.3776955604553223,-0.2944803833961487,-1.5907602310180664,0.774353167859235,0.7728701287648578,0,0
-1.375051498413086,-0.29194170236587524,-1.590754747390747,0.7723127639916729,0.7822061292665224,0,0
-1.3724075555801392,-0.28940293192863464,-1.5907495021820068,0.7762714245501312,0.7526361344438822,0,0
-1.3697638511657715,-0.2868640720844269,-1.5907440185546875,0.7826582143753554,0.7657223846168024,0,0
-1.3671199083328247,-0.2843252122402191,-1.5907386541366577,0.7772493328049792,0.762824395221238,0,0
-1.3644760847091675,-0.2817862927913666,-1.590733289718628,0.7691186042520899,0.7692247932172969,0,0
-1.3618323802947998,-0.2792472839355469,-1.5907279253005981,0.5136494789735604,0.4843550996752439,0,0
-1.3591887950897217,-0.2767082452774048,-1.5907224416732788,0.4967579155092593,0.4873189403827794,0,0
-1.3565452098846436,-0.2741691470146179,-1.5907169580459595,0.4967584898760959,0.5013121292562601,0,0
-1.3539018630981445,-0.2716299891471863,-1.5907117128372192,0.5032521168790224,0.49751949557096026,0,0
-1.3512582778930664,-0.26909080147743225,-1.5907062292099,0.4956465807871078,0.5189473352303784,0,0
-1.3486149311065674,-0.26655155420303345,-1.5907009840011597,0.4871464530977415,0.5003920380601344,0,0
-1.3459714651107788,-0.26401224732398987,-1.5906955003738403,0.5001399907879965,0.4869855112254311,0,0
-1.3433281183242798,-0.2614729404449463,-1.590690016746521,0.4945260528539447,0.48934111154078835,0,0
-1.3406848907470703,-0.2589336037635803,-1.590690016746521,0.4929600728749463,0.5089299176335073,0,0
-1.3380416631698608,-0.25639426708221436,-1.590690016746521,0.5116083373501265,0.517965598937781,0,0
-1.3353984355926514,-0.2538548409938812,-1.590690016746521,0.4955339495207034,0.5090461427098939,0,0
-1.332755208015442,-0.2513154149055481,-1.590690016746521,0.49093007470228334,0.5067269971874702,0,0
-1.330112099647522,-0.24877594411373138,-1.590690016746521,0.5121867560845111,0.48714910579577186,0,0
-1.327468991279602,-0.2462364286184311,-1.590690016746521,0.5052059472038131,0.4927873227545953,0,0
-1.3248258829116821,-0.2436968982219696,-1.590690016746521,0.5032276367380564,0.4897512836164054,0,0
-1.3221828937530518,-0.24115729331970215,-1.590690016746521,0.5099679299900249,0.4836290094617958,0,0
-1.3195399045944214,-0.2386176735162735,-1.590690016746521,0.4914843789849996,0.49796085744930146,0,0
-1.316896915435791,-0.23607803881168365,-1.590690016746521,0.5128003959873437,0.48376823243147643,0,0
-1.3142540454864502,-0.23353832960128784,-1.590690016746521,0.515422574522854,0.5018448826989332,0,0
-1.3116111755371094,-0.23099860548973083,-1.590690016746521,0.5035445851753979,0.5074262195733906,0,0
-1.308968424797058,-0.22845886647701263,-1.590690016746521,0.5153037555045524,0.4950437078326105,0,0
-1.3063257932662964,-0.22591906785964966,-1.590690016746521,0.499676507435869,0.4997098400502727,0,0
-1.3036830425262451,-0.2233792543411255,-1.590690016746521,0.4997379900204443,0.49539605185784136,0,0
-1.3010402917861938,-0.22083939611911774,-1.590690016746521,0.5175457071304582,0.5067623972869157,0,0
-1.2983975410461426,-0.2182994931936264,-1.590690016746521,0.5045964771481208,0.4971136402407018,0,0
-1.2957547903060913,-0.21575957536697388,-1.590690016746521,0.5067297594350627,0.5172033659593054,0,0
-1.2931122779846191,-0.21321962773799896,-1.590690016746521,0.5032993877447219,0.5024320440310271,0,0
-1.2904696464538574,-0.21067963540554047,-1.590690016746521,0.511881724215297,0.49203845484460246,0,0
-1.2878272533416748,-0.20813962817192078,-1.590690016746521,0.500928536696463,0.5123774855997139,0,0
-1.285184621810913,-0.2055996209383011,-1.590690016746521,0.5076310304101621,0.4992318515137334,0,0
-1.2825422286987305,-0.20305955410003662,-1.590690016746521,0.5005090909551049,0.5098293184491677,0,0
-1.2798999547958374,-0.20051942765712738,-1.590690016746521,0.5070371941224953,0.49288484238852365,0,0
-1.2772576808929443,-0.19797925651073456,-1.590690016746521,0.4933171365422041,0.5007773293357475,0,0
-1.2746151685714722,-0.19543910026550293,-1.590690016746521,0.5039818726966193,0.48695000386081244,0,0
-1.2719727754592896,-0.19289886951446533,-1.590690016746521,0.48506780311816605,0.5019520063068428,0,0
-1.269330382347107,-0.19035860896110535,-1.590690016746521,0.49575076416357966,0.49773580398369793,0,0
-1.2666881084442139,-0.18781833350658417,-1.590690016746521,0.5002913098509556,0.4985215977080102,0,0
-1.2640455961227417,-0.185278058052063,-1.590690016746521,0.5002664357108704,0.4987508684910047,0,0
-1.2614033222198486,-0.18273776769638062,-1.590690016746521,0.4855520824620984,0.5005765411291081,0,0
-1.2587611675262451,-0.18019740283489227,-1.590690016746521,0.4995845850070192,0.4926158681487776,0,0
-1.2561190128326416,-0.17765703797340393,-1.590690016746521,0.491128525044677,0.4959726804862833,0,0
-1.2534770965576172,-0.1751166135072708,-1.590690016746521,0.4917136299120078,0.4860036249774492,0,0
-1.2508350610733032,-0.1725761741399765,-1.590690016746521,0.4961976584405499,0.5029794563682252,0,0
-1.2481930255889893,-0.1700357049703598,-1.590690016746521,0.506760785672231,0.5001316518274048,0,0
-1.2455511093139648,-0.16749519109725952,-1.590690016746521,0.4777042798305773,0.508141253191994,0,0
-1.2429091930389404,-0.16495466232299805,-1.590690016746521,0.5192036770533183,0.5016327123310879,0,0
-1.240267276763916,-0.162414088845253,-1.590690016746521,0.5114686534122818,0.4907868921003587,0,0
-1.2376253604888916,-0.15987348556518555,-1.590690016746521,0.49780242211554754,0.49964864937079045,0,0
-1.2349835634231567,-0.15733285248279572,-1.590690016746521,0.48419611809896485,0.4961566236240114,0,0
-1.2323417663574219,-0.1547922044992447,-1.590690016746521,0.4931072055756325,0.4978121306739106,0,0
-1.2297000885009766,-0.15225152671337128,-1.590690016746521,0.5095441602189307,0.49488963092863464,0,0
-1.2270581722259521,-0.14971081912517548,-1.590690016746521,0.4900275870957673,0.4858606111903182,0,0
-1.2244164943695068,-0.1471700668334961,-1.590690016746521,0.5182625807378097,0.49810249070803037,0,0
-1.2217748165130615,-0.14462929964065552,-1.590690016746521,0.48371674288134603,0.5121381841192287,0,0
-1.2191331386566162,-0.14208850264549255,-1.590690016746521,0.48786786159283263,0.4964259574819204,0,0
-1.216491460800171,-0.1395476758480072,-1.590690016746521,0.4968538268408556,0.501614475739362,0,0
-1.2138499021530151,-0.13700680434703827,-1.590690016746521,0.5058546653398986,0.5138690852452721,0,0
-1.2112082242965698,-0.13446593284606934,-1.590690016746521,0.5093388593966198,0.5000312032525593,0,0
-1.208566665649414,-0.13192503154277802,-1.590690016746521,0.49968252650656625,0.49238311918532196,0,0
-1.2059251070022583,-0.1293840855360031,-1.590690016746521,0.5156498548590746,0.49951411240209675,0,0
-1.203283667564392,-0.1268431395292282,-1.590690016746521,0.5253899489980638,0.4961901634276656,0,0
-1.2006422281265259,-0.12430214136838913,-1.590690016746521,0.5096738946676322,0.4966032520923373,0,0
-1.1980006694793701,-0.12176112830638885,-1.590690016746521,0.5023685701841675,0.5136073868213856,0,0
-1.195359468460083,-0.1192200779914856,-1.590690016746521,0.5107858191302281,0.493476734627801,0,0
-1.1927181482315063,-0.11667900532484055,-1.590690016746521,0.49637654764654926,0.4927100589589845,0,0
-1.1900767087936401,-0.11413790285587311,-1.590690016746521,0.4974417613774431,0.4855966320800775,0,0
-1.1874353885650635,-0.11159678548574448,-1.590690016746521,0.49669820839681034,0.5038335738842243,0,0
-1.1847941875457764,-0.10905561596155167,-1.590690016746521,0.47787894856420676,0.49480479150015355,0,0
-1.1821529865264893,-0.10651444643735886,-1.590690016746521,0.49987787450572146,0.49345267691933203,0,0
-1.1795117855072021,-0.10397323220968246,-1.590690016746521,0.5041450392453065,0.5099408123863922,0,0
-1.176870584487915,-0.10143199563026428,-1.590690016746521,0.4968365300273903,0.49907159063934603,0,0
-1.1742292642593384,-0.09889072924852371,-1.590690016746521,0.4972147002200044,0.5104756209834456,0,0
-1.1715881824493408,-0.09634945541620255,-1.590690016746521,0.5081926901719314,0.4931396891639245,0,0
-1.1689471006393433,-0.0938081219792366,-1.590690016746521,0.5082641362979812,0.49662740555160373,0,0
-1.1663060188293457,-0.09126676619052887,-1.590690016746521,0.5159487087402872,0.4895862250820972,0,0
-1.1636650562286377,-0.08872538805007935,-1.590690016746521,0.5080010405270617,0.5108005033970959,0,0
-1.1610239744186401,-0.08618399500846863,-1.590690016746521,0.47911431631542567,0.49173283119047445,0,0
-1.1583830118179321,-0.08364257216453552,-1.590690016746521,0.4758847959853189,0.5018891243742402,0,0
-1.1557420492172241,-0.08110112696886063,-1.590690016746521,0.5114547749480632,0.5151979916432277,0,0
-1.1531012058258057,-0.07855964452028275,-1.590690016746521,0.5061362166115111,0.48531985092231433,0,0
-1.1504602432250977,-0.07601814717054367,-1.590690016746521,0.5023680224766562,0.5108409629864425,0,0
-1.1478195190429688,-0.07347662001848221,-1.590690016746521,0.49226168198547676,0.4907685587708876,0,0
-1.1451786756515503,-0.07093507051467896,-1.590690016746521,0.5052617919419727,0.5108203944762826,0,0
-1.1425379514694214,-0.06839349120855331,-1.590690016746521,0.5114966957474135,0.5117497551200904,0,0
-1.139897108078003,-0.06585189700126648,-1.590690016746521,0.4895268303774172,0.4881574492441541,0,0
-1.137256383895874,-0.06331027299165726,-1.590690016746521,0.5069327685516399,0.4956319166797086,0,0
-1.1346155405044556,-0.060768626630306244,-1.590690016746521,0.4896417787492548,0.49903008192247034,0,0
-1.1319749355316162,-0.058226991444826126,-1.590690016746521,0.5000313077817201,0.4928446987942913,0,0
-1.1293340921401978,-0.05568535253405571,-1.590690016746521,0.518658200051781,0.49547649036574715,0,0
-1.1266933679580688,-0.05314372107386589,-1.590690016746521,0.5154217109189473,0.4935252313094346,0,0
-1.12405264377594,-0.05060208961367607,-1.590690016746521,0.49542110158288405,0.49914814947926656,0,0
-1.121411919593811,-0.04806046187877655,-1.590690016746521,0.4892372693548191,0.4757215975548801,0,0
-1.1187711954116821,-0.04551883414387703,-1.590690016746521,0.5093907411576768,0.4884491245982907,0,0
-1.1161305904388428,-0.04297720640897751,-1.590690016746521,0.5028171366553154,0.4959504657985719,0,0
-1.1134897470474243,-0.040435586124658585,-1.590690016746521,0.49300191218514744,0.49304508687593956,0,0
-1.1108489036560059,-0.03789396584033966,-1.590690016746521,0.5127871810333416,0.5184473576256081,0,0
-1.1082080602645874,-0.03535234555602074,-1.590690016746521,0.4998105051920416,0.4940250873789342,0,0
-1.105567216873169,-0.03281072527170181,-1.590690016746521,0.5010416904339251,0.5299892516958836,0,0
-1.1029263734817505,-0.030269108712673187,-1.590690016746521,0.4979487016937435,0.48329654538707967,0,0
-1.100285530090332,-0.02772749401628971,-1.590690016746521,0.5285110241364305,0.5028132667803106,0,0
-1.0976444482803345,-0.025185881182551384,-1.590690016746521,0.5032916467874108,0.4987788827492759,0,0
-1.095003604888916,-0.022644272074103355,-1.590690016746521,0.4961158844176184,0.5228986653565803,0,0
-1.0923627614974976,-0.020102664828300476,-1.590690016746521,0.5040942177119827,0.4924550361324628,0,0
-1.089721918106079,-0.017561057582497597,-1.590690016746521,0.5053095827878324,0.49765389698543844,0,0
-1.087080955505371,-0.015019453130662441,-1.590690016746521,0.5006138504691423,0.4907913713457827,0,0
-1.0844401121139526,-0.012477853335440159,-1.590690016746521,0.49219491921282854,0.5014098362157453,0,0
-1.0817993879318237,-0.009936252608895302,-1.590690016746521,0.5060193665211657,0.5123944873105551,0,0
-1.0791584253311157,-0.007394654210656881,-1.590690016746521,0.4993400164912236,0.4846210338079217,0,0
-1.0765173435211182,-0.004853059072047472,-1.590690016746521,0.4894147281061607,0.4937100178312968,0,0
-1.0738765001296997,-0.0023114660289138556,-1.590690016746521,0.49086998358457434,0.5085181051804378,0,0
-1.0712355375289917,0.00023012554447632283,-1.590690016746521,0.5037947854880301,0.5023378378414103,0,0
-1.0685945749282837,0.0027717160992324352,-1.590690016746521,0.48987359175237183,0.48787063936011305,0,0
-1.0659537315368652,0.005313303787261248,-1.590690016746521,0.5226814741857407,0.5021318936078295,0,0
-1.0633127689361572,0.007854888215661049,-1.590690016746521,0.5089930795474491,0.4972227895368403,0,0
-1.0606716871261597,0.010396472178399563,-1.590690016746521,0.4880263364088521,0.4965416407898784,0,0
-1.0580307245254517,0.012938056141138077,-1.590690016746521,0.5115248514990144,0.5084093354364607,0,0
-1.0553897619247437,0.015479638241231441,-1.590690016746521,0.48034287109323487,0.4889273826187219,0,0
-1.0527485609054565,0.018021216616034508,-1.590690016746521,0.5079488106448061,0.5096071059335265,0,0
-1.0501075983047485,0.020562794059515,-1.590690016746521,0.5001223410558188,0.5114473313504196,0,0
-1.0474666357040405,0.023104369640350342,-1.590690016746521,0.4977202284302235,0.49949580892232665,0,0
-1.0448254346847534,0.025645945221185684,-1.590690016746521,0.5051706730470259,0.5003620723452016,0,0
-1.0421843528747559,0.02818751521408558,-1.590690016746521,0.4980090442799584,0.5080544503815535,0,0
-1.0395432710647583,0.030729088932275772,-1.590690016746521,0.4925695873685487,0.4970297174183649,0,0
-1.0369021892547607,0.03327065333724022,-1.590690016746521,0.4836843207928592,0.4994487481167748,0,0
-1.0342611074447632,0.035812217742204666,-1.590690016746521,0.5106097078488708,0.5007004879571947,0,0
-1.0316200256347656,0.03835378214716911,-1.590690016746521,0.5075536161038046,0.5170033429452396,0,0
-1.028978943824768,0.04089534655213356,-1.590690016746521,0.49288204903559846,0.49978999037873295,0,0
-1.0263378620147705,0.04343690723180771,-1.590690016746521,0.5030518413267229,0.4890774049442599,0,0
-1.023696780204773,0.045978471636772156,-1.590690016746521,0.4864031934382637,0.4954846764147038,-1,-1
-1.0210556983947754,0.048520173877477646,-1.5911046266555786,0.5033430204962351,0.5073435464512249,0,0
-1.0184141397476196,0.05106039717793465,-1.591334342956543,0.4980164430748753,0.5248034813600996,0,0
-1.0157742500305176,0.05359628424048424,-1.5910496711730957,0.49332718964761285,0.5309951729200421,0,0
-1.0131419897079468,0.05612410232424736,-1.5900644063949585,0.5116111650336956,0.48491178245225275,0,0
-1.0105267763137817,0.05864017456769943,-1.5882937908172607,0.511110692833215,0.511418618290835,0,0
-1.0079411268234253,0.06114005297422409,-1.585695505142212,0.5017227377620453,0.51207345269182,0,0
-1.005399465560913,0.06361961364746094,-1.5822656154632568,0.5130297295975638,0.4763492499434546,0,0
-1.0029176473617554,0.06607488542795181,-1.5780212879180908,0.5009314887485146,0.5171302776966834,0,0
-1.0005111694335938,0.06850183755159378,-1.5729848146438599,0.5063543264934138,0.48903431227104316,0,0
-0.9981952905654907,0.07089614123106003,-1.5671815872192383,0.49042714553094063,0.49506764701953637,0,0
-0.9959836006164551,0.07325273752212524,-1.560636281967163,0.5126540958583822,0.49961537671758083,0,0
-0.9938886761665344,0.07556622475385666,-1.5533887147903442,0.5080256683197174,0.5054738303722246,0,0
-0.9919211864471436,0.07783132791519165,-1.5454741716384888,0.48147149542400985,0.4975804595662588,0,0
-0.990088701248169,0.08004237711429596,-1.5369230508804321,0.5072296389457228,0.5185815644278905,0,0
-0.9883967638015747,0.0821930319070816,-1.5277670621871948,0.5156889818149178,0.4927854172501789,0,0
-0.9868474006652832,0.08427635580301285,-1.5180299282073975,0.4907991050316525,0.47057814833231115,0,0
-0.9854423999786377,0.08628460019826889,-1.5077482461929321,0.5054213663409454,0.5018131293668808,0,0
-0.9841806888580322,0.08821096271276474,-1.4969673156738281,0.48993734121951166,0.5065206282438044,0,0
-0.9830588698387146,0.09004838019609451,-1.4857137203216553,0.501321695513873,0.5030009166604291,0,0
-0.9820730090141296,0.09179113805294037,-1.4740304946899414,0.49106035157856487,0.5144817581750942,0,0
-0.9812159538269043,0.09343389421701431,-1.4618852138519287,0.505141021923011,0.4876749735652679,0,0
-0.9804793000221252,0.09497130662202835,-1.4493604898452759,0.4869941232627642,0.49461710371246503,0,0
-0.9798546433448792,0.09639962017536163,-1.436457872390747,0.513459391344294,0.4938591418075514,0,0
-0.9793307781219482,0.09771513938903809,-1.4232146739959717,0.5228525669026378,0.4990617701743549,0,0
-0.9788985252380371,0.09891494363546371,-1.4096119403839111,0.506433906734236,0.4938220724842882,0,0
-0.9785478115081787,0.0999981015920639,-1.3956892490386963,0.5034816230858141,0.5027143276269003,0,0
-0.9782679080963135,0.10096476972103119,-1.3815300464630127,0.513136405855569,0.5138647770118787,0,0
-0.9780480861663818,0.10181556642055511,-1.3670966625213623,0.4920962974874427,0.4972635533721646,0,0
-0.9778790473937988,0.10255317389965057,-1.3524184226989746,0.5038053437828731,0.4909546189799238,0,0
-0.9777510762214661,0.10318206250667572,-1.3375543355941772,0.4911413341081046,0.49604772744395276,0,0
-0.9776538610458374,0.10370717942714691,-1.322502613067627,0.49497078946705686,0.5065433196775476,0,0
-0.9775782227516174,0.10413377732038498,-1.3072670698165894,0.5204629285448641,0.49681969471797227,0,0
-0.9775163531303406,0.10446877032518387,-1.2918822765350342,0.4995128350845009,0.495063036067397,0,0
-0.977460503578186,0.10472051054239273,-1.2763854265213013,0.5066758195189397,0.4991680662587418,0,0
-0.9774025678634644,0.10489720106124878,-1.26077401638031,0.5025480977508603,0.5121704328674104,0,0
-0.9773356318473816,0.10500667989253998,-1.2450520992279053,0.5042896361459175,0.4990174836686777,0,0
-0.9772552847862244,0.10505738854408264,-1.2292479276657104,0.49761011054965676,0.4931059289556093,0,0
-0.9771580100059509,0.10505905747413635,-1.2133969068527222,0.5057073142091592,0.5111012531195231,0,0
-0.9770408868789673,0.10502184927463531,-1.1975090503692627,0.5001683462900575,0.4990860724447121,0,0
-0.9769015908241272,0.1049550324678421,-1.181579828262329,0.49781467642268024,0.4994809127570632,0,0
-0.9767395853996277,0.10486643761396408,-1.1656222343444824,0.49527314396273364,0.49906833282835256,0,0
-0.9765567779541016,0.10476324707269669,-1.1496615409851074,0.4772542194681472,0.5121381905149707,0,0
-0.9763564467430115,0.10465235263109207,-1.1337159872055054,0.5110155043931688,0.5015920779540871,0,0
-0.9761418700218201,0.10453995317220688,-1.1177922487258911,0.5059471646064584,0.5178794960999812,0,0
-0.9759162068367004,0.1044306829571724,-1.1018978357315063,0.4973631134076853,0.4864417217431568,0,0
-0.9756824970245361,0.10432750731706619,-1.0860481262207031,0.5212691569800505,0.5188221728085757,0,0
-0.9754441976547241,0.104232057929039,-1.0702568292617798,0.48361281916920906,0.4992361568333002,0,0
-0.975204586982727,0.10414525121450424,-1.054539680480957,0.5009426163232513,0.5040842793136606,0,0
-0.9749667048454285,0.10406779497861862,-1.038907527923584,0.4993101680592583,0.5019740221175782,0,0
-0.9747332334518433,0.10400015115737915,-1.0233721733093262,0.4883963250649517,0.5173574027643754,0,0
-0.9745062589645386,0.10394253581762314,-1.0079405307769775,0.4858405411784016,0.5010917972397303,0,0
-0.974287211894989,0.10389473289251328,-0.992621660232544,0.5071021803561508,0.48618917394975164,0,0
-0.9740775227546692,0.1038561537861824,-0.9774279594421387,0.4846683646032036,0.48248459532802773,0,0
-0.9738777875900269,0.10382591933012009,-0.9623721837997437,0.4892608389231868,0.4903852286436079,0,0
-0.9736889004707336,0.10380303114652634,-0.9474596381187439,0.501115461142261,0.48735834077417,0,0
-0.9735115766525269,0.10378649085760117,-0.9327020049095154,0.5019794556365089,0.4861815009371424,0,0
-0.9733459949493408,0.10377541929483414,-0.9181057214736938,0.5208615894282649,0.4916531239930688,0,0
-0.9731923937797546,0.10376902669668198,-0.903677225112915,0.5058304928879701,0.5149898292179143,0,0
-0.9730506539344788,0.10376651585102081,-0.8894280791282654,0.49224030651495765,0.5124157462449518,0,0
-0.9729201793670654,0.10376720130443573,-0.8753591179847717,0.4999965443057351,0.5059343748273619,0,0
-0.9728007912635803,0.10377038270235062,-0.8614822030067444,0.5050016609711049,0.5115918005791594,0,0
-0.9726916551589966,0.103775255382061,-0.8478030562400818,0.4995670384824661,0.5007681644026069,0,0
-0.972592294216156,0.10378116369247437,-0.8343273401260376,0.5061856557348242,0.4954630178191071,0,0
-0.9725020527839661,0.10378744453191757,-0.8210613131523132,0.49032804014404724,0.49596133846618456,0,0
-0.9724202752113342,0.10379357635974884,-0.8080044388771057,0.49264782084523207,0.5195285479010829,0,0
-0.9723466038703918,0.10379914194345474,-0.7951693534851074,0.5199384193222564,0.5129055993544782,0,0
-0.9722806811332703,0.10380388051271439,-0.7825559973716736,0.5079771564689858,0.5017782560285167,0,0
-0.9722216725349426,0.10380765795707703,-0.7701703906059265,0.5006067368227065,0.48852975792100795,0,0
-0.9721692204475403,0.10381051898002625,-0.7580127120018005,0.5069056253031885,0.4893639689978547,0,0
-0.972122848033905,0.10381252318620682,-0.7460889220237732,0.488742219964485,0.4679334934382059,0,0
-0.9720817804336548,0.1038137897849083,-0.7344052195549011,0.49241751925714206,0.5074488841711363,0,0
-0.9720454812049866,0.1038144901394844,-0.7229552865028381,0.4747966803548947,0.5140501022880571,0,0
-0.9720133543014526,0.10381476581096649,-0.7117508053779602,0.4954628410542217,0.4911282823352071,0,0
-0.9719843864440918,0.10381466150283813,-0.7007860541343689,0.5015005569042801,0.49499372572168066,0,0
-0.9719584584236145,0.10381424427032471,-0.6900668740272522,0.5052932153050217,0.5005923268903147,0,0
-0.9719347953796387,0.1038135290145874,-0.6795929670333862,0.49021339259858565,0.5008134581808358,0,0
-0.9719129204750061,0.10381249338388443,-0.669370710849762,0.5051082318189963,0.5042608184568385,0,0
-0.9718925356864929,0.10381107032299042,-0.659393310546875,0.4967888781698908,0.4922711132946967,0,0
-0.9718731641769409,0.10380920767784119,-0.649661660194397,0.48607403662085313,0.490814748702046,0,0
-0.9718548059463501,0.10380680114030838,-0.6401818990707397,0.499558519151631,0.49452900042870834,0,0
-0.971837043762207,0.103803850710392,-0.6309474110603333,0.5132013090348189,0.508686228336445,0,0
-0.9718201160430908,0.10380031913518906,-0.6219649314880371,0.508411963242369,0.4964797434811552,0,0
-0.971803605556488,0.10379616916179657,-0.6132277846336365,0.507068045510293,0.5062470650853333,0,0
-0.9717880487442017,0.1037914827466011,-0.604736328125,0.48783356789730065,0.5069996924179575,0,0
-0.9717729091644287,0.10378629714250565,-0.5964904427528381,0.48741075830585046,0.5099099400927583,0,0
-0.9717584252357483,0.10378071665763855,-0.5884909629821777,0.5035639196085879,0.5117263768333024,0,0
-0.9717447757720947,0.10377480089664459,-0.5807304978370667,0.4934651893387801,0.49236634987482003,0,0
-0.9717318415641785,0.10376868396997452,-0.5732157230377197,0.5085407567720923,0.4972274366429979,0,0
-0.9717196822166443,0.10376249998807907,-0.5659351944923401,0.5123241206830357,0.4864605749996785,0,0
-0.9717081189155579,0.10375631600618362,-0.5588937401771545,0.5075360696454303,0.5057463017067169,0,0
-0.9716973304748535,0.10375028103590012,-0.5520861148834229,0.5146452762226461,0.504768291850864,0,0
-0.9716871976852417,0.10374443233013153,-0.5455120801925659,0.5101623742916627,0.47514979387850037,0,0
-0.9716777205467224,0.10373886674642563,-0.539165735244751,0.5166661317041449,0.5097190726197547,0,0
-0.9716689586639404,0.10373362898826599,-0.5330475568771362,0.4885692067691419,0.47550563507560967,0,0
-0.9716604948043823,0.10372874140739441,-0.5271565914154053,0.5041469409913637,0.4936411971997008,0,0
-0.971652626991272,0.10372427105903625,-0.5214873552322388,0.4938530723598007,0.4946210395869023,0,0
-0.971645176410675,0.10372016578912735,-0.516033947467804,0.4928422635891812,0.5086508955354466,0,0
-0.9716383218765259,0.10371681302785873,-0.5108019113540649,0.49771290938820584,0.514134639906678,0,0
-0.9716312885284424,0.10371164232492447,-0.5057889819145203,0.4959835066722528,0.5028456369124807,0,0
-0.9716218709945679,0.10369843989610672,-0.5009903311729431,0.5069306368888711,0.5141974086606712,0,0
-0.9716068506240845,0.10366736352443695,-0.4963851571083069,0.49020934790376575,0.5072921949046367,0,0
-0.9715814590454102,0.10360483825206757,-0.4919854998588562,0.500959757782624,0.5018053918230998,0,0
-0.9715386629104614,0.10349418967962265,-0.48779842257499695,0.4900956307013481,0.5073823390061795,0,0
-0.9714695811271667,0.10331800580024719,-0.4837951362133026,0.49587891348142316,0.5024482603422573,0,0
-0.9713654518127441,0.10306013375520706,-0.4799242317676544,0.4979774788447287,0.511215950508431,0,0
-0.971220076084137,0.102704718708992,-0.47621047496795654,0.5041386834076075,0.5151688253942168,0,0
-0.9710285067558289,0.10223573446273804,-0.47270798683166504,0.5014664368665511,0.49937559765345874,0,0
-0.9707865118980408,0.10163820534944534,-0.4694078266620636,0.4997037461133682,0.5082597720548019,0,0
-0.9704903364181519,0.10089995712041855,-0.4662747085094452,0.505866791243272,0.5105236269338839,0,0
-0.970137894153595,0.10001211613416672,-0.4632904827594757,0.5073358266324629,0.5140195998838124,0,0
-0.9697296619415283,0.09896865487098694,-0.46046167612075806,0.5107575332788006,0.5085777754862438,0,0
-0.9692668318748474,0.09776659309864044,-0.457773357629776,0.4721845993689143,0.475901631190288,0,0
-0.968751847743988,0.09640578180551529,-0.45522406697273254,0.4864498743167465,0.48878132713107764,0,0
-0.9681879878044128,0.09488832950592041,-0.452798455953598,0.5001051426588228,0.4901188063178204,0,0
-0.9675784111022949,0.09321834146976471,-0.45048788189888,0.5094116230075127,0.4883772074608514,0,0
-0.9669271111488342,0.0914015918970108,-0.4482969045639038,0.4899220831255179,0.5186337480174026,0,0
-0.9662385582923889,0.08944529294967651,-0.4462259113788605,0.5064938569754668,0.49835122536640286,0,0
-0.965517520904541,0.08735760301351547,-0.4442650377750397,0.4997997169196482,0.49359295592503954,0,0
-0.964768648147583,0.08514752984046936,-0.44240492582321167,0.489560371538796,0.503514194678009,0,0
-0.9639953374862671,0.08282500505447388,-0.4406486451625824,0.4939827306924864,0.5017325705447027,0,0
-0.9631993770599365,0.08040109276771545,-0.43901336193084717,0.4890886848828596,0.484709918752219,0,0
-0.9623814821243286,0.07788711041212082,-0.4374890923500061,0.495994195056462,0.5018922001050213,0,0
-0.9615417122840881,0.07529352605342865,-0.4360327422618866,0.5016434806999904,0.5029444176485824,0,0
-0.9606786370277405,0.07262904942035675,-0.4346127510070801,0.49554538343321014,0.503843023547478,0,0
-0.959790825843811,0.06990060955286026,-0.43322718143463135,0.5074392520633383,0.49423887324784943,0,0
-0.9588766694068909,0.06711361557245255,-0.43188759684562683,0.504982068436117,0.516671159921286,0,0
-0.9579350352287292,0.06427238881587982,-0.43059951066970825,0.5067796715763221,0.5041927784258047,0,0
-0.95696622133255,0.06138061732053757,-0.42936354875564575,0.49242554619337675,0.5024753400128926,0,0
-0.9559707641601562,0.05844179168343544,-0.4281924068927765,0.517276098587393,0.4881674876979674,0,0
-0.9549503326416016,0.05545935779809952,-0.427079975605011,0.49845569156437214,0.5040485155053445,0,0
-0.9539067149162292,0.05243677273392677,-0.426018089056015,0.5054211237259444,0.5179720749779699,0,0
-0.9528411626815796,0.04937726631760597,-0.4250028133392334,0.5034841409748408,0.49796451294738864,0,0
-0.9517548680305481,0.046283744275569916,-0.42402392625808716,0.5088085371070368,0.5029111951266235,0,0
-0.9506486654281616,0.043158840388059616,-0.42308175563812256,0.49449221232586354,0.5156083970203376,0,0
-0.9495237469673157,0.04000489041209221,-0.42217719554901123,0.49523289796060627,0.5085905126143446,0,0
-0.9483814835548401,0.03682399168610573,-0.42131733894348145,0.48908083055776913,0.47763839834231986,0,0
-0.9472236633300781,0.03361818194389343,-0.4204995334148407,0.5125761217958351,0.5211508346104581,0,0
-0.9460520148277283,0.03038952499628067,-0.41972315311431885,0.5079309258299038,0.5134894562765329,0,0
-0.9448682069778442,0.0271401796489954,-0.41898563504219055,0.49873038440952216,0.5025241763127254,0,0
-0.9436737298965454,0.02387233078479767,-0.4182809591293335,0.4856102705767006,0.4974638001108988,0,0
-0.9424695372581482,0.020588137209415436,-0.417604923248291,0.5023634818170218,0.4957837592624687,0,0
-0.9412558674812317,0.017289627343416214,-0.4169595241546631,0.5099514052515334,0.5204539969924024,0,0
-0.940033495426178,0.013978510163724422,-0.41634008288383484,0.5125948855529484,0.4970701012589879,0,0
-0.9388027191162109,0.010656149126589298,-0.41574352979660034,0.49912101389487784,0.5088711488176841,0,0
-0.9375638961791992,0.007323616184294224,-0.4151744544506073,0.5003059926426775,0.5217948849680104,0,0
-0.936318039894104,0.003981821238994598,-0.4146300256252289,0.5024676452473373,0.5049356688767042,0,0
-0.9350652098655701,0.0006316321669146419,-0.4141104519367218,0.4803701415322762,0.5012281987665214,0,0
-0.9338064789772034,-0.0027260491624474525,-0.41361868381500244,0.5069744768546333,0.4947616547297221,0,0
-0.9325419664382935,-0.006090320181101561,-0.41315051913261414,0.47515164938960325,0.4936699445382714,0,0
-0.9312719702720642,-0.00946031790226698,-0.4127008318901062,0.5007323903435861,0.5022350208788074,0,0
-0.9299970269203186,-0.012835289351642132,-0.4122735857963562,0.5077963273243701,0.5013438557776884,0,0
-0.9287171959877014,-0.016214650124311447,-0.41186174750328064,0.498911519917758,0.5157156203953498,0,0
-0.9274327754974365,-0.01959795132279396,-0.4114709198474884,0.5112924694145143,0.5054805038588234,0,0
-0.9261440634727478,-0.022984834387898445,-0.41109251976013184,0.4952771371612926,0.49412214114001773,0,0
-0.9248513579368591,-0.026374943554401398,-0.41073283553123474,0.5037698347917836,0.5104068219261831,0,0
-0.9235549569129944,-0.029767924919724464,-0.4103910028934479,0.49796114994968876,0.494537887352876,0,0
-0.9222549796104431,-0.0331633985042572,-0.41006577014923096,0.47380585470298947,0.5158008633794344,0,0
-0.9209518432617188,-0.03656100481748581,-0.40975484251976013,0.49528669862129243,0.504239785594616,0,0
-0.9196456074714661,-0.03996042162179947,-0.40945783257484436,0.4924853521878525,0.5087073134664754,0,0
-0.9183365702629089,-0.04336138814687729,-0.40917038917541504,0.49279939906957765,0.49654402470113307,0,0
-0.9170247316360474,-0.046763721853494644,-0.4089001417160034,0.504080768603332,0.49492615065071294,0,0
-0.9157102704048157,-0.0501672737300396,-0.4086417555809021,0.5073492594213921,0.5049690426448817,0,0
-0.9143933653831482,-0.05357188358902931,-0.4083959758281708,0.5001472933708099,0.49596942228205904,0,0
-0.9130741953849792,-0.05697742477059364,-0.40816184878349304,0.5170085475493126,0.4922863099141366,0,0
-0.9117528200149536,-0.06038374826312065,-0.40793323516845703,0.49710913157536424,0.4945623846659004,0,0
-0.9104295372962952,-0.06379066407680511,-0.40771567821502686,0.509262358794705,0.49701557578736927,0,0
-0.9091042876243591,-0.06719807535409927,-0.40750882029533386,0.4915714193085391,0.48170354510826563,0,0
-0.9077771902084351,-0.07060583680868149,-0.40731292963027954,0.5049811800257055,0.4996724713556792,0,0
-0.906448245048523,-0.07401390373706818,-0.4071231484413147,0.5051431360100995,0.5094171049571999,0,0
-0.9051176905632019,-0.07742220908403397,-0.4069449007511139,0.5069371187433636,0.5056568983129787,0,0
-0.9037857055664062,-0.08083068579435349,-0.4067732095718384,0.49556163764758343,0.4846742771127249,0,0
-0.9024522304534912,-0.08423931151628494,-0.406607061624527,0.5080727725913828,0.4960473270747399,0,0
-0.9011171460151672,-0.08764799684286118,-0.4064529240131378,0.4875901693357655,0.4929921100332246,0,0
-0.8997806906700134,-0.0910566970705986,-0.40630432963371277,0.5226739095209462,0.49706032204039086,0,0
-0.8984430432319641,-0.09446535259485245,-0.4061613082885742,0.4966677486091949,0.49664254305405336,0,0
-0.8971039652824402,-0.09787394851446152,-0.40602385997772217,0.5032458778310307,0.48867166778954907,0,0
-0.8957638740539551,-0.10128246247768402,-0.40589287877082825,0.5149949089821335,0.49118085171106685,0,0
-0.8944226503372192,-0.10469087213277817,-0.40576788783073425,0.4786617380426559,0.5046679043628114,0,0
-0.8930800557136536,-0.10809918493032455,-0.40564844012260437,0.49015891317125054,0.5028214573660513,0,0
-0.8917367458343506,-0.11150732636451721,-0.4055350422859192,0.4876402910688597,0.49143346378127506,0,0
-0.8903922438621521,-0.11491534858942032,-0.405428022146225,0.4988840657314093,0.4792921560945771,0,0
-0.8890469074249268,-0.1183231845498085,-0.4053266942501068,0.4982532706481954,0.5096950770000496,0,0
-0.8877004981040955,-0.12173081934452057,-0.4052312672138214,0.5169958440829201,0.5025084291296731,0,0
-0.8863533735275269,-0.1251382976770401,-0.40513595938682556,0.5039572405179726,0.487659620221685,0,0
-0.8850052952766418,-0.12854556739330292,-0.4050465524196625,0.5092059102776433,0.5125698384312447,0,0
-0.8836565017700195,-0.1319526731967926,-0.40496325492858887,0.4914960177809321,0.4728362926857152,0,0
-0.8823068737983704,-0.13535957038402557,-0.4048798978328705,0.5075084864312394,0.5151196677084436,0,0
-0.8809564709663391,-0.13876627385616302,-0.4048025608062744,0.5031384754809411,0.4724175859864671,0,0
-0.8796053528785706,-0.14217279851436615,-0.40473082661628723,0.48817931838780376,0.5089350625961335,0,0
-0.8782536387443542,-0.14557912945747375,-0.4046590328216553,0.5101507837195739,0.5003670559597422,0,0
-0.8769011497497559,-0.14898526668548584,-0.4045933783054352,0.5056587137073751,0.5070380170355467,0,0
-0.8755481243133545,-0.1523912101984024,-0.40452754497528076,0.508691606474873,0.482214906741523,0,0
-0.8741944432258606,-0.15579697489738464,-0.40446826815605164,0.5091875837538351,0.5050548654804565,0,0
-0.8728400468826294,-0.15920254588127136,-0.4044090211391449,0.5107852191542395,0.5050480992461712,0,0
-0.8714852929115295,-0.16260796785354614,-0.40435531735420227,0.5002782925763581,0.5064259598604822,0,0
-0.8701300621032715,-0.1660132110118866,-0.40430164337158203,0.4958684750488769,0.510598115352629,0,0
-0.8687740564346313,-0.16941829025745392,-0.40425392985343933,0.47719989079038205,0.49645634486526613,0,0
-0.8674176931381226,-0.17282319068908691,-0.404206246137619,0.49234701449331414,0.5212945867729906,0,0
-0.8660608530044556,-0.17622792720794678,-0.4041585624217987,0.5007393299027639,0.4849801874196718,0,0
-0.8647036552429199,-0.1796324998140335,-0.4041168987751007,0.49694971566539825,0.5091075534480641,0,0
-0.8633458614349365,-0.18303696811199188,-0.40407517552375793,0.5085134868585031,0.500444165250919,0,0
-0.8619876503944397,-0.18644124269485474,-0.40403351187705994,0.5058029382102044,0.5005469851952103,0,0
-0.8606290221214294,-0.18984536826610565,-0.40399786829948425,0.5112449443607626,0.4959305724453249,0,0
-0.8592702150344849,-0.19324935972690582,-0.4039621949195862,0.5028041582028661,0.5156811707020708,0,0
-0.8579108715057373,-0.19665329158306122,-0.40392616391181946,0.47973541561902816,0.48521001601893343,0,0
-0.8565512895584106,-0.2000570148229599,-0.4038965106010437,0.5213667691846459,0.4929621544468713,0,0
-0.855191171169281,-0.20346061885356903,-0.4038667678833008,0.4892279786172907,0.5069475978747915,0,0
-0.8538308143615723,-0.2068641036748886,-0.4038371741771698,0.5185374700684471,0.4785035899336454,0,0
-0.8524702191352844,-0.21026749908924103,-0.40380755066871643,0.49764654221041416,0.5092184890242951,0,0
-0.8511092662811279,-0.2136707752943039,-0.40378397703170776,0.49568258199843124,0.5174206037342258,0,0
-0.8497481346130371,-0.2170739471912384,-0.4037599265575409,0.5012605788991625,0.48132734716954156,0,0
-0.8483866453170776,-0.22047698497772217,-0.40373584628105164,0.5022600296527349,0.5030523341866416,0,0
-0.8470249176025391,-0.22387997806072235,-0.4037117660045624,0.521181678086523,0.5009731672955148,0,0
-0.8456630110740662,-0.22728285193443298,-0.40368765592575073,0.47739252199353266,0.5068420028944418,0,0
-0.8443006873130798,-0.23068563640117645,-0.4036695659160614,0.49432203251269435,0.5040955664132941,0,0
-0.842938244342804,-0.23408837616443634,-0.4036515951156616,0.49768623856641014,0.48450277613488757,0,0
-0.8415757417678833,-0.23749101161956787,-0.4036335051059723,0.5085948866821307,0.49949992894201856,0,0
-0.8402129411697388,-0.24089355766773224,-0.40361541509628296,0.5054395753125538,0.5123129105158528,0,0
-0.8388497233390808,-0.24429598450660706,-0.40359732508659363,0.5062414177592717,0.481188758225422,0,0
-0.8374866247177124,-0.2476983666419983,-0.4035792648792267,0.503785089471811,0.4987707597107456,0,0
-0.8361231088638306,-0.25110071897506714,-0.40356773138046265,0.496003817381951,0.5064664892700619,0,0
-0.8347596526145935,-0.25450295209884644,-0.4035561680793762,0.5012488096266229,0.48773916595087424,0,0
-0.8333958387374878,-0.25790518522262573,-0.4035446345806122,0.5048700005028229,0.4849573945135163,0,0
-0.8320319056510925,-0.26130735874176025,-0.4035329818725586,0.49519211396307433,0.51089575136403,0,0
-0.8306679129600525,-0.2647094428539276,-0.40352141857147217,0.49994890979340684,0.508692453702702,0,0
-0.8293038010597229,-0.2681114673614502,-0.40350985527038574,0.49728402209563033,0.489246451146082,0,0
-0.8279394507408142,-0.271513432264328,-0.40349823236465454,0.48762947841112486,0.47943130034606,0,0
-0.8265749216079712,-0.27491533756256104,-0.4034866988658905,0.5060797006986184,0.5113331181578364,0,0
-0.8252103328704834,-0.2783172130584717,-0.40347516536712646,0.49070036073520357,0.5027729461241448,0,0
-0.8238458037376404,-0.28171902894973755,-0.40346357226371765,0.5004974887811735,0.5046519798591845,0,0
-0.8224809765815735,-0.28512081503868103,-0.40345755219459534,0.4947893757004838,0.4957758253286441,0,0
-0.8211159706115723,-0.28852251172065735,-0.403451532125473,0.49276826923475175,0.4993613014580515,0,0
-0.8197507858276367,-0.29192420840263367,-0.4034454822540283,0.482897580842197,0.49278032705226105,0,0
-0.8183857798576355,-0.29532590508461,-0.4034395217895508,0.5107032064559127,0.4998382033368512,0,0
-0.8170206546783447,-0.29872754216194153,-0.40343350172042847,0.5013105353455375,0.5059198316145967,0,0
-0.8156554102897644,-0.3021291196346283,-0.4034274220466614,0.5105348011747209,0.5048216436152662,0,0
-0.8142901659011841,-0.3055306673049927,-0.40342143177986145,0.5099310207248544,0.49563575911115393,0,0
-0.8129248023033142,-0.30893218517303467,-0.40341538190841675,0.49124471465850394,0.5052851756197855,0,0
-0.81155925989151,-0.3123336732387543,-0.40340936183929443,0.497563523633453,0.5209629108920623,0,0
-0.810193657875061,-0.3157351315021515,-0.4034033417701721,0.4926265967107065,0.48533594020821136,0,0
-0.8088280558586121,-0.3191365599632263,-0.4033973217010498,0.5029132471677344,0.5021451425536902,0,0
-0.8074623346328735,-0.32253798842430115,-0.4033912718296051,0.5042571437214965,0.501255317970247,0,0
-0.8060964941978455,-0.3259393572807312,-0.4033852517604828,0.5096995485325854,0.4923721563927276,0,0
-0.8047307133674622,-0.32934075593948364,-0.40337932109832764,0.49555970941357375,0.5101064967528066,0,0
-0.8033646941184998,-0.3327420949935913,-0.4033733010292053,0.48895663523620037,0.4985088670261644,0,0
-0.8019986152648926,-0.336143434047699,-0.4033733010292053,0.5066396824526886,0.49969474693309723,0,0
-0.8006325960159302,-0.33954477310180664,-0.4033733010292053,0.5086953371078001,0.5058984803832616,0,0
-0.7992665767669678,-0.3429460823535919,-0.4033733010292053,0.5128778421841862,0.5055658342229723,0,0
-0.797900378704071,-0.3463473618030548,-0.4033733010292053,0.5044944788356774,0.49919747954393817,0,0
-0.7965342998504639,-0.3497486114501953,-0.4033733010292053,0.5010567905861809,0.48670378843580586,0,0
-0.7951681613922119,-0.3531498610973358,-0.4033733010292053,0.5030560324832307,0.4897449247294031,0,0
-0.7938018441200256,-0.3565511107444763,-0.4033733010292053,0.4974484597246679,0.5068864721738637,0,0
-0.7924356460571289,-0.35995230078697205,-0.4033733010292053,0.4885995557900601,0.5108543724630473,0,0
-0.7910695672035217,-0.36335352063179016,-0.4033733010292053,0.5094785659621069,0.5026641924251398,0,0
-0.7897031903266907,-0.3667546808719635,-0.4033733010292053,0.4785036958787588,0.48775397077742083,0,0
-0.7883366346359253,-0.37015581130981445,-0.4033733010292053,0.4927836928053488,0.5052021932602948,0,0
-0.7869704365730286,-0.373556911945343,-0.4033733010292053,0.5016643107393952,0.5116457871834318,0,0
-0.7856040000915527,-0.37695807218551636,-0.4033733010292053,0.47892263794772366,0.5030407483019279,0,0
-0.7842373251914978,-0.38035911321640015,-0.4033733010292053,0.5057290683152618,0.4916247459702556,0,0
-0.782870888710022,-0.38376012444496155,-0.4033733010292053,0.492193875140516,0.5110470052540493,0,0
-0.7815043330192566,-0.3871612250804901,-0.4033733010292053,0.5132529359226573,0.5040544265989767,0,0
-0.7801375389099121,-0.3905622959136963,-0.4033733010292053,0.5138540505317841,0.48963370536048806,0,0
-0.7787709832191467,-0.3939633071422577,-0.4033733010292053,0.4817058351228276,0.5016422410530533,0,0
-0.7774040699005127,-0.3973643481731415,-0.4033733010292053,0.4815236447373119,0.505092893612437,0,0
-0.7760372757911682,-0.40076538920402527,-0.4033733010292053,0.49624178028220745,0.501009985721979,0,0
-0.7746704816818237,-0.4041663110256195,-0.4033733010292053,0.4961933571998197,0.4916854158044,0,0
-0.7733034491539001,-0.40756726264953613,-0.4033733010292053,0.4938264499089996,0.48955960145851485,0,0
-0.7719365358352661,-0.41096824407577515,-0.4033733010292053,0.523130469532464,0.49008842172218775,0,0
-0.7705695033073425,-0.4143691658973694,-0.4033733010292053,0.514183883567853,0.5055739357171263,0,0
-0.7692024111747742,-0.4177700877189636,-0.4033733010292053,0.5025843214261495,0.5114533785008302,0,0
-0.7678353786468506,-0.4211709797382355,-0.4033733010292053,0.5269776133267517,0.5099567307539186,0,0
-0.7664682269096375,-0.4245719015598297,-0.4033733010292053,0.496230119927889,0.4963101851915843,0,0
-0.7651012539863586,-0.4279727637767792,-0.4033733010292053,0.4915065830584107,0.5193237515282413,0,0
-0.7637339234352112,-0.431373655796051,-0.4033733010292053,0.49689252906717546,0.5162942472571672,0,0
-0.7623668313026428,-0.4347744882106781,-0.4033733010292053,0.4935005998733687,0.4986011979552688,0,0
-0.7609995603561401,-0.4381752908229828,-0.4033733010292053,0.4925359892567088,0.4907520726107661,0,0
-0.7596322298049927,-0.4415760934352875,-0.4033733010292053,0.5141677836574087,0.5170649833720128,0,0
-0.7582648396492004,-0.44497689604759216,-0.4033733010292053,0.5066711714935479,0.5059511628160726,0,0
-0.7568974494934082,-0.44837766885757446,-0.4033733010292053,0.5034249751739328,0.4985026301321276,0,0
-0.7555299997329712,-0.4517784118652344,-0.4033733010292053,0.49286387522736375,0.4973147964666276,0,0
-0.7541624903678894,-0.4551791250705719,-0.4033733010292053,0.4936080697246977,0.4999761984842438,0,0
-0.7527950406074524,-0.45857980847358704,-0.4033733010292053,0.486216089201679,0.4949494711718085,0,0
-0.7514272928237915,-0.46198052167892456,-0.4033733010292053,0.49645685489238306,0.48643889523539835,0,0
-0.7500596642494202,-0.4653812050819397,-0.4033733010292053,0.4980372616726883,0.49453693690726314,0,0
-0.7486920356750488,-0.46878185868263245,-0.4033733010292053,0.48842139335799034,0.49561864404903494,0,0
-0.7473243474960327,-0.4721825122833252,-0.4033733010292053,0.5126811532331029,0.4879837301906669,0,0
-0.7459565997123718,-0.47558316588401794,-0.4033733010292053,0.5071739680533177,0.5023763956005548,0,0
-0.7445888519287109,-0.4789837896823883,-0.4033733010292053,0.5069888333517805,0.4999807071197511,0,0
-0.7432210445404053,-0.48238441348075867,-0.4033733010292053,0.5117023814413121,0.49871447201149677,0,0
-0.7418531179428101,-0.48578500747680664,-0.4033733010292053,0.5010638463390186,0.5000806682080672,0,0
-0.7404851913452148,-0.4891856014728546,-0.4033733010292053,0.4814795193707168,0.5058339262513996,0,0
-0.7391171455383301,-0.4925861358642578,-0.4033733010292053,0.5070751079201337,0.4767152075621171,0,0
-0.7377493381500244,-0.495986670255661,-0.4033733010292053,0.5012439369517656,0.5105457932107753,0,0
-0.7363811135292053,-0.4993872046470642,-0.4033733010292053,0.48752492369419037,0.4943765200994518,0,0
-0.7350131273269653,-0.502787709236145,-0.4033733010292053,0.4873922864450324,0.48929439122287255,0,0
-0.7336450815200806,-0.5061882138252258,-0.4033733010292053,0.4878883980013993,0.49161722056738627,0,0
-0.732276976108551,-0.5095887184143066,-0.4033733010292053,0.4761404063005765,0.5095281490124415,0,0
-0.7309089303016663,-0.5129891633987427,-0.4033733010292053,0.5011959911560191,0.5062385337451771,0,0
-0.7295405864715576,-0.5163896083831787,-0.4033733010292053,0.4817010672641291,0.4819128588725448,0,0
-0.7281724810600281,-0.5197900533676147,-0.4033733010292053,0.5090730540292477,0.507842962535116,0,0
-0.7268041372299194,-0.5231905579566956,-0.4033733010292053,0.5031141039980104,0.48891802228595066,0,0
-0.7254356741905212,-0.5265909433364868,-0.4033733010292053,0.4998642692545127,0.5111956003698089,0,0
-0.7240673899650574,-0.5299913287162781,-0.4033733010292053,0.5156743848138419,0.49956214818614114,0,0
-0.7226988673210144,-0.5333917140960693,-0.4033733010292053,0.5046776223417981,0.5126521611596865,0,0
-0.7213305234909058,-0.5367920994758606,-0.4033733010292053,0.48779146415181857,0.503727267011847,0,0
-0.7199620604515076,-0.5401924848556519,-0.4033733010292053,0.5065860100581953,0.5001437746968298,0,0
-0.7185934782028198,-0.5435928106307983,-0.4033733010292053,0.500670581446944,0.49486596357872414,0,0
-0.7172248959541321,-0.5469931364059448,-0.4033733010292053,0.5144389728924076,0.5014849486852916,0,0
-0.7158563733100891,-0.5503934621810913,-0.4033733010292053,0.5033428875473017,0.49774458576173763,0,0
-0.7144876718521118,-0.553793728351593,-0.4033733010292053,0.5033206036255766,0.5071046466452344,0,0
-0.7131190299987793,-0.55719393491745,-0.4033733010292053,0.4906075503831735,0.5012200808013575,0,0
-0.7117504477500916,-0.5605942010879517,-0.4033733010292053,0.4989833287698092,0.49617700523077835,0,0
-0.7103816270828247,-0.5639944672584534,-0.4033733010292053,0.503821344943611,0.509499656233556,0,0
-0.7090129256248474,-0.5673947930335999,-0.4033733010292053,0.49105433386949476,0.5074626393347651,0,0
-0.7076441049575806,-0.5707950592041016,-0.4033733010292053,0.487786618862043,0.5159122670474028,0,0
-0.7062751650810242,-0.5741952657699585,-0.4033733010292053,0.5017297900749166,0.511893312555369,0,0
-0.704906165599823,-0.5775954127311707,-0.4033733010292053,0.4914672725373418,0.5058569933728572,0,0
-0.7035372853279114,-0.5809956192970276,-0.40337279438972473,0.5045620021231791,0.4955784330828312,0,0
-0.7021684050559998,-0.5843958258628845,-0.40337231755256653,0.5012841733475324,0.5141268293384758,0,0
-0.7007994651794434,-0.5877959728240967,-0.40337231755256653,0.5028133350631383,0.5027762833123145,0,0
-0.6994304656982422,-0.5911962389945984,-0.40337231755256653,0.49623690295723527,0.5021637783175872,0,0
-0.6980616450309753,-0.5945964455604553,-0.40337231755256653,0.5031190565580824,0.5006545119499617,0,0
-0.6966927647590637,-0.5979965925216675,-0.40337231755256653,0.49126367914975466,0.50566507996941,0,0
-0.6953239440917969,-0.6013968586921692,-0.40337231755256653,0.5069001090824425,0.499713971192322,0,0
-0.6939550042152405,-0.6047971248626709,-0.40337231755256653,0.4940974727208572,0.49041894188132285,0,0
-0.6925861239433289,-0.6081973314285278,-0.40337231755256653,0.4913052680151804,0.4879200951652862,0,0
-0.6912171840667725,-0.6115975975990295,-0.40337231755256653,0.5171274869361133,0.5046494468011309,0,0
-0.6898483633995056,-0.6149978637695312,-0.40337231755256653,0.4918821945716077,0.5064038657734574,0,0
-0.6884796023368835,-0.6183980703353882,-0.40337231755256653,0.5011308594728155,0.503291678073252,0,0
-0.6871107220649719,-0.6217982769012451,-0.40337231755256653,0.48055738042330204,0.5092442776090922,0,0
-0.6857419013977051,-0.6251986026763916,-0.40337231755256653,0.5023166193811901,0.505866745825765,0,0
-0.684373140335083,-0.6285988688468933,-0.40337231755256653,0.5086110269014792,0.4885863715066494,0,0
-0.6830043792724609,-0.631999135017395,-0.40337231755256653,0.49696949856953443,0.49855204855531865,0,0
-0.6816354990005493,-0.6353994011878967,-0.40337231755256653,0.5140332780866668,0.5100230502772688,0,0
-0.6802666783332825,-0.6387996673583984,-0.40337231755256653,0.5024162826268939,0.5021571631582705,0,0
-0.6788978576660156,-0.6421998739242554,-0.40337231755256653,0.488667349225467,0.5016922162190438,0,0
-0.6775290369987488,-0.6456002593040466,-0.40337231755256653,0.49071045868346724,0.501964692409054,0,0
-0.6761602759361267,-0.6490005850791931,-0.40337231755256653,0.484941235571191,0.5164499527405816,0,0
-0.6747915148735046,-0.6524009108543396,-0.40337231755256653,0.5074077461454412,0.49259569714825363,0,0
-0.6734226942062378,-0.6558012962341309,-0.40337231755256653,0.5041312460510745,0.5077989821514123,0,0
-0.672053873538971,-0.6592016816139221,-0.40337231755256653,0.4964308675928923,0.5087487698926695,0,0
-0.6706851720809937,-0.6626020073890686,-0.40337231755256653,0.49675028170220153,0.4952960112515509,0,0
-0.6693164706230164,-0.6660023331642151,-0.40337231755256653,0.510275312793104,0.507310538463965,0,0
-0.6679477095603943,-0.6694026589393616,-0.40337231755256653,0.4917328485612002,0.49182653097720436,0,0
-0.6665788888931274,-0.6728029847145081,-0.40337231755256653,0.5071732940146054,0.503396760589871,0,0
-0.6652101874351501,-0.6762033104896545,-0.40337231755256653,0.5052339148940506,0.48878321352115744,0,0
-0.6638413667678833,-0.679603636264801,-0.40337231755256653,0.495444402880205,0.5093082037329154,0,0
-0.6624726057052612,-0.6830040216445923,-0.40337231755256653,0.5051880662195452,0.4982008707076428,0,0
-0.6611039042472839,-0.6864043474197388,-0.40337231755256653,0.4987732117655391,0.49171799761603047,0,0
-0.6597352027893066,-0.68980473279953,-0.40337231755256653,0.49209790547347454,0.48549725397619264,0,0
-0.6583664417266846,-0.6932051181793213,-0.40337231755256653,0.5283052566485954,0.49260551794836466,0,0
-0.6569976806640625,-0.6966055035591125,-0.40337231755256653,0.5085549724639249,0.5011069197246713,0,0
-0.6556289792060852,-0.7000058889389038,-0.40337231755256653,0.5002659108915252,0.513517018954804,0,0
-0.6542602777481079,-0.7034062743186951,-0.40337231755256653,0.4923949229523642,0.5064317246770282,0,0
-0.6528915762901306,-0.7068066596984863,-0.40337231755256653,0.5034544419576715,0.5105753265340931,0,0
-0.6515228748321533,-0.7102069854736328,-0.40337231755256653,0.5027575052987538,0.4878789106676067,0,0
-0.6501542329788208,-0.7136074304580688,-0.40337231755256653,0.49222205710035594,0.4913633585778714,0,0
-0.6487855315208435,-0.7170078754425049,-0.40337231755256653,0.495819779570791,0.5116692348436075,0,0
-0.6474169492721558,-0.7204083204269409,-0.40337231755256653,0.49597930123265466,0.4962248090604794,0,0
-0.6460482478141785,-0.723808765411377,-0.40337231755256653,0.5032572712337375,0.5227533242734292,0,0
-0.644679605960846,-0.7272093296051025,-0.40337231755256653,0.5018860593150174,0.5027646499012762,0,0
-0.6433109641075134,-0.7306097149848938,-0.40337231755256653,0.4965664219576617,0.48412556579534133,0,0
-0.6419422626495361,-0.7340101599693298,-0.40337231755256653,0.488718469087423,0.49264016850996745,0,0
-0.6405736804008484,-0.7374106049537659,-0.40337231755256653,0.4961381567389032,0.5175961139000348,0,0
-0.6392050981521606,-0.7408110499382019,-0.40337231755256653,0.4976033405224699,0.49909631479904054,0,0
-0.6378365159034729,-0.7442115545272827,-0.40337231755256653,0.4859393232513163,0.47861823688368066,0,0
-0.6364679336547852,-0.7476119995117188,-0.40337231755256653,0.4967175448465557,0.5073209220483101,0,0
-0.6350992918014526,-0.7510125041007996,-0.40337231755256653,0.5041642626739573,0.4898770816086807,0,0
-0.6337307095527649,-0.7544130086898804,-0.40337231755256653,0.49468280058900094,0.49021643776881996,0,0
-0.6323621273040771,-0.7578135132789612,-0.40337231755256653,0.519137701506329,0.5071807425052783,0,0
-0.6309935450553894,-0.761214017868042,-0.40337231755256653,0.5028366934004405,0.4940477002126817,0,0
-0.6296250224113464,-0.764614462852478,-0.40337231755256653,0.48805779903290947,0.5168876066110757,0,0
-0.6282563805580139,-0.7680148482322693,-0.40337231755256653,0.498758764973255,0.5274511355018354,0,0
-0.626887857913971,-0.7714153528213501,-0.40337231755256653,0.4972861202060507,0.49666300649676215,0,0
-0.6255192756652832,-0.7748157382011414,-0.40337231755256653,0.5177970118172698,0.5087121586721568,0,0
-0.6241506934165955,-0.7782162427902222,-0.40337231755256653,0.5024061501683615,0.525583404542935,0,0
-0.6227820515632629,-0.7816166877746582,-0.40337231755256653,0.4892905222267223,0.5041575003432988,0,0
-0.6214134693145752,-0.7850171327590942,-0.40337231755256653,0.49320995593878886,0.5251088904352412,0,0
-0.620045006275177,-0.7884175777435303,-0.40337231755256653,0.49168984729991305,0.49143590913672813,0,0
-0.618676483631134,-0.7918180227279663,-0.40337231755256653,0.4981996504796213,0.5087265648087912,0,0
-0.6173079609870911,-0.7952185273170471,-0.40337231755256653,0.5036409127727549,0.5012193632265879,0,0
-0.6159393787384033,-0.7986190915107727,-0.40337231755256653,0.49393091491778934,0.48634822734748784,0,0
-0.6145707964897156,-0.8020195960998535,-0.40337231755256653,0.5035200014536625,0.502120201918293,0,0
-0.6132022738456726,-0.8054200410842896,-0.40337231755256653,0.488595263431501,0.48106176263540956,0,0
-0.6118336915969849,-0.8088206648826599,-0.40337231755256653,0.5064113917437785,0.5040129458413981,0,0
-0.6104652285575867,-0.8122212886810303,-0.40337231755256653,0.5073911725334153,0.5034018230211365,0,0
-0.6090967059135437,-0.8156218528747559,-0.40337231755256653,0.522345891067589,0.5011801945631275,0,0
-0.6077281832695007,-0.8190224170684814,-0.40337231755256653,0.48827903641050263,0.48828763912818074,0,0
-0.606359601020813,-0.822422981262207,-0.40337231755256653,0.4966215049126065,0.5041414394236501,0,0
-0.6049911379814148,-0.8258235454559326,-0.40337231755256653,0.4978115705439953,0.5091247022321249,0,0
-0.6036226153373718,-0.829224169254303,-0.40337231755256653,0.5112116819750991,0.4977312395330914,0,0
-0.6022541522979736,-0.8326247930526733,-0.40337231755256653,0.49031746058562414,0.4957812874169101,0,0
-0.6008856892585754,-0.8360254168510437,-0.40337231755256653,0.5049125591228248,0.5034636710500676,0,0
-0.5995171666145325,-0.8394260406494141,-0.40337231755256653,0.5086911877910598,0.5130995412667586,0,0
-0.598148763179779,-0.8428266048431396,-0.40337231755256653,0.5106936796821794,0.5006799135580067,0,0
-0.5967802405357361,-0.84622722864151,-0.40337231755256653,0.49791418243361396,0.5027878875731756,0,0
-0.5954117774963379,-0.8496278524398804,-0.40337231755256653,0.5168927782646795,0.49704761047582785,0,0
-0.5940432548522949,-0.8530284762382507,-0.40337231755256653,0.4847673389210935,0.5228833082102242,0,0
-0.5926747918128967,-0.8564291000366211,-0.40337231755256653,0.49057113417520337,0.5069648240310292,0,0
-0.5913063287734985,-0.8598297238349915,-0.40337231755256653,0.5095536307278673,0.503665524181448,0,0
-0.5899379253387451,-0.863230288028717,-0.40337231755256653,0.49416146375224335,0.49680229555796673,0,0
-0.5885695219039917,-0.8666309714317322,-0.40337231755256653,0.5057822554039032,0.4964123852643126,0,0
-0.5872011184692383,-0.8700316548347473,-0.40337231755256653,0.48615112889814055,0.5103381222346072,0,0
-0.5858326554298401,-0.8734323382377625,-0.40337231755256653,0.5037308639034441,0.5011386556120455,0,0
-0.5844642519950867,-0.8768330216407776,-0.40337231755256653,0.48912797377478456,0.5058490650924892,0,0
-0.5830958485603333,-0.8802337050437927,-0.40337231755256653,0.5160707556991783,0.5027319808826685,0,0
-0.5817273855209351,-0.8836343884468079,-0.40337231755256653,0.5072618265457908,0.5108707401308678,0,0
-0.5803589820861816,-0.887035071849823,-0.40337231755256653,0.5165440925654616,0.49427933365555177,0,0
-0.578990638256073,-0.8904357552528381,-0.40337231755256653,0.499310017032574,0.5073044340359378,0,0
-0.5776222348213196,-0.893836498260498,-0.40337231755256653,0.5040887743683033,0.5245162275317476,0,0
-0.5762538909912109,-0.8972371816635132,-0.40337231755256653,0.49019139847384935,0.49448360006659997,0,0
-0.5748854279518127,-0.9006379246711731,-0.40337231755256653,0.5129478501472443,0.5113346473059602,0,0
-0.5735170841217041,-0.9040386080741882,-0.40337231755256653,0.5010926546029654,0.5008532266788642,0,0
-0.5721486806869507,-0.9074392914772034,-0.40337231755256653,0.4994236289048276,0.5076448981919369,0,0
-0.570780336856842,-0.9108400344848633,-0.40337231755256653,0.4985797992220897,0.5006153479563393,0,0
-0.5694119334220886,-0.9142407774925232,-0.40337231755256653,0.48666063035536045,0.4967305063423512,0,0
-0.5680436491966248,-0.9176415205001831,-0.40337231755256653,0.5086757314836701,0.49534942684713684,0,0
-0.5666753649711609,-0.921042263507843,-0.40337231755256653,0.5051578763463305,0.5011771961375002,0,0
-0.565307080745697,-0.9244430065155029,-0.40337231755256653,0.48510904343634986,0.5015670345969345,0,0
-0.5639387965202332,-0.9278437495231628,-0.40337231755256653,0.5071897605779152,0.49069118021125124,0,0
-0.5625704526901245,-0.9312445521354675,-0.40337231755256653,0.5050604535847708,0.5292416901464299,0,0
-0.5612021684646606,-0.9346452951431274,-0.40337231755256653,0.5022856918722495,0.5115326869859257,0,0
-0.5598337650299072,-0.9380460381507874,-0.40337231755256653,0.48374035822088535,0.4931041636386766,0,0
-0.5584654808044434,-0.9414467811584473,-0.40337231755256653,0.5160517047734184,0.48254016108637277,0,0
-0.5570971369743347,-0.9448475241661072,-0.40337231755256653,0.49431168545413245,0.5031784393124279,0,0
-0.5557287335395813,-0.9482482671737671,-0.40337231755256653,0.5122171165901376,0.5074580575738933,0,0
-0.5543603897094727,-0.9516490697860718,-0.40337231755256653,0.47672431931869014,0.5003424311526797,0,0
-0.5529921650886536,-0.9550498127937317,-0.40337231755256653,0.5032146398088406,0.5042504185477633,0,0
-0.5516238808631897,-0.9584505558013916,-0.40337231755256653,0.4836195939412151,0.5025570429027667,0,0
-0.550255537033081,-0.9618513584136963,-0.40337231755256653,0.491450879231029,0.4990931456268783,0,0
-0.548887312412262,-0.9652522206306458,-0.40337231755256653,0.49187631704574303,0.4929003649503004,0,0
-0.5475189685821533,-0.9686530232429504,-0.40337231755256653,0.49717342917074764,0.5138533348747001,0,0
-0.5461507439613342,-0.9720538258552551,-0.40337231755256653,0.5101881650200173,0.4960647595609139,0,0
-0.5447824001312256,-0.9754546880722046,-0.40337231755256653,0.4834974214342802,0.497561836861211,0,0
-0.5434141755104065,-0.9788554906845093,-0.40337231755256653,0.49503621365643186,0.5050796911542028,0,0
-0.5420459508895874,-0.982256293296814,-0.40337231755256653,0.4889917791760691,0.4939426203035225,0,0
-0.5406776070594788,-0.9856571555137634,-0.40337231755256653,0.4898728568914631,0.4905737651900858,0,0
-0.5393093824386597,-0.9890579581260681,-0.40337231755256653,0.4899594304493237,0.50218880198519,0,0
-0.5379410982131958,-0.9924588203430176,-0.40337231755256653,0.5113295255294144,0.49367127773274183,0,0
-0.5365728735923767,-0.9958596229553223,-0.40337231755256653,0.5053150899146328,0.5025208934030164,0,0
-0.5352047085762024,-0.9992603063583374,-0.40337231755256653,0.5080493946673337,0.4935672757374622,0,0
-0.5338364839553833,-1.002661108970642,-0.40337231755256653,0.511421369006752,0.48934812863164273,0,0
-0.5324682593345642,-1.0060619115829468,-0.40337231755256653,0.5027614352951993,0.4918332978481641,0,0
-0.5311000943183899,-1.0094627141952515,-0.40337231755256653,0.4838264536524698,0.494294807445736,0,0
-0.529731810092926,-1.0128635168075562,-0.40337231755256653,0.5034268839562673,0.4872372635719038,0,0
-0.5283636450767517,-1.0162643194198608,-0.40337231755256653,0.4785988771141849,0.5002240291630735,0,0
-0.5269954204559326,-1.0196651220321655,-0.40337231755256653,0.5009441255751067,0.48160400332370457,0,0
-0.5256271958351135,-1.0230659246444702,-0.40337231755256653,0.504566145191959,0.4971271099653309,0,0
-0.5242590308189392,-1.026466727256775,-0.40337231755256653,0.49429093407144686,0.5054843597001762,0,0
-0.5228908061981201,-1.0298676490783691,-0.40337231755256653,0.4942000849078621,0.48463633896940345,0,0
-0.5215226411819458,-1.0332685708999634,-0.40337231755256653,0.5138645329608182,0.5108716667849802,0,0
-0.5201544165611267,-1.0366694927215576,-0.40337231755256653,0.51433793245232,0.5157606633790441,0,0
-0.5187861323356628,-1.0400704145431519,-0.40337231755256653,0.5037162425857274,0.49607473027836707,0,0
-0.5174179077148438,-1.043471336364746,-0.40337231755256653,0.5036697516620218,0.5069588770979612,0,0
-0.5160497426986694,-1.0468722581863403,-0.40337231755256653,0.49149968199272465,0.5275066540309705,0,0
-0.5146815180778503,-1.050273060798645,-0.40337231755256653,0.5093351089979318,0.5148801966828467,0,0
-0.5133134126663208,-1.0536741018295288,-0.40337231755256653,0.5016687356615984,0.485561796026279,0,0
-0.5119451880455017,-1.057075023651123,-0.40337231755256653,0.498024868282553,0.49621705615288914,0,0
-0.5105770230293274,-1.0604759454727173,-0.40337231755256653,0.5152823869471465,0.5247365461206697,0,0
-0.5092089176177979,-1.0638768672943115,-0.40337231755256653,0.5026511755466241,0.5042170549118481,0,0
-0.5078408122062683,-1.0672777891159058,-0.40337231755256653,0.49106110572964945,0.5033722366651894,0,0
-0.506472647190094,-1.0706787109375,-0.40337231755256653,0.4914511131150038,0.5072815339403297,0,0
-0.5051045417785645,-1.0740795135498047,-0.40337231755256653,0.5093341661248127,0.5039148020369284,0,0
-0.5037363171577454,-1.0774805545806885,-0.40337231755256653,0.5048937736443272,0.5259064679300152,0,0
-0.502368152141571,-1.0808813571929932,-0.40337231755256653,0.493802670191242,0.5043346798114001,0,0
-0.5009999871253967,-1.0842822790145874,-0.40337231755256653,0.49851890188275383,0.4988207485295916,0,0
-0.4996318519115448,-1.0876832008361816,-0.40337231755256653,0.49492647000668966,0.47228838009906876,0,0
-0.49826371669769287,-1.0910841226577759,-0.40337231755256653,0.5172965759752526,0.49322889620363297,0,0
-0.49689561128616333,-1.0944850444793701,-0.40337231755256653,0.48409767680026183,0.4933935480856547,0,0
-0.4955275058746338,-1.0978859663009644,-0.40337231755256653,0.4852931329274513,0.49951064324881156,0,0
-0.49415937066078186,-1.1012868881225586,-0.40337231755256653,0.4976022100353273,0.5197567795533655,0,0
-0.49279120564460754,-1.1046878099441528,-0.40337231755256653,0.49731747448123015,0.5092839080859599,0,0
-0.4914231300354004,-1.108088731765747,-0.40337231755256653,0.49258392628069514,0.48559734152253103,0,0
-0.4900549650192261,-1.1114896535873413,-0.40337231755256653,0.4836246528098234,0.48920256077889446,0,0
-0.4886868894100189,-1.114890456199646,-0.40337231755256653,0.5126855966149149,0.49515159261744324,0,0
-0.48731881380081177,-1.1182913780212402,-0.40337231755256653,0.486700782333167,0.48284147729381227,0,0
-0.48595067858695984,-1.1216922998428345,-0.40337231755256653,0.510826243057339,0.5004497739632233,0,0
-0.4845825731754303,-1.1250931024551392,-0.40337231755256653,0.49974346161639144,0.4867217526332427,0,0
-0.483214408159256,-1.1284940242767334,-0.40337231755256653,0.49159630683631733,0.4953329879634109,0,0
-0.48184630274772644,-1.1318949460983276,-0.40337231755256653,0.49794422693668294,0.4961394345455409,0,0
-0.4804781973361969,-1.1352958679199219,-0.40337231755256653,0.5118572851872214,0.4990565881784598,0,0
-0.4791101813316345,-1.1386967897415161,-0.40337231755256653,0.49693036348132374,0.48964023857138045,0,0
-0.47774213552474976,-1.1420978307724,-0.40337231755256653,0.48426490050771104,0.4879712065167525,0,0
-0.4763740599155426,-1.1454988718032837,-0.40337231755256653,0.5096610070746946,0.47763198267269275,0,0
-0.47500601410865784,-1.1488999128341675,-0.40337231755256653,0.47292373497647755,0.5079450190057597,0,0
-0.47363796830177307,-1.1523008346557617,-0.40337231755256653,0.5007811074873475,0.5004787275302452,0,0
-0.47226986289024353,-1.1557018756866455,-0.40337231755256653,0.4929038278092796,0.504551139391308,0,0
-0.470901757478714,-1.1591029167175293,-0.40337231755256653,0.5105718088825002,0.48228284638586516,0,0
-0.4695337116718292,-1.162503957748413,-0.40337231755256653,0.5071966262075075,0.5119562181977872,0,0
-0.46816563606262207,-1.1659049987792969,-0.40337231755256653,0.5037894333891818,0.49085222048276933,0,0
-0.4667975902557373,-1.1693060398101807,-0.40337231755256653,0.48233982034923173,0.48947773385872856,0,0
-0.4654295742511749,-1.1727070808410645,-0.40337231755256653,0.5103327555202828,0.4855013514677095,0,0
-0.46406155824661255,-1.1761081218719482,-0.40337231755256653,0.484707438494898,0.4883919261537638,0,0
-0.4626934826374054,-1.179509162902832,-0.40337231755256653,0.5098578731663715,0.5137050831367795,0,0
-0.46132543683052063,-1.1829102039337158,-0.40337231755256653,0.5046461071574674,0.4977612412706274,0,0
-0.45995742082595825,-1.1863112449645996,-0.40337231755256653,0.5176618450342768,0.49514252199839004,0,0
-0.4585894048213959,-1.1897122859954834,-0.40337231755256653,0.4985160199744184,0.5088244583623909,0,0
-0.4572213590145111,-1.1931133270263672,-0.40337231755256653,0.4856632361423319,0.5129201755415244,0,0
-0.45585334300994873,-1.1965142488479614,-0.40337231755256653,0.5018026753486122,0.498091074778253,0,0
-0.45448535680770874,-1.1999152898788452,-0.40337231755256653,0.4991436144485337,0.4842937071150435,0,0
-0.45311737060546875,-1.203316330909729,-0.40337231755256653,0.5056852031032798,0.5047165159878537,0,0
-0.4517492949962616,-1.2067173719406128,-0.40337231755256653,0.5069436526242944,0.4977870087098869,0,0
-0.45038124918937683,-1.2101184129714966,-0.40337231755256653,0.4843088443157349,0.48774127406719275,0,0
-0.44901323318481445,-1.2135194540023804,-0.40337231755256653,0.49845497101697916,0.5085776874417133,0,0
-0.4476452171802521,-1.2169204950332642,-0.40337231755256653,0.5043553230986733,0.49382758184859665,0,0
-0.4462771713733673,-1.220321536064148,-0.40337231755256653,0.4943265445164913,0.4936396053985151,0,0
-0.44490915536880493,-1.2237225770950317,-0.40337231755256653,0.5029843084256411,0.48063412110679127,0,0
-0.44354116916656494,-1.2271236181259155,-0.40337231755256653,0.5162251560339759,0.4918908229364096,0,0
-0.44217321276664734,-1.2305246591567993,-0.40337231755256653,0.48261897008509735,0.5090250741518585,0,0
-0.4408051669597626,-1.233925700187683,-0.40337231755256653,0.5139183288720934,0.5041854629644024,0,0
-0.4394371807575226,-1.237326741218567,-0.40337231755256653,0.5039738625139855,0.49583708337788424,0,0
-0.4380691945552826,-1.2407277822494507,-0.40337231755256653,0.5010850012294138,0.5023135516308022,0,0
-0.436701238155365,-1.244128942489624,-0.40337231755256653,0.49632293971071834,0.5067429375263784,0,0
-0.4353331923484802,-1.2475299835205078,-0.40337231755256653,0.49238313694149816,0.4883390664369525,0,0
-0.43396520614624023,-1.2509310245513916,-0.40337231755256653,0.49969563048526267,0.5020058251949729,0,0
-0.43259724974632263,-1.2543320655822754,-0.40337231755256653,0.4979201962715028,0.5091430605705337,0,0
-0.43122929334640503,-1.2577331066131592,-0.40337231755256653,0.49984068832164086,0.49464613881024744,0,0
-0.4298613667488098,-1.261134147644043,-0.40337231755256653,0.5144242767585082,0.5050016081082473,0,0
-0.4284933805465698,-1.2645351886749268,-0.40337231755256653,0.5054263362944263,0.5128179380903317,0,0
-0.4271254241466522,-1.2679363489151,-0.40337231755256653,0.5197666091480413,0.4956966385833113,0,0
-0.425757497549057,-1.2713375091552734,-0.40337231755256653,0.5074073167252121,0.5049124916464339,0,0
-0.4243895709514618,-1.2747386693954468,-0.40337231755256653,0.519645337678173,0.504586614723202,0,0
-0.4230216145515442,-1.2781398296356201,-0.40337231755256653,0.501049606969442,0.5022323223462071,0,0
-0.4216536581516266,-1.2815409898757935,-0.40337231755256653,0.4951834620126148,0.49922067047473345,0,0
-0.4202856719493866,-1.2849421501159668,-0.40337231755256653,0.5058808503308194,0.4954931185693096,0,0
-0.4189177453517914,-1.2883433103561401,-0.40337231755256653,0.49574208050282703,0.5019448833830039,0,0
-0.41754984855651855,-1.2917444705963135,-0.40337231755256653,0.4883572825735701,0.49606782054696935,0,0
-0.41618189215660095,-1.2951456308364868,-0.40337231755256653,0.496930700088355,0.5035547471277533,0,0
-0.41481393575668335,-1.2985467910766602,-0.40337231755256653,0.4819094505447625,0.5106018391710124,0,0
-0.41344597935676575,-1.3019479513168335,-0.40337231755256653,0.506355811476366,0.5052749469787857,0,0
-0.4120780825614929,-1.3053491115570068,-0.40337231755256653,0.4951910853177613,0.49501367454286993,0,0
-0.41071009635925293,-1.3087501525878906,-0.40337231755256653,0.4947188098076416,0.5025046916096694,0,0
-0.4093421697616577,-1.312151312828064,-0.40337231755256653,0.49514154429745655,0.5250058487554525,0,0
-0.4079742431640625,-1.3155524730682373,-0.40337231755256653,0.5036336993348024,0.4895445763087769,0,0
-0.4066063463687897,-1.3189536333084106,-0.40337231755256653,0.49492254468336594,0.48461959171100377,0,0
-0.40523844957351685,-1.322354793548584,-0.40337231755256653,0.48137816233647307,0.4985681060334831,0,0
-0.40387052297592163,-1.3257560729980469,-0.40337231755256653,0.5077848095792544,0.5051575002306952,0,0
-0.40250256657600403,-1.3291572332382202,-0.40337231755256653,0.496938297418372,0.5037704781640321,0,0
-0.4011346697807312,-1.3325583934783936,-0.40337231755256653,0.5048774220051494,0.48957825126424265,0,0
-0.3997667729854584,-1.3359596729278564,-0.40337231755256653,0.5046764618067913,0.5060213336743463,0,0
-0.39839890599250793,-1.3393608331680298,-0.40337231755256653,0.4952579071252751,0.5070970528114357,0,0
-0.3970310091972351,-1.3427619934082031,-0.40337231755256653,0.47810579703755235,0.4996729891097306,0,0
-0.3956631124019623,-1.3461631536483765,-0.40337231755256653,0.48422957599054345,0.5024530213964887,0,0
-0.39429521560668945,-1.3495643138885498,-0.40337231755256653,0.503925261945424,0.5012711357330286,0,0
-0.3929273188114166,-1.3529655933380127,-0.40337231755256653,0.49425923644998404,0.5055112695606551,0,0
-0.3915594518184662,-1.356366753578186,-0.40337231755256653,0.5055809873041279,0.5124091915765085,0,0
-0.39019155502319336,-1.3597679138183594,-0.40337231755256653,0.513680275988566,0.5056096557308511,0,0
-0.3888237178325653,-1.3631690740585327,-0.40337231755256653,0.4998213070264956,0.5119666704988459,0,0
-0.38745585083961487,-1.366570234298706,-0.40337231755256653,0.5104142018872729,0.5082627877362333,0,0
-0.38608798384666443,-1.3699713945388794,-0.40337231755256653,0.49700509982630964,0.48889420735921774,0,0
-0.3847201466560364,-1.3733725547790527,-0.40337231755256653,0.4817655428938981,0.4896916562922667,0,0
-0.3833523094654083,-1.376773715019226,-0.40337231755256653,0.505791621687416,0.49652214715011056,0,0
-0.3819844722747803,-1.3801748752593994,-0.40337231755256653,0.49925079542939765,0.5021846493595098,0,0
-0.3806166350841522,-1.3835761547088623,-0.40337231755256653,0.4976498333307537,0.49569068295461044,0,0
-0.3792487680912018,-1.3869773149490356,-0.40337231755256653,0.5185083705392289,0.5014356286801466,0,0
-0.37788084149360657,-1.390378475189209,-0.40337231755256653,0.5021479730546086,0.5083209302688979,0,0
-0.37651291489601135,-1.3937796354293823,-0.40337231755256653,0.5035413505240779,0.49115687976698813,0,0
-0.3751450479030609,-1.3971806764602661,-0.40337231755256653,0.4985787023672706,0.49728891551163856,0,0
-0.37377721071243286,-1.4005818367004395,-0.40337231755256653,0.49533891103959443,0.49776044404270336,0,0
-0.3724094033241272,-1.4039829969406128,-0.40337231755256653,0.488582786426342,0.5153616471825161,0,0
-0.37104153633117676,-1.4073841571807861,-0.40337231755256653,0.49599263080100087,0.5123269509535819,0,0
-0.3696736693382263,-1.4107853174209595,-0.40337231755256653,0.499952603913163,0.49413600496549914,0,0
-0.3683057725429535,-1.4141863584518433,-0.40337231755256653,0.49104171388341883,0.5012754633603894,0,0
-0.3669379651546478,-1.4175876379013062,-0.40337231755256653,0.4958558906158139,0.4761031353071576,0,0
-0.3655700981616974,-1.4209887981414795,-0.40337231755256653,0.49107314286579173,0.48242514241249806,0,0
-0.36420223116874695,-1.4243899583816528,-0.40337231755256653,0.5220499835875136,0.49890420823854414,0,0
-0.3628343641757965,-1.4277912378311157,-0.40337231755256653,0.5041200403998753,0.5058273527597172,0,0
-0.36146655678749084,-1.4311926364898682,-0.40337231755256653,0.5069120607015712,0.4903602139731331,0,0
-0.3600986897945404,-1.434593915939331,-0.40337231755256653,0.4672721503285918,0.4879414881605826,0,0
-0.35873088240623474,-1.4379950761795044,-0.40337231755256653,0.49840018295895466,0.4902836608066021,0,0
-0.3573630452156067,-1.4413963556289673,-0.40337231755256653,0.4986208784723344,0.49433422442870995,0,0
-0.35599520802497864,-1.4447976350784302,-0.40337231755256653,0.48087195959672013,0.5021511493528972,0,0
-0.354627400636673,-1.448198914527893,-0.40337231755256653,0.501157936973131,0.4897725988460805,0,0
-0.3532595932483673,-1.4516000747680664,-0.40337231755256653,0.501446013794357,0.5054599082208985,0,0
-0.35189175605773926,-1.4550013542175293,-0.40337231755256653,0.49646324952884135,0.4984184340293414,0,0
-0.3505239188671112,-1.4584026336669922,-0.40337231755256653,0.49154081632140095,0.5078387574739662,0,0
-0.34915611147880554,-1.4618041515350342,-0.40337231755256653,0.5127089404640237,0.49957202963926556,0,0
-0.3477883040904999,-1.4652056694030762,-0.40337231755256653,0.4959586311372433,0.5043048819287146,0,0
-0.3464204967021942,-1.468606948852539,-0.40337231755256653,0.4805248823247645,0.5030361729421685,0,0
-0.34505271911621094,-1.472008228302002,-0.40337231755256653,0.5015864237392512,0.4991269790071914,0,0
-0.3436848819255829,-1.4754096269607544,-0.40337231755256653,0.4899644579438997,0.5032909274277039,0,0
-0.3423171043395996,-1.4788109064102173,-0.40337231755256653,0.5231172240049677,0.5081274790587494,0,0
-0.34094926714897156,-1.4822123050689697,-0.40337231755256653,0.49322375489847253,0.4941057991884329,0,0
-0.3395814597606659,-1.4856135845184326,-0.40337231755256653,0.4989181278831469,0.48455432734790505,0,0
-0.3382136821746826,-1.4890146255493164,-0.40337231755256653,0.5046755558329067,0.5056801831180606,0,0
-0.33684590458869934,-1.4924159049987793,-0.40337231755256653,0.4953262913925116,0.512335417292582,0,0
-0.33547812700271606,-1.4958171844482422,-0.40337231755256653,0.4891483521087968,0.506578722902032,0,0
-0.3341103196144104,-1.499218463897705,-0.40337231755256653,0.4960228797780438,0.5111601451959064,0,0
-0.3327425420284271,-1.502619743347168,-0.40337231755256653,0.47908765759332067,0.5030091310558478,0,0
-0.33137476444244385,-1.5060207843780518,-0.40337231755256653,0.4919790732001868,0.48846602054910454,0,0
-0.3300069570541382,-1.5094220638275146,-0.40337231755256653,0.4909959013291288,0.5132924151927826,0,0
-0.3286392092704773,-1.5128233432769775,-0.40337231755256653,0.5064007184128239,0.49098641491961964,0,0
-0.3272714614868164,-1.5162246227264404,-0.40337231755256653,0.4995878580468252,0.509248208967871,0,0
-0.32590368390083313,-1.5196259021759033,-0.40337231755256653,0.5046238679170648,0.4968352093597407,0,0
-0.32453590631484985,-1.5230271816253662,-0.40337231755256653,0.48792356350881677,0.5130373493771789,0,0
-0.32316815853118896,-1.526428461074829,-0.40337231755256653,0.5099302351284346,0.5089208198370274,0,0
-0.32180044054985046,-1.529829978942871,-0.40337231755256653,0.5023587998727274,0.4958694835275048,0,0
-0.3204326629638672,-1.533231258392334,-0.40337231755256653,0.4834422784177114,0.49183435483040855,0,0
-0.3190649151802063,-1.5366325378417969,-0.40337231755256653,0.5028186762657296,0.5130395481241878,0,0
-0.3176971673965454,-1.5400338172912598,-0.40337231755256653,0.4856724522282591,0.48705483785568854,0,0
-0.31632938981056213,-1.5434350967407227,-0.40337231755256653,0.5042165188733282,0.5113931611781799,0,0
-0.31496161222457886,-1.5468363761901855,-0.40337231755256653,0.4973661084365052,0.5035469082039533,0,0
-0.31359389424324036,-1.5502376556396484,-0.40337231755256653,0.5080766894777973,0.48954061754124717,0,0
-0.31222614645957947,-1.5536386966705322,-0.40337231755256653,0.5021330113451029,0.4997609964301274,0,0
-0.3108583986759186,-1.5570399761199951,-0.40337231755256653,0.494848180949914,0.49746140258311455,0,0
-0.3094906508922577,-1.560441255569458,-0.40337231755256653,0.5009797056288466,0.48733766020736846,0,0
-0.3081229031085968,-1.5638424158096313,-0.40337231755256653,0.5051048118846275,0.4812969302801031,0,0
-0.3067551255226135,-1.5672436952590942,-0.40337231755256653,0.4880396473709102,0.4998020949416897,0,0
-0.305387407541275,-1.5706449747085571,-0.40337231755256653,0.5095723317312459,0.5118711117445294,0,0
-0.3040196895599365,-1.57404625415802,-0.40337231755256653,0.50800580296162,0.49411858148175936,0,0
-0.302651971578598,-1.577447772026062,-0.40337231755256653,0.4750970495989182,0.5094676832894797,0,0
-0.3012842535972595,-1.580849051475525,-0.40337231755256653,0.4945683697794703,0.4889275913720367,0,0
-0.299916535615921,-1.5842503309249878,-0.40337231755256653,0.49551050014724435,0.4988608306574967,0,0
-0.2985488474369049,-1.5876514911651611,-0.40337231755256653,0.4821109827586666,0.49173298034413215,0,0
-0.297181099653244,-1.591052770614624,-0.40337231755256653,0.5070762508523575,0.48265881089485424,0,0
-0.2958133816719055,-1.5944541692733765,-0.40337231755256653,0.4865621409667199,0.4910441424061553,0,0
-0.294445663690567,-1.597855567932129,-0.40337231755256653,0.5069115346760698,0.4892310990988561,0,0
-0.2930779457092285,-1.6012569665908813,-0.40337231755256653,0.49584599330148466,0.48136314153412924,0,0
-0.29171022772789,-1.6046583652496338,-0.40337231755256653,0.4956031923206987,0.5025800066931593,0,0
-0.2903425395488739,-1.6080597639083862,-0.40337231755256653,0.4730666386137752,0.5006847220198564,0,0
-0.2889748215675354,-1.6114611625671387,-0.40337231755256653,0.49878840214687203,0.48300994233456973,0,0
-0.2876071333885193,-1.6148625612258911,-0.40337231755256653,0.5057239108300022,0.4966624384829714,0,0
-0.2862394154071808,-1.6182639598846436,-0.40337231755256653,0.5133031947897743,0.49547720827482933,0,0
-0.2848717272281647,-1.621665358543396,-0.40337231755256653,0.5110296072063155,0.48953520320888844,0,0
-0.28350403904914856,-1.6250667572021484,-0.40337231755256653,0.5057380474770244,0.5041863317625248,0,0
-0.28213632106781006,-1.6284681558609009,-0.40337231755256653,0.4828385478197261,0.47726632008447234,0,0
-0.28076866269111633,-1.6318695545196533,-0.40337231755256653,0.5037970064234465,0.4739951746907204,0,0
-0.27940094470977783,-1.6352707147598267,-0.40337231755256653,0.5192399722358415,0.48477292154534013,0,0
-0.2780332565307617,-1.638672113418579,-0.40337231755256653,0.5011692405228189,0.48743185471137207,0,0
-0.2766655385494232,-1.6420735120773315,-0.40337231755256653,0.5163216489231282,0.5093950936864372,0,0
-0.2752978503704071,-1.645474910736084,-0.40337231755256653,0.49647668461213684,0.5077907908392234,0,0
-0.273930162191391,-1.6488763093948364,-0.40337231755256653,0.5110804929365806,0.5180961770640752,0,0
-0.2725624740123749,-1.6522774696350098,-0.40337231755256653,0.5087992366098838,0.5116101858261886,0,0
-0.27119478583335876,-1.6556788682937622,-0.40337231755256653,0.5069455377328084,0.5051528814121087,0,0
-0.26982709765434265,-1.6590802669525146,-0.40337231755256653,0.5098337804183185,0.512532863018825,0,0
-0.26845937967300415,-1.662481665611267,-0.40337231755256653,0.5135304535999508,0.5035799617900115,0,0
-0.2670917212963104,-1.6658830642700195,-0.40337231755256653,0.5125644524789132,0.5109998076669793,0,0
-0.2657240927219391,-1.669284462928772,-0.40337231755256653,0.502599882400543,0.4931473343520976,0,0
-0.26435643434524536,-1.6726858615875244,-0.40337231755256653,0.5078475391701415,0.5193700482983037,0,0
-0.26298877596855164,-1.6760872602462769,-0.40337231755256653,0.5097075957912719,0.4982647802528901,0,0
-0.2616211175918579,-1.6794886589050293,-0.40337231755256653,0.5131898706079454,0.5101129487119296,0,0
-0.2602534592151642,-1.6828900575637817,-0.40337231755256653,0.4972741135846072,0.5034462333821045,0,0
-0.25888580083847046,-1.6862914562225342,-0.40337231755256653,0.49255292722123356,0.48826769556702027,0,0
-0.25751814246177673,-1.6896928548812866,-0.40337231755256653,0.5123433089899744,0.5222570712689157,0,0
-0.256150484085083,-1.6930944919586182,-0.40337231755256653,0.49712609387316414,0.49280315918584267,0,0
-0.2547827959060669,-1.6964960098266602,-0.40337231755256653,0.4936188066172394,0.5017880694196392,0,0
-0.2534151077270508,-1.6998974084854126,-0.40337231755256653,0.4937151572811468,0.5031783600440145,0,0
-0.25204741954803467,-1.7032989263534546,-0.40337231755256653,0.4884723981138839,0.5185614628816422,0,0
-0.25067979097366333,-1.706700325012207,-0.40337231755256653,0.5096853806277312,0.5024629071385462,0,0
-0.249312162399292,-1.7101017236709595,-0.40337231755256653,0.5023795673321196,0.5068187964744427,0,0
-0.24794450402259827,-1.713503122329712,-0.40337231755256653,0.5000798115348604,0.48912959092805064,0,0
-0.24657684564590454,-1.7169045209884644,-0.40337231755256653,0.49723988737283703,0.4999338771547737,0,0
-0.245209202170372,-1.7203059196472168,-0.40337231755256653,0.49627833713712527,0.526047453801857,0,0
-0.24384155869483948,-1.7237073183059692,-0.40337231755256653,0.5098260943595996,0.4868748411724424,0,0
-0.24247393012046814,-1.7271089553833008,-0.40337231755256653,0.5034381452860568,0.4997160889188923,0,0
-0.2411063015460968,-1.7305103540420532,-0.40337231755256653,0.5010814471604664,0.5030385595937857,0,0
-0.23973867297172546,-1.7339117527008057,-0.40337231755256653,0.5004965347070253,0.5200397566987356,0,0
-0.23837101459503174,-1.737313151359558,-0.40337231755256653,0.4882609529798013,0.5026146789457907,0,0
-0.2370033860206604,-1.7407145500183105,-0.40337231755256653,0.49971040788390697,0.5078975961211776,0,0
-0.23563577234745026,-1.744115948677063,-0.40337231755256653,0.5053961074733728,0.49770157533324405,0,0
-0.23426812887191772,-1.7475173473358154,-0.40337231755256653,0.49695448762196087,0.4825600218654761,0,0
-0.2329004853963852,-1.7509187459945679,-0.40337231755256653,0.4996822508033652,0.48777619305175013,0,0
-0.23153284192085266,-1.7543201446533203,-0.40337231755256653,0.5191065408685542,0.5047609432931774,0,0
-0.23016519844532013,-1.7577215433120728,-0.40337231755256653,0.4997091186479562,0.493912875503872,0,0
-0.22879758477210999,-1.7611231803894043,-0.40337231755256653,0.4937026694247245,0.5065227277619858,0,0
-0.22742994129657745,-1.7645245790481567,-0.40337231755256653,0.4890366567143529,0.49253108302739246,0,0
-0.2260623276233673,-1.7679259777069092,-0.40337231755256653,0.5151881386173005,0.5009995402981196,0,0
-0.22469472885131836,-1.7713273763656616,-0.40337231755256653,0.5035803590304552,0.5034353075281806,0,0
-0.2233271300792694,-1.774728775024414,-0.40337231755256653,0.5004171305345902,0.5033277487443902,0,0
-0.22195953130722046,-1.778130292892456,-0.40337231755256653,0.5040155794601531,0.5112500531239561,0,0
-0.22059190273284912,-1.7815316915512085,-0.40337231755256653,0.49681029827585776,0.5067235237470625,0,0
-0.21922428905963898,-1.784933090209961,-0.40337231755256653,0.4891399058988865,0.4958333863889842,0,0
-0.21785666048526764,-1.7883344888687134,-0.40337231755256653,0.4815874538167693,0.4988562977456914,0,0
-0.2164890468120575,-1.7917358875274658,-0.40337231755256653,0.5010443275337899,0.5128945278565336,0,0
-0.21512141823768616,-1.7951375246047974,-0.40337231755256653,0.497099824324112,0.5035295641250557,0,0
-0.2137538343667984,-1.7985389232635498,-0.40337231755256653,0.500022034925399,0.5031088239708116,0,0
-0.21238622069358826,-1.8019404411315918,-0.40337231755256653,0.500513090909768,0.5030651558346778,0,0
-0.2110186368227005,-1.8053418397903442,-0.40337231755256653,0.5014521243569127,0.5012388803016299,0,0
-0.20965102314949036,-1.8087432384490967,-0.40337231755256653,0.49047001433054593,0.5004689503257043,0,0
-0.2082834243774414,-1.8121447563171387,-0.40337231755256653,0.5039923127712659,0.5081428136842939,0,0
-0.20691582560539246,-1.8155461549758911,-0.40337231755256653,0.49370947010426497,0.5247282681772707,0,0
-0.2055482268333435,-1.8189475536346436,-0.40337231755256653,0.5008617362217831,0.5034029487768938,0,0
-0.20418062806129456,-1.822348952293396,-0.40337231755256653,0.49510674484093287,0.49044411339643496,0,0
-0.2028130143880844,-1.8257503509521484,-0.40337231755256653,0.49916290694372867,0.4859262578903143,0,0
-0.20144543051719666,-1.82915198802948,-0.40337231755256653,0.49350011971456353,0.5063369973062244,0,0
-0.2000778317451477,-1.832553505897522,-0.40337231755256653,0.5079446731799951,0.4794898192930288,0,0
-0.19871023297309875,-1.835955023765564,-0.40337231755256653,0.49699918854622366,0.5097107913765627,0,0
-0.1973426342010498,-1.839356541633606,-0.40337231755256653,0.4881066049568532,0.5160978658063853,0,0
-0.19597503542900085,-1.842758059501648,-0.40337231755256653,0.5147662716832995,0.4853039743493494,0,0
-0.1946074366569519,-1.84615957736969,-0.40337231755256653,0.4999324979076069,0.5028512326071436,0,0
-0.19323985278606415,-1.849561095237732,-0.40337231755256653,0.5001737964394566,0.48828436193199964,0,0
-0.19187228381633759,-1.852962613105774,-0.40337231755256653,0.5052597100560791,0.49062126826569413,0,0
-0.19050469994544983,-1.8563637733459473,-0.40337231755256653,0.4963084915217436,0.5092977662001397,0,0
-0.18913713097572327,-1.8597652912139893,-0.40337231755256653,0.49184960805542594,0.5147388302155667,0,0
-0.1877695620059967,-1.8631668090820312,-0.40337231755256653,0.49650113743127483,0.49112715239696664,0,0
-0.18640197813510895,-1.8665683269500732,-0.40337231755256653,0.49758825339179413,0.5108905492737575,0,0
-0.18503440916538239,-1.8699698448181152,-0.40337231755256653,0.5089060082233401,0.4768596854444022,0,0
-0.18366685509681702,-1.8733712434768677,-0.40337231755256653,0.49688384427287774,0.49289936294147785,0,0
-0.18229927122592926,-1.8767725229263306,-0.40337231755256653,0.4979977837325356,0.5097045600992985,0,0
-0.1809316873550415,-1.8801740407943726,-0.40337231755256653,0.4962891340860655,0.49776045446534734,0,0
-0.17956411838531494,-1.8835755586624146,-0.40337231755256653,0.483538715699532,0.50772370774249,0,0
-0.17819654941558838,-1.8869768381118774,-0.40337231755256653,0.47790644401941645,0.49067006152034476,0,0
-0.17682896554470062,-1.8903782367706299,-0.40337231755256653,0.5084080391338541,0.5147949530385437,0,0
-0.17546138167381287,-1.8937798738479614,-0.40337231755256653,0.49457868755270434,0.5113458676277873,0,0
-0.1740938425064087,-1.8971812725067139,-0.40337231755256653,0.4850803599455061,0.4917376490221027,0,0
-0.17272628843784332,-1.9005829095840454,-0.40337231755256653,0.5028149921758561,0.5121156739911963,0,0
-0.17135873436927795,-1.9039844274520874,-0.40337231755256653,0.505893195733333,0.5122349097618691,0,0
-0.16999118030071259,-1.9073858261108398,-0.40337231755256653,0.5316084275576902,0.5066084908102956,0,0
-0.16862362623214722,-1.9107874631881714,-0.40337231755256653,0.5052641128048384,0.5084948351052507,0,0
-0.16725608706474304,-1.9141889810562134,-0.40337231755256653,0.4959124190703603,0.49844230814534757,0,0
-0.16588853299617767,-1.9175904989242554,-0.40337231755256653,0.5021469084323097,0.4978444539812442,0,0
-0.1645209640264511,-1.9209920167922974,-0.40337231755256653,0.5056446915694952,0.48891904216385107,0,0
-0.16315340995788574,-1.9243935346603394,-0.40337231755256653,0.5001022162209979,0.4983061189818676,0,0
-0.16178585588932037,-1.9277950525283813,-0.40337231755256653,0.503430554059051,0.4947690407739237,0,0
-0.1604183167219162,-1.9311965703964233,-0.40337231755256653,0.5071897803086102,0.48049818074492445,0,0
-0.15905077755451202,-1.9345983266830444,-0.40337231755256653,0.5136030935941863,0.49841532923861925,0,0
-0.15768323838710785,-1.9379998445510864,-0.40337231755256653,0.48677341966980875,0.5025626635415271,0,0
-0.15631569921970367,-1.9414013624191284,-0.40337231755256653,0.4868427139606569,0.5207528883091914,0,0
-0.1549481600522995,-1.9448028802871704,-0.40337231755256653,0.5019141549076025,0.502460364474229,0,0
-0.15358062088489532,-1.9482042789459229,-0.40337231755256653,0.4938006155834605,0.5155516319869583,0,0
-0.15221309661865234,-1.9516059160232544,-0.40337231755256653,0.5135661618021834,0.49200851931484035,0,0
-0.15084555745124817,-1.9550074338912964,-0.40337231755256653,0.5001732971997275,0.49383064075520355,0,0
-0.149478018283844,-1.958409070968628,-0.40337231755256653,0.4908530108813584,0.48648133635004076,0,0
-0.14811047911643982,-1.96181058883667,-0.40337231755256653,0.48571438225271607,0.49619666183534084,0,0
-0.14674293994903564,-1.965212106704712,-0.40337231755256653,0.49578858545386134,0.5028643551340302,0,0
-0.14537541568279266,-1.968613624572754,-0.40337231755256653,0.5133105873774964,0.49756377410472735,0,0
-0.14400790631771088,-1.972015142440796,-0.40337231755256653,0.5040541577292263,0.49852797639361374,0,0
-0.1426403820514679,-1.975416660308838,-0.40337231755256653,0.5080043030578497,0.4976497876009497,0,0
-0.14127285778522491,-1.9788181781768799,-0.40337231755256653,0.5162904710489299,0.5136233826967984,0,0
-0.13990533351898193,-1.9822196960449219,-0.40337231755256653,0.49600036487912774,0.49467909126364973,0,0
-0.13853782415390015,-1.9856212139129639,-0.40337231755256653,0.5039126753553061,0.5000191241923247,0,0
-0.13717028498649597,-1.9890227317810059,-0.40337231755256653,0.49950002337218713,0.5147950395324492,0,0
-0.135802760720253,-1.9924242496490479,-0.40337231755256653,0.5184459504850669,0.5051664637600282,0,0
-0.13443523645401,-1.9958256483078003,-0.40337231755256653,0.5048342660876072,0.5034956853387981,0,0
-0.13306772708892822,-1.9992271661758423,-0.40337231755256653,0.5012640834962698,0.4914901548839468,0,0
-0.13170020282268524,-2.002628803253174,-0.40337231755256653,0.4943524017279196,0.4981265947225769,0,0
-0.13033266365528107,-2.0060300827026367,-0.40337231755256653,0.5061556688963587,0.49497807570736435,0,0
-0.12896516919136047,-2.0094313621520996,-0.40337231755256653,0.5050012024214957,0.49415119426107096,0,0
-0.1275976449251175,-2.0128326416015625,-0.40337231755256653,0.48962028231676696,0.5016584234904815,0,0
-0.1262301206588745,-2.0162341594696045,-0.40337231755256653,0.4996988617371914,0.5056022901404063,0,0
-0.12486261129379272,-2.0196356773376465,-0.40337231755256653,0.4994474771682432,0.5128751168523008,0,0
-0.12349510937929153,-2.0230374336242676,-0.40337231755256653,0.48649777498358066,0.49743086951982063,0,0
-0.12212760001420975,-2.0264387130737305,-0.40337231755256653,0.5063578192249583,0.466613895270799,0,0
-0.12076009809970856,-2.0298399925231934,-0.40337231755256653,0.5091538290768799,0.48048916530653396,0,0
-0.11939258873462677,-2.0332415103912354,-0.40337231755256653,0.4800755776172038,0.5155141604036064,0,0
-0.11802508682012558,-2.0366430282592773,-0.40337231755256653,0.5077522375761815,0.4866313061311384,0,0
-0.11665757745504379,-2.0400447845458984,-0.40337231755256653,0.49187212712304695,0.5123883034992825,0,0
-0.11529006063938141,-2.0434463024139404,-0.40337231755256653,0.4993712740661522,0.4935381401831024,0,0
-0.11392257362604141,-2.0468475818634033,-0.40337231755256653,0.4788417434105145,0.5046142742696796,0,0
-0.11255508661270142,-2.0502490997314453,-0.40337231755256653,0.49945916608433444,0.4813019861673391,0,0
-0.11118757724761963,-2.0536506175994873,-0.40337231755256653,0.49093599680801464,0.5025630056378304,0,0
-0.10982005298137665,-2.0570521354675293,-0.40337231755256653,0.47195073558478423,0.4887269310175114,0,0
-0.10845257341861725,-2.0604536533355713,-0.40337231755256653,0.48832141656960565,0.5035567902747022,0,0
-0.10708509385585785,-2.0638551712036133,-0.40337231755256653,0.49719937509211426,0.4868546504674674,0,0
-0.10571760684251785,-2.0672566890716553,-0.40337231755256653,0.4982808093245992,0.489306034640758,0,0
-0.10435009747743607,-2.070657968521118,-0.40337231755256653,0.4834387824260281,0.4880789885115745,0,0
-0.10298259556293488,-2.07405948638916,-0.40337231755256653,0.48437143485587963,0.5032924333019866,0,0
-0.10161510854959488,-2.077460765838623,-0.40337231755256653,0.5178862908401368,0.5008962758782631,0,0
-0.10024760663509369,-2.080862045288086,-0.40337231755256653,0.5099309530645518,0.5157606085069573,0,0
-0.0988801047205925,-2.084263563156128,-0.40337231755256653,0.48915496978932904,0.503048427533463,0,0
-0.0975126326084137,-2.08766508102417,-0.40337231755256653,0.5053278435890842,0.4995465059535112,0,0
-0.0961451530456543,-2.091066598892212,-0.40337231755256653,0.5104434468648937,0.5108486480836949,0,0
-0.0947776660323143,-2.094467878341675,-0.40337231755256653,0.4972742542722354,0.47994740171214445,0,0
-0.09341015666723251,-2.0978691577911377,-0.40337231755256653,0.5093753686165375,0.5019183482607051,0,0
-0.09204266220331192,-2.101270914077759,-0.40337231755256653,0.4974702878462207,0.5009145156250366,0,0
-0.09067518264055252,-2.104672431945801,-0.40337231755256653,0.5069179781096793,0.47822831514744063,0,0
-0.08930770307779312,-2.1080737113952637,-0.40337231755256653,0.49505215622403376,0.49718867219557494,0,0
-0.08794022351503372,-2.1114749908447266,-0.40337231755256653,0.4793881194481803,0.4987717376531333,0,0
-0.08657273650169373,-2.1148765087127686,-0.40337231755256653,0.5107883887028082,0.504591227456416,0,0
-0.08520524948835373,-2.1182780265808105,-0.40337231755256653,0.4987295111163729,0.4990591689252374,0,0
-0.08383777737617493,-2.1216795444488525,-0.40337231755256653,0.49850091736649393,0.5048394625154392,0,0
-0.08247031271457672,-2.1250810623168945,-0.40337231755256653,0.49886328377181854,0.5046140353196664,0,0
-0.08110283315181732,-2.1284823417663574,-0.40337231755256653,0.5039051515118184,0.4985806274165709,0,0
-0.07973536103963852,-2.1318836212158203,-0.40337231755256653,0.500883729149177,0.5073867038246839,0,0
-0.07836789637804031,-2.1352851390838623,-0.40337231755256653,0.5008693253060461,0.4875947682148727,0,0
-0.07700041681528091,-2.1386866569519043,-0.40337231755256653,0.5054402286076618,0.49984553783569263,0,0
-0.07563293725252151,-2.1420881748199463,-0.40337231755256653,0.501821870918883,0.4860638419957673,0,0
-0.07426547259092331,-2.145489454269409,-0.40337231755256653,0.5035854456287685,0.5038765484138944,0,0
-0.0728980079293251,-2.148890733718872,-0.40337231755256653,0.48820832282677595,0.4984913500239606,0,0
-0.0715305283665657,-2.152292490005493,-0.40337231755256653,0.5047378095280732,0.498732389045942,0,0
-0.0701630711555481,-2.155694007873535,-0.40337231755256653,0.5038193265814365,0.5141115486852406,0,0
-0.06879561394453049,-2.159095287322998,-0.40337231755256653,0.5138248842755525,0.49683102471330504,0,0
-0.06742814183235168,-2.162496566772461,-0.40337231755256653,0.48458662988289114,0.5088550519422477,0,0
-0.06606067717075348,-2.165898084640503,-0.40337231755256653,0.5126757025407868,0.5175199788130933,0,0
-0.06469321995973587,-2.169299602508545,-0.40337231755256653,0.48098307218549086,0.5056158137496075,0,0
-0.06332574784755707,-2.172701120376587,-0.40337231755256653,0.4967279468698919,0.4929766556140439,0,0
-0.06195829063653946,-2.176102638244629,-0.40337231755256653,0.4959226625320347,0.4828484560687527,0,0
-0.06059083715081215,-2.179503917694092,-0.40337231755256653,0.5029612688518061,0.49337757128425597,0,0
-0.059223368763923645,-2.1829051971435547,-0.40337231755256653,0.5017582974852945,0.49402202750087876,0,0
-0.05785590410232544,-2.1863067150115967,-0.40337231755256653,0.4887586728043496,0.5029811009100635,0,0
-0.056488458067178726,-2.1897082328796387,-0.40337231755256653,0.4801665692232536,0.5014939572380549,0,0
-0.05512099340558052,-2.1931097507476807,-0.40337231755256653,0.4985374717514204,0.500216649673294,0,0
-0.05375353619456291,-2.1965110301971436,-0.40337231755256653,0.4951152021010206,0.4912123010260906,0,0
-0.0523860901594162,-2.1999123096466064,-0.40337231755256653,0.47628702283043195,0.5092711006774729,0,0
-0.05101862922310829,-2.2033138275146484,-0.40337231755256653,0.5014077270255287,0.49539277278551785,0,0
-0.04965118318796158,-2.2067153453826904,-0.40337231755256653,0.501986141804992,0.49721583169024225,0,0
-0.048283740878105164,-2.2101168632507324,-0.40337231755256653,0.4912998243515807,0.5120844776357524,0,0
-0.04691628739237785,-2.2135181427001953,-0.40337231755256653,0.514796458479641,0.49294396862352335,0,0
-0.04554884135723114,-2.2169196605682373,-0.40337231755256653,0.5059427922550653,0.5178599489337812,0,0
-0.044181399047374725,-2.2203211784362793,-0.40337231755256653,0.48616758034098373,0.47787267753787543,0,0
-0.042813949286937714,-2.2237226963043213,-0.40337231755256653,0.5041273651485175,0.4969266921727185,0,0
-0.0414465107023716,-2.227123975753784,-0.40337231755256653,0.504767082831114,0.5064418124695043,0,0
-0.040079064667224884,-2.230525493621826,-0.40337231755256653,0.5043817898002181,0.4893300375223145,0,0
-0.03871162235736847,-2.233926773071289,-0.40337231755256653,0.5042168035336343,0.5119973954111368,0,0
-0.037344180047512054,-2.237328290939331,-0.40337231755256653,0.4981570985360821,0.4873084353327229,0,0
-0.03597674518823624,-2.240729808807373,-0.40337231755256653,0.4942043713278388,0.5022629993555072,0,0
-0.03460930660367012,-2.244131326675415,-0.40337231755256653,0.5088362300880834,0.5064814695378196,0,0
-0.033241868019104004,-2.247532606124878,-0.40337231755256653,0.5044840043140195,0.4945792913658143,0,0
-0.031874433159828186,-2.250933885574341,-0.40337231755256653,0.5089463123554407,0.497275462381145,0,0
-0.03050699643790722,-2.254335403442383,-0.40337231755256653,0.49921964047789447,0.48300100709377863,0,0
-0.02913956344127655,-2.257736921310425,-0.40337231755256653,0.4959941704903485,0.5050701070442458,0,0
-0.027772128582000732,-2.261138439178467,-0.40337231755256653,0.5021758113215111,0.4819834878381068,0,0
-0.026404697448015213,-2.2645397186279297,-0.40337231755256653,0.5045693818806958,0.501469412637867,0,0
-0.025037266314029694,-2.2679412364959717,-0.40337231755256653,0.49084132110573964,0.4942845130192219,0,0
-0.023669833317399025,-2.2713427543640137,-0.40337231755256653,0.4964803345559306,0.5108704639599813,0,0
-0.022302404046058655,-2.2747442722320557,-0.40337231755256653,0.5112805575897753,0.5096796590760232,0,0
-0.020934974774718285,-2.2781455516815186,-0.40337231755256653,0.4840269366236927,0.4986812193549705,0,0
-0.019567545503377914,-2.2815470695495605,-0.40337231755256653,0.48369537952125735,0.4987639489754906,0,0
-0.018200118094682693,-2.2849483489990234,-0.40337231755256653,0.49112491857531115,0.4951845362905334,0,0
-0.01683269441127777,-2.2883498668670654,-0.40337231755256653,0.49346896393313294,0.49799403615911686,0,0
-0.0154652688652277,-2.2917513847351074,-0.40337231755256653,0.5008731411408884,0.4904523051725633,0,0
-0.014097845181822777,-2.2951529026031494,-0.40337231755256653,0.5005030830781849,0.5001663608908377,0,0
-0.012730424292385578,-2.2985541820526123,-0.40337231755256653,0.4930231756492467,0.5046674714725349,0,0
-0.011363000608980656,-2.301955461502075,-0.40337231755256653,0.48655036446157224,0.5103647632105233,0,0
-0.009995582513511181,-2.305356979370117,-0.40337231755256653,0.4878214871694944,0.4978452924579617,0,0
-0.008628159761428833,-2.308758497238159,-0.40337231755256653,0.49571604579421286,0.5046256280562085,0,0
-0.007260741200298071,-2.312160015106201,-0.40337231755256653,0.4796502073906838,0.5068394717059123,0,0
-0.0058933221735060215,-2.315561294555664,-0.40337231755256653,0.5013563653479676,0.503170565149151,0,0
-0.004525905009359121,-2.318962574005127,-0.40337231755256653,0.4957681277551739,0.5153904192975607,0,0
-0.0031584897078573704,-2.322364330291748,-0.40337231755256653,0.5162062707247017,0.5066668184580574,0,0
-0.0017910721944645047,-2.32576584815979,-0.40337231755256653,0.49507145835728483,0.5035427020062377,0,0
-0.00042365846456959844,-2.329167127609253,-0.40337231755256653,0.508636120100139,0.5008650372454168,0,0
0.0009437557891942561,-2.332568645477295,-0.40337231755256653,0.5066171723682165,0.4931390135490671,0,0
0.002311169868335128,-2.335969924926758,-0.40337231755256653,0.5134995266999377,0.5092337581350003,0,0
0.0036785819102078676,-2.3393714427948,-0.40337231755256653,0.495939246456693,0.5067635922859518,0,0
0.005045992787927389,-2.342772960662842,-0.40337231755256653,0.48692382597143435,0.510618447138407,0,0
0.006413402501493692,-2.346174716949463,-0.40337231755256653,0.5054679175646757,0.47587280156997436,0,0
0.007780811749398708,-2.349576473236084,-0.40337231755256653,0.49539864498391073,0.4844177393966976,0,0
0.009148221462965012,-2.352978229522705,-0.40337231755256653,0.5068420701559372,0.5001533885767567,0,0
0.010515629313886166,-2.356379747390747,-0.40337231755256653,0.4898307614866388,0.48865609321596115,0,0
0.011883033439517021,-2.359781503677368,-0.40337231755256653,0.5018043562244969,0.49375866670000246,0,0
0.01325044222176075,-2.3631832599639893,-0.40337231755256653,0.48903975714071013,0.5112847042957989,0,0
0.014617846347391605,-2.3665850162506104,-0.40337231755256653,0.5036851522685765,0.5117838657623992,0,0
0.01598525047302246,-2.3699867725372314,-0.40337231755256653,0.5121693443556924,0.5094160329005666,0,0
0.01735265739262104,-2.3733885288238525,-0.40337231755256653,0.49104670914924425,0.49773384948155897,0,0
0.018720058724284172,-2.3767902851104736,-0.40337231755256653,0.5099781249813995,0.5096654303331588,0,0
0.020087463781237602,-2.3801918029785156,-0.40337231755256653,0.492469698827423,0.49589837430440026,0,0
0.021454863250255585,-2.383593797683716,-0.40337231755256653,0.5002272462916207,0.4973530053762393,0,0
0.022822264581918716,-2.386995792388916,-0.40337231755256653,0.5163703147071228,0.5229677712322695,0,0
0.0241896640509367,-2.390397310256958,-0.40337231755256653,0.5215126423483989,0.4833635028263158,0,0
0.025557061657309532,-2.393798828125,-0.40337231755256653,0.5061574512696861,0.49885886465151924,0,0
0.026924457401037216,-2.3972008228302,-0.40337231755256653,0.511604429365711,0.5001532112720647,0,0
0.02829185500741005,-2.4006025791168213,-0.40337231755256653,0.49040263064655604,0.5080302125515148,0,0
0.029659248888492584,-2.4040043354034424,-0.40337231755256653,0.5101243852757453,0.49638302975328796,0,0
0.031026644632220268,-2.4074058532714844,-0.40337231755256653,0.5096262771633654,0.490833222230983,0,0
0.03239404037594795,-2.4108078479766846,-0.40337231755256653,0.4900705760030612,0.4908515764011865,0,0
0.03376143053174019,-2.4142093658447266,-0.40337231755256653,0.49844947590991756,0.5044919748931487,0,0
0.03512882441282272,-2.4176108837127686,-0.40337231755256653,0.4927391901071326,0.48673741092088607,0,0
0.03649621829390526,-2.4210128784179688,-0.40337231755256653,0.5148526212426404,0.4925462177086648,0,0
0.03786361217498779,-2.424414873123169,-0.40337231755256653,0.49626055604298835,0.4873247376402811,0,0
0.03923100605607033,-2.427816390991211,-0.40337231755256653,0.5012741529939887,0.5085116171818649,0,0
0.040598396211862564,-2.431218147277832,-0.40337231755256653,0.5169756798360156,0.5021454874658671,0,0
0.0419657863676548,-2.434619903564453,-0.40337231755256653,0.49971772976446804,0.5097095086353645,0,0
0.04333317279815674,-2.438021421432495,-0.40337231755256653,0.49800906797227296,0.4842420974908952,0,0
0.04470057040452957,-2.441422939300537,-0.40337231755256653,0.5034045028845783,0.5171493476639415,0,0
0.04606794938445091,-2.444824695587158,-0.40337231755256653,0.4913248185994818,0.49970374489139646,0,0
0.047435346990823746,-2.4482266902923584,-0.40337231755256653,0.5124753657717873,0.5030063128032971,0,0
0.04880272597074509,-2.4516284465789795,-0.40337231755256653,0.5159634803313706,0.4993855167610779,0,0
0.05017012357711792,-2.4550304412841797,-0.40337231755256653,0.47830745447316364,0.48782445400041063,0,0
0.051537495106458664,-2.458432197570801,-0.40337231755256653,0.5048002822172679,0.510690726542665,0,0
0.0529048889875412,-2.461833953857422,-0.40337231755256653,0.5006114291766343,0.4940226359105154,0,0
0.05427226424217224,-2.465235471725464,-0.40337231755256653,0.5131661147215237,0.4964817971745192,0,0
0.055639658123254776,-2.468637466430664,-0.40337231755256653,0.48929403235697205,0.49718869427169865,0,0
0.05700703337788582,-2.472039222717285,-0.40337231755256653,0.4854987866414667,0.5132954145790816,0,0
0.058374423533678055,-2.4754409790039062,-0.40337231755256653,0.4818748962584384,0.4936500307713771,0,0
0.0597417913377285,-2.4788427352905273,-0.40337231755256653,0.5104292049755274,0.49798124329517324,0,0
0.06110917776823044,-2.4822444915771484,-0.40337231755256653,0.5105317624861312,0.4813937736629593,0,0
0.062476545572280884,-2.4856462478637695,-0.40337231755256653,0.505086102117926,0.5091916754363099,0,0
0.06384392827749252,-2.4890480041503906,-0.40337231755256653,0.499894166840735,0.5111462302508227,0,0
0.06521129608154297,-2.4924497604370117,-0.40337231755256653,0.4919635829055101,0.49851525022892373,0,0
0.06657867133617401,-2.4958512783050537,-0.40337231755256653,0.5128290330501424,0.4980216796806972,0,0
0.06794605404138565,-2.499253034591675,-0.40337231755256653,0.4988402147864695,0.5054367700978923,0,0
0.0693134218454361,-2.502654552459717,-0.40337231755256653,0.507529273582581,0.48333375865701184,0,0
0.07068080455064774,-2.506056547164917,-0.40337231755256653,0.4938284683833819,0.4895092048659183,0,0
0.07204817235469818,-2.509458303451538,-0.40337231755256653,0.49716489493692967,0.5020847993871171,0,0
0.07341555505990982,-2.5128602981567383,-0.40337231755256653,0.5098786825333429,0.5004604320589768,0,0
0.07478291541337967,-2.5162620544433594,-0.40337231755256653,0.5238891500970699,0.5049394412042885,0,0
0.07615029811859131,-2.5196638107299805,-0.40337231755256653,0.4896215924723682,0.5150295929697013,0,0
0.07751765847206116,-2.5230655670166016,-0.40337231755256653,0.5004717130448728,0.4876549853658111,0,0
0.0788850411772728,-2.5264673233032227,-0.40337231755256653,0.4966910151065819,0.5090378078813541,0,0
0.08025240153074265,-2.5298688411712646,-0.40337231755256653,0.5373225726428604,0.5097916068339763,0,0
0.08161976933479309,-2.5332703590393066,-0.40337231755256653,0.49672105019785207,0.504001626882409,0,0
0.08298713713884354,-2.536672353744507,-0.40337231755256653,0.4795253015360317,0.5060142749512665,0,0
0.08435449749231339,-2.540074348449707,-0.40337231755256653,0.5108921644833584,0.5164809827813175,0,0
0.08572187274694443,-2.543475866317749,-0.40337231755256653,0.49692741454411,0.4636364686344944,0,0
0.08708923310041428,-2.54687762260437,-0.40337231755256653,0.5075911848133486,0.5110226510572103,0,0
0.08845659345388412,-2.550279378890991,-0.40337231755256653,0.4813309085284802,0.49863875797808344,0,0
0.08982396125793457,-2.553680896759033,-0.40337231755256653,0.5082422559909262,0.5135921683789271,0,0
0.09119129925966263,-2.557082414627075,-0.40337231755256653,0.4931032321728463,0.5172619184339864,0,0
0.09255866706371307,-2.5604841709136963,-0.40337231755256653,0.488330215593283,0.49709385629384234,0,0
0.09392604231834412,-2.5638861656188965,-0.40337231755256653,0.49820359179065205,0.47199194828066604,0,0
0.09529339522123337,-2.5672879219055176,-0.40337231755256653,0.5042037723749485,0.49583284313352255,0,0
0.09666076302528381,-2.5706899166107178,-0.40337231755256653,0.5153571655962316,0.5077865695194514,0,0
0.09802810847759247,-2.574091672897339,-0.40337231755256653,0.4954536218391289,0.5014297359205314,0,0
0.09939548373222351,-2.57749342918396,-0.40337231755256653,0.5101794184871615,0.5265356500391671,0,0
0.10076283663511276,-2.580894947052002,-0.40337231755256653,0.4956101298234351,0.4952046903835512,0,0
0.10213019698858261,-2.584296941757202,-0.40337231755256653,0.5132180429895847,0.5079349512364446,0,0
0.10349757224321365,-2.5876986980438232,-0.40337231755256653,0.4890297990254687,0.4822027387996153,0,0
0.1048649251461029,-2.5911004543304443,-0.40337231755256653,0.4959830600495253,0.49541387269642406,0,0
0.10623228549957275,-2.5945022106170654,-0.40337231755256653,0.5112530224024263,0.5030341929416696,0,0
0.1075996458530426,-2.5979039669036865,-0.40337231755256653,0.5058096554092134,0.5132869396007025,0,0
0.10896701365709305,-2.6013057231903076,-0.40337231755256653,0.5100152696408982,0.4862579073808838,0,0
0.1103343591094017,-2.6047074794769287,-0.40337231755256653,0.5171426311632221,0.49431792128760593,0,0
0.11170171946287155,-2.60810923576355,-0.40337231755256653,0.47539147882203825,0.4956628263371149,0,0
0.113069087266922,-2.611510753631592,-0.40337231755256653,0.5032688626157742,0.48700376619103425,0,0
0.11443643271923065,-2.614912509918213,-0.40337231755256653,0.4855246226158542,0.49956518513545484,0,0
0.1158037930727005,-2.618314027786255,-0.40337231755256653,0.4835995294786575,0.4914556952507765,0,0
0.11717113852500916,-2.621716022491455,-0.40337231755256653,0.5043059872523664,0.49667080107817163,0,0
0.118538498878479,-2.625117778778076,-0.40337231755256653,0.49770898325711194,0.49086574257387033,0,0
0.11990583688020706,-2.6285197734832764,-0.40337231755256653,0.5172201446563292,0.5001683026460835,0,0
0.12127319723367691,-2.6319215297698975,-0.40337231755256653,0.4845254522769627,0.5037832083695039,0,0
0.12264054268598557,-2.6353232860565186,-0.40337231755256653,0.4984766012990178,0.49809651372143715,0,0
0.12400787323713303,-2.6387250423431396,-0.40337231755256653,0.5016739874737786,0.5178600789866314,0,0
0.12537522614002228,-2.64212703704834,-0.40337231755256653,0.4933259470754688,0.5046649557906614,0,0
0.12674257159233093,-2.645528793334961,-0.40337231755256653,0.5046971310635282,0.5013084934320056,0,0
0.1281099170446396,-2.648930549621582,-0.40337231755256653,0.4935288107172055,0.492000664978287,0,0
0.12947727739810944,-2.652332305908203,-0.40337231755256653,0.49208817582765585,0.49196730510589903,0,0
0.1308446228504181,-2.6557343006134033,-0.40337231755256653,0.5012054074403055,0.49542958392824255,0,0
0.13221198320388794,-2.6591358184814453,-0.40337231755256653,0.49453775117100685,0.49823180187049976,0,0
0.1335793137550354,-2.6625373363494873,-0.40337231755256653,0.5182734573342573,0.5019084077792245,0,0
0.13494665920734406,-2.6659390926361084,-0.40337231755256653,0.513329881149093,0.48264399512638806,0,0
0.1363140046596527,-2.6693408489227295,-0.40337231755256653,0.5071321698857998,0.5027048637536584,0,0
0.13768133521080017,-2.6727426052093506,-0.40337231755256653,0.5092671599446807,0.49621452225385504,0,0
0.13904869556427002,-2.6761443614959717,-0.40337231755256653,0.5107520094637642,0.49299168029722196,0,0
0.14041604101657867,-2.679546356201172,-0.40337231755256653,0.516817877759191,0.5047402046148931,0,0
0.14178337156772614,-2.682947874069214,-0.40337231755256653,0.4970752222627423,0.4910006006324097,0,0
0.14315073192119598,-2.686349630355835,-0.40337231755256653,0.5045004763233273,0.5060538046568446,0,0
0.14451807737350464,-2.689751148223877,-0.40337231755256653,0.4885386419330219,0.5101078234756824,0,0
0.1458854228258133,-2.693152904510498,-0.40337231755256653,0.49921211599857857,0.5079276808812969,0,0
0.14725273847579956,-2.69655442237854,-0.40337231755256653,0.512389514678657,0.47374143641976496,0,0
0.14862006902694702,-2.6999564170837402,-0.40337231755256653,0.5048864642601749,0.5171191031716893,0,0
0.14998741447925568,-2.7033581733703613,-0.40337231755256653,0.4890359923603331,0.5096096841705564,0,0
0.15135473012924194,-2.7067599296569824,-0.40337231755256653,0.516514866504417,0.48956512457289686,0,0
0.1527220606803894,-2.7101616859436035,-0.40337231755256653,0.5080042370011911,0.49170540872255347,0,0
0.15408940613269806,-2.7135634422302246,-0.40337231755256653,0.5127918221357087,0.5010993867434677,0,0
0.15545672178268433,-2.7169651985168457,-0.40337231755256653,0.508381926453104,0.5079557351164881,0,0
0.15682406723499298,-2.720366954803467,-0.40337231755256653,0.4960955787136145,0.49906741729169757,0,0
0.15819141268730164,-2.723768711090088,-0.40337231755256653,0.4884478981690908,0.5249968348415525,0,0
0.1595587432384491,-2.72717022895813,-0.40337231755256653,0.5063427196871633,0.5039695470950363,0,0
0.16092607378959656,-2.730571985244751,-0.40337231755256653,0.4963590990133936,0.5158546595414112,0,0
0.16229340434074402,-2.733973503112793,-0.40337231755256653,0.5004842913034323,0.5021625559940501,0,0
0.16366073489189148,-2.737375497817993,-0.40337231755256653,0.4969139033134454,0.5006277469745231,0,0
0.16502806544303894,-2.7407772541046143,-0.40337231755256653,0.4954816287533201,0.4907673302288851,0,0
0.1663954108953476,-2.7441792488098145,-0.40337231755256653,0.4909400257258805,0.5027732138757882,0,0
0.16776274144649506,-2.7475810050964355,-0.40337231755256653,0.49914865942989756,0.4827541687124248,0,0
0.16913005709648132,-2.7509829998016357,-0.40337231755256653,0.4879731462414233,0.4955291176193737,0,0
0.17049738764762878,-2.754384756088257,-0.40337231755256653,0.4945481721244603,0.4977615532332138,0,0
0.17186473309993744,-2.757786750793457,-0.40337231755256653,0.5064940688687857,0.49745976406569137,0,0
0.1732320487499237,-2.761188507080078,-0.40337231755256653,0.5151917572122249,0.49221586954707064,0,0
0.17459937930107117,-2.7645905017852783,-0.40337231755256653,0.5011530324677645,0.49655518297050416,0,0
0.17596672475337982,-2.7679922580718994,-0.40337231755256653,0.49954399344628053,0.4931724109661302,0,0
0.17733405530452728,-2.7713942527770996,-0.40337231755256653,0.49312386308417844,0.47778925914616843,0,0
0.17870137095451355,-2.7747960090637207,-0.40337231755256653,0.49393257129660684,0.49266124041774334,0,0
0.18006868660449982,-2.778198003768921,-0.40337231755256653,0.4918300640010474,0.523125565489698,0,0
0.18143604695796967,-2.781599760055542,-0.40337231755256653,0.4977902532974719,0.502421192641141,0,0
0.18280336260795593,-2.785001754760742,-0.40337231755256653,0.5028504815178415,0.5084845422161888,0,0
0.18417072296142578,-2.7884035110473633,-0.40337231755256653,0.49572995251177404,0.487125075853644,0,0
0.18553803861141205,-2.7918052673339844,-0.40337231755256653,0.4958653452230388,0.48701836054874453,0,0
0.18690533936023712,-2.7952067852020264,-0.40337231755256653,0.5046140256131171,0.5090530610900287,0,0
0.1882726401090622,-2.7986087799072266,-0.40337231755256653,0.4906438714808778,0.5125802904933596,0,0
0.18963992595672607,-2.8020105361938477,-0.40337231755256653,0.49244984725035246,0.48713841076980086,0,0
