state_xs,state_ys,state_yaws,state_lasers1,state_lasers2,laser_values1,laser_values2
-3.4604045140440576e-07,6.24940366122928e-09,0.7853980660438538,0.49368003369130525,0.5132156645228553,0,0
1.453851268706785e-06,1.8654152000863178e-08,0.785400390625,0.510449163491656,0.4914516389944822,0,0
1.1944424841203727e-05,-3.8966817328400793e-07,0.7854067087173462,0.5038857828095357,0.5005949549018625,0,0
4.186663863947615e-05,-2.67879340754007e-06,0.7854195237159729,0.481575099279663,0.49755150507860363,0,0
0.00010536902846070006,-8.531603270967025e-06,0.7854453921318054,0.5102455263509676,0.5068898090310539,0,0
0.00021895584359299392,-1.8226450265501626e-05,0.7854890823364258,0.4970618148939587,0.5040038239808011,0,0
0.00040076172444969416,-2.980818499054294e-05,0.7855477929115295,0.4996420691491173,0.5004293617207379,0,0
0.0006693738978356123,-3.975774234277196e-05,0.7856144905090332,0.505224801780379,0.5063922969222271,0,0
0.0010423519415780902,-4.472669024835341e-05,0.785680890083313,0.4938390963645765,0.5103894008649293,0,0
0.001535314484499395,-4.309208452468738e-05,0.7857387065887451,0.4973995071028072,0.5091614302584735,0,0
0.0021618478931486607,-3.5724922781810164e-05,0.7857840061187744,0.5064925723653346,0.511201276794163,0,0
0.0029332893900573254,-2.549265445850324e-05,0.7858191728591919,0.49697432883479137,0.49985905247711426,0,0
0.0038579232059419155,-1.5477644410566427e-05,0.785845935344696,0.5101952104597239,0.48659409192613984,0,0
0.004940765909850597,-7.5445277616381645e-06,0.785866916179657,0.4997836154638864,0.4931337695925358,0,0
0.006184303667396307,-2.206137196480995e-06,0.7858795523643494,0.4973290280286498,0.4888579898093989,0,0
0.007589033339172602,8.666341386742715e-07,0.7858805656433105,0.5102000075470218,0.520415805548132,0,0
0.009153245016932487,2.2636268113274127e-06,0.7858738899230957,0.48417571776818114,0.50374494639877,0,0
0.010873207822442055,2.7206756385567132e-06,0.785862147808075,0.5104486344164358,0.48328386362140563,0,0
0.012743517756462097,3.4644392599147977e-06,0.7858472466468811,0.5009711310627742,0.4854931266014043,0,0
0.014757557772099972,6.227914127521217e-06,0.785830020904541,0.48078650683368657,0.4842137086648115,0,0
0.01690800115466118,1.2597995919350069e-05,0.7858081459999084,0.4941789832680155,0.5034147786862145,0,0
0.019187074154615402,2.311467869731132e-05,0.7857785820960999,0.4931677439218356,0.5143169987898399,0,0
0.021586384624242783,3.6692443245556206e-05,0.7857446670532227,0.48365042134253233,0.4858970372814493,0,0
0.024097194895148277,5.094178777653724e-05,0.7857133746147156,0.5064593309896357,0.5179579249307948,0,0
0.02671114355325699,6.348731403704733e-05,0.785690188407898,0.4819663524713659,0.49482678251436574,0,0
0.02942037768661976,7.308065687539056e-05,0.7856748700141907,0.5092660712821645,0.4929261491487863,0,0
0.03221718221902847,8.011410682229325e-05,0.7856655716896057,0.4998736818827361,0.4952291470638249,0,0
0.03509388118982315,8.635576523374766e-05,0.785659909248352,0.5110484843637961,0.510063154899457,0,0
0.03804340213537216,9.371110354550183e-05,0.7856544256210327,0.5060670655109523,0.4853773535677178,0,0
0.041059453040361404,0.00010316132829757407,0.7856473326683044,0.5093166244545894,0.5011888769830122,0,0
0.04413599520921707,0.00011431745951995254,0.7856400609016418,0.5116423559130362,0.4854746726410664,0,0
0.04726725444197655,0.0001257129479199648,0.7856338024139404,0.48932181706071676,0.5102865972240921,0,0
0.05044811591506004,0.00013580553059000522,0.7856308221817017,0.4982452239123794,0.479917224084245,0,0
0.05367419496178627,0.0001437654864275828,0.7856306433677673,0.49930547907100986,0.5006414219975291,0,0
0.05694139003753662,0.0001497456105425954,0.7856342196464539,0.503571844163281,0.50333138353145,0,0
0.06024575233459473,0.0001547066931379959,0.785637378692627,0.507122415313625,0.49364914532876664,0,0
0.06358381360769272,0.00015972692926879972,0.7856409549713135,0.49461414881376586,0.48734706727769683,0,0
0.06695260107517242,0.00016540600336156785,0.7856435775756836,0.49552490070734656,0.4999684532855382,0,0
0.07034934312105179,0.00017168540216516703,0.7856464982032776,0.4949835455011999,0.5119324401846294,0,0
0.07377137988805771,0.00017794567975215614,0.7856497764587402,0.49731828178958765,0.49583639253088807,0,0
0.07721635699272156,0.00018351388280279934,0.7856529951095581,0.4922403905922256,0.506716538643822,0,0
0.08068227022886276,0.00018801998521666974,0.7856578230857849,0.4957977250445973,0.493105694852555,0,0
0.0841672420501709,0.0001915509346872568,0.7856646776199341,0.49263555413743093,0.4871540578758077,0,0
0.0876694768667221,0.00019456485460978001,0.785670280456543,0.5045084801108811,0.49555776774699595,0,0
0.09118738025426865,0.00019756918482016772,0.785674512386322,0.5080769276842606,0.510965120421725,0,0
0.09471960365772247,0.00020084722200408578,0.7856786847114563,0.5044381940812596,0.4926548140126343,0,0
0.09826484322547913,0.00020437731291167438,0.7856830954551697,0.5085500958486157,0.4927300527971784,0,0
0.10182186216115952,0.00020787803805433214,0.7856873273849487,0.5108195758676973,0.5055299723099358,0,0
0.10538957267999649,0.00021103127801325172,0.7856919169425964,0.5121264242500748,0.4947575089915858,0,0
0.10896700620651245,0.00021366764849517494,0.785697340965271,0.49640724608070014,0.491862421216514,0,0
0.11255321651697159,0.0002158356219297275,0.7857025861740112,0.5019632437316991,0.4960764392820778,0,0
0.11614740639925003,0.00021775657660327852,0.7857081294059753,0.5111343272981571,0.49366191934297204,0,0
0.11974877119064331,0.00021967728389427066,0.7857128381729126,0.4933818540869908,0.4885082827785838,0,0
0.1233566552400589,0.00022174148762132972,0.7857175469398499,0.488127991765085,0.5004404274954651,0,0
0.12697045505046844,0.0002239359891973436,0.7857232093811035,0.49491385959034934,0.506591415121193,0,0
0.1305895745754242,0.00022612109023611993,0.7857280373573303,0.5155181583498334,0.5068819097429832,0,0
0.13421346247196198,0.00022815115517005324,0.7857329249382019,0.4873457047918759,0.493493212515917,0,0
0.13784168660640717,0.0002299437765032053,0.7857377529144287,0.4986665654647865,0.4952404515464994,0,0
0.14147384464740753,0.00023152161156758666,0.7857427597045898,0.5040352978202013,0.50314555771685,0,0
0.14510950446128845,0.0002329916605958715,0.7857478260993958,0.49825209000033344,0.49691823552012704,0,0
0.14874833822250366,0.00023446451814379543,0.7857517004013062,0.4812209191266761,0.49181997499663893,0,0
0.1523900330066681,0.00023600610438734293,0.78575599193573,0.47962976138791175,0.49821489537852404,0,0
0.15603429079055786,0.00023761032207403332,0.7857608795166016,0.5085106527619525,0.498894075594623,0,0
0.15968090295791626,0.00023921696993056685,0.7857651114463806,0.4856360351729399,0.49532496272483484,0,0
0.1633295863866806,0.00024075954570434988,0.7857691645622253,0.49417543664006436,0.4979352228262493,0,0
0.16698019206523895,0.00024220529303420335,0.7857734560966492,0.5053799089618171,0.5021821687239995,0,0
0.1706325113773346,0.00024356697394978255,0.7857785820960999,0.4981352730565343,0.5038503717566214,0,0
0.17428633570671082,0.00024489330826327205,0.7857828140258789,0.49312664595262384,0.506099656685236,0,0
0.17794150114059448,0.00024623755598440766,0.7857869267463684,0.49580197558697775,0.4964414545184955,0,0
0.18159788846969604,0.0002476245572324842,0.7857911586761475,0.5062508251041928,0.4928081168488032,0,0
0.18525537848472595,0.0002490530605427921,0.7857955098152161,0.5131270538299375,0.49196092955233167,0,0
0.18891380727291107,0.00025049273972399533,0.7857987284660339,0.495198204396036,0.5073781442474109,0,0
0.1925731748342514,0.0002519176050554961,0.7858021259307861,0.49732935690953806,0.5127317174637677,0,0
0.196233332157135,0.0002533116494305432,0.7858055830001831,0.5094673609783956,0.4818072501487014,0,0
0.19989416003227234,0.00025467711384408176,0.7858088612556458,0.4924791826546076,0.4974962340917207,0,0
0.20355567336082458,0.0002560339926276356,0.7858123183250427,0.4938642607445399,0.5029891252701673,0,0
0.2072177529335022,0.00025740268756635487,0.7858139872550964,0.5152329600372001,0.5070700905982637,0,0
0.2108803540468216,0.000258792337263003,0.7858173847198486,0.5061430592290914,0.49606509656318154,0,0
0.214543417096138,0.0002601997402962297,0.7858206629753113,0.5115903302708501,0.5018462297647762,0,0
0.21820694208145142,0.00026161360437981784,0.785824179649353,0.49420407635531105,0.5071146735362698,0,0
0.22187083959579468,0.00026302013429813087,0.7858276963233948,0.5099192876593525,0.4873047845078228,0,0
0.2255350649356842,0.0002644164196681231,0.7858293056488037,0.4956492235624013,0.48298279931646354,0,0
0.2291996031999588,0.0002658009761944413,0.7858309745788574,0.48857333364310984,0.4967996765476865,0,0
0.23286445438861847,0.000267182505922392,0.7858327627182007,0.5067206613977715,0.4942989319074251,0,0
0.23652960360050201,0.00026856831391341984,0.7858344316482544,0.48218671351743847,0.4909682801889158,0,0
0.24019496142864227,0.00026996037922799587,0.7858361005783081,0.5132303264137675,0.5093535669782895,0,0
0.24386057257652283,0.00027136041899211705,0.785837709903717,0.5017166482764566,0.5060094744127792,0,0
0.2475263625383377,0.0002727591199800372,0.7858395576477051,0.5031343149802229,0.49598145672424704,0,0
0.2511923015117645,0.0002741542411968112,0.785841166973114,0.4969542264955845,0.4749906760916652,0,0
0.25485846400260925,0.0002755419409368187,0.7858428359031677,0.519827301008838,0.5016450136842469,0,0
0.25852465629577637,0.000276928796665743,0.7858446836471558,0.4875504209973286,0.4858157630449001,0,0
0.2621910274028778,0.00027831995976157486,0.7858462929725647,0.497720835087656,0.4964548474435184,0,0
0.2658574879169464,0.00027972334646619856,0.7858479619026184,0.4890316458393479,0.4757999426606574,0,0
0.2695240080356598,0.00028114134329371154,0.7858479619026184,0.49632412329411574,0.502010274301872,0,0
0.27319061756134033,0.0002825738920364529,0.7858479619026184,0.477342752516315,0.5089364876550676,0,0
0.27685728669166565,0.0002840224769897759,0.7858479619026184,0.49835374211150746,0.4880207109787514,0,0
0.28052401542663574,0.0002854848571587354,0.7858479619026184,0.4971886790650283,0.5114418379965201,0,0
0.2841908037662506,0.0002869628951884806,0.7858479619026184,0.502441751730513,0.5002443926447794,0,0
0.28785765171051025,0.0002884550776798278,0.7858479619026184,0.4894953663437569,0.5074822619680294,0,0
0.29152458906173706,0.0002899611135944724,0.7858479619026184,0.5082468041060374,0.5045434026356331,0,0
0.29519158601760864,0.00029148359317332506,0.7858479619026184,0.47943329899943543,0.4933021754338879,0,0
0.298858642578125,0.0002930190530605614,0.7858479619026184,0.4814846014366087,0.514984781301616,0,0
0.3025257885456085,0.0002945702290162444,0.7858479619026184,0.4951501299831115,0.5241454760395865,0,0
0.30619296431541443,0.00029613435617648065,0.7858479619026184,0.4773186597074673,0.4940025509734365,0,0
0.3098601996898651,0.0002977140247821808,0.7858479619026184,0.5053776161514019,0.5001454358481198,0,0
0.31352749466896057,0.0002993072266690433,0.7858479619026184,0.5051363372060502,0.494080001125469,0,0
0.3171948194503784,0.0003009151841979474,0.7858479619026184,0.49493532123033335,0.511096694491148,0,0
0.3208622932434082,0.0003025364421773702,0.7858479619026184,0.5000425903590544,0.48809026835045216,0,0
0.32452982664108276,0.00030417321249842644,0.7858479619026184,0.5015843382044498,0.5037749966467234,0,0
0.3281973898410797,0.0003058224101550877,0.7858479619026184,0.5135956298906694,0.47538657995542893,0,0
0.33186501264572144,0.00030748647986911237,0.7858479619026184,0.4879601726417915,0.48414586474445487,0,0
0.3355327248573303,0.0003091648395638913,0.7858479619026184,0.5062086136215118,0.5095714890011842,0,0
0.3392004668712616,0.0003108559176325798,0.7858479619026184,0.5085364486209492,0.5371000634301643,0,0
0.34286826848983765,0.0003125620714854449,0.7858479619026184,0.4908295927657722,0.49550140262259346,0,0
0.34653612971305847,0.00031428103102371097,0.78584885597229,0.5027401725549316,0.499422136022018,0,0
0.3502039611339569,0.0003160191990900785,0.78584885597229,0.4968355125774316,0.5020142767221077,0,0
0.3538719117641449,0.00031777340336702764,0.78584885597229,0.49420497292715326,0.4900299481665604,0,0
0.35753992199897766,0.0003195463214069605,0.7858495712280273,0.5021007477355507,0.5025949580429202,0,0
0.36120790243148804,0.0003213302115909755,0.7858505845069885,0.48000232080306804,0.4742080981688516,0,0
0.3648758828639984,0.00032311573158949614,0.7858505845069885,0.5067645064370747,0.5108157176861383,0,0
0.3685438334941864,0.0003249051223974675,0.7858505845069885,0.5068856985533479,0.4859977323041675,0,0
0.37221184372901917,0.0003266966959927231,0.7858505845069885,0.520705824130729,0.4887331562445179,0,0
0.37587976455688477,0.0003284896956756711,0.7858505845069885,0.5126378733419625,0.494527680946036,0,0
0.37954771518707275,0.0003302858385723084,0.7858505845069885,0.48491697977119874,0.5010092318973338,0,0
0.3832157552242279,0.0003320843097753823,0.7858505845069885,0.4978129777529158,0.5041197201906756,0,0
0.3868837356567383,0.0003338864480610937,0.7858505845069885,0.5049381055292533,0.5037296000625349,0,0
0.3905516564846039,0.0003356903907842934,0.7858505845069885,0.5222287716468949,0.5053071183605522,0,0
0.3942195475101471,0.00033749782596714795,0.7858505845069885,0.5242550775303151,0.508610041355624,0,0
0.3978874981403351,0.0003393072111066431,0.7858505845069885,0.4999132883916341,0.5023047063877706,0,0
0.4015553891658783,0.00034111886634491384,0.7858505845069885,0.49357674652224376,0.5057699293987288,0,0
0.4052232503890991,0.00034293270437046885,0.7858505845069885,0.5211087286652976,0.5127624673224589,0,0
0.40889114141464233,0.00034475058782845736,0.7858505845069885,0.5087661971305205,0.49220156507649826,0,0
0.41255900263786316,0.0003465702757239342,0.7858505845069885,0.503221105164427,0.5027915981312271,0,0
0.41622692346572876,0.0003483919717837125,0.7858505845069885,0.5111149995897065,0.5027848602106164,0,0
0.4198947846889496,0.0003502178587950766,0.7858505845069885,0.5003077359757436,0.49181436471357354,0,0
0.4235626459121704,0.00035204371670261025,0.7858505845069885,0.48763851455785157,0.49727818287329856,0,0
0.42723050713539124,0.0003538736782502383,0.7858505845069885,0.5009194297630164,0.49743989186202975,0,0
0.43089836835861206,0.0003557057643774897,0.7858505845069885,0.4948779807954969,0.49962618845016576,0,0
0.4345661997795105,0.00035754169221036136,0.7858505845069885,0.4755237782638289,0.5035713036330618,0,0
0.4382340610027313,0.0003593778528738767,0.7858505845069885,0.49826165287604085,0.4915251803893257,0,0
0.4419018626213074,0.00036121709854342043,0.7858505845069885,0.5002645870148152,0.5024587056350257,0,0
0.4455696642398834,0.00036305925459600985,0.7858505845069885,0.4904034045233574,0.5203301212101014,0,0
0.44923752546310425,0.00036490309867076576,0.7858505845069885,0.5142985216048139,0.48269135302675176,0,0
0.4529053568840027,0.00036675154115073383,0.7858505845069885,0.47428285999728415,0.5078113309158919,0,0
0.45657309889793396,0.0003685996634885669,0.7858505845069885,0.4843934449511563,0.505054814018942,0,0
0.4602408707141876,0.0003704517730511725,0.7858505845069885,0.5046590364052801,0.4983881599749544,0,0
0.46390867233276367,0.00037230405723676085,0.7858505845069885,0.5052532522373934,0.48855629838802345,0,0
0.46757641434669495,0.00037416195846162736,0.7858505845069885,0.49894289784313484,0.5101812026723,0,0
0.471244215965271,0.0003760205872822553,0.7858505845069885,0.5097061924931582,0.5015614524828206,0,0
0.47491195797920227,0.0003778809623327106,0.7858505845069885,0.491467266292348,0.49694759593237,0,0
0.4785797595977783,0.00037974558654241264,0.7858505845069885,0.5060987387140676,0.5173512415746788,0,0
0.482247531414032,0.0003816110547631979,0.7858505845069885,0.5089158757668311,0.4772146995410823,0,0
0.48591527342796326,0.00038347876397892833,0.7858505845069885,0.4894465331514649,0.5016107229807394,0,0
0.4895830452442169,0.0003853493253700435,0.7858505845069885,0.4998829475612405,0.4833137424710836,0,0
0.4932508170604706,0.00038722233148291707,0.7858505845069885,0.5014768461084629,0.5022433745585937,0,0
0.49691852927207947,0.0003890976950060576,0.7858505845069885,0.5085013303829328,0.5283910509261142,0,0
0.5005862712860107,0.00039097556145861745,0.7858505845069885,0.5008626298331866,0.5057796465100884,0,0
0.5042539834976196,0.00039285619277507067,0.7858505845069885,0.5014400608758477,0.49404207216678797,0,0
0.5079216957092285,0.00039473711512982845,0.7858505845069885,0.5081202359427698,0.49767276258170323,0,0
0.5115894079208374,0.00039662205381318927,0.7858505845069885,0.49907787172526696,0.49975686853429263,0,0
0.5152571201324463,0.0003985079238191247,0.7858505845069885,0.5040706478294681,0.4975337469788888,0,0
0.5189248323440552,0.00040039699524641037,0.7858505845069885,0.5065080381344459,0.5098801924921263,0,0
0.5225925445556641,0.0004022871144115925,0.7858505845069885,0.4733628818882221,0.47700845789547913,0,0
0.5262601971626282,0.00040418110438622534,0.7858505845069885,0.48914489088765,0.49395310438580353,0,0
0.5299278497695923,0.0004060761129949242,0.7858505845069885,0.49208719150463837,0.5064119809117612,0,0
0.5335955023765564,0.00040797446854412556,0.7858505845069885,0.48691185938273507,0.5040793998902406,0,0
0.5372631549835205,0.0004098749195691198,0.7858505845069885,0.5108309968737268,0.5168644055468716,0,0
0.5409308075904846,0.0004117764765396714,0.7858505845069885,0.5153240456356286,0.4916334161693215,0,0
0.544598400592804,0.00041368106030859053,0.7858505845069885,0.49301157408961044,0.5086120448929643,0,0
0.5482661128044128,0.00041558771044947207,0.7858505845069885,0.5027071866976677,0.49572217289095144,0,0
0.551933765411377,0.00041749622323550284,0.7858505845069885,0.4945539092086958,0.5044963730889704,0,0
0.5556014776229858,0.00041940706432797015,0.7858505845069885,0.5089604933098626,0.49649860096231274,0,0
0.55926913022995,0.00042131991358473897,0.7858505845069885,0.5128156059609922,0.5039491045485491,0,0
0.5629366636276245,0.00042323555680923164,0.7858505845069885,0.5010119096551352,0.5037944061968647,0,0
0.5666042566299438,0.0004251528298482299,0.7858505845069885,0.48856890236508127,0.5168025077552427,0,0
0.5702718496322632,0.0004270726058166474,0.7858505845069885,0.5152815457200826,0.5130278718348422,0,0
0.5739394426345825,0.00042899418622255325,0.7858505845069885,0.48946565325842,0.4874438091644039,0,0
0.5776070356369019,0.0004309181240387261,0.7858505845069885,0.5062352508011905,0.49099773826085413,0,0
0.5812746286392212,0.00043284360435791314,0.7858505845069885,0.49438648909859384,0.5019913343830839,0,0
0.5849421620368958,0.00043477118015289307,0.7858505845069885,0.4856939024018587,0.5068442982629072,0,0
0.5886097550392151,0.0004367025976534933,0.7858505845069885,0.49527803115894875,0.4932724162035017,0,0
0.5922774076461792,0.00043863317114301026,0.7858505845069885,0.5080956939119393,0.5192984459929829,0,0
0.5959450006484985,0.00044056744081899524,0.7858505845069885,0.5034521310350815,0.46861175947226713,0,0
0.5996125936508179,0.00044250342762097716,0.7858505845069885,0.49176080908256753,0.49198199517512764,0,0
0.6032801270484924,0.00044444226659834385,0.7858505845069885,0.4870397950595894,0.4921017102712702,0,0
0.606947660446167,0.0004463827353902161,0.7858505845069885,0.5056125884463951,0.48624610768006676,0,0
0.6106151342391968,0.0004483248631004244,0.7858505845069885,0.5143355049022348,0.4975424182800136,0,0
0.6142826676368713,0.00045026963925920427,0.7858505845069885,0.5001805367236237,0.501681731581444,0,0
0.6179502606391907,0.00045221575419418514,0.7858505845069885,0.500554482165277,0.49863506249861506,0,0
0.6216177940368652,0.0004541646922007203,0.7858505845069885,0.4992358087967571,0.5077771841242241,0,0
0.6252853274345398,0.0004561149689834565,0.7858505845069885,0.49514106948359854,0.49875815194575696,0,0
0.6289528012275696,0.00045806681737303734,0.7858505845069885,0.5032007707961191,0.5004504733735037,0,0
0.6326203346252441,0.00046002204180695117,0.7858505845069885,0.49877412018278117,0.49954826905818983,0,0
0.6362878084182739,0.00046197851770557463,0.7858505845069885,0.4981410386397028,0.5131531681860433,0,0
0.6399552822113037,0.0004639365943148732,0.7858505845069885,0.48077017445148984,0.5019923023594353,0,0
0.6436227560043335,0.0004658974939957261,0.7858505845069885,0.4975291191303213,0.5049569439048042,0,0
0.6472902894020081,0.00046785984886810184,0.7858505845069885,0.5083743334215457,0.5104870090572116,0,0
0.6509577631950378,0.0004698239208664745,0.7858505845069885,0.5042656762054024,0.5023719821041037,0,0
0.6546252369880676,0.0004717905248980969,0.7858505845069885,0.48568489041653634,0.5037838106036898,0,0
0.6582927107810974,0.00047375893336720765,0.7858505845069885,0.49131031079335474,0.48098463493495214,0,0
0.6619601845741272,0.0004757301358040422,0.7858505845069885,0.48113739582901915,0.4921149568426298,0,0
0.665627658367157,0.00047770136734470725,0.7858505845069885,0.5215509235986655,0.5126397679832244,0,0
0.6692951321601868,0.0004796747525688261,0.7858505845069885,0.4994860768100665,0.4966142671035983,0,0
0.6729626655578613,0.0004816512227989733,0.7858505845069885,0.4951133658736561,0.4969222263147079,0,0
0.6766300797462463,0.0004836288862861693,0.7858505845069885,0.49660968333136124,0.4964258519619224,0,0
0.6802974939346313,0.0004856095474679023,0.7858505845069885,0.522280390899248,0.4953272170104857,0,0
0.6839648485183716,0.0004875908780377358,0.7858505845069885,0.512964668857332,0.5060025276964601,0,0
0.6876322627067566,0.0004895738675259054,0.7858505845069885,0.49389640081707226,0.5031033071178609,0,0
0.6912996768951416,0.0004915597382932901,0.7858505845069885,0.4954559218374438,0.504158843827032,0,0
0.6949670910835266,0.0004935472388751805,0.7858505845069885,0.5007436299521617,0.5044030139229151,0,0
0.6986345648765564,0.0004955355543643236,0.7858505845069885,0.5061089055216077,0.5164433628022302,0,0
0.7023019790649414,0.000497526372782886,0.7858505845069885,0.4890398196432018,0.5029278547640361,0,0
0.7059694528579712,0.000499519519507885,0.7858505845069885,0.495922078019162,0.5155613812088872,0,0
0.7096368074417114,0.0005015138885937631,0.7858505845069885,0.5002848133934469,0.4938558624501892,0,0
0.7133042812347412,0.0005035108770243824,0.7858505845069885,0.4632670205961574,0.49582947038004266,0,0
0.7169716358184814,0.0005055085639469326,0.7858505845069885,0.5025442583059434,0.4992130207741271,0,0
0.7206390500068665,0.0005075085209682584,0.7858505845069885,0.5003277694418736,0.4921573847497733,0,0
0.7243064045906067,0.0005095113883726299,0.7858505845069885,0.49352872671577874,0.5041096133518246,0,0
0.7279736995697021,0.0005115142557770014,0.7858505845069885,0.5044476909350063,0.5009659067344187,0,0
0.7316410541534424,0.0005135200335644186,0.7858505845069885,0.5053544927692776,0.49010345113112824,0,0
0.7353084087371826,0.0005155264516361058,0.7858505845069885,0.4963370403901661,0.5048296724043847,0,0
0.7389756441116333,0.0005175354308448732,0.7858505845069885,0.49866840541776497,0.5006981809496474,0,0
0.7426431179046631,0.0005195462144911289,0.7858505845069885,0.49681851633428936,0.48709916983463586,0,0
0.7463104128837585,0.0005215600831434131,0.7858505845069885,0.5049282073571646,0.49694876993687254,0,0
0.7499777674674988,0.000523573427926749,0.7858505845069885,0.48852700999314463,0.4968448755189875,0,0
0.753645122051239,0.0005255897995084524,0.7858505845069885,0.5006894138628144,0.5123793291252864,0,0
0.7573125958442688,0.0005276078591123223,0.7858505845069885,0.5002410552115536,0.4832672623812155,0,0
0.7609798312187195,0.0005296265590004623,0.7858505845069885,0.4944272521552972,0.5121720981217258,0,0
0.7646471261978149,0.0005316480528563261,0.7858505845069885,0.4858915180490857,0.49270018595683385,0,0
0.7683144211769104,0.0005336712347343564,0.7858505845069885,0.5011808503687808,0.510802087726023,0,0
0.7719817161560059,0.0005356947658583522,0.7858505845069885,0.5087617641912454,0.49284443798929906,0,0
0.7756490111351013,0.0005377219640649855,0.7858505845069885,0.49510811660054493,0.5003758582268728,0,0
0.7793163061141968,0.0005397502100095153,0.7858505845069885,0.5050962041184165,0.48544991862290215,0,0
0.7829836010932922,0.0005417796783149242,0.7858505845069885,0.49590343085920113,0.4878526821966008,0,0
0.7866510152816772,0.0005438108928501606,0.7858505845069885,0.5202453787453848,0.49768389790934103,0,0
0.7903183102607727,0.0005458442028611898,0.7858505845069885,0.5030404107281344,0.5013767204094759,0,0
0.7939855456352234,0.0005478785024024546,0.7858505845069885,0.4836135302190625,0.48963932418603046,0,0
0.7976528406143188,0.0005499151884578168,0.7858505845069885,0.5110831447440737,0.4929496227348485,0,0
0.8013201951980591,0.0005519536789506674,0.7858505845069885,0.4929904849428575,0.4877296963158779,0,0
0.8049874901771545,0.0005539933335967362,0.7858505845069885,0.5012172023698114,0.5025907330585793,0,0
0.8086546659469604,0.0005560330464504659,0.7858505845069885,0.5096744588997205,0.5121035945177834,0,0
0.8123218417167664,0.0005580776487477124,0.7858505845069885,0.4993109475082303,0.5217609282268131,0,0
0.8159891366958618,0.0005601212033070624,0.7858505845069885,0.5072118875862288,0.49351787645328216,0,0
0.8196563720703125,0.000562167726457119,0.7858505845069885,0.5025047797140804,0.49628263709161985,0,0
0.8233235478401184,0.0005642153555527329,0.7858505845069885,0.4881824120846776,0.5133862591727536,0,0
0.8269908428192139,0.0005662651383318007,0.7858505845069885,0.5134084004582776,0.503895382496173,0,0
0.8306581974029541,0.0005683169583790004,0.7858505845069885,0.5083815123311404,0.4916800073300149,0,0
0.8343254327774048,0.0005703682545572519,0.7858505845069885,0.5070752430383318,0.5040884841194062,0,0
0.8379927277565002,0.0005724233924411237,0.7858505845069885,0.5064845857373393,0.5137411370106195,0,0
0.8416599035263062,0.0005744794034399092,0.7858505845069885,0.4847086042819671,0.5043511661979231,0,0
0.8453271985054016,0.0005765371024608612,0.7858505845069885,0.5205852292998253,0.4932746935677173,0,0
0.8489943742752075,0.0005785965477116406,0.7858505845069885,0.5048785474067508,0.4951560021621462,0,0
0.8526615500450134,0.0005806558183394372,0.7858505845069885,0.4982942235111628,0.5046599139556621,0,0
0.8563287258148193,0.0005827177665196359,0.7858505845069885,0.48973215510075147,0.48015275797611784,0,0
0.8599959015846252,0.000584782159421593,0.7858505845069885,0.4775975830125391,0.49075007548847005,0,0
0.8636630773544312,0.000586847250815481,0.7858505845069885,0.489927156508027,0.5016999972601695,0,0
0.8673301935195923,0.0005889140302315354,0.7858505845069885,0.48489726081886797,0.5217184794621312,0,0
0.8709974884986877,0.0005909833125770092,0.7858505845069885,0.5141878423535176,0.48942943769234376,0,0
0.8746646046638489,0.0005930526531301439,0.7858505845069885,0.4945359036372401,0.5185010875417185,0,0
0.87833172082901,0.0005951241473667324,0.7858505845069885,0.48204967331969095,0.5149551216451916,0,0
0.8819989562034607,0.000597197562456131,0.7858505845069885,0.504724915383935,0.4980913522145027,0,0
0.8856660723686218,0.0005992718506604433,0.7858505845069885,0.4992668194149626,0.5064003646296831,0,0
0.8893332481384277,0.0006013478268869221,0.7858505845069885,0.5058198479643919,0.5005475618423322,0,0
0.8930004239082336,0.000603424443397671,0.7858505845069885,0.47334993156876765,0.48952076057156857,0,0
0.8966677188873291,0.0006055039120838046,0.7858505845069885,0.49826431047283026,0.4967865951628843,0,0
0.9003348350524902,0.0006075854762457311,0.7858505845069885,0.5080093387589132,0.5188772951356324,0,0
0.9040018916130066,0.0006096664001233876,0.7858505845069885,0.5075294268387914,0.5017018477876147,0,0
0.907668948173523,0.0006117497105151415,0.7858505845069885,0.478041699261471,0.48913442670569374,0,0
0.9113361835479736,0.0006138343596830964,0.7858505845069885,0.5102758145674386,0.5118305034777717,0,0
0.91500324010849,0.0006159208714962006,0.7858505845069885,0.4879642828394387,0.5048217223335031,0,0
0.9186704158782959,0.0006180094787850976,0.7858505845069885,0.4928785404849568,0.4927388292594973,0,0
0.9223376512527466,0.0006200984353199601,0.7858505845069885,0.5124635348938965,0.5126194145352697,0,0
0.9260048866271973,0.0006221887888386846,0.7858505845069885,0.5134770139006014,0.5050061194303761,0,0
0.9296719431877136,0.0006242815288715065,0.7858505845069885,0.5078839069408414,0.4974066059880374,0,0
0.9333390593528748,0.0006263744435273111,0.7858505845069885,0.5026527080409058,0.487607412926368,0,0
0.9370062351226807,0.0006284690462052822,0.7858505845069885,0.5043864437111816,0.49227726328321697,0,0
0.940673291683197,0.0006305661518126726,0.7858505845069885,0.4937759925911562,0.49733143116502265,0,0
0.9443404078483582,0.000632663257420063,0.7858505845069885,0.5109578092749765,0.5030178098371052,0,0
0.9480074644088745,0.0006347635062411427,0.7858505845069885,0.5096869605742983,0.4987652376343228,0,0
0.9516746401786804,0.0006368636386469007,0.7858505845069885,0.496678541830049,0.5005816576667708,0,0
0.9553418159484863,0.0006389660411514342,0.7858505845069885,0.49385054119063626,0.4915712927956562,0,0
0.9590088725090027,0.0006410683854483068,0.7858505845069885,0.509767555596762,0.4917583309856936,0,0
0.962675929069519,0.0006431739311665297,0.7858505845069885,0.5035638948728728,0.5125617303973145,0,0
0.9663429260253906,0.0006452792440541089,0.7858505845069885,0.494585463473692,0.4995192996509724,0,0
0.9700099229812622,0.0006473874673247337,0.7858505845069885,0.5207936866421193,0.4942746646548149,0,0
0.9736769795417786,0.0006494958652183414,0.7858505845069885,0.5054824216572827,0.4996356866587236,0,0
0.9773440957069397,0.0006516071152873337,0.7858505845069885,0.5058105562077736,0.5115819049721093,0,0
0.9810110926628113,0.0006537193548865616,0.7858505845069885,0.48070807967893436,0.48098202078833874,0,0
0.9846780896186829,0.0006558322347700596,0.7858505845069885,0.4985318685397842,0.4977267048913514,0,0
0.9883452653884888,0.0006579463952220976,0.7858505845069885,0.5064324409072035,0.5025848317904702,0,0
0.9920123219490051,0.000660063000395894,0.7858505845069885,0.508940422582108,0.4976038981829896,0,0
0.9956793785095215,0.0006621794309467077,0.7858505845069885,0.4863788161576436,0.4823064003673991,0,0
0.9993464350700378,0.0006642985390499234,0.7858505845069885,0.5071431661895874,0.5020662581645208,0,0
1.0030134916305542,0.0006664174725301564,0.7858505845069885,0.48334693341040147,0.4926065696845812,0,0
1.0066804885864258,0.0006685388507321477,0.7858505845069885,0.5043830217511379,0.508056532773096,0,0
1.0103473663330078,0.0006706612184643745,0.7858505845069885,0.5027218886701188,0.5056454703893687,0,0
1.0140143632888794,0.0006727842264808714,0.7858505845069885,0.48870851133772697,0.5000269326549123,0,0
1.017681360244751,0.0006749103195033967,0.7858505845069885,0.4876152573357918,0.5007201587887058,0,0
1.021348476409912,0.0006770369363948703,0.7858505845069885,0.5124436105743605,0.4893379438812843,0,0
1.0250154733657837,0.0006791649502702057,0.7858505845069885,0.4886249859380636,0.493693105565364,0,0
1.0286824703216553,0.0006812928477302194,0.7858505845069885,0.493520541638,0.5115149760326541,0,0
1.0323494672775269,0.0006834232481196523,0.7858505845069885,0.7823083000357759,0.512167979313331,0,0
1.0360164642333984,0.0006855542887933552,0.7858505845069885,0.798407878780983,0.5169102287972894,0,0
1.0396833419799805,0.0006876870174892247,0.7858505845069885,0.7985443478539763,0.5128390176913875,0,0
1.043350338935852,0.0006898224237374961,0.7858505845069885,0.7796710334309545,0.4894839204893578,0,0
1.0470173358917236,0.000691957538947463,0.7858505845069885,0.7744708680886111,0.4983061763526148,0,0
1.0506843328475952,0.0006940941675566137,0.7858505845069885,0.7773192126371783,0.4963913390275808,0,0
1.0543514490127563,0.0006962312618270516,0.7858505845069885,0.7793567568611792,0.5051394197115591,0,0
1.0580185651779175,0.0006983711500652134,0.7858505845069885,0.7903160758577638,0.499000506312651,0,0
1.061685562133789,0.0007005108054727316,0.7858505845069885,0.807525127097257,0.5031397360653527,0,0
1.0653525590896606,0.0007026527891866863,0.7858505845069885,0.7832044654432024,0.49818104309593175,0,0
1.0690195560455322,0.0007047953549772501,0.7858505845069885,0.7522206438033053,0.5125941753978068,0,0
1.0726865530014038,0.0007069396669976413,0.7858505845069885,0.7416263323446689,0.5067232921109294,0,0
1.0763534307479858,0.0007090858416631818,0.7858505845069885,0.7583785351694519,0.5153249206195678,0,0
1.0800204277038574,0.0007112313178367913,0.7858505845069885,0.748409978922821,0.5090325037087373,0,0
1.083687424659729,0.0007133790059015155,0.7858505845069885,0.767187978039716,0.49027662198818894,0,0
1.0873545408248901,0.0007155282073654234,0.7858505845069885,0.7402421631971757,0.5033411126002622,0,0
1.0910215377807617,0.0007176782237365842,0.7858505845069885,0.7381835519164616,0.49214363073307693,0,0
1.0946886539459229,0.0007198300445452332,0.7858505845069885,0.7393036932405215,0.5020879854838924,0,0
1.0983556509017944,0.0007219824474304914,0.7858505845069885,0.7404958061484195,0.5063441034476694,0,0
1.102022647857666,0.0007241356652230024,0.7858505845069885,0.7462337032995616,0.4943582644199932,0,0
1.105689525604248,0.0007262910949066281,0.7858505845069885,0.7130207778678092,0.5115896674469711,0,0
1.1093565225601196,0.0007284479797817767,0.7858505845069885,0.7323432184636914,0.49640219903052274,0,0
1.1130234003067017,0.0007306048064492643,0.7858505845069885,0.71500723581331,0.4983603317401905,0,0
1.1166901588439941,0.0007327640196308494,0.7858505845069885,0.7204372955382975,0.5014594526632553,0,0
1.1203570365905762,0.0007349230581894517,0.7858505845069885,0.6927539838100548,0.49823318177699133,0,0
1.1240239143371582,0.0007370838429778814,0.7858505845069885,0.7257219493127011,0.4925026613440693,0,0
1.1276907920837402,0.0007392460247501731,0.7858505845069885,0.7208813289703586,0.5045184489699801,0,0
1.1313575506210327,0.0007414091960527003,0.7858505845069885,0.7263076999246878,0.5110470490753378,0,0
1.1350244283676147,0.0007435724255628884,0.7858505845069885,0.7174951215008707,0.5030110466073082,0,0
1.1386911869049072,0.0007457387982867658,0.7858505845069885,0.7187147956081406,0.5050780616626298,0,0
1.1423579454421997,0.0007479055202566087,0.7858505845069885,0.6941482561747929,0.5059277088333238,0,0
1.1460248231887817,0.0007500732317566872,0.7858505845069885,0.6821868320169431,0.5027428220312496,0,0
1.1496917009353638,0.0007522418163716793,0.7858505845069885,0.6747439108818097,0.5015609955802245,0,0
1.1533585786819458,0.0007544121472164989,0.7858505845069885,0.6800758202557564,0.4988296149011868,0,0
1.1570254564285278,0.000756582769099623,0.7858505845069885,0.6662011612887464,0.5034126638835216,0,0
1.1606923341751099,0.0007587556610815227,0.7858505845069885,0.6533761647264966,0.5020960466296607,0,0
1.1643593311309814,0.0007609283202327788,0.7858505845069885,0.6804314949031861,0.5010287010024993,0,0
1.1680262088775635,0.000763102900236845,0.7858505845069885,0.6861846126200226,0.486889989444735,0,0
1.1716930866241455,0.0007652780041098595,0.7858505845069885,0.6763534615436363,0.5135184058526177,0,0
1.175360083580017,0.0007674540975131094,0.7858505845069885,0.6861830781236534,0.4918832119903675,0,0
1.1790271997451782,0.0007696322281844914,0.7858505845069885,0.6404735762903243,0.49382317810336573,0,0
1.1826940774917603,0.0007718114648014307,0.7858505845069885,0.6290459235387456,0.49803946029008317,0,0
1.1863609552383423,0.000773991399910301,0.7858505845069885,0.6387441396778218,0.48813918255458977,0,0
1.1900278329849243,0.0007761713932268322,0.7858505845069885,0.6301525833841615,0.48298961705387433,0,0
1.1936945915222168,0.000778354296926409,0.7858505845069885,0.650989659238464,0.5152962257701476,0,0
1.1973613500595093,0.0007805373170413077,0.7858505845069885,0.6353068156237442,0.5258081121719694,0,0
1.2010282278060913,0.0007827212102711201,0.7858505845069885,0.6605936308278848,0.5207449630292899,0,0
1.2046949863433838,0.0007849071407690644,0.7858505845069885,0.6259330510754705,0.5089533044331207,0,0
1.2083617448806763,0.0007870933040976524,0.7858505845069885,0.638072332477131,0.4971966900876053,0,0
1.2120286226272583,0.0007892798748798668,0.7858505845069885,0.6340653933378623,0.5069580177581049,0,0
1.2156953811645508,0.0007914688903838396,0.7858505845069885,0.5984573516918259,0.48910824660557933,0,0
1.2193622589111328,0.0007936592446640134,0.7858505845069885,0.6012404085366974,0.5007748951647596,0,0
1.2230291366577148,0.0007958485512062907,0.7858505845069885,0.5894331673654416,0.4912787355776163,0,0
1.2266958951950073,0.0007980401860550046,0.7858505845069885,0.6173431994455052,0.5046069693215396,0,0
1.2303627729415894,0.000800232810433954,0.7858505845069885,0.6151221846988604,0.5046573825589434,0,0
1.2340296506881714,0.0008024272974580526,0.7858505845069885,0.6086555345124616,0.5010265761484195,0,0
1.2376964092254639,0.0008046204457059503,0.7858505845069885,0.5931178570051537,0.4999947085822384,0,0
1.2413631677627563,0.00080681691179052,0.7858505845069885,0.6001704271716198,0.5067553160845815,0,0
1.2450300455093384,0.0008090136107057333,0.7858505845069885,0.6008282824890379,0.5119864685246608,0,0
1.2486968040466309,0.000811210717074573,0.7858505845069885,0.5885587151807925,0.4760536390365864,0,0
1.2523634433746338,0.0008134102681651711,0.7858505845069885,0.5735076068342058,0.5021327078558788,0,0
1.2560302019119263,0.0008156097610481083,0.7858505845069885,0.5823551263541427,0.5154629922480186,0,0
1.2596968412399292,0.0008178104180842638,0.7858505845069885,0.5697691148737979,0.5196920092938022,0,0
1.2633635997772217,0.0008200118318200111,0.7858505845069885,0.5633595502175179,0.4899594476142926,0,0
1.2670303583145142,0.000822215573862195,0.7858505845069885,0.5741101434542488,0.5053842965653236,0,0
1.2706971168518066,0.0008244180353358388,0.7858505845069885,0.5681327759438425,0.5037806250789095,0,0
1.2743638753890991,0.0008266238146461546,0.7858505845069885,0.5811714956530524,0.49737863871019744,0,0
1.2780306339263916,0.000828829943202436,0.7858505845069885,0.5626051172455391,0.49867724488777904,0,0
1.281697392463684,0.0008310360717587173,0.7858505845069885,0.5621199704108544,0.4850519390426662,0,0
1.2853641510009766,0.0008332444122061133,0.7858505845069885,0.580932074459935,0.47990965890104836,0,0
1.289030909538269,0.0008354528690688312,0.7858505845069885,0.5159764538807662,0.7664456353320185,0,0
1.2926976680755615,0.0008376624900847673,0.7858505845069885,0.5073242074595667,0.7594090620026458,0,0
1.296364426612854,0.0008398731588385999,0.7858505845069885,0.532533837653203,0.7671886592659444,0,0
1.300031304359436,0.0008420852245762944,0.7858505845069885,0.5429265795840637,0.7408763162649636,0,0
1.3036980628967285,0.0008442975231446326,0.7858505845069885,0.5179889226111207,0.7733329278255313,0,0
1.307364821434021,0.0008465107530355453,0.7858505845069885,0.5212888532152108,0.7564644382456931,0,0
1.311031699180603,0.0008487247978337109,0.7858505845069885,0.5370853678239323,0.7633707850851835,0,0
1.3146984577178955,0.0008509406470693648,0.7858505845069885,0.5379000714132472,0.7646813285872788,0,0
1.318365216255188,0.0008531570783816278,0.7858505845069885,0.5329789808344546,0.7799461813965302,0,0
1.322031855583191,0.0008553743828088045,0.7858505845069885,0.5274706251703094,0.7600162821564463,0,0
1.3256986141204834,0.000857591861858964,0.7858505845069885,0.4874792958090218,0.7317576361954564,0,0
1.3293653726577759,0.0008598126005381346,0.7858505845069885,0.48650425610319803,0.720229182976432,0,0
1.3330321311950684,0.0008620316511951387,0.7858505845069885,0.48238882594663535,0.7127441159504901,0,0
1.3366988897323608,0.0008642527973279357,0.7858505845069885,0.5065484262340862,0.7254897178316024,0,0
1.3403656482696533,0.0008664749911986291,0.7858505845069885,0.5040962891638584,0.7147591817159917,0,0
1.3440325260162354,0.0008686974178999662,0.7858505845069885,0.4886347815257193,0.7452412528799921,0,0
1.3476992845535278,0.0008709211833775043,0.7858505845069885,0.49341068118271714,0.7167346611446708,0,0
1.3513660430908203,0.0008731462294235826,0.7858505845069885,0.4896524741731618,0.7115250648868856,0,0
1.3550328016281128,0.0008753717411309481,0.7858505845069885,0.4983598089696202,0.7318719567493087,0,0
1.3586995601654053,0.0008775987080298364,0.7858505845069885,0.48654379591326147,0.7290454545860975,0,0
1.3623663187026978,0.0008798252674750984,0.7858505845069885,0.4529416651886444,0.6852906958332824,0,0
1.3660335540771484,0.0008819728973321617,0.7860437631607056,0.4461336866493178,0.6675151912893269,0,0
1.369698405265808,0.0008846719865687191,0.786538302898407,0.4443306718679981,0.686426841656972,0,0
1.3733545541763306,0.0008892030455172062,0.7871971130371094,0.4690933588111065,0.6990185161694826,0,0
1.3769928216934204,0.0008967117173597217,0.7879773378372192,0.4576567287759798,0.6926787878684643,0,0
1.3806039094924927,0.0009084544144570827,0.7888588309288025,0.45812468184714233,0.6871291892504776,0,0
1.3841811418533325,0.000925361062400043,0.7899364829063416,0.4423315996755641,0.6841306286907113,0,0
1.3877174854278564,0.0009484612965025008,0.7910792827606201,0.4569056758900007,0.6903110403920057,0,0
1.3912087678909302,0.0009778033709153533,0.7922080159187317,0.4615607246676115,0.6980466043072675,0,0
1.3946529626846313,0.0010126841953024268,0.7935304045677185,0.43891524210753513,0.6890079227197713,0,0
1.3980472087860107,0.0010528353741392493,0.7951369285583496,0.43910594238910605,0.6603196565413394,0,0
1.4013876914978027,0.0010990212904289365,0.7968774437904358,0.39943148759522756,0.6291256055766083,0,0
1.4046657085418701,0.001152424025349319,0.7988253235816956,0.4113197800021133,0.6576497570474263,0,0
1.4078707695007324,0.001214651856571436,0.8010467290878296,0.42308430531107866,0.6324872591625911,0,0
1.4108545780181885,0.001242106780409813,0.8040298223495483,0.38876168362112556,0.6432128714262226,0,0
1.412161946296692,0.0006418044213205576,0.8135414123535156,0.4146346873273804,0.6454720923726002,0,0
1.4133154153823853,4.596831786329858e-05,0.8232645988464355,0.4107228334141974,0.6557729971365437,0,0
1.4139020442962646,-0.0007005531224422157,0.8348696231842041,0.41577089978113124,0.6472586066697209,0,0
1.4141926765441895,-0.0014820722863078117,0.8469722270965576,0.3908784099617461,0.6533201914536176,0,0
1.4143526554107666,-0.0022304863668978214,0.8586428165435791,0.39671202886255347,0.6419727724825575,0,0
1.4145241975784302,-0.0028883821796625853,0.8690987825393677,0.3726855926875289,0.5669929822132302,0,0
1.4145172834396362,-0.003533086972311139,0.8791460990905762,0.38237482220073726,0.5539222738331888,0,0
1.4143264293670654,-0.004167485050857067,0.8887800574302673,0.37691664834294103,0.5558401090621005,0,0
1.4139474630355835,-0.004794069565832615,0.897990882396698,0.3673688921529793,0.573560555750464,0,0
1.4133778810501099,-0.005414971150457859,0.9067894220352173,0.3491986604238387,0.5442790360819693,0,0
1.4126172065734863,-0.006031698081642389,0.9151915311813354,0.3622747571257863,0.5696076149945172,0,0
1.4116672277450562,-0.006645134650170803,0.9232085347175598,0.37520657010104014,0.5699893186559806,0,0
1.4105310440063477,-0.007255519740283489,0.9308521747589111,0.37555992926816817,0.5669870191864153,0,0
1.4092137813568115,-0.007862438447773457,0.9381431341171265,0.35271129267052437,0.5534736322452831,0,0
1.4077221155166626,-0.008464712649583817,0.9451006054878235,0.3636435703223994,0.5746216993903582,0,0
1.406063437461853,-0.00906071811914444,0.951740026473999,0.36199643965151956,0.520179208330616,0,0
1.4042465686798096,-0.00964890606701374,0.9580726623535156,0.3652101313630973,0.5090215662447688,0,0
1.4022811651229858,-0.010227530263364315,0.9641099572181702,0.32851012800066604,0.5178072787984906,0,0
1.4001774787902832,-0.010794366709887981,0.9698745608329773,0.33997655255318565,0.508793242895802,0,0
1.3979452848434448,-0.011347451247274876,0.9753860831260681,0.3503412106095997,0.5212876741871798,0,0
1.3955950736999512,-0.011885736137628555,0.9806511402130127,0.3423274728424775,0.5120166239949541,0,0
1.393136978149414,-0.012408752925693989,0.9856738448143005,0.36083533640795706,0.5285455760125515,0,0
1.3905812501907349,-0.012916333973407745,0.9904695749282837,0.3381331746477111,0.5039048472975846,0,0
1.387937307357788,-0.013408905826508999,0.9950560927391052,0.33691265948029364,0.492128476175714,0,0
1.3852148056030273,-0.013887706212699413,0.9994368553161621,0.37290800503117594,0.5230191504283939,0,0
1.3824223279953003,-0.014354640617966652,1.0036160945892334,0.3483387630266168,0.49851231405285595,0,0
1.3795678615570068,-0.014812263660132885,1.0076062679290771,0.35818891252835094,0.5122733741849607,0,0
1.37665855884552,-0.015263798646628857,1.0114116668701172,0.354138301433911,0.5025271748924213,0,0
1.3737012147903442,-0.015712857246398926,1.0150399208068848,0.34799606406824446,0.5051478957914484,0,0
1.3707020282745361,-0.01616315357387066,1.0185022354125977,0.35430230939268836,0.4965219996707898,0,0
1.3676658868789673,-0.016618577763438225,1.0218058824539185,0.34642418940180186,0.4972879300350546,0,0
1.3645966053009033,-0.017083290964365005,1.0249559879302979,0.35029285187769227,0.5025332817621441,0,0
1.361497402191162,-0.017561504617333412,1.0279574394226074,0.35800034697705496,0.5205009627704444,0,0
1.3583705425262451,-0.018056998029351234,1.0308175086975098,0.35286846535285243,0.5163725386580135,0,0
1.3552175760269165,-0.01857282593846321,1.0335502624511719,0.3791061958548905,0.514551172263654,0,0
1.3520393371582031,-0.01911129429936409,1.0361653566360474,0.3696215484097215,0.5191432088113659,0,0
1.3488363027572632,-0.019673986360430717,1.0386598110198975,0.38209520998914676,0.5130363959191434,0,0
1.3456085920333862,-0.0202617347240448,1.0410442352294922,0.36709935825200685,0.5181883148255481,0,0
1.3423563241958618,-0.02087465301156044,1.0433180332183838,0.36776541942992935,0.5117282132815103,0,0
1.3390802145004272,-0.021512294188141823,1.0454918146133423,0.3917610212329057,0.5175036435345503,0,0
1.3357809782028198,-0.02217382751405239,1.047569751739502,0.3927071521598007,0.52669829957422,0,0
1.3324589729309082,-0.022858208045363426,1.049553632736206,0.39274516017828826,0.5045174976636286,0,0
1.3291159868240356,-0.02356426790356636,1.0514472723007202,0.3715955972840612,0.5053867457122796,0,0
1.32575261592865,-0.024290792644023895,1.053256869316101,0.35726980464649116,0.5217997910691572,0,0
1.322369933128357,-0.025036484003067017,1.054987907409668,0.37199469976609545,0.518218024459741,0,0
1.3189693689346313,-0.02579996921122074,1.056640625,0.3961633883892196,0.5331245109474028,0,0
1.3155516386032104,-0.026579732075333595,1.0584123134613037,0.40097582554032013,0.5199713915886004,0,0
1.3121211528778076,-0.02737419866025448,1.060224175453186,0.39006895709116135,0.5371961825304818,0,0
1.3086837530136108,-0.028181731700897217,1.0620017051696777,0.39541161321478324,0.5303128884182602,0,0
1.305245280265808,-0.029001040384173393,1.0637199878692627,0.3903465436977889,0.5296643956598399,0,0
1.3018115758895874,-0.02983139455318451,1.0653722286224365,0.3654806082529902,0.5199632288655407,0,0
1.298387050628662,-0.030672628432512283,1.0669649839401245,0.3906036452491889,0.5276332553189984,0,0
1.29497492313385,-0.03152496740221977,1.0684998035430908,0.39488649035110157,0.5294063806975638,0,0
1.2915765047073364,-0.03238874673843384,1.069970726966858,0.3756862318226396,0.5353386885238132,0,0
1.2881916761398315,-0.033264193683862686,1.0713756084442139,0.3852371602612941,0.5238247585106982,0,0
1.28481924533844,-0.03415137901902199,1.0729143619537354,0.4074663746940135,0.5529569214131361,0,0
1.281460165977478,-0.03505021706223488,1.0746973752975464,0.43014287290464165,0.5405947865409912,0,0
1.278118371963501,-0.03596006706357002,1.0767850875854492,0.42033040705025354,0.551011297097833,0,0
1.274802803993225,-0.03688015043735504,1.0792081356048584,0.40740748639525975,0.5553696514707945,0,0
1.2715249061584473,-0.037809427827596664,1.0819646120071411,0.418256738256381,0.5524281848484116,0,0
1.268298625946045,-0.038745611906051636,1.0850799083709717,0.41961387540181133,0.5507242312323307,0,0
1.2651408910751343,-0.039685796946287155,1.0885848999023438,0.4379845536614088,0.5767495850008361,0,0
1.2620697021484375,-0.04062754288315773,1.092450737953186,0.4388699125177748,0.5708720998898652,0,0
1.2591025829315186,-0.041568245738744736,1.0966510772705078,0.43976321519802697,0.5612805435148189,0,0
1.256256103515625,-0.042504411190748215,1.1012117862701416,0.44213978128417386,0.5609768783416414,0,0
1.2535462379455566,-0.04343273490667343,1.1061257123947144,0.44208900754702435,0.5730641549685206,0,0
1.2509855031967163,-0.04435111954808235,1.111125111579895,0.4596234165271152,0.5504367307198035,0,0
1.2485853433609009,-0.045255668461322784,1.1163064241409302,0.44939790375910393,0.5846283177699708,0,0
1.246355414390564,-0.046140238642692566,1.1216553449630737,0.4481578742576845,0.5467152834428577,0,0
1.2443022727966309,-0.046998392790555954,1.1272673606872559,0.4472051152290746,0.5676573685813802,0,0
1.2424291372299194,-0.04782518744468689,1.1328778266906738,0.45765349476994566,0.5699213720711719,0,0
1.2407370805740356,-0.0486149862408638,1.138408899307251,0.4510706781349576,0.5826299815998666,0,0
1.239227533340454,-0.049360912293195724,1.1437973976135254,0.46571496894837694,0.5677476272602427,0,0
1.2379025220870972,-0.05005468800663948,1.1489970684051514,0.4663353441143373,0.5782313404238689,0,0
1.2367651462554932,-0.05068720877170563,1.1539902687072754,0.4571938208332528,0.5493079188212481,0,0
1.2358191013336182,-0.05124962702393532,1.1589572429656982,0.44250969582766375,0.5751299110511344,0,0
1.2350670099258423,-0.051734164357185364,1.1637917757034302,0.4637471836821991,0.5523431582213844,0,0
1.2345104217529297,-0.05213477090001106,1.1684761047363281,0.45142535036199094,0.5595356712893275,0,0
1.2341505289077759,-0.05244724079966545,1.1729756593704224,0.4542229208294648,0.577677752465063,0,0
1.233987808227539,-0.05266926437616348,1.177474021911621,0.4448899706791728,0.5764104040828558,0,0
1.2340189218521118,-0.052800294011831284,1.1818857192993164,0.4636863822513553,0.5622341768413827,0,0
1.2342382669448853,-0.05284081771969795,1.1861706972122192,0.47999814803379326,0.559159770911823,0,0
1.2346391677856445,-0.052792057394981384,1.1903131008148193,0.4521304127520092,0.5565013678305936,0,0
1.2352160215377808,-0.05265573039650917,1.1944904327392578,0.448551733682976,0.5522078808977823,0,0
1.2359598875045776,-0.05243419110774994,1.198807954788208,0.4443769749883857,0.5760529859490887,0,0
1.2368578910827637,-0.052131086587905884,1.203128457069397,0.46333588216514043,0.5479716555510277,0,0
1.2378946542739868,-0.05175057053565979,1.2074792385101318,0.44140098724043697,0.5673602059124958,0,0
1.2390518188476562,-0.05129789933562279,1.2119829654693604,0.43710975027591825,0.5372369434883687,0,0
1.240309715270996,-0.050779253244400024,1.2167662382125854,0.44722335933677143,0.5395788179928207,0,0
1.241646409034729,-0.05020273104310036,1.2216569185256958,0.455450266654697,0.5424828720218693,0,0
1.2430427074432373,-0.04957735911011696,1.2266050577163696,0.4391352683266622,0.5498170949472706,0,0
1.2444814443588257,-0.04891321063041687,1.2317315340042114,0.4412525999380213,0.5489834523598857,0,0
1.2459467649459839,-0.04822070524096489,1.2370620965957642,0.4452576090506601,0.5345570342841339,0,0
1.2474247217178345,-0.04750995710492134,1.242578387260437,0.4494864476095092,0.5448743079346173,0,0
1.248902678489685,-0.046790603548288345,1.2482593059539795,0.4473494041057265,0.5444972268404747,0,0
1.2503697872161865,-0.04607175290584564,1.254111886024475,0.4198139421732191,0.4881270574831668,0,0
1.2518154382705688,-0.04536140337586403,1.260141372680664,0.41738263898730527,0.506307763698234,0,0
1.2532310485839844,-0.044666074216365814,1.2663400173187256,0.400259717572705,0.5204600294040937,0,0
1.2546086311340332,-0.04399072751402855,1.2726954221725464,0.4373313500690928,0.5151630057611082,0,0
1.255941390991211,-0.0433390811085701,1.2792272567749023,0.42138954755298824,0.5071633229279479,0,0
1.257223129272461,-0.04271388798952103,1.285942792892456,0.41503368724786804,0.5069508968493744,0,0
1.258448839187622,-0.04211694747209549,1.2928271293640137,0.4184953782674952,0.5029706761577745,0,0
1.25961434841156,-0.04154910892248154,1.2998757362365723,0.42755341455439894,0.5096471940164418,0,0
1.2607172727584839,-0.0410105362534523,1.3070932626724243,0.42101435165009465,0.4926173531900805,0,0
1.2617555856704712,-0.040501076728105545,1.314467191696167,0.4092419388176171,0.5172998697581512,0,0
1.2627289295196533,-0.040020477026700974,1.3219916820526123,0.40997789844958127,0.4766447383566162,0,0
1.2636383771896362,-0.03956815227866173,1.3294665813446045,0.3880981636094268,0.4585189522323231,0,0
1.2644824981689453,-0.03914503753185272,1.3367855548858643,0.39779759979911755,0.4627476523761791,0,0
1.2652573585510254,-0.038754209876060486,1.3440830707550049,0.4059490227231319,0.45785629546449846,0,0
1.2659590244293213,-0.038399312645196915,1.3512367010116577,0.3969528745653393,0.4678340696592903,0,0
1.2665820121765137,-0.03808542340993881,1.3581907749176025,0.398898554589111,0.46499824132016065,0,0
1.2671195268630981,-0.037819135934114456,1.3650915622711182,0.4126675228819106,0.4646958388795336,0,0
1.267566204071045,-0.037606239318847656,1.3718476295471191,0.3862392190986091,0.45501942782779264,0,0
1.2679157257080078,-0.03745253384113312,1.3783998489379883,0.3903293596245051,0.4525253448783766,0,0
1.2681612968444824,-0.03736429288983345,1.3847146034240723,0.3901381183478469,0.4710752040188952,0,0
1.2682956457138062,-0.037348419427871704,1.39095938205719,0.38476808411789487,0.44239216780368024,0,0
1.2683145999908447,-0.03741050511598587,1.3972420692443848,0.37939430218154613,0.4384049129081998,0,0
1.2682175636291504,-0.037553634494543076,1.4036133289337158,0.3784758676042878,0.4328849900757624,0,0
1.2680084705352783,-0.037778113037347794,1.4101088047027588,0.3682876187391634,0.42791858524581694,0,0
1.2676955461502075,-0.03808198496699333,1.4167518615722656,0.381876930453424,0.4426516738906735,0,0
1.2672892808914185,-0.038461118936538696,1.4235992431640625,0.3796777907335616,0.4416065223749861,0,0
1.2668027877807617,-0.03890814632177353,1.43061363697052,0.3724586610736977,0.4352171910081645,0,0
1.2662506103515625,-0.03941381722688675,1.4377610683441162,0.39366861913116896,0.4465580559470432,0,0
1.2656489610671997,-0.03996988758444786,1.4449419975280762,0.38107673362183453,0.462636403801294,0,0
1.2650099992752075,-0.040571101009845734,1.4520721435546875,0.38769263535264364,0.45725873983253823,0,0
1.2643405199050903,-0.04121529683470726,1.4592031240463257,0.36711524796990225,0.42870390554139487,0,0
1.2636457681655884,-0.041900768876075745,1.4663879871368408,0.3619046672038702,0.4357297075491099,0,0
1.262930154800415,-0.042624834924936295,1.4736591577529907,0.36734804258913617,0.419660030553941,0,0
1.2621990442276,-0.04338333010673523,1.481025218963623,0.39122767223569815,0.42114146943681485,0,0
1.2614586353302002,-0.044170912355184555,1.488486409187317,0.38458192084509024,0.42887344223337676,0,0
1.2607163190841675,-0.04498177766799927,1.496079444885254,0.3607365593904332,0.42503247599615657,0,0
1.259978175163269,-0.0458095520734787,1.5038411617279053,0.3947348027439683,0.441482266207464,0,0
1.259249210357666,-0.04664645344018936,1.5117288827896118,0.38327565943195235,0.42083466709335354,0,0
1.2585347890853882,-0.04748358204960823,1.519692063331604,0.3751773494932543,0.4374770744199502,0,0
1.2578397989273071,-0.04831254854798317,1.5277646780014038,0.3822704099443462,0.42803962212651364,0,0
1.2571686506271362,-0.04912668094038963,1.5359995365142822,0.3883716207116919,0.42212527013137413,0,0
1.2565239667892456,-0.049920812249183655,1.5443804264068604,0.3948026140400035,0.43158000396627105,0,0
1.2559075355529785,-0.050690487027168274,1.552871823310852,0.38834723720281733,0.41631864975007776,0,0
1.2553205490112305,-0.05143182352185249,1.561457872390747,0.3741068094791396,0.42013489501076623,0,0
1.2547643184661865,-0.052141882479190826,1.5701419115066528,0.39210532633666556,0.41230181066754795,0,0
1.2542399168014526,-0.05281878635287285,1.578914999961853,0.3839430968708784,0.4176194237726919,0,0
1.2537477016448975,-0.0534614659845829,1.587777018547058,0.3835811598154902,0.43573062575422655,0,0
1.2532881498336792,-0.0540693961083889,1.5967178344726562,0.38766798919978457,0.4243965883359079,0,0
1.2528611421585083,-0.05464233085513115,1.605741024017334,0.37875018523402776,0.419567962975085,0,0
1.252435564994812,-0.05521297827363014,1.6147290468215942,0.4030468158915186,0.44380782526302764,0,0
1.2520414590835571,-0.05574789643287659,1.6235970258712769,0.40558141655909724,0.4390621047080499,0,0
1.2516800165176392,-0.05624902620911598,1.6322307586669922,0.4075019843287072,0.4059486442260184,0,0
1.2513550519943237,-0.05672167241573334,1.640770673751831,0.3827213263867995,0.43380191713733784,0,0
1.251071572303772,-0.05717192962765694,1.649289608001709,0.38061734749325193,0.40099178403105057,0,0
1.2508349418640137,-0.05760570243000984,1.6578357219696045,0.39430170531549324,0.4070457167403088,0,0
1.2506489753723145,-0.05802829936146736,1.666430950164795,0.39668462653880093,0.4295264910923616,0,0
1.2505161762237549,-0.05844413861632347,1.6750906705856323,0.37014047701563674,0.40924921016464894,0,0
1.2504369020462036,-0.05885614827275276,1.683627724647522,0.4028058014546422,0.4176379422472287,0,0
1.2504115104675293,-0.059268057346343994,1.6921391487121582,0.39227533076131194,0.4188820754903029,0,0
1.2504396438598633,-0.05968280881643295,1.7004754543304443,0.40802472119454647,0.42153379612888686,1,1
1.2505217790603638,-0.06010439991950989,1.7087582349777222,0.39922519470940965,0.40288039059723885,0,0
1.2506579160690308,-0.060535985976457596,1.7168573141098022,0.4010876858924093,0.40102177008115975,0,0
1.2508485317230225,-0.060981325805187225,1.7246994972229004,0.404523103114659,0.4216784086362489,0,0
1.251096248626709,-0.0614449568092823,1.7322572469711304,0.40451348284489524,0.40511142759280266,0,0
1.251404881477356,-0.06193232536315918,1.7397150993347168,0.38220754417054714,0.4250169867448967,0,0
1.2517778873443604,-0.06244751438498497,1.7471846342086792,0.3942273497751428,0.41972568251952647,0,0
1.2522159814834595,-0.06299197673797607,1.7545233964920044,0.4009777719180578,0.43669632175183165,0,0
1.252720832824707,-0.06356671452522278,1.7618589401245117,0.3938024478162754,0.4250861216110844,0,0
1.253292202949524,-0.06417101621627808,1.7692500352859497,0.3838205737172135,0.4147500343230994,0,0
1.2539275884628296,-0.06480224430561066,1.7767413854599,0.39242975208278513,0.42284975417666354,0,0
1.254622459411621,-0.06545545160770416,1.7841417789459229,0.4017670507102416,0.4203007662828137,0,0
1.2553720474243164,-0.06612551212310791,1.79115629196167,0.40304601450880584,0.39390022273017417,0,0
1.2561707496643066,-0.06680693477392197,1.7978163957595825,0.4023726971455056,0.402045395315995,0,0
1.2570136785507202,-0.06749597191810608,1.8043491840362549,0.3980189789627081,0.40385397530544054,0,0
1.2578959465026855,-0.06818901002407074,1.8106915950775146,0.40364158352203644,0.406192272082151,0,0
1.2588149309158325,-0.06888379156589508,1.816809892654419,0.40252017717313904,0.4244181731942887,0,0
1.259770154953003,-0.06957985460758209,1.8226855993270874,0.4009663156853536,0.40320754701400596,0,0
1.260764241218567,-0.07027874141931534,1.8283145427703857,0.40180804840486073,0.4150366923421678,0,0
1.26180100440979,-0.0709839016199112,1.833695650100708,0.41459109771814456,0.4021877210972757,0,0
1.2628860473632812,-0.07170053571462631,1.838842749595642,0.3873121148918034,0.37925268583611654,0,0
1.2640230655670166,-0.07243411242961884,1.8437660932540894,0.40741608945504665,0.41650186945205286,0,0
1.2652150392532349,-0.07319017499685287,1.8482801914215088,0.41009868265886357,0.3969487082372596,0,0
1.2664613723754883,-0.07397317886352539,1.8526787757873535,0.3963215766220047,0.40780554015295206,0,0
1.2677586078643799,-0.07478543370962143,1.8569283485412598,0.4233537902196758,0.4051211089616447,0,0
1.269103765487671,-0.07562827318906784,1.8608272075653076,0.4187336451076715,0.39161409780931794,0,0
1.2704910039901733,-0.07650165259838104,1.864451289176941,0.4107228832942408,0.4137309902696249,0,0
1.2719156742095947,-0.07740496844053268,1.8678593635559082,0.40361849383189224,0.41427959052547036,0,0
1.2733749151229858,-0.07833771407604218,1.8708868026733398,0.4104166173431471,0.39667389115065416,0,0
1.2748651504516602,-0.07929859310388565,1.8736422061920166,0.4130283729931303,0.4244233551788755,0,0
1.276383399963379,-0.08028639107942581,1.8761951923370361,0.4138032792271396,0.40675134752970815,0,0
1.2779299020767212,-0.08130009472370148,1.878586769104004,0.39935781464060627,0.39311884535397956,0,0
1.279503345489502,-0.08233819156885147,1.8808408975601196,0.4086307477655982,0.40403474663003525,0,0
1.2811026573181152,-0.08339948952198029,1.8829798698425293,0.39407761829508114,0.3941402481274615,0,0
1.2827256917953491,-0.08448244631290436,1.8850092887878418,0.4201468370713688,0.41737253643251054,0,0
1.2843704223632812,-0.08558601140975952,1.886753797531128,0.41773044905133844,0.38235618392760035,0,0
1.2860335111618042,-0.08670853823423386,1.8881077766418457,0.4033805822869158,0.38945725499346984,0,0
1.287709355354309,-0.08784743398427963,1.8890169858932495,0.4272530193852904,0.3909980894536055,0,0
1.2893896102905273,-0.08899957686662674,1.8894599676132202,0.40320611809846957,0.39332571403886263,0,0
1.291063666343689,-0.09016190469264984,1.8896377086639404,0.4096670299129609,0.4125899294500231,0,0
1.2927241325378418,-0.09133139252662659,1.8894689083099365,0.4152227978997862,0.3974890105941532,1,1
1.294362187385559,-0.09250458329916,1.8890984058380127,0.4103365470642474,0.40977774004780965,0,0
1.2959727048873901,-0.09367953985929489,1.8886326551437378,0.4243358740933364,0.41856010296272794,0,0
1.2975544929504395,-0.09485582262277603,1.8881237506866455,0.40832970618104164,0.4019529555594301,0,0
1.299110770225525,-0.09603402763605118,1.8874022960662842,0.42165486479243847,0.39756982335151597,0,0
1.3006454706192017,-0.09721419960260391,1.886568307876587,0.39828277942492374,0.3927538092051393,0,0
1.3021624088287354,-0.09839604794979095,1.8856747150421143,0.4000265248620857,0.40889839487795643,0,0
1.3036659955978394,-0.09957972168922424,1.8845523595809937,0.415255615485443,0.38101795680120715,0,0
1.3051594495773315,-0.1007646843791008,1.883331060409546,0.4131686623855774,0.4041372438190899,0,0
1.3066465854644775,-0.10195058584213257,1.882083773612976,0.3908436281777743,0.39407766200735656,0,0
1.3081294298171997,-0.10313718765974045,1.8806188106536865,0.4154691073468711,0.38868895875473153,0,0
1.3096072673797607,-0.10432348400354385,1.8788782358169556,0.42213879916502783,0.3900798856063425,0,0
1.3110772371292114,-0.10550735145807266,1.8770122528076172,0.4128323817838224,0.40316936080423055,0,0
1.3125367164611816,-0.10668674856424332,1.8751164674758911,0.42626543011415335,0.416244995254544,0,0
1.313985824584961,-0.10786045342683792,1.8732331991195679,0.42033431729168247,0.4118935795125365,0,0
1.3154280185699463,-0.109028160572052,1.8711988925933838,0.4216971457152215,0.39267501906549945,0,0
1.3168659210205078,-0.11018916964530945,1.8691157102584839,0.41790515873098594,0.4103010670379071,0,0
1.318304181098938,-0.11134354770183563,1.8668557405471802,0.414370730475372,0.38888730061635984,0,0
1.3197463750839233,-0.11249104142189026,1.8643254041671753,0.4206935862810045,0.39872398301558054,0,0
1.3211947679519653,-0.11363067477941513,1.8615014553070068,0.4232813182103909,0.39975150786648395,0,0
1.322648525238037,-0.11476074159145355,1.8583674430847168,0.42011184716145966,0.3931159430373721,0,0
1.324103832244873,-0.11587879806756973,1.85511314868927,0.4128770523373687,0.4044355601058404,0,0
1.3255572319030762,-0.11698305606842041,1.8516206741333008,0.43117081015515013,0.39385816496683396,0,0
1.3270037174224854,-0.11807208508253098,1.8478672504425049,0.4317644663423241,0.3930920605766229,0,0
1.3284378051757812,-0.11914455145597458,1.8438441753387451,0.41965228644297137,0.39218152537693346,0,0
1.3298524618148804,-0.12019848823547363,1.8397464752197266,0.4165897858539997,0.42529184458028213,0,0
1.3312429189682007,-0.12123202532529831,1.8357152938842773,0.4271883424956949,0.41686619660961527,0,0
1.3326071500778198,-0.12224443256855011,1.831781029701233,0.4224596081680591,0.40549727487824055,0,0
1.3339473009109497,-0.123236745595932,1.8279699087142944,0.42764495512014056,0.42762233108763953,0,0
1.3352687358856201,-0.12421199679374695,1.824292778968811,0.4188123875578564,0.40250509804772394,0,0
1.3365799188613892,-0.1251743733882904,1.8207398653030396,0.42033696166821277,0.4119210535320122,0,0
1.3378914594650269,-0.12612859904766083,1.817326307296753,0.419250526822875,0.41536069637914763,0,0
1.3392164707183838,-0.12708032131195068,1.8140817880630493,0.4041121313312139,0.4044470755462111,0,0
1.3405696153640747,-0.12803713977336884,1.8110203742980957,0.4180490534743208,0.4235454380037408,0,0
1.3419643640518188,-0.12900803983211517,1.8080980777740479,0.4219408667184236,0.40744597706647406,0,0
1.3434116840362549,-0.13000155985355377,1.805265188217163,0.4022416014401931,0.42633968824836693,0,0
1.3449211120605469,-0.13102418184280396,1.8023300170898438,0.4185468412209057,0.3967070300061578,0,0
1.3464980125427246,-0.1320793181657791,1.7994110584259033,0.4101211524174641,0.43086694796998387,0,0
1.348145604133606,-0.1331688016653061,1.7965683937072754,0.4173176590097799,0.4102885798591358,0,0
1.3498659133911133,-0.13429377973079681,1.7938207387924194,0.42113693104583544,0.4120531282888651,0,0
1.3516597747802734,-0.13545499742031097,1.7911736965179443,0.41441542691834576,0.4218970806691551,1,1
1.3535265922546387,-0.13665278255939484,1.7886333465576172,0.40598541975494573,0.41390867808339205,0,0
1.355465054512024,-0.13788753747940063,1.7864017486572266,0.3978621251982805,0.41137175305291035,0,0
1.3574719429016113,-0.13915736973285675,1.7843828201293945,0.4011513210078466,0.4242349389563572,0,0
1.359541654586792,-0.14045968651771545,1.782525897026062,0.43070883492891043,0.41856060077844714,0,0
1.3616691827774048,-0.14179138839244843,1.7807849645614624,0.41424065711252445,0.42396034806798644,0,0
1.3638502359390259,-0.14314933121204376,1.7791364192962646,0.41495126802282234,0.422115316061679,0,0
1.3660814762115479,-0.144530788064003,1.7775657176971436,0.41781401078697233,0.41687816149302426,0,0
1.3683608770370483,-0.14593376219272614,1.7760696411132812,0.4180964193638827,0.4147483406051733,0,0
1.3706859350204468,-0.1473570019006729,1.7746461629867554,0.4026463392842015,0.43290120529447557,0,0
1.3730543851852417,-0.14879994094371796,1.7732923030853271,0.43252199954821086,0.4050187665452822,0,0
1.3754643201828003,-0.15026231110095978,1.7719992399215698,0.4225776664463263,0.4116754041145208,0,0
1.3779140710830688,-0.15174445509910583,1.7709633111953735,0.3872856367022333,0.4115917017917337,0,0
1.3804004192352295,-0.1532449722290039,1.7700878381729126,0.4041488172737236,0.4374718120951076,0,0
1.382919192314148,-0.1547624170780182,1.7691295146942139,0.4035122606645695,0.39865254276332096,0,0
1.3854633569717407,-0.15629446506500244,1.7681264877319336,0.4145979413935505,0.4197997185415792,0,0
1.3880250453948975,-0.15783900022506714,1.7671241760253906,0.4359281480052033,0.4208711268114996,0,0
1.3905977010726929,-0.15939374268054962,1.7661279439926147,0.4030815760036656,0.41101564955109915,0,0
1.3931763172149658,-0.16095636785030365,1.7651607990264893,0.4228019242214165,0.4329006742846063,0,0
1.3957574367523193,-0.16252467036247253,1.764230489730835,0.4125460645625643,0.42360649002225387,0,0
1.3983392715454102,-0.16409750282764435,1.7633346319198608,0.4133620070389271,0.4245956599663593,0,0
1.4009222984313965,-0.16567493975162506,1.7622859477996826,0.4265204992070866,0.39964571865317394,0,0
1.4035046100616455,-0.16725675761699677,1.7613584995269775,0.3926030545689317,0.42143899469906665,0,0
1.406082272529602,-0.1688409447669983,1.7605177164077759,0.4269141617666382,0.41656500177569,0,0
1.40865159034729,-0.1704254448413849,1.7599341869354248,0.3970358612183099,0.42115415725518207,0,0
1.4112071990966797,-0.17200616002082825,1.7595072984695435,0.4208122457033281,0.43562320785373204,0,0
1.4137449264526367,-0.17357869446277618,1.7591723203659058,0.412503628328434,0.4275398592858177,0,0
1.4162628650665283,-0.1751396209001541,1.758893370628357,0.42032909929126666,0.4073131117084154,0,0
1.4187606573104858,-0.17668716609477997,1.7586562633514404,0.42226270932709953,0.4079816882909799,0,0
1.4212394952774048,-0.1782212257385254,1.75844407081604,0.40864023555969886,0.40342655145738243,0,0
1.4237024784088135,-0.1797434389591217,1.7582563161849976,0.41345472098568176,0.4203638403620872,0,0
1.4261534214019775,-0.18125693500041962,1.7581024169921875,0.43100993316981456,0.42660530376104755,0,0
1.4285978078842163,-0.1827661693096161,1.7577714920043945,0.42112698646619307,0.39341259784377336,0,0
1.431037425994873,-0.184274822473526,1.7573461532592773,0.40093992212489576,0.4131088557783688,0,0
1.433473825454712,-0.185786172747612,1.7568730115890503,0.42272782863370423,0.418140432655728,0,0
1.4359077215194702,-0.18730352818965912,1.7563797235488892,0.40776405385021813,0.4301519783719246,0,0
1.4383397102355957,-0.18882979452610016,1.7558929920196533,0.42496175361398375,0.42131204165236097,0,0
1.4407715797424316,-0.19036760926246643,1.7553951740264893,0.41968077273813936,0.4202415683019222,0,0
1.4432055950164795,-0.19191937148571014,1.7549118995666504,0.41323978276290596,0.42757384386482866,0,0
1.4456449747085571,-0.19348709285259247,1.7544615268707275,0.4183058807345483,0.4388386370526682,0,0
1.4480931758880615,-0.19507290422916412,1.7540404796600342,0.4210116742236948,0.4311075953232258,1,1
1.4505536556243896,-0.1966787874698639,1.7536303997039795,0.4108120153020396,0.41622021012861515,0,0
1.4530287981033325,-0.19830654561519623,1.753218173980713,0.40507563696763305,0.43678295171622306,0,0
1.455520749092102,-0.19995751976966858,1.752805233001709,0.41387780560894794,0.4309092105246714,0,0
1.4580320119857788,-0.20163249969482422,1.752406120300293,0.4018815420361576,0.4311544215844306,0,0
1.4605647325515747,-0.20333191752433777,1.7522279024124146,0.3976266257120348,0.4250423096774161,0,0
1.4631181955337524,-0.20505398511886597,1.752175211906433,0.4051222456134992,0.4065580391229227,0,0
1.465691089630127,-0.20679576694965363,1.7521958351135254,0.40524383388425866,0.4316089019091832,0,0
1.468281626701355,-0.2085539698600769,1.752254843711853,0.4116462563801492,0.4135873837301532,0,0
1.4708880186080933,-0.21032562851905823,1.752318024635315,0.4173156757986509,0.42187685613602516,0,0
1.473509430885315,-0.2121085822582245,1.752366065979004,0.4251843771189092,0.4296437233415391,0,0
1.476144790649414,-0.21390123665332794,1.752402901649475,0.4115614568242501,0.4273227939548518,0,0
1.4787942171096802,-0.215702623128891,1.7524402141571045,0.40671361429002106,0.4133425262959775,0,0
1.4814568758010864,-0.21751220524311066,1.752478003501892,0.41643733830678,0.42163825452871767,0,0
1.4841336011886597,-0.2193298488855362,1.7525169849395752,0.4294540976365381,0.4157876464212297,0,0
1.4868243932724,-0.22115570306777954,1.7525591850280762,0.4067633216958423,0.40631925168270194,0,0
1.489529013633728,-0.22299037873744965,1.7525986433029175,0.42634517910591896,0.41090409114537824,0,0
1.492248296737671,-0.22483420372009277,1.7526408433914185,0.4065539631702672,0.4213650054563856,0,0
1.494982361793518,-0.22668790817260742,1.7526886463165283,0.4087940830302551,0.4051860362628134,0,0
1.4977315664291382,-0.22855183482170105,1.7527378797531128,0.4240036072499115,0.40949163042469927,0,0
1.5004959106445312,-0.23042654991149902,1.7527847290039062,0.4071010649234529,0.4374980462744869,0,0
1.5032755136489868,-0.2323124259710312,1.7528300285339355,0.42054245304494203,0.410539405509541,0,0
1.5060702562332153,-0.23420962691307068,1.7528676986694336,0.4166427436712329,0.4186230147920155,0,0
1.5088801383972168,-0.2361183613538742,1.7529065608978271,0.41277726234307005,0.43759231458967246,0,0
1.511704921722412,-0.238038569688797,1.7529436349868774,0.4112788702935615,0.41635855231630525,0,0
1.5145442485809326,-0.2399701476097107,1.7529793977737427,0.41674854930437233,0.415035481759256,0,0
1.5173976421356201,-0.2419128119945526,1.7530158758163452,0.4044334291278859,0.43014342704846154,0,0
1.5202614068984985,-0.24386689066886902,1.7530508041381836,0.42679503108615213,0.42693903835558183,0,0
1.523125410079956,-0.2458336502313614,1.7530847787857056,0.4067645678164932,0.4216934073853946,0,0
1.5259745121002197,-0.2478148192167282,1.753115177154541,0.4062694258258674,0.42225247744491856,0,0
1.5287877321243286,-0.24981264770030975,1.7531412839889526,0.4145578958831492,0.4241601777634969,0,0
1.531539797782898,-0.25182968378067017,1.753156304359436,0.4082099767405911,0.43271353031019694,0,0
1.5342016220092773,-0.25386786460876465,1.7531541585922241,0.4161979030727376,0.41438710131430445,0,0
1.536745309829712,-0.2559282183647156,1.7531459331512451,0.40779651726287536,0.4374700193213941,0,0
1.5391463041305542,-0.2580114006996155,1.753143548965454,0.41326945748426086,0.4287510335714847,0,0
1.5413846969604492,-0.260118693113327,1.7531636953353882,0.42996443223804415,0.4301357145716512,0,0
1.5434422492980957,-0.2622528374195099,1.75320565700531,0.40586850001624153,0.421281851174185,0,0
1.5453044176101685,-0.2644180953502655,1.7532572746276855,0.4207136348097916,0.4151680350232097,0,0
1.5469591617584229,-0.26661860942840576,1.7533091306686401,0.4092946199133448,0.4174168735519924,0,0
1.5483986139297485,-0.26885750889778137,1.7533611059188843,0.42331778994853586,0.42796625982889713,0,0
1.5496190786361694,-0.2711375951766968,1.7534116506576538,0.40590293316388637,0.4299920857885737,0,0
1.5506203174591064,-0.2734610140323639,1.7534538507461548,0.40674439398580803,0.4333158676010659,0,0
1.5514049530029297,-0.27582889795303345,1.7534937858581543,0.42539707037133434,0.4219717308829485,0,0
1.5519781112670898,-0.27824151515960693,1.7535288333892822,0.42068193139112475,0.42418478271773424,0,0
1.5523477792739868,-0.28069859743118286,1.7535641193389893,0.4166944602371664,0.43372531632132866,0,0
1.5525227785110474,-0.2831997275352478,1.7536027431488037,0.4245492468647937,0.3985024716541322,0,0
1.5525128841400146,-0.2857449948787689,1.753639817237854,0.4278868048516212,0.4327354631942773,0,0
1.552329421043396,-0.28833410143852234,1.7536660432815552,0.4329690294408805,0.4281276116387815,0,0
1.5519824028015137,-0.29096582531929016,1.7536747455596924,0.43729348735945106,0.41571606528415955,0,0
1.5514841079711914,-0.29363685846328735,1.7536720037460327,0.43547809854948727,0.42005509816723535,0,0
1.5508465766906738,-0.2963427007198334,1.7536664009094238,0.4223070502050967,0.4284850048625147,0,0
1.550081491470337,-0.2990788221359253,1.7536673545837402,0.446141099131081,0.45562601964881194,0,0
1.5491993427276611,-0.30184197425842285,1.753678560256958,0.44027462620348584,0.45099791782701604,0,0
1.5482094287872314,-0.3046303391456604,1.7536959648132324,0.44719060039492237,0.43892188133943677,0,0
1.5471208095550537,-0.30744314193725586,1.7537171840667725,0.46173969695301503,0.4561945779486487,0,0
1.5459424257278442,-0.3102799654006958,1.7537362575531006,0.4314472778502258,0.4640855357820033,0,0
1.5446820259094238,-0.31313976645469666,1.7537473440170288,0.4487123490591768,0.4439112614401769,0,0
1.5433475971221924,-0.3160201609134674,1.7537529468536377,0.4370945431435574,0.4455401828732155,0,0
1.5419464111328125,-0.3189181387424469,1.7537559270858765,0.4454857710876329,0.4588217614159631,0,0
1.5404846668243408,-0.3218308687210083,1.7537600994110107,0.43778538278661533,0.43896703891440547,0,0
1.5389682054519653,-0.324756383895874,1.7537658214569092,0.44943884332991213,0.4560165924327993,0,0
1.5374013185501099,-0.3276934027671814,1.7537750005722046,0.4795842226907397,0.495262030287377,0,0
1.5357885360717773,-0.33064141869544983,1.7537875175476074,0.47740637871033603,0.4919581672480739,0,0
1.5341335535049438,-0.3335999548435211,1.753799557685852,0.48460192354981513,0.4763492908796865,0,0
1.532440423965454,-0.33656826615333557,1.7538095712661743,0.471360502633314,0.4782448439204274,0,0
1.5307129621505737,-0.3395451605319977,1.7538167238235474,0.46445999407730276,0.48925264975030847,0,0
1.528954029083252,-0.34252920746803284,1.7538230419158936,0.45428743190770043,0.4712069110101272,0,0
1.5271661281585693,-0.3455190062522888,1.753830075263977,0.4710896062509068,0.48099401886029514,0,0
1.5253527164459229,-0.34851372241973877,1.753835916519165,0.46359387757816534,0.4955458630936579,0,0
1.523514986038208,-0.35151270031929016,1.7538425922393799,0.49063037148546823,0.4934311844602995,0,0
1.5216556787490845,-0.3545156419277191,1.7538514137268066,0.46977503489463796,0.47670510750056355,0,0
1.5197762250900269,-0.3575223982334137,1.7538599967956543,0.5224524390675009,0.5174285881062634,0,0
1.5178782939910889,-0.36053258180618286,1.753867506980896,0.5190837848998415,0.48066809996488263,0,0
1.5159637928009033,-0.3635457158088684,1.7538738250732422,0.48621964204346557,0.5211320253483389,0,0
1.5140342712402344,-0.36656105518341064,1.753878116607666,0.5214608197713814,0.5198130263356492,0,0
1.512090802192688,-0.36957818269729614,1.753883957862854,0.5081702382130927,0.5047497677432112,0,0
1.5101345777511597,-0.37259650230407715,1.753889799118042,0.5138347767030441,0.5257820322798852,0,0
1.5081675052642822,-0.37561604380607605,1.7538948059082031,0.5159531477438043,0.5045756393429399,0,0
1.5061897039413452,-0.37863656878471375,1.7539010047912598,0.4812200044852797,0.5110025812837633,0,0
1.5042024850845337,-0.3816581070423126,1.7539080381393433,0.5056604115433443,0.5105181043477212,0,0
1.5022062063217163,-0.3846805691719055,1.7539145946502686,0.500582965877545,0.5122444518147777,0,0
1.5002026557922363,-0.3877038061618805,1.7539198398590088,0.534825242718787,0.5452061249660589,0,0
1.4981917142868042,-0.39072757959365845,1.7539249658584595,0.5302410126722555,0.5515201368325691,0,0
1.4961745738983154,-0.39375168085098267,1.7539280652999878,0.540482855030903,0.5512679821200622,0,0
1.4941515922546387,-0.39677590131759644,1.7539317607879639,0.5385619379414399,0.5604462889848355,0,0
1.4921232461929321,-0.39980024099349976,1.7539358139038086,0.5477289111641255,0.5494522382901079,0,0
1.490090250968933,-0.40282464027404785,1.753940463066101,0.5215584272424868,0.5490756641685545,0,0
1.4880528450012207,-0.40584924817085266,1.7539446353912354,0.5670767722149893,0.5517400328592172,0,0
1.4860115051269531,-0.40887385606765747,1.7539491653442383,0.5338772587874862,0.5661956704144164,0,0
1.4839664697647095,-0.4118986129760742,1.7539540529251099,0.5466190886564084,0.5461028555729107,0,0
1.4819183349609375,-0.41492339968681335,1.7539576292037964,0.5549095192358023,0.5433620729671685,0,0
1.4798675775527954,-0.41794803738594055,1.7539610862731934,0.5931224185048937,0.5988306573914345,0,0
1.4778140783309937,-0.420972615480423,1.7539634704589844,0.5912554186855401,0.5933858850726589,0,0
1.4757580757141113,-0.4239969551563263,1.7539663314819336,0.5718807059929455,0.5835563813755471,0,0
1.4737000465393066,-0.42702120542526245,1.7539688348770142,0.5894271779320681,0.5815971525357239,0,0
1.4716401100158691,-0.43004533648490906,1.7539725303649902,0.5580553097363028,0.5996383359345263,0,0
1.4695781469345093,-0.4330693781375885,1.753975749015808,0.5773907778688405,0.574484313756212,0,0
1.4675145149230957,-0.43609336018562317,1.7539793252944946,0.581909934005952,0.5924569492884968,0,0
1.4654496908187866,-0.4391171336174011,1.7539818286895752,0.5697185198097595,0.5829799469953675,0,0
1.463383674621582,-0.4421407878398895,1.7539844512939453,0.5627700219530389,0.5891957867158288,0,0
1.4613163471221924,-0.445164293050766,1.7539869546890259,0.5907926491129715,0.6008781483562865,0,0
1.4592479467391968,-0.44818761944770813,1.753989815711975,0.5974373365014453,0.623741720247116,0,0
1.4571785926818848,-0.45121076703071594,1.7539923191070557,0.5985383828276406,0.6342877977233448,0,0
1.4551081657409668,-0.45423373579978943,1.7539950609207153,0.6090570856592401,0.626162840762031,0,0
1.453036904335022,-0.45725661516189575,1.7539974451065063,0.6288971635987223,0.6286796525992621,0,0
1.4509652853012085,-0.4602793753147125,1.754000186920166,0.6162955023625721,0.6305131601294316,0,0
1.4488929510116577,-0.46330204606056213,1.7540026903152466,0.6258117703576846,0.6208932677341084,0,0
1.4468200206756592,-0.46632447838783264,1.754002571105957,0.6264414971929202,0.609220320359532,0,0
1.4447463750839233,-0.469346821308136,1.754002571105957,0.6343557490991448,0.6249049101325164,0,0
1.4426723718643188,-0.47236910462379456,1.7540044784545898,0.6123625073844291,0.6467167824221808,0,0
1.4405978918075562,-0.4753912091255188,1.7540063858032227,0.6222648128838433,0.6256622322007209,0,0
1.4385231733322144,-0.47841325402259827,1.7540090084075928,0.6606299993621715,0.6741033950763644,0,0
1.436448097229004,-0.4814351201057434,1.7540090084075928,0.6539815936827861,0.6663377555920447,0,0
1.4343725442886353,-0.4844570755958557,1.7540090084075928,0.6474955585961113,0.6658932565076676,0,0
1.4322967529296875,-0.4874788522720337,1.7540088891983032,0.6580340334231412,0.6558883055589653,0,0
1.4302208423614502,-0.4905005395412445,1.7540088891983032,0.638831970987589,0.6784094918494928,0,0
1.4281444549560547,-0.49352213740348816,1.7540088891983032,0.6569943987822356,0.6583129614913715,0,0
1.42606782913208,-0.49654361605644226,1.7540088891983032,0.6458439271915523,0.664476161117241,0,0
1.423991084098816,-0.499565064907074,1.7540088891983032,0.6426494881539553,0.6702321341221238,0,0
1.4219143390655518,-0.5025864243507385,1.7540088891983032,0.65263640895235,0.6569426564466725,0,0
1.4198373556137085,-0.5056076049804688,1.7540088891983032,0.6485772583942836,0.6700685882047643,0,0
1.4177602529525757,-0.5086289048194885,1.7540088891983032,0.684883571187706,0.7062692470576071,0,0
1.4156827926635742,-0.511650025844574,1.7540088891983032,0.702338566889006,0.7014852918424472,0,0
1.4136054515838623,-0.5146711468696594,1.7540088891983032,0.6817891051080571,0.7129012304715634,0,0
1.4115279912948608,-0.5176922678947449,1.7540087699890137,0.7027354294277888,0.6930587305577339,0,0
1.409450650215149,-0.5207132697105408,1.7540087699890137,0.6771972082235125,0.7009606338388141,0,0
1.407373070716858,-0.5237342119216919,1.7540087699890137,0.6963438286169363,0.6778594921796325,0,0
1.405295491218567,-0.526755154132843,1.7540087699890137,0.6919698408353868,0.6984300888846148,0,0
1.4032177925109863,-0.5297760367393494,1.7540087699890137,0.7009857460071899,0.7101157647696973,0,0
1.4011403322219849,-0.5327967405319214,1.7540087699890137,0.7090097653713906,0.6968076057843462,0,0
1.3990626335144043,-0.5358175039291382,1.7540087699890137,0.6912913964107391,0.6943090997039779,0,0
1.3969851732254028,-0.538838267326355,1.7540087699890137,0.7050425676284267,0.7179086063770039,0,0
1.3949074745178223,-0.5418589115142822,1.7540087699890137,0.7287222974605888,0.7471297870909399,0,0
1.3928296566009521,-0.5448795557022095,1.7540087699890137,0.7213406197228694,0.7434669423519574,0,0
1.390751838684082,-0.5479001402854919,1.7540087699890137,0.7256818268345507,0.7167467969786303,0,0
1.388674259185791,-0.5509206056594849,1.7540087699890137,0.7122401078462215,0.753163013126198,0,0
1.3865965604782104,-0.5539410710334778,1.7540087699890137,0.7392077107858849,0.730125058175271,0,0
1.3845183849334717,-0.5569615364074707,1.7540087699890137,0.7152291625173923,0.7397661786805514,0,0
1.382440447807312,-0.5599819421768188,1.7540087699890137,0.7211161022444126,0.7245179270864395,0,0
1.380362629890442,-0.5630022883415222,1.7540087699890137,0.7258358217732002,0.7220916828126956,0,0
1.3782845735549927,-0.5660224556922913,1.7540087699890137,0.7315852966416441,0.740217423096546,0,0
1.3762062788009644,-0.5690426230430603,1.7540087699890137,0.7673251391298491,0.776716411344881,0,0
1.3741282224655151,-0.5720628499984741,1.7540087699890137,0.7760415305794748,0.7692025978454472,0,0
1.372050166130066,-0.5750830173492432,1.7540087699890137,0.7646958738851046,0.772468905011397,0,0
1.3699718713760376,-0.5781030654907227,1.7540087699890137,0.7565124266774343,0.777136024904099,0,0
1.3678938150405884,-0.5811230540275574,1.7540087699890137,0.767669235468167,0.7879234893060261,0,0
1.36581552028656,-0.5841430425643921,1.7540087699890137,0.7675957453389253,0.761608567498545,0,0
1.3637372255325317,-0.587162971496582,1.7540087699890137,0.7882349688252305,0.8065357198818227,0,0
1.3616589307785034,-0.5901828408241272,1.7540087699890137,0.7545547565634487,0.786771698681995,0,0
1.359580636024475,-0.5932026505470276,1.7540087699890137,0.7802810286620628,0.77076437574643,0,0
1.3575023412704468,-0.5962225198745728,1.7540087699890137,0.765806134563025,0.7573948359340074,0,0
1.3554238080978394,-0.5992423892021179,1.7540087699890137,0.49794956151161823,0.4872383789421221,0,0
1.3533453941345215,-0.6022621989250183,1.7540087699890137,0.5062403203708187,0.5073628676249655,0,0
1.351266860961914,-0.6052819490432739,1.7540087699890137,0.49900384153354976,0.5145583166405611,0,0
1.3491884469985962,-0.6083016395568848,1.7540087699890137,0.5082783627578383,0.4922163025445336,0,0
1.3471100330352783,-0.6113212704658508,1.7540087699890137,0.4830099944079235,0.49589878322207487,0,0
1.345031499862671,-0.6143408417701721,1.7540087699890137,0.503339727722403,0.49859259386185745,0,0
1.3429529666900635,-0.6173603534698486,1.7540087699890137,0.49033608031539827,0.4856056950182453,0,0
1.340874433517456,-0.6203798651695251,1.7540087699890137,0.4857785626518472,0.49622505194939365,0,0
1.3387959003448486,-0.6233994364738464,1.7540087699890137,0.5108084808096914,0.5095021987988688,0,0
1.3367173671722412,-0.6264188885688782,1.7540087699890137,0.5023345172802645,0.4959502076691942,0,0
1.3346388339996338,-0.6294384002685547,1.7540087699890137,0.494874550167788,0.5102665387750623,0,0
1.3325603008270264,-0.6324577331542969,1.7540087699890137,0.5007385027508946,0.5025412513414079,0,0
1.330481767654419,-0.6354771256446838,1.7540087699890137,0.46988599522990737,0.4918532402978086,0,0
1.328403115272522,-0.6384963989257812,1.7540087699890137,0.5081617631858898,0.5173012384511865,0,0
1.326324462890625,-0.6415157914161682,1.7540087699890137,0.5030488918824922,0.5050759128588103,0,0
1.3242456912994385,-0.6445350646972656,1.7540087699890137,0.512220786571974,0.47993916301573925,0,0
1.3221670389175415,-0.6475542783737183,1.7540087699890137,0.48451282073795743,0.49416429551089086,0,0
1.3200883865356445,-0.6505734920501709,1.7540087699890137,0.48857009881318314,0.48539915509637027,0,0
1.318009853363037,-0.6535926461219788,1.7540087699890137,0.4875249261607955,0.49485404838152663,0,0
1.3159312009811401,-0.6566118597984314,1.7540087699890137,0.5095740625412363,0.482129321610543,0,0
1.3138525485992432,-0.659631073474884,1.7540087699890137,0.5003749815792891,0.5123405109877867,0,0
1.3117737770080566,-0.6626501679420471,1.7540087699890137,0.49940070910527257,0.49557546336761543,0,0
1.3096950054168701,-0.6656692028045654,1.7540087699890137,0.5050016675817841,0.5110732834335657,0,0
1.3076163530349731,-0.6686883568763733,1.7540087699890137,0.4989561081947521,0.4916552758874908,0,0
1.3055377006530762,-0.6717075109481812,1.7540087699890137,0.5077822603242438,0.49693782264971664,0,0
1.3034590482711792,-0.6747266054153442,1.7540087699890137,0.5175619669092165,0.5059337591792802,0,0
1.3013803958892822,-0.6777455806732178,1.7540087699890137,0.5093594979558361,0.49338739676904597,0,0
1.2993017435073853,-0.6807646155357361,1.7540087699890137,0.4872188568668899,0.4975218863721901,0,0
1.2972230911254883,-0.6837835907936096,1.7540087699890137,0.4966343069904923,0.4855860154509117,0,0
1.2951444387435913,-0.6868025660514832,1.7540087699890137,0.5081557061805118,0.5021513748205433,0,0
1.2930657863616943,-0.6898216605186462,1.7540087699890137,0.4929239470664262,0.4921284222990209,0,0
1.2909871339797974,-0.6928406357765198,1.7540087699890137,0.4890083796602907,0.4851484010411198,0,0
1.28890860080719,-0.6958595514297485,1.7540087699890137,0.5172668915910251,0.4926339900390538,0,0
1.286829948425293,-0.6988785266876221,1.7540087699890137,0.5049180688373224,0.5028099501236967,0,0
1.284751296043396,-0.7018974423408508,1.7540087699890137,0.5020936367873026,0.5036857519847069,0,0
1.2826725244522095,-0.7049164175987244,1.7540087699890137,0.5114440708064062,0.4816426002847169,0,0
1.280593752861023,-0.7079352736473083,1.7540087699890137,0.50377060365979,0.4956835557439915,0,0
1.278515100479126,-0.7109541893005371,1.7540087699890137,0.5116258492411293,0.495748678454701,0,0
1.276436448097229,-0.7139731645584106,1.7540087699890137,0.5062372062964302,0.47978572523472374,0,0
1.2743579149246216,-0.7169921398162842,1.7540087699890137,0.48943287028872934,0.4812489891936801,0,0
1.2722793817520142,-0.7200109958648682,1.7540087699890137,0.4993083934356796,0.4924755546307814,0,0
1.2702008485794067,-0.7230298519134521,1.7540087699890137,0.5101117431361326,0.4995616500172868,0,0
1.2681223154067993,-0.7260487079620361,1.7540087699890137,0.5158720093936826,0.5039811245468855,0,0
1.2660436630249023,-0.7290675044059753,1.7540087699890137,0.48814535839903805,0.5068038850032744,0,0
1.2639650106430054,-0.7320865392684937,1.7540087699890137,0.5113695970238964,0.5122482486925392,0,0
1.261886477470398,-0.7351053357124329,1.7540087699890137,0.5049499662036128,0.49308639878615973,0,0
1.25980806350708,-0.7381240725517273,1.7540087699890137,0.4926344286676052,0.530308238049524,0,0
1.2577295303344727,-0.7411428093910217,1.7540087699890137,0.49576075212746934,0.5021461095607588,0,0
1.2556509971618652,-0.7441615462303162,1.7540087699890137,0.4967282411786764,0.4829039244940047,0,0
1.2535723447799683,-0.7471804618835449,1.7540087699890137,0.5031002063778556,0.4969927952784072,0,0
1.2514938116073608,-0.7501994967460632,1.7540087699890137,0.5122691822761744,0.48995146398495737,0,0
1.2494151592254639,-0.7532183527946472,1.7540087699890137,0.49138611234892654,0.5104244763530597,0,0
1.247336745262146,-0.7562370300292969,1.7540087699890137,0.4999272836279779,0.48977527896619694,0,0
1.2452582120895386,-0.7592556476593018,1.7540087699890137,0.508956556070703,0.4945143227334391,0,0
1.2431796789169312,-0.7622742652893066,1.7540087699890137,0.4866615303645303,0.4999137265907102,0,0
1.2411012649536133,-0.7652930021286011,1.7540087699890137,0.5133750075258173,0.4935479141991431,0,0
1.2390228509902954,-0.7683117985725403,1.7540087699890137,0.49781844126508884,0.5085992759089691,0,0
1.236944317817688,-0.7713304162025452,1.7540087699890137,0.48985371762056695,0.5038566614146094,0,0
1.2348659038543701,-0.7743489742279053,1.7540087699890137,0.5097356105237826,0.5099665237809824,0,0
1.2327874898910522,-0.7773675918579102,1.7540087699890137,0.5075738113166697,0.4966122056805583,0,0
1.230709195137024,-0.7803863883018494,1.7540087699890137,0.4933451135064569,0.5019778626749435,0,0
1.228630781173706,-0.7834051847457886,1.7540087699890137,0.512008487400852,0.4939648931210652,0,0
1.2265522480010986,-0.7864237427711487,1.7540087699890137,0.5168711032599236,0.49285236334521443,0,0
1.2244737148284912,-0.789442241191864,1.7540087699890137,0.48969287437311,0.49670275981864975,0,0
1.2223953008651733,-0.7924607396125793,1.7540087699890137,0.4846913164572787,0.4901488351951164,0,0
1.2203168869018555,-0.7954794764518738,1.7540087699890137,0.5002446307570224,0.502121531575715,0,0
1.2182385921478271,-0.7984981536865234,1.7540087699890137,0.5084300594327031,0.5035025350368467,0,0
1.2161601781845093,-0.801516592502594,1.7540087699890137,0.49173350472729,0.4921311280625375,0,0
1.2140816450119019,-0.8045350909233093,1.7540087699890137,0.4939434294148397,0.4995005166240353,0,0
1.2120031118392944,-0.8075535893440247,1.7540087699890137,0.51730367994979,0.5021864582457084,0,0
1.2099246978759766,-0.8105723857879639,1.7540087699890137,0.5096260124344049,0.49650065828583895,0,0
1.2078462839126587,-0.813590943813324,1.7540087699890137,0.498520343159165,0.48657964744524373,0,0
1.2057679891586304,-0.8166093826293945,1.7540087699890137,0.49082377116177434,0.4990596938594823,0,0
1.2036895751953125,-0.8196278214454651,1.7540087699890137,0.47629229731159517,0.5068130043888798,0,0
1.201611042022705,-0.8226462602615356,1.7540087699890137,0.5200778717471944,0.4889252214580266,0,0
1.1995325088500977,-0.8256650567054749,1.7540087699890137,0.5069799584501836,0.4839555473851937,0,0
1.1974542140960693,-0.8286834955215454,1.7540087699890137,0.5237046548353643,0.484999890657356,0,0
1.1953760385513306,-0.8317017555236816,1.7540087699890137,0.49105888040418916,0.4928084921676609,0,0
1.1932977437973022,-0.8347200155258179,1.7540087699890137,0.4923287423136236,0.5001884006850027,0,0
1.1912195682525635,-0.8377387523651123,1.7540087699890137,0.4872472951190476,0.5004351290954556,0,0
1.1891412734985352,-0.8407572507858276,1.7540087699890137,0.5289209711415238,0.4985398680099519,0,0
1.1870629787445068,-0.8437756299972534,1.7540087699890137,0.5039175199142387,0.5110573575689051,0,0
1.1849846839904785,-0.8467940092086792,1.7540087699890137,0.49326512374583453,0.5004190415061968,0,0
1.1829063892364502,-0.8498124480247498,1.7540087699890137,0.5009594811065969,0.50290687343019,0,0
1.1808282136917114,-0.8528308868408203,1.7540087699890137,0.5076480150660014,0.5014889936096664,0,0
1.1787497997283936,-0.8558492064476013,1.7540087699890137,0.49528587208616953,0.4837362113469503,0,0
1.1766715049743652,-0.8588675260543823,1.7540087699890137,0.4992956374833367,0.4974967580203296,0,0
1.174593210220337,-0.8618859648704529,1.7540087699890137,0.5226465826293271,0.5057489391350292,0,0
1.1725150346755981,-0.8649044632911682,1.7540087699890137,0.5115170872628125,0.4885289117577688,0,0
1.1704367399215698,-0.8679226636886597,1.7540087699890137,0.5124000940793664,0.5211937413541674,0,0
1.1683584451675415,-0.8709409236907959,1.7540087699890137,0.5022789029648367,0.4931615886399425,0,0
1.1662801504135132,-0.8739591836929321,1.7540087699890137,0.5031384489778021,0.5099510613064584,0,0
1.1642018556594849,-0.8769775629043579,1.7540087699890137,0.4897111332974417,0.4801022127209731,0,0
1.1621235609054565,-0.8799958229064941,1.7540087699890137,0.5240787323355729,0.48984983296658824,0,0
1.1600452661514282,-0.8830140233039856,1.7540087699890137,0.48673295963670504,0.5025777927288714,0,0
1.1579670906066895,-0.8860322833061218,1.7540087699890137,0.48767712639108696,0.4810750550897264,0,0
1.1558887958526611,-0.8890506029129028,1.7540087699890137,0.49108472067735004,0.5131303226844143,0,0
1.1538105010986328,-0.8920688033103943,1.7540087699890137,0.4890553378633531,0.503276092401045,0,0
1.151732325553894,-0.895086944103241,1.7540087699890137,0.49866556185399014,0.4860513795479079,0,0
1.1496541500091553,-0.8981053233146667,1.7540087699890137,0.4945136878761314,0.5001355114902273,0,0
1.1475759744644165,-0.9011236429214478,1.7540087699890137,0.5089918022373227,0.49331852314385083,0,0
1.1454976797103882,-0.9041417241096497,1.7540087699890137,0.504102006378158,0.4968586152632365,0,0
1.1434195041656494,-0.9071598649024963,1.7540087699890137,0.5365563009438937,0.493354905318822,0,0
1.141341209411621,-0.9101781845092773,1.7540087699890137,0.49819016711955766,0.4908695261461727,0,0
1.1392630338668823,-0.9131965041160583,1.7540087699890137,0.4924853307292569,0.4905909206576608,0,0
1.137184739112854,-0.916214644908905,1.7540087699890137,0.5086308735602993,0.49845318478804473,0,0
1.1351064443588257,-0.9192327857017517,1.7540087699890137,0.5068860642163974,0.507151923328314,0,0
1.133028268814087,-0.9222511649131775,1.7540087699890137,0.5068892024508357,0.501845057432714,0,0
1.1309500932693481,-0.9252692461013794,1.7540087699890137,0.5096384504406091,0.49912228311276435,0,0
1.1288719177246094,-0.9282873272895813,1.7540087699890137,0.4982499719125154,0.5002774375252819,0,0
1.1267937421798706,-0.9313053488731384,1.7540087699890137,0.5030049915083109,0.4997308077320927,0,0
1.1247155666351318,-0.9343238472938538,1.7540087699890137,0.4914410439325734,0.4794896653864479,0,0
1.1226375102996826,-0.9373419880867004,1.7540087699890137,0.503524473629153,0.5127797063488297,0,0
1.120559573173523,-0.9403601288795471,1.7540087699890137,0.49634469438153994,0.5038063199480377,0,0
1.1184815168380737,-0.9433784484863281,1.7540087699890137,0.49177595868475343,0.48813000567737963,0,0
1.1164032220840454,-0.9463967680931091,1.7540087699890137,0.5099523928494408,0.5053802217135966,0,0
1.1143252849578857,-0.9494149088859558,1.7540087699890137,0.5044407382657302,0.4943510509939006,0,0
1.112247347831726,-0.9524331092834473,1.7540087699890137,0.5033576148969261,0.5047948867697312,0,0
1.1101696491241455,-0.955451488494873,1.7540087699890137,0.5012819061063426,0.4996696733498894,0,0
1.1080913543701172,-0.9584698677062988,1.7540087699890137,0.5197821278202608,0.49405734755025726,0,0
1.106013298034668,-0.9614880681037903,1.7540087699890137,0.5052794626033594,0.49801754885217037,0,0
1.1039354801177979,-0.9645061492919922,1.7540087699890137,0.502308416080103,0.5006410583535116,0,0
1.1018577814102173,-0.9675244688987732,1.7540087699890137,0.5092398107592817,0.5089493885579859,0,0
1.099779725074768,-0.9705429077148438,1.7540087699890137,0.49985769924481777,0.5122798206353653,0,0
1.0977016687393188,-0.97356116771698,1.7540087699890137,0.5182523205292923,0.4967172371775724,-1,-1
1.0956239700317383,-0.9765796065330505,1.7535479068756104,0.48958077724644594,0.5017141427400676,0,0
1.0935460329055786,-0.9795963168144226,1.7523667812347412,0.5135608547707966,0.49911193938182674,0,0
1.091467022895813,-0.9826061725616455,1.7503392696380615,0.5125191768499029,0.5072408349722229,0,0
1.0893845558166504,-0.9856008291244507,1.747405767440796,0.5037368354617892,0.5232968841865805,0,0
1.087296485900879,-0.9885706305503845,1.7435600757598877,0.49475722032881186,0.48175046806282706,0,0
1.0851999521255493,-0.9915040135383606,1.7388050556182861,0.505596331060491,0.4987457788733064,0,0
1.083094596862793,-0.9943869113922119,1.7331523895263672,0.5019616060958294,0.48581086406442464,0,0
1.0809776782989502,-0.9972046613693237,1.7266302108764648,0.4786746939379182,0.48459003657851196,0,0
1.0788471698760986,-0.999942421913147,1.7192790508270264,0.5218583045592676,0.502027924412978,0,0
1.0767018795013428,-1.002588152885437,1.7111583948135376,0.49121893019311896,0.4847783454744866,0,0
1.074544906616211,-1.0051283836364746,1.702253818511963,0.5023390230808195,0.49815244445225737,0,0
1.0723776817321777,-1.00754976272583,1.6926207542419434,0.5083131320824507,0.5240710609823873,0,0
1.0702039003372192,-1.0098398923873901,1.6822751760482788,0.49548359702340117,0.48476263168943484,0,0
1.0680264234542847,-1.0119891166687012,1.6713045835494995,0.49619282446499463,0.4950897913575247,0,0
1.0658512115478516,-1.0139901638031006,1.659688115119934,0.49658496706321875,0.4892387580161073,0,0
1.063686490058899,-1.0158367156982422,1.6474642753601074,0.48870310989003835,0.5148936888014812,0,0
1.0615416765213013,-1.0175222158432007,1.6346213817596436,0.5208332546164766,0.5035205667176235,0,0
1.059425711631775,-1.0190410614013672,1.6212596893310547,0.5059331753205312,0.5100462577367527,0,0
1.0573475360870361,-1.0203903913497925,1.607396125793457,0.5089871157038179,0.5126353899427495,0,0
1.0553162097930908,-1.0215693712234497,1.5930427312850952,0.4944968425250802,0.49002577609420817,0,0
1.0533416271209717,-1.0225801467895508,1.5781875848770142,0.4893962792835586,0.5087180509565782,0,0
1.0514354705810547,-1.0234266519546509,1.5627989768981934,0.47956826890548254,0.49795483062396473,0,0
1.0496091842651367,-1.024113416671753,1.5469695329666138,0.4973382875480812,0.48671899701906934,0,0
1.0478744506835938,-1.0246456861495972,1.5307490825653076,0.5153210374381533,0.48605420108353886,0,0
1.0462419986724854,-1.025029182434082,1.5141080617904663,0.4916215207112986,0.5112392119472191,0,0
1.044721245765686,-1.0252705812454224,1.4970442056655884,0.5131874112398604,0.48833834889870825,0,0
1.0433199405670166,-1.0253771543502808,1.4795690774917603,0.49376186336584843,0.4978230973854176,0,0
1.042043685913086,-1.0253578424453735,1.4617329835891724,0.5198000835231963,0.48941300272267196,0,0
1.040895700454712,-1.0252243280410767,1.443583607673645,0.5031042835675177,0.481390424332606,0,0
1.0398781299591064,-1.0249890089035034,1.425128698348999,0.4926805764478286,0.5074788809070421,0,0
1.0389900207519531,-1.0246667861938477,1.4064496755599976,0.5058232997789062,0.4861442147971713,0,0
1.0382304191589355,-1.0242749452590942,1.387580394744873,0.4925890154351265,0.48287834755053083,0,0
1.0375968217849731,-1.0238304138183594,1.3684903383255005,0.4985102508778344,0.49021905737225824,0,0
1.037084937095642,-1.0233509540557861,1.349238634109497,0.5090297610607727,0.5063209171627867,0,0
1.0366886854171753,-1.0228557586669922,1.3298896551132202,0.47615008982814855,0.5006328485311102,0,0
1.0364022254943848,-1.0223637819290161,1.3104186058044434,0.49565672961060664,0.5071138157743177,0,0
1.036218523979187,-1.0218921899795532,1.2908189296722412,0.49210978357562046,0.5057667046749752,0,0
1.036128282546997,-1.0214568376541138,1.27112877368927,0.4960381455955375,0.4864356084479407,0,0
1.0361207723617554,-1.0210720300674438,1.2513678073883057,0.4993113149052814,0.49831821760663897,0,0
1.036184310913086,-1.0207501649856567,1.2315305471420288,0.5102382200060843,0.49298880053864713,0,0
1.0363057851791382,-1.0205011367797852,1.2116401195526123,0.5081321676546694,0.5020324867677921,0,0
1.0364720821380615,-1.020332932472229,1.1916965246200562,0.5064553795076095,0.4943650909685157,0,0
1.0366698503494263,-1.0202494859695435,1.1716943979263306,0.4896534103138083,0.5006471130012604,0,0
1.0368854999542236,-1.0202511548995972,1.1516609191894531,0.5069761862380591,0.49549850082930585,0,0
1.0371043682098389,-1.0203359127044678,1.1316113471984863,0.5216278819388259,0.49350771465176,0,0
1.0373128652572632,-1.0205007791519165,1.111539363861084,0.522977208112903,0.4830872276133431,0,0
1.0374997854232788,-1.0207397937774658,1.0914415121078491,0.4901967107352081,0.507783785333071,0,0
1.0376555919647217,-1.0210436582565308,1.0713517665863037,0.4901424436685427,0.4926991321265787,0,0
1.0377719402313232,-1.0214003324508667,1.0512909889221191,0.5045936281525448,0.4922085083478124,0,0
1.037841558456421,-1.0217962265014648,1.0312578678131104,0.5002593604166232,0.5096110293564974,0,0
1.0378600358963013,-1.0222187042236328,1.0112402439117432,0.49936713613107486,0.48466363158998815,0,0
1.037827491760254,-1.02265465259552,0.9912609457969666,0.49049603963130417,0.48871931019731385,0,0
1.037748098373413,-1.0230917930603027,0.9713567495346069,0.4910482011521158,0.4999463908710539,0,0
1.0376278162002563,-1.0235180854797363,0.9515354037284851,0.5069057285707098,0.502189135975709,0,0
1.0374730825424194,-1.0239241123199463,0.9317872524261475,0.4959587039759451,0.5094387323196922,0,0
1.0372905731201172,-1.024303913116455,0.9121264219284058,0.5152750470997268,0.6793916567750856,0,0
1.0370866060256958,-1.0246553421020508,0.8925642967224121,0.5071639800330301,0.6851151660554469,0,0
1.036867618560791,-1.0249773263931274,0.8731157183647156,0.49402444968132575,0.7066347960180102,0,0
1.0366395711898804,-1.0252703428268433,0.8537972569465637,0.4898126950741644,0.7143967437348194,0,0
1.0364071130752563,-1.0255343914031982,0.8346110582351685,0.5019201325382451,0.6827664714112921,0,0
1.0361745357513428,-1.0257691144943237,0.81557297706604,0.5124231681075012,0.7011716604827994,0,0
1.035945177078247,-1.0259751081466675,0.7966917753219604,0.503449710535713,0.6862825679313436,0,0
1.0357216596603394,-1.0261530876159668,0.7779772877693176,0.4869254012310489,0.6985957985664917,0,0
1.0355063676834106,-1.026305079460144,0.7594394087791443,0.49561159036738023,0.6899381817466925,0,0
1.0353007316589355,-1.0264328718185425,0.7410889267921448,0.4862897881319233,0.6878444062324787,0,0
1.0351061820983887,-1.026539921760559,0.7229334712028503,0.7090137282168896,0.6272002213308728,0,0
1.0349236726760864,-1.0266286134719849,0.7049781084060669,0.6886510888576945,0.6304766832356429,0,0
1.0347540378570557,-1.02670156955719,0.687236487865448,0.6764896432241819,0.6264738900540933,0,0
1.0345981121063232,-1.026760458946228,0.6697149872779846,0.6974069674184055,0.6379554938271539,0,0
1.0344563722610474,-1.026807188987732,0.6524258852005005,0.6850043844753013,0.6057078148633654,0,0
1.0343286991119385,-1.0268434286117554,0.6353698968887329,0.6892527985471509,0.6128656024474669,0,0
1.034214973449707,-1.026870608329773,0.6185539960861206,0.6945858205334937,0.6096878319984339,0,0
1.0341144800186157,-1.0268899202346802,0.6019891500473022,0.694017566603725,0.6099306220112134,0,0
1.0340256690979004,-1.0269027948379517,0.5856761336326599,0.69302167585417,0.62515154468957,0,0
1.0339478254318237,-1.0269099473953247,0.5696272850036621,0.6880578376650364,0.6121245118332527,0,0
1.0338793992996216,-1.0269129276275635,0.5538429021835327,0.6360884599618711,0.5763126034711087,0,0
1.0338196754455566,-1.026912808418274,0.5383279323577881,0.6241538504505891,0.5768724943339134,0,0
1.0337673425674438,-1.0269110202789307,0.5230870246887207,0.6420907687092001,0.5964206461584258,0,0
1.0337210893630981,-1.02690851688385,0.5081267356872559,0.6270572432790993,0.5905078628156228,0,0
1.0336805582046509,-1.0269060134887695,0.4934535026550293,0.6475728499921233,0.582950919630382,0,0
1.0336449146270752,-1.026904582977295,0.4790673553943634,0.6348161125614188,0.5750273092427117,0,0
1.0336135625839233,-1.0269049406051636,0.46496784687042236,0.6431562555149372,0.5966738390622257,0,0
1.0335861444473267,-1.0269073247909546,0.45116180181503296,0.6489834356222476,0.5985603795288997,0,0
1.033562183380127,-1.0269122123718262,0.43764904141426086,0.6310634573423964,0.5837018192642217,0,0
1.0335416793823242,-1.0269193649291992,0.42443594336509705,0.6340372910012819,0.5950103342699835,0,0
1.0335241556167603,-1.0269286632537842,0.4115225076675415,0.5997987461763041,0.5673105833236733,0,0
1.033509612083435,-1.026940107345581,0.3989090919494629,0.6040778649121782,0.5846924544623854,0,0
1.0334974527359009,-1.026953101158142,0.38659539818763733,0.6075469709820375,0.5804143776521823,0,0
1.0334876775741577,-1.0269674062728882,0.37458139657974243,0.6154860519847329,0.5859994839103708,0,0
1.033479928970337,-1.0269824266433716,0.36286723613739014,0.6164860332218606,0.583598193307714,0,0
1.0334737300872803,-1.0269979238510132,0.3514586389064789,0.6090155039769849,0.5685593401424647,0,0
1.0334688425064087,-1.0270133018493652,0.3403499126434326,0.6334510742051421,0.5737406554842098,0,0
1.033465027809143,-1.02702796459198,0.3295404613018036,0.6062536043292027,0.572470517611819,0,0
1.0334618091583252,-1.0270419120788574,0.31903037428855896,0.6159965086713896,0.5598217803023607,0,0
1.033459186553955,-1.027055025100708,0.30881986021995544,0.5901758545566108,0.5709966405420396,0,0
1.0334564447402954,-1.027066707611084,0.2989087700843811,0.6053797433663283,0.5763109176527972,0,0
1.0334538221359253,-1.0270769596099854,0.2892911732196808,0.5815696529697618,0.5856386854919351,0,0
1.033450722694397,-1.0270859003067017,0.27996695041656494,0.5883071116638735,0.5662209417182343,0,0
1.033447504043579,-1.0270931720733643,0.270936518907547,0.5844877880969803,0.5904046890606264,0,0
1.033443570137024,-1.0270990133285522,0.2621937096118927,0.5781527740717317,0.5910395380026847,0,0
1.0334392786026,-1.0271035432815552,0.2537383735179901,0.5976684286928521,0.5671244468712962,0,0
1.033434510231018,-1.027106761932373,0.24556474387645721,0.5864809454626536,0.5790134719784428,0,0
1.0334291458129883,-1.027108907699585,0.23767274618148804,0.5886592448433856,0.5661436226633163,0,0
1.033423662185669,-1.0271097421646118,0.2300565540790558,0.5957840884413358,0.5773287327795986,0,0
1.033417820930481,-1.0271098613739014,0.22271597385406494,0.5860215948595326,0.5908585433166849,0,0
1.033411979675293,-1.0271090269088745,0.21564507484436035,0.5884776259474853,0.5865994940821343,0,0
1.033406138420105,-1.0271077156066895,0.2088438868522644,0.5714364134640889,0.6004642758366144,0,0
1.0334001779556274,-1.0271058082580566,0.20230627059936523,0.5745014653396345,0.5781777750023185,0,0
1.0333943367004395,-1.027103304862976,0.19603702425956726,0.5858080661872561,0.5876208076701452,0,0
1.0333904027938843,-1.0271015167236328,0.190031036734581,0.5834512203033272,0.5934744356095787,0,0
1.0333939790725708,-1.0271042585372925,0.1842895746231079,0.5910506398026228,0.599160655326518,0,0
1.0334134101867676,-1.027116298675537,0.17880117893218994,0.570247111918867,0.5889198650822967,0,0
1.0334609746932983,-1.027144193649292,0.17355570197105408,0.6002160054270035,0.589539093495315,0,0
1.0335500240325928,-1.027195930480957,0.16853465139865875,0.5799781752299441,0.5838811418234333,0,0
1.0336941480636597,-1.0272798538208008,0.1637144833803177,0.5923890223867038,0.6034930724159001,0,0
1.0339066982269287,-1.0274046659469604,0.1590864509344101,0.5636972678595601,0.5841490207976331,0,0
1.034199833869934,-1.0275795459747314,0.15463222563266754,0.5898772833544021,0.5743209325563167,0,0
1.034583330154419,-1.027813196182251,0.15034471452236176,0.5654119285255936,0.6064173313370016,0,0
1.0350648164749146,-1.0281140804290771,0.14623303711414337,0.5797621602302458,0.592667266355636,0,0
1.035650610923767,-1.0284901857376099,0.14229771494865417,0.5671442218205431,0.5931554797914831,0,0
1.0363452434539795,-1.0289489030838013,0.13854452967643738,0.5716262268891676,0.5832335006151356,0,0
1.0371522903442383,-1.0294971466064453,0.13496918976306915,0.5772993492989086,0.5830867498889465,0,0
1.0380735397338867,-1.0301405191421509,0.1315668523311615,0.5883163677677714,0.595911039250418,0,0
1.0391110181808472,-1.030883550643921,0.12831996381282806,0.5798583426605243,0.6003147033330648,0,0
1.0402648448944092,-1.031728744506836,0.1252158135175705,0.5835591061343087,0.5904848757030675,0,0
1.0415345430374146,-1.0326764583587646,0.1222415566444397,0.5650086840159024,0.5890122312888769,0,0
1.04291832447052,-1.0337250232696533,0.11939317733049393,0.5676606704317545,0.582020856330178,0,0
1.0444129705429077,-1.0348718166351318,0.11667011678218842,0.5731531559037024,0.6002244307241493,0,0
1.046014428138733,-1.036112666130066,0.11406753957271576,0.5801058310936242,0.5915460987375587,0,0
1.0477180480957031,-1.037442922592163,0.11157424747943878,0.5746979555966863,0.5751287590704325,0,0
1.0495198965072632,-1.0388575792312622,0.10916593670845032,0.5646160566762883,0.5711851795465117,0,0
1.0514153242111206,-1.04035222530365,0.10684332251548767,0.5601261773236254,0.5764453007701672,0,0
1.0533998012542725,-1.0419225692749023,0.10461698472499847,0.5732348056380013,0.579868102708317,0,0
1.0554677248001099,-1.0435621738433838,0.10250470787286758,0.5704864602063247,0.5864358530114504,0,0
1.0576143264770508,-1.0452648401260376,0.10051847249269485,0.5669694490574398,0.5970067238053314,0,0
1.0598340034484863,-1.0470223426818848,0.09864998608827591,0.544741456698672,0.5591703746959295,0,0
1.0621217489242554,-1.048827052116394,0.09686478972434998,0.5443495390242357,0.5695455645186487,0,0
1.06447172164917,-1.0506733655929565,0.09515238553285599,0.5627922207473439,0.5537948437739186,0,0
1.0668768882751465,-1.0525566339492798,0.09354310482740402,0.5401236788588807,0.5753542621232918,0,0
1.0693289041519165,-1.0544734001159668,0.0920521691441536,0.5658230756023913,0.5657122609621948,0,0
1.071820616722107,-1.0564204454421997,0.0906359925866127,0.5484064698919626,0.57668000432883,0,0
1.0743460655212402,-1.0583957433700562,0.08925541490316391,0.5665069428851539,0.5772354857285472,0,0
1.0769010782241821,-1.0603982210159302,0.08791259676218033,0.5372070543318321,0.5656428820259556,0,0
1.0794819593429565,-1.0624277591705322,0.08662212640047073,0.5431724561818143,0.5573417114468796,0,0
1.082086205482483,-1.064483642578125,0.08539032191038132,0.5351223543474934,0.5620830401966348,0,0
1.0847116708755493,-1.0665652751922607,0.08421216905117035,0.5364168258805109,0.5298736502577981,0,0
1.0873562097549438,-1.0686711072921753,0.08309432119131088,0.5075838447665028,0.5409686530707444,0,0
1.0900177955627441,-1.0707992315292358,0.08203404396772385,0.5172977606066033,0.5515934911698597,0,0
1.0926947593688965,-1.0729480981826782,0.08101961761713028,0.5342485153582754,0.5314076379036523,0,0
1.0953853130340576,-1.0751159191131592,0.08004800975322723,0.5311847797243539,0.5467557814426858,0,0
1.098088026046753,-1.0773016214370728,0.07911550253629684,0.5196368262227238,0.5357352024139522,0,0
1.1008018255233765,-1.079504370689392,0.07821998000144958,0.5311761739677818,0.5181333454273689,0,0
1.1035255193710327,-1.0817233324050903,0.07736596465110779,0.5248283773117066,0.5420061231894111,0,0
1.1062582731246948,-1.083957314491272,0.07655215263366699,0.5157540160609407,0.5360831629300566,0,0
1.1089990139007568,-1.0862051248550415,0.07577817142009735,0.5058736974839652,0.5350807619906117,0,0
1.1117472648620605,-1.0884654521942139,0.07504294067621231,0.5026269829091428,0.4999496710731367,0,0
1.1145018339157104,-1.0907366275787354,0.0743403285741806,0.4889492679581276,0.500242126177982,0,0
1.1172621250152588,-1.093017816543579,0.07366755604743958,0.481988077551558,0.5048239147570281,0,0
1.1200268268585205,-1.0953079462051392,0.07302279770374298,0.4676620323380954,0.4876628063493182,0,0
1.122795581817627,-1.0976066589355469,0.07240591943264008,0.4746256693224636,0.5243921192273117,0,0
1.1255669593811035,-1.0999135971069336,0.0718199759721756,0.4820929719374289,0.4931877596115737,0,0
1.1283408403396606,-1.102228045463562,0.07125738263130188,0.49461653853600185,0.523092800214734,0,0
1.1311166286468506,-1.1045496463775635,0.0707228034734726,0.469341099905897,0.4934091073835517,0,0
1.1338939666748047,-1.1068775653839111,0.07021059095859528,0.4653781460573871,0.5063611872840289,0,0
1.1366724967956543,-1.1092113256454468,0.06971902400255203,0.4822397955068604,0.5104467644040253,0,0
1.1394522190093994,-1.1115506887435913,0.06924892961978912,0.45789520330279937,0.46189936487486005,0,0
1.142232894897461,-1.1138955354690552,0.06899361312389374,0.4411103720444915,0.48437599201095566,0,0
1.145012617111206,-1.1162432432174683,0.06905905157327652,0.4488545627935756,0.4728790711594706,0,0
1.14778733253479,-1.1185882091522217,0.06950045377016068,0.4322107964351878,0.4702587162107681,0,0
1.1505515575408936,-1.1209219694137573,0.0703248530626297,0.43851913974269024,0.4725187793940036,0,0
1.1532973051071167,-1.1232357025146484,0.07154157012701035,0.44892970021640843,0.47645893015721286,0,0
1.1560131311416626,-1.1255172491073608,0.07299389690160751,0.45550585216863365,0.4611941458807508,0,0
1.1586894989013672,-1.1277563571929932,0.0747128576040268,0.4377539498442101,0.47513865619427176,0,0
1.161316990852356,-1.1299437284469604,0.07651341706514359,0.4511740637806052,0.4720460086915483,0,0
1.163887858390808,-1.1320748329162598,0.07856625318527222,0.4248275619245563,0.4648914398950022,0,0
1.1664481163024902,-1.134197473526001,0.08063232153654099,0.4140761390816933,0.43313665198976864,0,0
1.1689351797103882,-1.1362543106079102,0.08278535306453705,0.4281875534781999,0.4400657095233797,0,0
1.171341061592102,-1.1382439136505127,0.08490710705518723,0.4032073159847942,0.44142902007074697,0,0
1.1736551523208618,-1.1401703357696533,0.08695947378873825,0.4114508879907996,0.43719246761328445,0,0
1.1758644580841064,-1.1420414447784424,0.08886754512786865,0.41487840782209223,0.42833351805713027,0,0
1.1779543161392212,-1.1438677310943604,0.09064602851867676,0.41345899921515306,0.42904482532148086,0,0
1.1799099445343018,-1.1456609964370728,0.09236223995685577,0.40057503208515094,0.4316709220787702,0,0
1.1817179918289185,-1.1474332809448242,0.09428373724222183,0.39985016899748876,0.4397801244102284,0,0
1.1833680868148804,-1.1491928100585938,0.0960831418633461,0.4230506669850607,0.44248560173376983,0,0
1.1848533153533936,-1.1509459018707275,0.09795495867729187,0.41004078786552534,0.44671423903729435,0,0
1.1861686706542969,-1.1526992321014404,0.09990750253200531,0.3812353857687679,0.390880208675437,0,0
1.1873122453689575,-1.1544562578201294,0.10182314366102219,0.365186288678516,0.3973845175891629,0,0
1.1882855892181396,-1.1562166213989258,0.10366984456777573,0.39707042031041784,0.38812604955679275,0,0
1.1890933513641357,-1.1579757928848267,0.10543670505285263,0.37516135897749364,0.3943986352337651,0,0
1.189742922782898,-1.159725546836853,0.1070806011557579,0.3770741778714946,0.38689462428893656,0,0
1.1902450323104858,-1.1614532470703125,0.10873469710350037,0.3846756850639703,0.4155012505047073,0,0
1.19061279296875,-1.163144826889038,0.11073625832796097,0.3906881033065436,0.40946412634470275,0,0
1.190861463546753,-1.1647874116897583,0.11289622634649277,0.4012255185835997,0.4096176839965501,0,0
1.1910048723220825,-1.1663726568222046,0.11525138467550278,0.3701767887119726,0.4151332290786024,0,0
1.1910555362701416,-1.1678962707519531,0.11780273914337158,0.37220408905528746,0.40720700732843856,0,0
1.1910245418548584,-1.1693559885025024,0.12040384858846664,0.36051652162359404,0.37785190967254706,0,0
1.1909202337265015,-1.170749306678772,0.12298020720481873,0.3703090940193097,0.3786480906413293,0,0
1.1907514333724976,-1.1720730066299438,0.12550535798072815,0.3829874688451509,0.37467615110256747,0,0
1.190525770187378,-1.173324465751648,0.12795208394527435,0.3752781064074142,0.3846581711284775,0,0
1.1902503967285156,-1.1745014190673828,0.13031093776226044,0.3853438918347076,0.391025626593464,0,0
1.1899323463439941,-1.1756032705307007,0.13256976008415222,0.3621175280625401,0.39119702528741174,0,0
1.1895784139633179,-1.1766293048858643,0.13471776247024536,0.34848063168564836,0.360998044303357,0,0
1.1891950368881226,-1.1775801181793213,0.13676612079143524,0.3769267082049005,0.3957871176373293,0,0
1.1887873411178589,-1.1784557104110718,0.13873404264450073,0.3688605149072771,0.3795214343524764,0,0
1.1883585453033447,-1.179256558418274,0.140631765127182,0.36481547023484723,0.3992130069244133,1,1
1.187910556793213,-1.179983377456665,0.14245766401290894,0.3682679376411242,0.39686295841551733,0,0
1.1874445676803589,-1.180637240409851,0.1442050337791443,0.35042628804814496,0.387807599221488,0,0
1.1869614124298096,-1.1812196969985962,0.14587442576885223,0.3561849461255339,0.390785791810539,0,0
1.1864615678787231,-1.181732177734375,0.14746885001659393,0.35745754957980075,0.39818623331477354,0,0
1.1859450340270996,-1.1821765899658203,0.14899739623069763,0.3842352514170733,0.3760852110126881,0,0
1.1854119300842285,-1.1825544834136963,0.1504567414522171,0.34743105034366756,0.3773309705014782,0,0
1.1848621368408203,-1.1828678846359253,0.15184804797172546,0.3735402862953258,0.38100805422346057,0,0
1.1842957735061646,-1.1831194162368774,0.1531793177127838,0.3468866018403292,0.36525242161242755,0,0
1.1837133169174194,-1.1833113431930542,0.15444594621658325,0.37178023908667696,0.3825491010694602,0,0
1.1831164360046387,-1.1834465265274048,0.1556534320116043,0.3675587708570865,0.375267009411884,0,0
1.1825063228607178,-1.1835275888442993,0.15680724382400513,0.35701541853935626,0.36991692413679295,0,0
1.181884765625,-1.1835575103759766,0.15790818631649017,0.3687368403790621,0.3944785024093633,0,0
1.181253433227539,-1.1835392713546753,0.15896296501159668,0.3725933879226304,0.3832437737704194,0,0
1.180612564086914,-1.1834760904312134,0.15996646881103516,0.36659724705076857,0.38012153001753485,0,0
1.1799628734588623,-1.183371901512146,0.16091600060462952,0.3858546003747836,0.3923087319438405,0,0
1.1793044805526733,-1.1832305192947388,0.1618141233921051,0.3758435531684807,0.3808909310021618,0,0
1.1786378622055054,-1.1830554008483887,0.1626778095960617,0.3616666793466964,0.3902542611268316,0,0
1.177963376045227,-1.1828492879867554,0.16351687908172607,0.37875213679610686,0.38036745266317096,0,0
1.1772816181182861,-1.1826139688491821,0.1643272191286087,0.3699247781214691,0.37553797016819906,0,0
1.1765934228897095,-1.1823512315750122,0.1651049107313156,0.3586757100346875,0.39531864761925534,0,0
1.1758993864059448,-1.1820627450942993,0.165846586227417,0.37615355822223345,0.38407102488584316,0,0
1.17520010471344,-1.181750774383545,0.16655267775058746,0.37269263040114314,0.38020226409480984,0,0
1.1744962930679321,-1.1814169883728027,0.16721661388874054,0.3608436585227078,0.3772896604439199,0,0
1.1737881898880005,-1.1810641288757324,0.1678430289030075,0.36327801284400824,0.3937397498989575,0,0
1.173076868057251,-1.1806941032409668,0.16844359040260315,0.36448782258706425,0.39582483433715443,0,0
1.172362208366394,-1.1803089380264282,0.16902337968349457,0.3790504711963997,0.3915365464240894,0,0
1.1716445684432983,-1.1799098253250122,0.16958217322826385,0.36984632031596426,0.39174182085801346,0,0
1.1709237098693848,-1.1794978380203247,0.17011676728725433,0.3751834364682869,0.3905330724086315,0,0
1.1702001094818115,-1.179073452949524,0.17063221335411072,0.3738189629426286,0.3918969410647935,0,0
1.1694738864898682,-1.178637981414795,0.17112089693546295,0.36136196067114995,0.38917046486883394,0,0
1.1687452793121338,-1.178192377090454,0.1717793345451355,0.3788049784790495,0.4025146380650111,0,0
1.1680150032043457,-1.1777381896972656,0.1725257933139801,0.36808388578924867,0.3926679413172521,0,0
1.1672841310501099,-1.1772774457931519,0.17349915206432343,0.3975062236898355,0.40438018554806715,0,0
1.1665538549423218,-1.176811933517456,0.17458777129650116,0.36807618938604064,0.38178221388830097,0,0
1.1658263206481934,-1.1763437986373901,0.17571957409381866,0.3872675829225153,0.3925825185075135,0,0
1.1651031970977783,-1.1758744716644287,0.17687080800533295,0.36937720940951246,0.39781181441745783,0,0
1.1643857955932617,-1.1754053831100464,0.17819763720035553,0.3826540969089744,0.40151081161019364,0,0
1.1636755466461182,-1.1749376058578491,0.17959974706172943,0.392882789199052,0.3903843260474027,0,0
1.1629728078842163,-1.1744722127914429,0.1808168739080429,0.4032867620932621,0.39985066100781874,0,0
1.162278175354004,-1.1740100383758545,0.1819128692150116,0.40078466967734283,0.40519222789243936,1,1
1.1615915298461914,-1.173554539680481,0.1829170435667038,0.4020671704677224,0.40790577125003746,0,0
1.160910964012146,-1.173112392425537,0.18406164646148682,0.39906687096744575,0.4134356692618016,0,0
1.1602340936660767,-1.1726906299591064,0.18539349734783173,0.3674072936355124,0.40799919010906666,0,0
1.1595593690872192,-1.1722958087921143,0.18701744079589844,0.39347560418680594,0.40488612849595734,0,0
1.1588863134384155,-1.1719328165054321,0.18878109753131866,0.4026599381545141,0.4195689693690356,0,0
1.1582131385803223,-1.1716080904006958,0.19077464938163757,0.38309258986689715,0.40678329641183036,0,0
1.157537579536438,-1.1713263988494873,0.1928628534078598,0.3960488413510292,0.3998679978778541,0,0
1.1568583250045776,-1.171090841293335,0.19495046138763428,0.39708523167201737,0.38330837260650263,0,0
1.1561737060546875,-1.1709014177322388,0.19700755178928375,0.40563747667844163,0.40510569135414204,0,0
1.1554821729660034,-1.170759916305542,0.19901186227798462,0.3970815517841301,0.39363744375068055,0,0
1.1547815799713135,-1.170667052268982,0.20114779472351074,0.39001533876664185,0.4079755223537671,0,0
1.154071569442749,-1.1706223487854004,0.20331664383411407,0.4051058685587786,0.4178769823444681,0,0
1.1533514261245728,-1.1706262826919556,0.20545987784862518,0.4005979583604439,0.40227726118164764,0,0
1.1526190042495728,-1.1706820726394653,0.20736344158649445,0.4009509215526733,0.3943981777426974,0,0
1.151873230934143,-1.170791506767273,0.2089090347290039,0.41389602102155953,0.3993416376044356,0,0
1.151113510131836,-1.1709550619125366,0.210414856672287,0.39661517108533745,0.40382129743728196,0,0
1.1503407955169678,-1.17117178440094,0.21187421679496765,0.3898890913638654,0.3878208783875587,0,0
1.1495568752288818,-1.1714388132095337,0.21308784186840057,0.4055918565574992,0.3923215199978776,0,0
1.1487637758255005,-1.1717506647109985,0.21433454751968384,0.3890074590533445,0.41431861409921145,0,0
1.1479638814926147,-1.172101378440857,0.21578310430049896,0.39652844677383137,0.406441226897519,0,0
1.1471613645553589,-1.1724838018417358,0.2171301394701004,0.40325703791030887,0.3919408719455395,0,0
1.1463623046875,-1.172890305519104,0.21855367720127106,0.39796030924336645,0.42309904003257254,0,0
1.1455740928649902,-1.1733126640319824,0.2200992852449417,0.4071096169870235,0.40539240946656935,0,0
1.1448032855987549,-1.1737459897994995,0.22140933573246002,0.4004218219604299,0.39237310038758094,0,0
1.1440541744232178,-1.174187183380127,0.2225840985774994,0.4067824421258696,0.4059606149460739,0,0
1.1433275938034058,-1.1746373176574707,0.2238529473543167,0.3978559084469276,0.40939683291732976,0,0
1.1426233053207397,-1.1750985383987427,0.2253483086824417,0.3930438091106857,0.4008363137556417,0,0
1.1419413089752197,-1.1755726337432861,0.22694052755832672,0.4184095743688659,0.41125250980700856,0,0
1.1412793397903442,-1.1760625839233398,0.2285558134317398,0.4101062775434094,0.4132166935422673,0,0
1.1406331062316895,-1.176574468612671,0.23033985495567322,0.3974752950074365,0.42268873619049313,0,0
1.1399970054626465,-1.1771126985549927,0.23220624029636383,0.4151250159834577,0.40600103920088065,0,0
1.139364242553711,-1.1776832342147827,0.23408639430999756,0.4011543333672381,0.4352557863266314,0,0
1.1387280225753784,-1.178293228149414,0.23590832948684692,0.408886511540841,0.42025930331296923,0,0
1.1380815505981445,-1.1789523363113403,0.23764024674892426,0.41572197686023865,0.4107181001012222,0,0
1.1374180316925049,-1.179672122001648,0.23948265612125397,0.39799489545706634,0.4071690892795326,0,0
1.1367343664169312,-1.1804615259170532,0.24136631190776825,0.41003706820520636,0.41544577008083167,0,0
1.1360273361206055,-1.1813278198242188,0.24308066070079803,0.43623870313454555,0.3889988132662137,0,0
1.135295033454895,-1.182273268699646,0.24466101825237274,0.405159311049,0.42651447295540845,0,0
1.1345359086990356,-1.1832985877990723,0.24633340537548065,0.39474975394539014,0.4178104527101266,0,0
1.1337502002716064,-1.184401512145996,0.24802136421203613,0.42557441479319413,0.4120744930818105,1,1
1.132938265800476,-1.1855782270431519,0.24967969954013824,0.41664907863372047,0.4109199869432194,0,0
1.1321003437042236,-1.186824917793274,0.2512752413749695,0.4058701618530802,0.40803624583822595,0,0
1.13123619556427,-1.1881381273269653,0.25279828906059265,0.41413419459053086,0.41569868387164177,0,0
1.1303443908691406,-1.189515471458435,0.25445958971977234,0.39671389612695246,0.4155576183111437,0,0
1.129425048828125,-1.1909539699554443,0.2561675012111664,0.43656143085577376,0.4162151562186097,0,0
1.1284786462783813,-1.1924512386322021,0.2578854262828827,0.41106946232894176,0.41555778433182794,0,0
1.127505898475647,-1.1940056085586548,0.2595735192298889,0.4271377080331703,0.4398475449338664,0,0
1.1265065670013428,-1.1956167221069336,0.26120832562446594,0.4223623290800402,0.4105333780681356,0,0
1.1254805326461792,-1.1972849369049072,0.26278308033943176,0.41977408635398467,0.41262219303049064,0,0
1.1244271993637085,-1.1990116834640503,0.26429468393325806,0.4110727723904117,0.4080328130570653,0,0
1.1233454942703247,-1.2007986307144165,0.26574185490608215,0.4193627700907573,0.420783464868466,0,0
1.1222347021102905,-1.2026474475860596,0.26712489128112793,0.409015516084978,0.4114899641086688,0,0
1.1210936307907104,-1.204560399055481,0.268449991941452,0.41868820951312374,0.40034801784917823,0,0
1.119921088218689,-1.2065386772155762,0.2697148621082306,0.42177495848863195,0.40485589026494917,0,0
1.1187151670455933,-1.208583116531372,0.27092212438583374,0.4313170727071663,0.4088226688050094,0,0
1.1174746751785278,-1.2106945514678955,0.27207648754119873,0.41414171666484567,0.4113220452173349,0,0
1.116199016571045,-1.2128729820251465,0.273381769657135,0.39502284115246167,0.407478167175589,0,0
1.1148896217346191,-1.2151154279708862,0.27475282549858093,0.4250115697614389,0.416968512032341,0,0
1.113548994064331,-1.21741783618927,0.2761232852935791,0.41212660887371594,0.41462945305043014,0,0
1.1121797561645508,-1.2197750806808472,0.2774774134159088,0.42673657144759436,0.4366470971302087,0,0
1.1107852458953857,-1.2221825122833252,0.2787872552871704,0.413774175371735,0.41985102404296815,0,0
1.1093692779541016,-1.2246359586715698,0.27984538674354553,0.41909445761304676,0.3929938310118314,0,0
1.1079367399215698,-1.2271296977996826,0.28054556250572205,0.42719562038532843,0.3921593113175686,0,0
1.1064931154251099,-1.2296539545059204,0.28102707862854004,0.4301173142849328,0.40466578101398554,0,0
1.1050430536270142,-1.232199788093567,0.28140780329704285,0.42933481672006835,0.4131435194106984,0,0
1.1035912036895752,-1.2347604036331177,0.2817531228065491,0.41160654453580436,0.42396947173517785,0,0
1.10214102268219,-1.237331748008728,0.2820562422275543,0.41246043058250037,0.4053913996745436,0,0
1.100695013999939,-1.2399121522903442,0.28212881088256836,0.4153511029410633,0.3953841346223159,0,0
1.099254846572876,-1.242497444152832,0.2820686995983124,0.4233118382366783,0.4252085807320589,0,0
1.0978208780288696,-1.2450841665267944,0.2819356322288513,0.4126673044130121,0.4123871387483776,0,0
1.0963916778564453,-1.2476704120635986,0.28175657987594604,0.417336708478589,0.43523420474318864,0,0
1.0949658155441284,-1.2502546310424805,0.2815554141998291,0.43098500687797625,0.4152108673108756,0,0
1.0935410261154175,-1.2528377771377563,0.2811606824398041,0.44050461541482083,0.39618004671673496,0,0
1.0921155214309692,-1.2554197311401367,0.2806590497493744,0.389121866051176,0.39469870134102497,0,0
1.0906893014907837,-1.257996916770935,0.28011101484298706,0.4034613814616087,0.40780807961547516,0,0
1.0892620086669922,-1.2605654001235962,0.2797323167324066,0.39147779543582656,0.41313758703370657,0,0
1.0878351926803589,-1.2631200551986694,0.2794499397277832,0.40708534557342674,0.419623112599483,0,0
1.086410641670227,-1.2656570672988892,0.2792084813117981,0.4252407797317483,0.4169354615604538,0,0
1.0849888324737549,-1.268174171447754,0.27900418639183044,0.40145076501470356,0.4270720782809879,0,0
1.083570122718811,-1.2706712484359741,0.27882465720176697,0.4158695208677696,0.4253082153464333,1,1
1.082153558731079,-1.2731504440307617,0.2784672677516937,0.4134579078042544,0.39739800381533696,0,0
1.0807390213012695,-1.275612711906433,0.27801620960235596,0.40868934251673716,0.41629285998660565,0,0
1.0793262720108032,-1.2780592441558838,0.27751973271369934,0.4157618078507455,0.4073225119524743,0,0
1.0779145956039429,-1.2804924249649048,0.2770079970359802,0.4310050623905138,0.41605572032658095,0,0
1.076503038406372,-1.2829151153564453,0.2764984965324402,0.406105590960336,0.4114966229023463,0,0
1.0750905275344849,-1.285330891609192,0.275953084230423,0.4150768147749601,0.4124064468484027,0,0
1.0736753940582275,-1.2877439260482788,0.27538493275642395,0.4247658115585016,0.42113717716009724,0,0
1.0722559690475464,-1.2901595830917358,0.2746393382549286,0.40236230179656024,0.3864381850619579,0,0
1.0708309412002563,-1.2925814390182495,0.27361175417900085,0.40216114391602836,0.38960674991673777,0,0
1.069400429725647,-1.2950090169906616,0.2724437713623047,0.4142369675442443,0.4131911301483824,0,0
1.0679655075073242,-1.2974414825439453,0.2712148427963257,0.41218014165559924,0.41835020327631195,0,0
1.066527009010315,-1.2998769283294678,0.26997828483581543,0.4025024090496514,0.4094237390275752,0,0
1.0650856494903564,-1.3023145198822021,0.26875734329223633,0.4101229417289553,0.4109655185518655,0,0
1.063642144203186,-1.3047537803649902,0.26756733655929565,0.4101662052223613,0.40905750648713474,0,0
1.0621962547302246,-1.3071966171264648,0.26622262597084045,0.415384790739974,0.39624676191472397,0,0
1.0607486963272095,-1.3096420764923096,0.2648155987262726,0.41091638857938173,0.411959490291995,0,0
1.0592995882034302,-1.3120893239974976,0.2634021043777466,0.41425334416163234,0.41004994506293335,0,0
1.0578488111495972,-1.3145383596420288,0.2620033323764801,0.4199738535198138,0.4125888420152627,0,0
1.0563960075378418,-1.3169894218444824,0.26064157485961914,0.41401020994592946,0.4338500333558894,0,0
1.0549399852752686,-1.3194442987442017,0.259326308965683,0.41777210028850836,0.41051477346886805,0,0
1.0534789562225342,-1.321905493736267,0.257871150970459,0.4131976404617048,0.3942282672807996,0,0
1.0520117282867432,-1.3243738412857056,0.2565508782863617,0.39957057894299014,0.4210912428511472,0,0
1.0505387783050537,-1.3268476724624634,0.2553328275680542,0.4216016253612206,0.4066440063863936,0,0
1.049061894416809,-1.3293237686157227,0.25419774651527405,0.40731260912894196,0.4172978494859062,0,0
1.0475826263427734,-1.3317999839782715,0.2531236708164215,0.41141380635612934,0.4343357004934481,0,0
1.0461009740829468,-1.334274411201477,0.2521050274372101,0.4207087676694919,0.4227941019458262,0,0
1.044616937637329,-1.3367469310760498,0.2511388659477234,0.41572657428969395,0.4013507927790067,0,0
1.0431296825408936,-1.339218258857727,0.2502143085002899,0.4234647785422804,0.4039049717626303,0,0
1.0416380167007446,-1.3416904211044312,0.24933522939682007,0.4331343803005996,0.4263867008592785,0,0
1.0401400327682495,-1.3441661596298218,0.248496875166893,0.41125244194319915,0.40453366501414195,0,0
1.0386334657669067,-1.3466484546661377,0.247694730758667,0.4020633788181332,0.4145727239354647,0,0
1.0371158123016357,-1.3491413593292236,0.24674035608768463,0.4191610368459177,0.39638349974244813,0,0
1.0355863571166992,-1.351647138595581,0.24571353197097778,0.39972222308723,0.39627642346481345,0,0
1.0340461730957031,-1.354163408279419,0.2446639984846115,0.407733803840149,0.40315860442287516,0,0
1.0324968099594116,-1.3566861152648926,0.243621826171875,0.40185527788138925,0.4058312453110008,0,0
1.030940294265747,-1.359211802482605,0.24260327219963074,0.4101993257320928,0.4094275193002492,0,0
1.0293785333633423,-1.3617370128631592,0.24181661009788513,0.3957611549093619,0.40190155987498033,0,0
1.0278151035308838,-1.3642585277557373,0.2411772757768631,0.4169017536605613,0.41632426877488377,0,0
1.0262540578842163,-1.3667739629745483,0.24063055217266083,0.4363353540638527,0.4096764629254658,0,0
1.0246984958648682,-1.3692808151245117,0.2401427924633026,0.4130106094316594,0.4118608222110386,1,1
1.023149847984314,-1.371779203414917,0.23950186371803284,0.4294639253007317,0.3971306019231475,0,0
1.0216095447540283,-1.3742669820785522,0.2387881577014923,0.40811149980047173,0.41303812574736043,0,0
1.0200786590576172,-1.3767422437667847,0.23804225027561188,0.40716014538026274,0.4150561740181222,0,0
1.0185567140579224,-1.3792046308517456,0.2372957319021225,0.40812169984066,0.41174831286197483,0,0
1.0170422792434692,-1.3816553354263306,0.23676225543022156,0.3869050168540799,0.42208691974803136,0,0
1.015535593032837,-1.384093999862671,0.23635253310203552,0.42735368067887103,0.4119466522830446,0,0
1.0140362977981567,-1.3865212202072144,0.23582907021045685,0.4032537076823275,0.3865924516499462,0,0
1.0125445127487183,-1.3889356851577759,0.23524998128414154,0.41598627789443415,0.4156612672898057,0,0
1.0110610723495483,-1.3913354873657227,0.23464131355285645,0.4079129809827348,0.4141109043206394,0,0
1.0095856189727783,-1.3937201499938965,0.23382043838500977,0.42127091236319186,0.3994386394340105,0,0
1.0081188678741455,-1.396087884902954,0.23290294408798218,0.3927236152984842,0.3973063383905033,0,0
1.006661295890808,-1.3984347581863403,0.23195330798625946,0.4253648276444975,0.4102693960919872,0,0
1.0052145719528198,-1.4007573127746582,0.2310190200805664,0.41440902041306993,0.4133027014277009,0,0
1.003779411315918,-1.4030534029006958,0.23009143769741058,0.4045558293204431,0.40787773452746434,0,0
1.002355694770813,-1.4053235054016113,0.2291918396949768,0.4106671641014056,0.4235453298763497,0,0
1.0009424686431885,-1.4075700044631958,0.22832350432872772,0.4062462386075751,0.42272035329652863,0,0
0.9995375275611877,-1.4097974300384521,0.22749142348766327,0.41614767920282486,0.4006345284321798,0,0
0.9981388449668884,-1.4120126962661743,0.226706400513649,0.41226675597526885,0.41192511769121465,0,0
0.9967436194419861,-1.4142237901687622,0.2259618490934372,0.39690008417331313,0.41915456933038814,0,0
0.9953476190567017,-1.4164351224899292,0.22524552047252655,0.4040530560117877,0.4066342665584184,0,0
0.9939438104629517,-1.4186444282531738,0.22462505102157593,0.38852624733188246,0.4192655416536424,0,0
0.992523193359375,-1.420844316482544,0.22407077252864838,0.4066734143172095,0.39658255142625853,0,0
0.9910759329795837,-1.4230223894119263,0.2235332876443863,0.3973685048509989,0.4222844237647775,0,0
0.9895932078361511,-1.4251611232757568,0.2230112999677658,0.4129376673429364,0.4202113816168799,0,0
0.988067626953125,-1.427238941192627,0.2225581705570221,0.4057238610879763,0.41716162358618336,0,0
0.9864929914474487,-1.4292309284210205,0.22221335768699646,0.40397748338360145,0.411987661007955,0,0
0.9848619699478149,-1.4311130046844482,0.2219681739807129,0.4309266617040819,0.4064751677590411,0,0
0.983166515827179,-1.4328646659851074,0.22178103029727936,0.41356816676951696,0.41561078042136784,0,0
0.9813985824584961,-1.4344689846038818,0.22159692645072937,0.4254771647536835,0.38960988478318115,0,0
0.9795508980751038,-1.4359134435653687,0.2213716059923172,0.42117337414194156,0.40693399911013456,0,0
0.9776179194450378,-1.437188982963562,0.22109192609786987,0.4134498916169979,0.4096892812520676,0,0
0.975597083568573,-1.438288688659668,0.22078828513622284,0.4250045479660511,0.39027754393749525,0,0
0.9734888076782227,-1.4392070770263672,0.22053685784339905,0.40462067275557506,0.4236741050605354,0,0
0.9712956547737122,-1.4399415254592896,0.22033949196338654,0.4075767302868914,0.41605378534324045,0,0
0.9690214395523071,-1.4404922723770142,0.22014637291431427,0.4304597189741545,0.4095988320785372,0,0
0.9666710495948792,-1.4408624172210693,0.2199736386537552,0.4244552738657888,0.4039773729963449,0,0
0.9642506241798401,-1.4410569667816162,0.21983295679092407,0.4327508933012005,0.4271734248689714,0,0
0.9617670178413391,-1.4410818815231323,0.21972228586673737,0.4255402689748951,0.43501582404286165,0,0
0.9592266082763672,-1.4409445524215698,0.21963512897491455,0.4200865315090735,0.4230457699590142,0,0
0.9566346406936646,-1.4406532049179077,0.21956606209278107,0.42617994079167487,0.4237813307219977,0,0
0.9539949893951416,-1.4402179718017578,0.21951352059841156,0.4144439411535243,0.4307235478301646,0,0
0.951310396194458,-1.439650535583496,0.21947045624256134,0.4477609950950579,0.44807601989116475,0,0
0.9485830068588257,-1.4389609098434448,0.2194240689277649,0.40650369844036455,0.447417135288526,0,0
0.9458163976669312,-1.4381592273712158,0.2193661630153656,0.43122309912616713,0.4353297959660626,0,0
0.94301438331604,-1.4372543096542358,0.2193015217781067,0.4316124533175754,0.4290589206954639,0,0
0.9401833415031433,-1.4362539052963257,0.21924233436584473,0.4366048441028616,0.4365187391075942,0,0
0.9373275637626648,-1.4351654052734375,0.21919380128383636,0.4292915646555551,0.4572962267722746,0,0
0.9344508051872253,-1.4339960813522339,0.21915453672409058,0.4538172371559233,0.4320176106298485,0,0
0.9315552711486816,-1.4327534437179565,0.21912512183189392,0.43292598704418805,0.4251780230144982,0,0
0.9286417365074158,-1.4314448833465576,0.21910208463668823,0.44169185462709615,0.43351732169700846,0,0
0.9257106184959412,-1.4300769567489624,0.21907828748226166,0.4600398331485939,0.4596954507392254,0,0
0.9227627515792847,-1.4286549091339111,0.21904705464839935,0.46752859832694565,0.46548481910380324,0,0
0.9198000431060791,-1.4271832704544067,0.2190093696117401,0.469466384532979,0.4645692988748115,0,0
0.9168248176574707,-1.425666332244873,0.2189726084470749,0.4579113839350399,0.46188054130908096,0,0
0.9138392210006714,-1.4241076707839966,0.2189399152994156,0.4646741003474919,0.4522125023481462,0,0
0.9108448028564453,-1.4225108623504639,0.21891064941883087,0.47442901707756896,0.47145968084603074,0,0
0.9078423976898193,-1.4208797216415405,0.21888716518878937,0.4629689013364183,0.4637678732171838,0,0
0.9048317670822144,-1.4192174673080444,0.2188691645860672,0.4630366943535719,0.44651479168186264,0,0
0.9018135070800781,-1.4175273180007935,0.21885155141353607,0.4489205467120892,0.47198613897327724,0,0
0.8987874984741211,-1.415811538696289,0.21882927417755127,0.4701590772932032,0.46928573128754925,0,0
0.8957544565200806,-1.4140722751617432,0.21880191564559937,0.47956987246410543,0.5070320047548599,0,0
0.8927152156829834,-1.4123114347457886,0.21877463161945343,0.5097862266791576,0.5029941962770111,0,0
0.8896709680557251,-1.410530924797058,0.2187494933605194,0.49703077164618165,0.5031664671196951,0,0
0.8866223692893982,-1.408732533454895,0.21872597932815552,0.5066015770854904,0.5049084718023835,0,0
0.8835697770118713,-1.4069175720214844,0.21870627999305725,0.5030207835862384,0.49105791056928116,0,0
0.8805132508277893,-1.4050883054733276,0.21869061887264252,0.5050152938578694,0.5019120416796574,0,0
0.8774524927139282,-1.4032456874847412,0.21867559850215912,0.48431943168255687,0.5108616144234867,0,0
0.8743880987167358,-1.4013910293579102,0.21865765750408173,0.4872154279985012,0.49221021300384743,0,0
0.8713202476501465,-1.39952552318573,0.21863697469234467,0.4759213830931181,0.4985312498657598,0,0
0.8682492971420288,-1.397650122642517,0.21861706674098969,0.48454454783157813,0.5064689927460521,0,0
0.865176260471344,-1.3957655429840088,0.21859869360923767,0.522740513679962,0.5421202682911934,0,0
0.8621011972427368,-1.3938724994659424,0.2185806930065155,0.5419034387296774,0.528623460355054,0,0
0.8590243458747864,-1.3919719457626343,0.21856486797332764,0.5394516901085551,0.538083308934082,0,0
0.8559455275535583,-1.3900645971298218,0.21855194866657257,0.5292550497225956,0.5551555647513138,0,0
0.8528652191162109,-1.3881514072418213,0.21853923797607422,0.5156969286049071,0.5071501330505259,0,0
0.8497831225395203,-1.3862327337265015,0.21852411329746246,0.5336245601648744,0.535712478069269,0,0
0.8466996550559998,-1.3843092918395996,0.21850775182247162,0.5240709989586846,0.533686814561909,0,0
0.8436148762702942,-1.3823810815811157,0.21849241852760315,0.5338913893942892,0.5263877242951248,0,0
0.840529203414917,-1.3804486989974976,0.21847783029079437,0.5177274176409444,0.535392637316388,0,0
0.8374426364898682,-1.3785127401351929,0.21846377849578857,0.5362734125933817,0.5324356323760329,0,0
0.8343556523323059,-1.3765734434127808,0.2184510976076126,0.5613541437156531,0.5699640901055404,0,0
0.831267774105072,-1.3746310472488403,0.21844062209129333,0.5784774029561428,0.5739944994239989,0,0
0.8281792998313904,-1.3726860284805298,0.21843011677265167,0.5558421411160087,0.5783430367546986,0,0
0.825090229511261,-1.3707383871078491,0.2184182107448578,0.5685611188267503,0.5822175800329629,0,0
0.8220006823539734,-1.368788719177246,0.2184062898159027,0.5537197159504706,0.5514593121661459,0,0
0.8189107179641724,-1.3668371438980103,0.21839530766010284,0.5772658575647116,0.5673959264783701,0,0
0.8158203959465027,-1.3648834228515625,0.21838392317295074,0.5554695235609988,0.5977208746493528,0,0
0.8127296566963196,-1.3629281520843506,0.21837370097637177,0.5703121998455635,0.55744879321286,0,0
0.8096387982368469,-1.360971212387085,0.2183639258146286,0.5648057322127624,0.5881555455180831,0,0
0.8065478205680847,-1.3590131998062134,0.21835584938526154,0.5663011306830343,0.5530545036796782,0,0
0.8034563660621643,-1.3570538759231567,0.21834802627563477,0.5992661364603501,0.608959286610344,0,0
0.8003647923469543,-1.3550933599472046,0.2183406800031662,0.6057627931950685,0.6179392327908197,0,0
0.7972730398178101,-1.3531317710876465,0.21833255887031555,0.6007711699388775,0.6173157676850326,0,0
0.794181227684021,-1.3511693477630615,0.218324214220047,0.6151567136879352,0.6249555495051818,0,0
0.7910892963409424,-1.3492060899734497,0.2183159440755844,0.6031276032013168,0.5908698968263302,0,0
0.7879971861839294,-1.3472421169281006,0.21830974519252777,0.6134053510946049,0.6034371451774111,0,0
0.7849051356315613,-1.3452774286270142,0.218303844332695,0.6126950025040703,0.61777472324651,0,0
0.7818130254745483,-1.343312382698059,0.21829792857170105,0.6008949330908887,0.5954771392796127,0,0
0.7787208557128906,-1.3413466215133667,0.21829339861869812,0.6055568084949203,0.6202005217913452,0,0
0.7756285667419434,-1.339380145072937,0.21828815340995789,0.6031575001179451,0.5980010262870938,0,0
0.7725362777709961,-1.3374133110046387,0.21828271448612213,0.6391730585957119,0.6295199092800826,0,0
0.7694438695907593,-1.3354460000991821,0.2182772159576416,0.6285011790048955,0.6454680622163251,0,0
0.7663514614105225,-1.3334782123565674,0.21827180683612823,0.6280101547346597,0.6489267588129958,0,0
0.7632591128349304,-1.331510305404663,0.218266561627388,0.6459127527920228,0.6431181318802066,0,0
0.7601668238639832,-1.3295420408248901,0.21826185286045074,0.6471441230761299,0.6479797701506821,0,0
0.7570744752883911,-1.327573537826538,0.21825948357582092,0.6393018329041418,0.6463008030515105,0,0
0.7539820671081543,-1.325604796409607,0.2182566225528717,0.6533355014712893,0.6511878918482381,0,0
0.7508897185325623,-1.3236360549926758,0.21825352311134338,0.6572888182508796,0.65091013557234,0,0
0.7477973699569702,-1.3216667175292969,0.21825022995471954,0.6518619152331432,0.621496280665912,0,0
0.7447052001953125,-1.319697380065918,0.2182469218969345,0.6217814709553862,0.6323330470628933,0,0
0.7416128516197205,-1.3177279233932495,0.2182435840368271,0.6886826157036043,0.6795885327554022,0,0
0.7385205626487732,-1.3157583475112915,0.21824046969413757,0.6880050336575709,0.6777686720819555,0,0
0.7354283928871155,-1.313788652420044,0.21823766827583313,0.6874656562885381,0.6812036782730975,0,0
0.732336163520813,-1.3118189573287964,0.2182345688343048,0.6768190470124107,0.6774878822138791,0,0
0.7292439937591553,-1.3098489046096802,0.2182345688343048,0.6798576410084235,0.6929576609814494,0,0
0.7261518836021423,-1.3078789710998535,0.2182345688343048,0.6804749041650413,0.6741619192191542,0,0
0.7230598330497742,-1.3059090375900269,0.2182345688343048,0.6744425166537616,0.6877502240612687,0,0
0.7199677228927612,-1.3039387464523315,0.2182345688343048,0.6732597208029988,0.6745960270054294,0,0
0.7168756723403931,-1.3019686937332153,0.2182345688343048,0.6744826211202302,0.6957803297980629,0,0
0.7137836813926697,-1.2999982833862305,0.2182345688343048,0.6723962487714891,0.6707328922536466,0,0
0.7106916308403015,-1.2980281114578247,0.2182345688343048,0.7022637749586849,0.7179732790816696,0,0
0.7075995206832886,-1.2960575819015503,0.2182345688343048,0.7038935138878333,0.718133817074892,0,0
0.70450758934021,-1.2940870523452759,0.2182345688343048,0.6946776422950472,0.6981362238644623,0,0
0.7014155983924866,-1.292116403579712,0.2182345688343048,0.7104884869753335,0.7162755855196302,0,0
0.6983236074447632,-1.2901456356048584,0.2182345688343048,0.7314398162837386,0.7228833777762393,0,0
0.6952317357063293,-1.288175106048584,0.2182345688343048,0.693330279521232,0.7024482936631109,0,0
0.6921399235725403,-1.2862043380737305,0.2182345688343048,0.7094632397003858,0.7273174638618702,0,0
0.6890480518341064,-1.2842336893081665,0.2182345688343048,0.7081156968448389,0.7123774823387472,0,0
0.6859561800956726,-1.2822626829147339,0.2182345688343048,0.7111570923987314,0.718874201989616,0,0
0.6828644275665283,-1.2802916765213013,0.2182345688343048,0.7134518048183461,0.7261440313004657,0,0
0.6797726154327393,-1.2783207893371582,0.2182345688343048,0.7488401752468489,0.7569139682826747,0,0
0.676680862903595,-1.2763495445251465,0.2182345688343048,0.751104545741288,0.7261267113122426,0,0
0.6735891699790955,-1.2743785381317139,0.2182345688343048,0.7379151482323658,0.742597484652905,0,0
0.6704975366592407,-1.2724071741104126,0.2182345688343048,0.7583083644681589,0.7493953194243523,0,0
0.6674058437347412,-1.2704358100891113,0.2182345688343048,0.743530736457571,0.7551726448758398,0,0
0.6643142104148865,-1.26846444606781,0.2182333916425705,0.7281795451003409,0.7642830621751655,0,0
0.6612225770950317,-1.2664930820465088,0.2182324230670929,0.7494487319181898,0.7594012557105231,0,0
0.658130943775177,-1.2645217180252075,0.2182324230670929,0.751331816717417,0.7620947841796695,0,0
0.6550394296646118,-1.2625502347946167,0.2182324230670929,0.7567302709037131,0.7364900964479391,0,0
0.6519478559494019,-1.2605787515640259,0.2182324230670929,0.7507516709098548,0.7441545458596676,0,0
0.6488563418388367,-1.258607268333435,0.2182324230670929,0.7879624470451857,0.7789626803171402,0,0
0.6457648277282715,-1.2566357851028442,0.2182324230670929,0.7743989181892889,0.7991538951205895,0,0
0.6426731944084167,-1.2546643018722534,0.2182324230670929,0.7909151517467705,0.7837326513060237,0,0
0.6395817399024963,-1.2526925802230835,0.2182324230670929,0.7977095114050714,0.783426403937681,0,0
0.6364901661872864,-1.2507209777832031,0.2182324230670929,0.7975563306417589,0.7843704095105306,0,0
0.6333985924720764,-1.2487494945526123,0.2182324230670929,0.7971502476368252,0.7802542169645703,0,0
0.6303071975708008,-1.2467777729034424,0.2182324230670929,0.8010275098359368,0.8016666990363159,0,0
0.6272156238555908,-1.244806170463562,0.2182324230670929,0.7660376049672432,0.7746569069657572,0,0
0.6241242289543152,-1.2428346872329712,0.2182324230670929,0.7972380477163792,0.7785340306130172,0,0
0.6210327744483948,-1.2408630847930908,0.2182324230670929,0.7720729057528783,0.7835060154535408,0,0
0.6179413795471191,-1.238891363143921,0.2182324230670929,0.49586007896049134,0.5091873400973229,0,0
0.6148500442504883,-1.236919641494751,0.2182324230670929,0.5043308040251505,0.491161866511714,0,0
0.6117585897445679,-1.234947919845581,0.2182324230670929,0.5069568645173403,0.479550242525988,0,0
0.608667254447937,-1.2329761981964111,0.2182324230670929,0.5045959621687739,0.5107440070414225,0,0
0.6055758595466614,-1.2310044765472412,0.2182324230670929,0.4918439800941209,0.49074013188131393,0,0
0.6024845242500305,-1.2290328741073608,0.2182324230670929,0.5136466134205192,0.5000371830172242,0,0
0.5993931293487549,-1.2270610332489014,0.2182324230670929,0.4906027370549526,0.5079221058788995,0,0
0.5963018536567688,-1.2250890731811523,0.2182324230670929,0.5020111799050945,0.4962128182617929,0,0
0.5932105183601379,-1.2231172323226929,0.2182324230670929,0.48694208746406437,0.502078544218722,0,0
0.5901192426681519,-1.221145510673523,0.2182324230670929,0.5149569381159899,0.505127428911087,0,0
0.587027907371521,-1.2191736698150635,0.2182324230670929,0.4962142592598604,0.5031323627995758,0,0
0.5839365720748901,-1.2172017097473145,0.2182324230670929,0.4992752852409711,0.49468977100614764,0,0
0.5808453559875488,-1.2152297496795654,0.2182324230670929,0.4874383919448483,0.5070735504869557,0,0
0.5777541399002075,-1.213257908821106,0.2182324230670929,0.5079108784649352,0.49857125543582914,0,0
0.5746629238128662,-1.211285948753357,0.2182324230670929,0.5061310138687573,0.49698908119700486,0,0
0.5715716481208801,-1.209313988685608,0.2182324230670929,0.49538361606624676,0.5004780825666578,0,0
0.5684806108474731,-1.2073420286178589,0.2182321697473526,0.5027623514752423,0.48281346845333384,0,0
0.5653893947601318,-1.2053701877593994,0.2182321697473526,0.5200155575487917,0.48916419754488955,0,0
0.5622982978820801,-1.2033982276916504,0.2182321697473526,0.5179684400739687,0.48988973045712797,0,0
0.5592070817947388,-1.2014262676239014,0.2182321697473526,0.4978116347399547,0.47674964952799587,0,0
0.556115984916687,-1.1994543075561523,0.2182321697473526,0.5162655255659556,0.5119347000283002,0,0
0.5530247688293457,-1.1974824666976929,0.2182321697473526,0.49989307466318617,0.48944849248181777,0,0
0.549933671951294,-1.1955105066299438,0.2182321697473526,0.48787686747309694,0.4824891929080404,0,0
0.5468424558639526,-1.1935385465621948,0.2182321697473526,0.4996795634210016,0.49342345380416514,0,0
0.5437514185905457,-1.1915665864944458,0.2182321697473526,0.48102112337192426,0.4935224790461135,0,0
0.5406602621078491,-1.1895947456359863,0.2182321697473526,0.5202481150150006,0.5119485994629064,0,0
0.5375691652297974,-1.1876227855682373,0.2182321697473526,0.5081061648059133,0.4953338558078547,0,0
0.534477949142456,-1.1856508255004883,0.2182321697473526,0.5019021178248988,0.5152674713348395,0,0
0.5313868522644043,-1.1836788654327393,0.2182321697473526,0.4970361826785505,0.5063850543431986,0,0
0.5282956957817078,-1.1817070245742798,0.2182321697473526,0.49510791833622647,0.483816442049939,0,0
0.5252046585083008,-1.1797350645065308,0.2182321697473526,0.5116498660026039,0.4898007776230701,0,0
0.522113561630249,-1.1777631044387817,0.2182321697473526,0.5045566319645566,0.5168402239667854,0,0
0.5190224051475525,-1.1757911443710327,0.2182321697473526,0.5020794998369684,0.4864960549546396,0,0
0.5159313678741455,-1.1738193035125732,0.2182321697473526,0.4971519115283402,0.48895992629987817,0,0
0.5128402709960938,-1.1718474626541138,0.2182321697473526,0.49695037685500554,0.5113689946241476,0,0
0.5097492933273315,-1.1698756217956543,0.2182321697473526,0.4946604228968473,0.5214062986618814,0,0
0.5066582560539246,-1.1679037809371948,0.2182321697473526,0.49916764922992685,0.48420517371591343,0,0
0.5035673975944519,-1.1659319400787354,0.2182321697473526,0.49891367013578863,0.4914785296836539,0,0
0.5004763603210449,-1.1639600992202759,0.2182321697473526,0.5012298529439895,0.4819902167864759,0,0
0.4973854422569275,-1.1619882583618164,0.2182321697473526,0.48290099980990103,0.5096641601665641,0,0
0.4942944347858429,-1.160016417503357,0.2182321697473526,0.4968403576326694,0.4892268506287033,0,0
0.4912034571170807,-1.158044457435608,0.2182321697473526,0.49386320171606907,0.49466184944069796,0,0
0.4881124496459961,-1.1560726165771484,0.2182321697473526,0.4883104643666216,0.5105525425519012,0,0
0.4850214719772339,-1.154100775718689,0.2182321697473526,0.4806568225141742,0.4873614316995268,0,0
0.48193055391311646,-1.1521289348602295,0.2182321697473526,0.5063611748513492,0.49723344307589756,0,0
0.47883957624435425,-1.15015709400177,0.2182321697473526,0.5045054488819306,0.4992997983007453,0,0
0.475748747587204,-1.148185133934021,0.2182321697473526,0.49348865663987496,0.49929048350593513,0,0
0.4726577401161194,-1.1462132930755615,0.2182321697473526,0.5090064146494213,0.5002240892597367,0,0
0.4695669114589691,-1.144241452217102,0.2182321697473526,0.4885829214900444,0.5084007595992934,0,0
0.4664759635925293,-1.1422696113586426,0.2182321697473526,0.5051463860952776,0.48936517450999206,0,0
0.46338504552841187,-1.140297770500183,0.2182321697473526,0.4921382237090787,0.5159241980491454,0,0
0.4602941572666168,-1.1383259296417236,0.2182321697473526,0.49230603774343745,0.5161027605105225,0,0
0.457203209400177,-1.1363542079925537,0.2182321697473526,0.49451958340855434,0.4891025214591571,0,0
0.4541124403476715,-1.1343823671340942,0.2182321697473526,0.49442934677934763,0.5014542708686123,0,0
0.4510215222835541,-1.1324104070663452,0.2182321697473526,0.4871045558302758,0.4911109910991851,0,0
0.4479306936264038,-1.1304385662078857,0.2182321697473526,0.5056555537904565,0.5071952419287777,0,0
0.4448398947715759,-1.1284668445587158,0.2182321697473526,0.5006731548765403,0.49182005553204344,0,0
0.4417490065097809,-1.1264948844909668,0.2182321697473526,0.49603202918130795,0.49300523358532117,0,0
0.4386582672595978,-1.1245230436325073,0.2182321697473526,0.49592002116718115,0.47429296256506626,0,0
0.43556734919548035,-1.1225513219833374,0.2182321697473526,0.498068904569839,0.4958742247180861,0,0
0.43247655034065247,-1.1205796003341675,0.2182321697473526,0.5162423773273819,0.4887680453022346,0,0
0.429385781288147,-1.1186078786849976,0.2182321697473526,0.49533574230492755,0.4874569571331494,0,0
0.42629489302635193,-1.1166361570358276,0.2182321697473526,0.4997051134205222,0.4935752957192103,0,0
0.423204243183136,-1.1146644353866577,0.2182321697473526,0.4850767372451909,0.49106731925093383,0,0
0.42011338472366333,-1.1126927137374878,0.2182321697473526,0.5032821807263359,0.5053459474866681,0,0
0.41702261567115784,-1.1107209920883179,0.2182321697473526,0.5023057749823845,0.49119319363385283,0,0
0.4139319360256195,-1.108749270439148,0.2182321697473526,0.5030137688830543,0.5210750961339781,0,0
0.41084110736846924,-1.1067776679992676,0.2182321697473526,0.5034660256489274,0.5017250126241528,0,0
0.4077504575252533,-1.1048059463500977,0.2182321697473526,0.5111324876146662,0.5121566516508127,0,0
0.4046597182750702,-1.1028341054916382,0.2182321697473526,0.5036420396254785,0.5094285596159521,0,0
0.4015689194202423,-1.1008625030517578,0.2182321697473526,0.5040067048920345,0.499057321715106,0,0
0.39847832918167114,-1.098890781402588,0.2182321697473526,0.5011417093044697,0.49662616881843386,0,0
0.39538758993148804,-1.0969189405441284,0.2182321697473526,0.5049498389313672,0.5040326741146831,0,0
0.39229679107666016,-1.0949472188949585,0.2182321697473526,0.5063571380564902,0.5080121764327772,0,0
0.3892061710357666,-1.0929756164550781,0.2182321697473526,0.5108519488085713,0.5002342752879096,0,0
0.3861154317855835,-1.0910037755966187,0.2182321697473526,0.5019418342432199,0.49144900484055526,0,0
0.38302475214004517,-1.0890320539474487,0.2182321697473526,0.5212052147466733,0.5000929506036585,0,0
0.37993407249450684,-1.0870604515075684,0.2182321697473526,0.5046416146331555,0.5090157763606006,0,0
0.37684333324432373,-1.0850887298583984,0.2182321697473526,0.49026984160346626,0.4905199620637025,0,0
0.37375277280807495,-1.0831167697906494,0.2182321697473526,0.5050644911940695,0.5146824297072367,0,0
0.370662122964859,-1.0811450481414795,0.2182321697473526,0.5084357287427435,0.5016301167292347,0,0
0.3675714433193207,-1.0791733264923096,0.2182321697473526,0.49770987499679364,0.5024651377687407,0,0
0.3644808828830719,-1.07720148563385,0.2182321697473526,0.5088147219624978,0.5056627403093744,0,0
0.36139029264450073,-1.0752297639846802,0.2182321697473526,0.521793192758501,0.5037631553597395,0,0
0.35829970240592957,-1.0732580423355103,0.2182321697473526,0.4948825706154057,0.49727244737547566,0,0
0.3552091121673584,-1.0712864398956299,0.2182321697473526,0.4950528302579415,0.48958985200188976,0,0
0.35211852192878723,-1.06931471824646,0.2182321697473526,0.5036386696318185,0.5085162907983245,0,0
0.3490278422832489,-1.0673428773880005,0.2182321697473526,0.5120846877523689,0.5138052043028788,0,0
0.34593725204467773,-1.0653712749481201,0.2182321697473526,0.4984542597500665,0.5055452474247368,0,0
0.34284666180610657,-1.0633995532989502,0.2182321697473526,0.48524465448073945,0.4806571043809587,0,0
0.3397560119628906,-1.0614277124404907,0.2182321697473526,0.49216263279594735,0.501607898571705,0,0
0.33666545152664185,-1.0594559907913208,0.2182321697473526,0.5155868047519013,0.4970802484864906,0,0
0.3335748612880707,-1.05748450756073,0.2182321697473526,0.49228641120717265,0.5037313341709556,0,0
0.3304843008518219,-1.0555129051208496,0.2182321697473526,0.47917770387413594,0.5102737158389856,0,0
0.3273938000202179,-1.0535411834716797,0.2182321697473526,0.4840696579029536,0.5017869309670102,0,0
0.3243032693862915,-1.0515695810317993,0.2182321697473526,0.5208066717708658,0.49360495444822106,0,0
0.32121267914772034,-1.049597978591919,0.2182321697473526,0.5069619206666905,0.5082975881022,0,0
0.31812217831611633,-1.047626256942749,0.2182321697473526,0.5012741424953941,0.5001455540700851,0,0
0.31503158807754517,-1.0456546545028687,0.2182321697473526,0.48349806535133805,0.4992750265030523,0,0
0.3119410574436188,-1.0436830520629883,0.2182321697473526,0.5095792736555255,0.49661997706040734,0,0
0.3088505268096924,-1.0417113304138184,0.2182321697473526,0.4893375876480989,0.5088876428105001,0,0
0.3057599663734436,-1.039739727973938,0.2182321697473526,0.5026786919044655,0.4986637832340256,0,0
0.3026695251464844,-1.0377682447433472,0.2182321697473526,0.4965856743640121,0.5040572579598782,0,0
0.299578994512558,-1.0357966423034668,0.2182321697473526,0.48199558629482775,0.49743829753642416,0,0
0.296488493680954,-1.0338250398635864,0.2182321697473526,0.5166508479287627,0.5160354046431724,0,0
0.29339799284935,-1.031853437423706,0.2182321697473526,0.49469347412461223,0.5033915755262924,0,0
0.2903074622154236,-1.0298818349838257,0.2182321697473526,0.506020502587931,0.4878179998333107,0,0
0.28721705079078674,-1.0279101133346558,0.2182321697473526,0.5085390754192136,0.4972315447175852,0,0
0.28412652015686035,-1.0259385108947754,0.2182321697473526,0.5006243428641579,0.5066780575635517,0,0
0.28103604912757874,-1.0239670276641846,0.2182321697473526,0.5010413318436877,0.49245018492287146,0,0
0.2779455780982971,-1.0219954252243042,0.2182321697473526,0.49709578843394875,0.5025833405117593,0,0
0.2748551070690155,-1.0200238227844238,0.2182321697473526,0.5024304231659588,0.5018360214522624,0,0
0.27176472544670105,-1.0180522203445435,0.2182321697473526,0.48447447889532635,0.4965283037727286,0,0
0.26867422461509705,-1.016080617904663,0.2182321697473526,0.530049614565141,0.5016813664376595,0,0
0.2655838131904602,-1.0141090154647827,0.2182321697473526,0.47778483542732375,0.4966423136917177,0,0
0.2624933123588562,-1.012137532234192,0.2182321697473526,0.49464131452499743,0.5044539355366054,0,0
0.25940290093421936,-1.0101659297943115,0.2182321697473526,0.5022949566718289,0.4838883983396376,0,0
0.2563124895095825,-1.0081942081451416,0.2182321697473526,0.49853595439498993,0.5034692815607205,-1,-1
0.25322189927101135,-1.0062228441238403,0.2177705615758896,0.4964100081711669,0.513528096982035,0,0
0.25013309717178345,-1.0042510032653809,0.2165912389755249,0.5094092181413105,0.5105772539414066,0,0
0.24705065786838531,-1.0022778511047363,0.2145661562681198,0.500427340548255,0.49028541587085894,0,0
0.24398213624954224,-1.0003015995025635,0.21163690090179443,0.48418761681044437,0.5106558449207144,0,0
0.2409382164478302,-0.9983214139938354,0.20778688788414001,0.5044132193971727,0.5123649577952324,0,0
0.2379324734210968,-0.9963343739509583,0.2030147910118103,0.5164058213368099,0.4861579013477413,0,0
0.23497848212718964,-0.9943362474441528,0.19735774397850037,0.5025162592088099,0.49175025850373494,0,0
0.23208893835544586,-0.9923245906829834,0.19085784256458282,0.4960716398693341,0.4991359010418525,0,0
0.2292780727148056,-0.9902987480163574,0.18351614475250244,0.5006960701449852,0.5019699421702123,0,0
0.22656108438968658,-0.9882583618164062,0.17536267638206482,0.5107100349107133,0.49988290201013236,0,0
0.223952054977417,-0.9862024188041687,0.16645267605781555,0.5149664597976885,0.5033652302213102,0,0
0.2214623987674713,-0.9841313362121582,0.15683475136756897,0.4998662719654318,0.5041118531036262,0,0
0.2191023826599121,-0.9820488095283508,0.14651533961296082,0.48915858078305074,0.4996598668177217,0,0
0.21688227355480194,-0.979960024356842,0.13551385700702667,0.5038302794559685,0.49511053322842447,0,0
0.214811772108078,-0.9778711199760437,0.1238703653216362,0.508824482437322,0.48741517506440957,0,0
0.21289898455142975,-0.975788414478302,0.11163322627544403,0.5146234954677662,0.5098531611944066,0,0
0.2111491858959198,-0.9737194776535034,0.0988323837518692,0.502601848672371,0.49083031466252736,0,0
0.20956633985042572,-0.9716731309890747,0.08546729385852814,0.5075607768830399,0.4906470683931364,0,0
0.2081521451473236,-0.9696597456932068,0.07156253606081009,0.5064744149589034,0.4876917255409584,0,0
0.20690785348415375,-0.9676910638809204,0.05711189657449722,0.4820310065570069,0.5011102718941667,0,0
0.2058335840702057,-0.9657776355743408,0.04224415495991707,0.49550823956472784,0.48336837577132125,0,0
0.20492717623710632,-0.9639307260513306,0.026891600340604782,0.507748625668816,0.4878976501784473,0,0
0.2041858285665512,-0.9621605277061462,0.01111107412725687,0.4986000660739145,0.4964505133826869,0,0
0.20360347628593445,-0.9604765176773071,-0.005110268946737051,0.5182760042373193,0.5181859360723322,0,0
0.2031717300415039,-0.9588893055915833,-0.021659955382347107,0.5119915658316534,0.5042697444900439,0,0
0.2028815895318985,-0.9574073553085327,-0.03863992542028427,0.5017092812901269,0.5075501216229963,0,0
0.2027209848165512,-0.9560383558273315,-0.05589425936341286,0.5028105078352901,0.5060575802654057,0,0
0.2026771456003189,-0.9547910690307617,-0.07342959940433502,0.49548709509233335,0.4879727091240635,0,0
0.20273812115192413,-0.9536727666854858,-0.0913243368268013,0.49441350054612465,0.5172845565574803,0,0
0.20289036631584167,-0.9526885747909546,-0.10948264598846436,0.5054319135661541,0.5159771387747126,0,0
0.2031199187040329,-0.9518445730209351,-0.12788033485412598,0.5145439107756211,0.5166245279497143,0,0
0.20341446995735168,-0.9511445760726929,-0.1465819925069809,0.47807013129496356,0.49375545861519615,0,0
0.20376230776309967,-0.950590968132019,-0.16554297506809235,0.4776954802708032,0.49886105241905115,0,0
0.2041509747505188,-0.9501833319664001,-0.18471452593803406,0.49401735585036416,0.5032784236701562,0,0
0.20456916093826294,-0.949920654296875,-0.2041103094816208,0.4988341270994,0.5091808649680121,0,0
0.20500697195529938,-0.9497997760772705,-0.2237233817577362,0.5043181040056739,0.5126843289193249,0,0
0.2054547220468521,-0.9498145580291748,-0.2435014545917511,0.49632108572693084,0.49576084360024664,0,0
0.2059028148651123,-0.9499579668045044,-0.26343241333961487,0.47652844468401,0.5031233252355148,0,0
0.2063429206609726,-0.9502219557762146,-0.28351694345474243,0.5038676458394502,0.499974757400534,0,0
0.20676809549331665,-0.9505969285964966,-0.30373114347457886,0.4933903562847978,0.5109468934305434,0,0
0.20717185735702515,-0.9510721564292908,-0.32404381036758423,0.4998849568518245,0.4948799392688007,0,0
0.2075478434562683,-0.9516362547874451,-0.34443995356559753,0.5024489959516694,0.5049701239616214,0,0
0.20789018273353577,-0.9522790312767029,-0.36491698026657104,0.5016170790146421,0.49013424191561566,0,0
0.20819391310214996,-0.952989935874939,-0.3854544758796692,0.47862739334189947,0.4923104943159596,0,0
0.20845484733581543,-0.9537584781646729,-0.40602749586105347,0.5145893303034468,0.5050057555213693,0,0
0.2086688131093979,-0.9545736908912659,-0.4266149699687958,0.4934374623369996,0.4998397071113661,0,0
0.20883150398731232,-0.9554238319396973,-0.44720256328582764,0.4918854940571074,0.4977035581690302,0,0
0.20893897116184235,-0.9562975764274597,-0.4677716791629791,0.49170418224436896,0.49950780693900165,0,0
0.20898845791816711,-0.957183837890625,-0.48831233382225037,0.49777285765706825,0.48076879186844373,0,0
0.2089795470237732,-0.9580711126327515,-0.5088071823120117,0.49070155420621825,0.4941599216464456,0,0
0.20891429483890533,-0.9589478373527527,-0.5292353630065918,0.49671942180652695,0.4969812988278816,0,0
0.2087961882352829,-0.9598022699356079,-0.5495857000350952,0.5089596663122989,0.4950350590661896,0,0
0.2086297571659088,-0.960624098777771,-0.5698649287223816,0.5011528490741495,0.48495630041923726,0,0
0.20842009782791138,-0.9614051580429077,-0.5900664925575256,0.5053218039446491,0.5049536797034835,0,0
0.20817327499389648,-0.9621402621269226,-0.6101811528205872,0.4868267631720931,0.5004695715056879,0,0
0.2078961431980133,-0.9628269672393799,-0.6301921010017395,0.5069433347393993,0.515354678581247,0,0
0.20759598910808563,-0.9634641408920288,-0.6500769853591919,0.48879636075267,0.49828571562603574,0,0
0.20727944374084473,-0.9640509486198425,-0.6698285341262817,0.504450314608761,0.5007897730934155,0,0
0.20695222914218903,-0.9645866751670837,-0.6894422173500061,0.5027347238629065,0.5006292302524348,0,0
0.2066192775964737,-0.9650704860687256,-0.7089030146598816,0.4917979986708019,0.4951620152807547,0,0
0.20628510415554047,-0.9655027389526367,-0.7281992435455322,0.493678986290971,0.4869130413353619,0,0
0.20595386624336243,-0.9658846855163574,-0.7473220229148865,0.50008573426207,0.5082679923044509,0,0
0.20562952756881714,-0.9662194848060608,-0.766263484954834,0.5006558340345685,0.49773681639610423,0,0
0.20531561970710754,-0.9665113091468811,-0.7850074172019958,0.4922838552816807,0.4905748402483182,0,0
0.2050151228904724,-0.9667644500732422,-0.8035445809364319,0.503588834544749,0.5052526257314697,0,0
0.20473045110702515,-0.966983437538147,-0.8218695521354675,0.5042155023868913,0.4977270885432295,0,0
0.20446376502513885,-0.9671710133552551,-0.8399765491485596,0.49260020698214513,0.5014497520906305,0,0
0.2042170763015747,-0.9673302173614502,-0.857852041721344,0.4878909019079387,0.5166517731020374,0,0
0.20399178564548492,-0.9674636721611023,-0.8754961490631104,0.5066447244287986,0.5057366709149543,0,0
0.2037883847951889,-0.9675741791725159,-0.8928945064544678,0.48180946558079596,0.5052572477956354,0,0
0.2036062777042389,-0.9676644206047058,-0.9100387096405029,0.4905427624356973,0.5077711890848428,0,0
0.20344413816928864,-0.9677366018295288,-0.9269298911094666,0.49322273327277044,0.48852176765714117,0,0
0.203300341963768,-0.9677931666374207,-0.9435567855834961,0.4986133780342205,0.5072709394064218,0,0
0.20317339897155762,-0.9678362011909485,-0.959916889667511,0.5062625392998634,0.49213199750406955,0,0
0.20306184887886047,-0.9678687453269958,-0.9760047793388367,0.5052338930338326,0.49966799277046453,0,0
0.20296385884284973,-0.9678933024406433,-0.9918138980865479,0.5124137282081255,0.4891818082168719,0,0
0.2028776854276657,-0.9679123759269714,-1.007340908050537,0.47909314357224586,0.4859086614085368,0,0
0.20280198752880096,-0.9679279923439026,-1.0225830078125,0.4870449098189439,0.4860177028346713,0,0
0.20273587107658386,-0.96794193983078,-1.0375335216522217,0.49748873908535024,0.48884493604369456,0,0
0.20267857611179352,-0.9679558277130127,-1.0521924495697021,0.49605214532960923,0.4901891790134042,0,0
0.2026291936635971,-0.9679710865020752,-1.0665538311004639,0.4965105825290757,0.5018417311787197,0,0
0.2025870680809021,-0.9679881930351257,-1.0806174278259277,0.4819142975762861,0.5124608192483795,0,0
0.20255176723003387,-0.9680079221725464,-1.0943756103515625,0.4847750492872125,0.48215634832957055,0,0
0.20252275466918945,-0.9680300354957581,-1.107833743095398,0.4835057196947437,0.5073166305114859,0,0
0.2024996131658554,-0.9680547118186951,-1.120985746383667,0.5037499145454647,0.48362918371995955,0,0
0.2024817317724228,-0.9680812954902649,-1.1338316202163696,0.5004668557008137,0.49981630904954416,0,0
0.20246849954128265,-0.9681094884872437,-1.1463717222213745,0.502115143391835,0.502922149341723,0,0
0.20245933532714844,-0.9681388139724731,-1.1586005687713623,0.5102612842785822,0.5133453579885892,0,0
0.2024536430835724,-0.9681682586669922,-1.1705235242843628,0.5012379211904542,0.49859640110777664,0,0
0.20245079696178436,-0.9681975245475769,-1.1821346282958984,0.5137879608369559,0.498799067853901,0,0
0.20245003700256348,-0.9682257771492004,-1.1934401988983154,0.49079663870088547,0.4888521435712176,0,0
0.20245088636875153,-0.968252956867218,-1.2044410705566406,0.49697102582827857,0.5161322417302834,0,0
0.20245270431041718,-0.9682781100273132,-1.2151362895965576,0.5071896128633173,0.5053195770353984,0,0
0.20245496928691864,-0.9683012366294861,-1.225525975227356,0.5016593937503275,0.5081090943449086,0,0
0.2024572789669037,-0.9683218002319336,-1.2356109619140625,0.49493726243080055,0.49454156977543534,0,0
0.2024591565132141,-0.968339741230011,-1.2453961372375488,0.5010202520528751,0.49016333869655204,0,0
0.20246043801307678,-0.9683551788330078,-1.2548823356628418,0.5046488952425437,0.5079491391961606,0,0
0.2024608552455902,-0.9683682918548584,-1.2640687227249146,0.5019575320171025,0.4883066096513145,0,0
0.20246030390262604,-0.9683788418769836,-1.2729607820510864,0.4857916479261472,0.5021911177265248,0,0
0.20245875418186188,-0.9683870077133179,-1.2815598249435425,0.49833611029516023,0.5019710268541806,0,0
0.20245623588562012,-0.968393087387085,-1.2898712158203125,0.48575477239779896,0.5235680885406002,0,0
0.2024528682231903,-0.9683972001075745,-1.297895073890686,0.5044302524956763,0.5061443034135341,0,0
0.20244863629341125,-0.9683996438980103,-1.3056361675262451,0.4918177996724927,0.5017621032137974,0,0
0.20244383811950684,-0.9684005975723267,-1.3130958080291748,0.507538413710655,0.5072254067987303,0,0
0.20243853330612183,-0.9684002995491028,-1.3202797174453735,0.4837666322567114,0.5035909823683222,0,0
0.20243290066719055,-0.9683989882469177,-1.3271938562393188,0.492269183163244,0.49975903445943,0,0
0.20242710411548615,-0.9683966636657715,-1.3338384628295898,0.4971029613254142,0.49845917641501253,0,0
0.20242148637771606,-0.9683931469917297,-1.3402081727981567,0.5015238021480438,0.49618991325339273,0,0
0.2024148553609848,-0.968390941619873,-1.3463090658187866,0.4953755428946047,0.504309731568357,0,0
0.20240332186222076,-0.9683958292007446,-1.3521349430084229,0.4925180973552917,0.5092944907130146,0,0
0.20237959921360016,-0.9684164524078369,-1.3576990365982056,0.4896635948645192,0.4963139277873569,0,0
0.20233462750911713,-0.9684639573097229,-1.363005518913269,0.5023036465434403,0.5060746072259579,0,0
0.20225803554058075,-0.9685534238815308,-1.3680096864700317,0.5147565872004471,0.5016359473877005,0,0
0.20213660597801208,-0.968702495098114,-1.3726661205291748,0.5058291609810278,0.4907549386905788,0,0
0.20195481181144714,-0.9689294099807739,-1.377017617225647,0.5070289700713935,0.49876258336020773,0,0
0.20169824361801147,-0.9692501425743103,-1.3811527490615845,0.4846559182366735,0.49419740388569633,0,0
0.20135661959648132,-0.9696804881095886,-1.3850607872009277,0.5043521581450956,0.4867543960158448,0,0
0.20092268288135529,-0.9702364802360535,-1.388688087463379,0.48757360592224164,0.5116306331763589,0,0
0.2003900557756424,-0.9709330797195435,-1.3920849561691284,0.495392980346022,0.5011430661867454,0,0
0.19975483417510986,-0.9717808961868286,-1.3953508138656616,0.4966647704722572,0.4875717852643747,0,0
0.19901680946350098,-0.9727861285209656,-1.3984956741333008,0.5032936719800408,0.49382002118422685,0,0
0.19817861914634705,-0.9739512205123901,-1.4015175104141235,0.4958002592898718,0.49418972668726635,0,0
0.19724419713020325,-0.9752758145332336,-1.4044241905212402,0.5034473279246562,0.4904218228547967,0,0
0.19621843099594116,-0.9767559766769409,-1.4072157144546509,0.49798109729171114,0.48804539888669585,0,0
0.19510704278945923,-0.9783859252929688,-1.4098937511444092,0.497302645291498,0.4985800931565743,0,0
0.1939161717891693,-0.9801574349403381,-1.4124653339385986,0.5195826726505232,0.5103365670398274,0,0
0.19265180826187134,-0.9820617437362671,-1.4149384498596191,0.48998983095535725,0.5067700688635045,0,0
0.19131934642791748,-0.9840880632400513,-1.4173017740249634,0.4917811336776516,0.5036778679096529,0,0
0.18992386758327484,-0.986225426197052,-1.4195491075515747,0.49936080252397713,0.4987658066133132,0,0
0.18847021460533142,-0.9884626269340515,-1.4216936826705933,0.5032599892567619,0.496055938357851,0,0
0.18696314096450806,-0.9907890558242798,-1.4237507581710815,0.5049436711854738,0.5073650757488625,0,0
0.18540692329406738,-0.9931951761245728,-1.4257333278656006,0.5151764054821227,0.49874937152129245,0,0
0.1838051974773407,-0.9956721067428589,-1.4276392459869385,0.5016754497529412,0.4988531387648819,0,0
0.18216116726398468,-0.9982114434242249,-1.4294523000717163,0.5126690488845138,0.501419031002425,0,0
0.1804777830839157,-1.0008049011230469,-1.4311659336090088,0.512206740422753,0.5114224506581024,0,0
0.17875809967517853,-1.0034449100494385,-1.4327841997146606,0.4923973750569257,0.4962345569834313,0,0
0.17700523138046265,-1.0061246156692505,-1.4343271255493164,0.4929888041262979,0.4952239290941967,0,0
0.17522194981575012,-1.0088387727737427,-1.4358071088790894,0.491106652400255,0.5012611814978383,0,0
0.17341038584709167,-1.011582612991333,-1.4372286796569824,0.506618056036163,0.4912688387926359,0,0
0.17157214879989624,-1.0143519639968872,-1.4385877847671509,0.513833671060741,0.49954638714212235,0,0
0.16970857977867126,-1.0171431303024292,-1.439878225326538,0.5081949186204889,0.5035340788354661,0,0
0.1678209751844406,-1.019952416419983,-1.4411065578460693,0.49777319833899575,0.510707133407516,0,0
0.1659107655286789,-1.0227766036987305,-1.4422760009765625,0.5057952804619932,0.5074483929882895,0,0
0.16397924721240997,-1.0256133079528809,-1.4433927536010742,0.5038493242688189,0.5002375239769565,0,0
0.1620275378227234,-1.0284605026245117,-1.4444574117660522,0.47870369545296226,0.5019284341956429,0,0
0.1600564867258072,-1.0313167572021484,-1.4454784393310547,0.5006014722506531,0.5155425876660497,0,0
0.15806680917739868,-1.034180998802185,-1.4464528560638428,0.51258282458069,0.49826606239722143,0,0
0.156059131026268,-1.0370519161224365,-1.4473856687545776,0.5059989540123232,0.48726130577444227,0,0
0.15403428673744202,-1.0399281978607178,-1.4482730627059937,0.49736163816794543,0.48813620313478256,0,0
0.15199311077594757,-1.0428096055984497,-1.4491201639175415,0.4893135915926642,0.4871844300387563,0,0
0.14993660151958466,-1.0456948280334473,-1.449926495552063,0.5094827285718139,0.4911603636370239,0,0
0.1478656381368637,-1.0485835075378418,-1.450697422027588,0.4877814612073812,0.4911772046026017,0,0
0.1457809954881668,-1.051474690437317,-1.4514397382736206,0.5103789735950831,0.5006635055373655,0,0
0.14368338882923126,-1.0543683767318726,-1.4521496295928955,0.4925750535277647,0.5140439548092965,0,0
0.14157338440418243,-1.057263731956482,-1.4528281688690186,0.5049891615880368,0.49879147311275274,0,0
0.13945160806179047,-1.060160756111145,-1.4534717798233032,0.5008493871912569,0.5012142928306559,0,0
0.13731873035430908,-1.0630584955215454,-1.4540882110595703,0.5073669811604762,0.5065561993796305,0,0
0.13517548143863678,-1.0659571886062622,-1.4546743631362915,0.49181327542304865,0.49232941717131357,0,0
0.13302259147167206,-1.068856120109558,-1.455234169960022,0.4907791502901185,0.5111141902506114,0,0
0.13086076080799103,-1.071755290031433,-1.4557708501815796,0.505271137214011,0.5080045387477875,0,0
0.12869055569171906,-1.074654221534729,-1.4562842845916748,0.5056629252857844,0.49941009876975556,0,0
0.12651239335536957,-1.0775529146194458,-1.4567749500274658,0.5012146489625563,0.4984019309349198,0,0
0.12432673573493958,-1.080451250076294,-1.457242727279663,0.4898538307167155,0.4869965291179148,0,0
0.12213395535945892,-1.0833488702774048,-1.457689881324768,0.5193104332798205,0.5084368489593245,0,0
0.11993450671434402,-1.0862452983856201,-1.4581129550933838,0.4889268121417689,0.5028666311666479,0,0
0.1177288293838501,-1.0891408920288086,-1.4585169553756714,0.5068510461491365,0.4986161465099743,0,0
0.11551738530397415,-1.0920352935791016,-1.4589064121246338,0.5027396437060591,0.509459408458047,0,0
0.11330055445432663,-1.0949286222457886,-1.4592753648757935,0.48322076983892215,0.49667810469964746,0,0
0.1110786721110344,-1.0978206396102905,-1.4596283435821533,0.5151616316257133,0.4920673791088563,0,0
0.10885202139616013,-1.1007115840911865,-1.4599647521972656,0.49069386021512484,0.5031221602056627,0,0
0.10662081837654114,-1.103601098060608,-1.4602890014648438,0.5050878532012544,0.514802436914729,0,0
0.10438530892133713,-1.1064895391464233,-1.4605944156646729,0.5013280738214213,0.4915711478380559,0,0
0.10214576125144958,-1.1093766689300537,-1.4608861207962036,0.5088290974368488,0.5129492385977472,0,0
0.09990242123603821,-1.1122623682022095,-1.461167335510254,0.47006500919435246,0.4990681573885249,0,0
0.09765554219484329,-1.1151467561721802,-1.4614360332489014,0.4959404901949559,0.48624130331251914,0,0
0.09540536254644394,-1.1180299520492554,-1.4616899490356445,0.5118087459761003,0.5021931330260904,0,0
0.09315206110477448,-1.120911717414856,-1.4619332551956177,0.48927906808167093,0.4886383449636719,0,0
0.09089578688144684,-1.123792052268982,-1.4621641635894775,0.4920663997155038,0.5010393615468686,0,0
0.08863669633865356,-1.126671314239502,-1.4623897075653076,0.495838349762585,0.4807370127778853,0,0
0.08637493848800659,-1.1295493841171265,-1.462601900100708,0.4960499795140493,0.4979288154024057,0,0
0.08411063998937607,-1.132426142692566,-1.4628018140792847,0.4941043148491127,0.49456993250632403,0,0
0.08184397965669632,-1.1353017091751099,-1.4629963636398315,0.5027220815575465,0.5253049208217809,0,0
0.07957510650157928,-1.1381762027740479,-1.4631788730621338,0.5187412784596445,0.49106944567898136,0,0
0.07730414718389511,-1.1410493850708008,-1.463355541229248,0.49325513653333763,0.5006810152364862,0,0
0.07503122836351395,-1.1439217329025269,-1.4635217189788818,0.48455079442021076,0.5040052180803056,0,0
0.07275643199682236,-1.1467928886413574,-1.4636826515197754,0.4976873033712337,0.5020575500380651,0,0
0.0704798549413681,-1.1496632099151611,-1.463836431503296,0.50172579301746,0.48793580672705184,0,0
0.06820157170295715,-1.1525324583053589,-1.4639850854873657,0.4979481860819359,0.5132990653668418,0,0
0.06592169404029846,-1.1554006338119507,-1.4641269445419312,0.5257377384647958,0.4804977398919572,0,0
0.0636403039097786,-1.1582680940628052,-1.4642634391784668,0.48210116733287667,0.5029481623173064,0,0
0.061357516795396805,-1.1611343622207642,-1.4643943309783936,0.4893083103756425,0.5077685874200848,0,0
0.05907340347766876,-1.1639999151229858,-1.4645131826400757,0.4952476664202093,0.5019070398361618,0,0
0.056788038462400436,-1.1668645143508911,-1.4646319150924683,0.49871588337101064,0.4844239922101057,0,0
0.0545014813542366,-1.1697285175323486,-1.4647455215454102,0.5146483178361805,0.47511994601651913,0,0
0.05221378430724144,-1.1725915670394897,-1.464852213859558,0.4962053862026261,0.5003858016027742,0,0
0.049924999475479126,-1.175454020500183,-1.4649522304534912,0.5094227653781772,0.4983079681904641,0,0
0.04763517528772354,-1.1783156394958496,-1.4650468826293945,0.49902846412027174,0.4985524020288492,0,0
0.04534438997507095,-1.1811766624450684,-1.4651358127593994,0.5040418631905798,0.49432079519064165,0,0
0.04305268079042435,-1.1840370893478394,-1.465225100517273,0.4901268926611358,0.5121710877024997,0,0
0.040760114789009094,-1.1868969202041626,-1.4653072357177734,0.4820605271007121,0.4911031636784499,0,0
0.03846673294901848,-1.189756155014038,-1.4653842449188232,0.5174589363489245,0.5121744295615045,0,0
0.03617256507277489,-1.1926147937774658,-1.4654611349105835,0.506769788713144,0.5047818567167393,0,0
0.03387764096260071,-1.1954728364944458,-1.4655330181121826,0.5250454043883788,0.49768036356442474,0,0
0.031581997871398926,-1.1983304023742676,-1.4656046628952026,0.5025645960686493,0.5119369713006293,0,0
0.029285674914717674,-1.2011873722076416,-1.4656691551208496,0.49279588527661117,0.48629625316863956,0,0
0.026988709345459938,-1.204043984413147,-1.4657343626022339,0.5008784611740537,0.5079970878347028,0,0
0.02469114027917385,-1.206899881362915,-1.4657936096191406,0.4801888358495876,0.5164626249881059,0,0
0.0223930012434721,-1.2097556591033936,-1.4658530950546265,0.4827112982206814,0.5017245684194713,0,0
0.02009432204067707,-1.2126108407974243,-1.465907096862793,0.49369413617025737,0.5007344468705721,0,0
0.017795123159885406,-1.2154656648635864,-1.4659610986709595,0.49432039808761563,0.5130373894245397,0,0
0.0154954232275486,-1.2183201313018799,-1.4660097360610962,0.5108814438241179,0.4940591871820854,0,0
0.013195248320698738,-1.2211741209030151,-1.4660568237304688,0.4937941736199506,0.4963999858746043,0,0
0.01089461985975504,-1.2240278720855713,-1.46610426902771,0.5052407281452035,0.49094844405991706,0,0
0.008593566715717316,-1.2268812656402588,-1.4661461114883423,0.4855595054159706,0.5131077046219201,0,0
0.006292114034295082,-1.2297344207763672,-1.4661881923675537,0.50125825114472,0.5021855345002048,0,0
0.003990281838923693,-1.2325870990753174,-1.4662232398986816,0.5129198632199101,0.4953588103815413,0,0
0.001688084565103054,-1.235439658164978,-1.466259479522705,0.5042751114821347,0.505306480906909,0,0
-0.0006144617800600827,-1.2382917404174805,-1.4662960767745972,0.5209304705475758,0.5008099054762881,0,0
-0.0029173465445637703,-1.2411435842514038,-1.4663325548171997,0.4991986457559354,0.5134161052601078,0,0
-0.005220551509410143,-1.243995189666748,-1.4663623571395874,0.5052312760921603,0.4950205772255922,0,0
-0.007524061948060989,-1.2468464374542236,-1.4663920402526855,0.492043624157884,0.5084331926125922,0,0
-0.009827857837080956,-1.2496975660324097,-1.4664217233657837,0.5176964672824466,0.5072554046704157,0,0
-0.012131929397583008,-1.2525485754013062,-1.4664514064788818,0.4850314263210676,0.5065350252024212,0,0
-0.01443625520914793,-1.2553991079330444,-1.4664742946624756,0.5110357430632883,0.5002886112871637,0,0
-0.0167408287525177,-1.2582496404647827,-1.4664973020553589,0.4888336003728416,0.5034700331808051,0,0
-0.019045641645789146,-1.261099934577942,-1.4665201902389526,0.4981298021203053,0.5084897826573888,0,0
-0.02135067991912365,-1.263949990272522,-1.4665433168411255,0.4984172382753949,0.519053405922396,0,0
-0.023655937984585762,-1.2667999267578125,-1.4665662050247192,0.49482524925223814,0.49877123648844285,0,0
-0.02596139721572399,-1.269649624824524,-1.4665837287902832,0.5000472784446393,0.476464734671227,0,0
-0.02826705016195774,-1.2724993228912354,-1.4666013717651367,0.4957467503231411,0.5160653513708283,0,0
-0.030572885647416115,-1.2753487825393677,-1.4666188955307007,0.49601929219091057,0.5131539824986341,0,0
-0.032878898084163666,-1.2781981229782104,-1.466636300086975,0.49695813748050005,0.5021576496885805,0,0
-0.0351850762963295,-1.2810472249984741,-1.4666540622711182,0.493520239612314,0.4990175306133499,0,0
-0.03749141842126846,-1.2838962078094482,-1.4666714668273926,0.5111283861004658,0.5081601561814194,0,0
-0.039797913283109665,-1.2867450714111328,-1.4666836261749268,0.49275801545697373,0.5032605975982581,0,0
-0.04210455343127251,-1.2895936965942383,-1.4666959047317505,0.4896792042829404,0.4967770411396823,0,0
-0.04441132768988609,-1.2924424409866333,-1.4667080640792847,0.4991316337766596,0.488258094163531,0,0
-0.046718236058950424,-1.2952910661697388,-1.4667201042175293,0.5172141728657361,0.48970454619255377,0,0
-0.0490252785384655,-1.2981393337249756,-1.4667322635650635,0.5016748330301565,0.5161930995138707,0,0
-0.05133242905139923,-1.3009876012802124,-1.4667445421218872,0.513929015022218,0.5090863133089509,0,0
-0.053639695048332214,-1.3038357496261597,-1.4667567014694214,0.5007339644680792,0.49682877560533006,0,0
-0.05594705790281296,-1.3066837787628174,-1.466768741607666,0.5007690409910752,0.5052079763553533,0,0
-0.058254536241292953,-1.3095316886901855,-1.4667809009552002,0.47709266145548596,0.5121719306576739,0,0
-0.060562122613191605,-1.3123795986175537,-1.46678626537323,0.49500113706588744,0.493728817963124,0,0
-0.06286978721618652,-1.3152273893356323,-1.4667916297912598,0.5048191803056715,0.4914059594626259,0,0
-0.0651775598526001,-1.3180750608444214,-1.4667969942092896,0.49459263056737063,0.5033559524786286,0,0
-0.06748539954423904,-1.3209228515625,-1.4668024778366089,0.486413207893895,0.4911716971926147,0,0
-0.06979332864284515,-1.3237706422805786,-1.4668079614639282,0.5011256730950074,0.5148811370707488,0,0
-0.07210133224725723,-1.3266183137893677,-1.4668132066726685,0.49144829446451094,0.5005351146605377,0,0
-0.07440940290689468,-1.3294658660888672,-1.4668186902999878,0.5034965562452949,0.48708433609953916,0,0
-0.0767175555229187,-1.3323134183883667,-1.4668240547180176,0.5209960655245159,0.4961653333120303,0,0
-0.07902578264474869,-1.3351609706878662,-1.4668294191360474,0.5015999959086251,0.4992436496178337,0,0
-0.08133407682180405,-1.3380082845687866,-1.4668347835540771,0.49986668720173294,0.5184398384567799,0,0
-0.08364241570234299,-1.3408554792404175,-1.4668402671813965,0.4868394394021247,0.48719505346162767,0,0
-0.0859508216381073,-1.3437026739120483,-1.4668456315994263,0.5210619437176547,0.4896828385555689,0,0
-0.08825927972793579,-1.3465498685836792,-1.466850996017456,0.5152783832026381,0.5079400928361862,0,0
-0.09056778252124786,-1.3493969440460205,-1.4668564796447754,0.5049602960940339,0.4943308760789087,0,0
-0.09287632256746292,-1.3522440195083618,-1.4668617248535156,0.4922197979757746,0.5079375020441177,0,0
-0.09518490731716156,-1.3550910949707031,-1.4668617248535156,0.4955667905613107,0.5053960840158863,0,0
-0.09749352931976318,-1.3579381704330444,-1.4668617248535156,0.4774929591419088,0.5033947341151909,0,0
-0.09980220347642899,-1.3607852458953857,-1.4668617248535156,0.49398492307972525,0.5056136087508106,0,0
-0.10211090743541718,-1.3636322021484375,-1.4668617248535156,0.5004875767420613,0.5035210688960929,0,0
-0.10441964864730835,-1.3664791584014893,-1.4668617248535156,0.7786562568262717,0.8091510584531857,0,0
-0.10672842711210251,-1.369326114654541,-1.4668617248535156,0.7796444044701554,0.7942212732057101,0,0
-0.10903725773096085,-1.3721731901168823,-1.4668617248535156,0.7602577488312902,0.8137797516492512,0,0
-0.11134613305330276,-1.375019907951355,-1.4668617248535156,0.7914688432505508,0.7931606719028326,0,0
-0.11365503817796707,-1.3778666257858276,-1.4668617248535156,0.7619740466376952,0.7972783428237329,0,0
-0.11596398800611496,-1.3807133436203003,-1.4668617248535156,0.7585437049774452,0.7950252415705265,0,0
-0.11827298998832703,-1.383560061454773,-1.4668617248535156,0.7825214590222973,0.788148425841905,0,0
-0.12058200687170029,-1.3864067792892456,-1.4668617248535156,0.7696210585226106,0.7897898234767017,0,0
-0.12289107590913773,-1.3892534971237183,-1.4668617248535156,0.770248499470005,0.806431794447062,0,0
-0.12520016729831696,-1.3921003341674805,-1.4668617248535156,0.77793624119523,0.800328196719935,0,0
-0.12750932574272156,-1.3949469327926636,-1.4668617248535156,0.7541952042895594,0.7554705100542718,0,0
-0.12981851398944855,-1.3977934122085571,-1.4668617248535156,0.7512965770838751,0.7737345492562444,0,0
-0.13212771713733673,-1.4006402492523193,-1.4668617248535156,0.7545989271015775,0.7604240821306298,0,0
-0.1344369798898697,-1.403486728668213,-1.4668617248535156,0.7395705811086818,0.7673024408814343,0,0
-0.13674627244472504,-1.406333088874817,-1.4668617248535156,0.7462524803561712,0.7738166966264431,0,0
-0.13905559480190277,-1.4091796875,-1.4668617248535156,0.7359208627947467,0.7546276511166184,0,0
-0.14136497676372528,-1.412026047706604,-1.4668617248535156,0.7405455840323798,0.7529386300492111,0,0
-0.14367437362670898,-1.414872646331787,-1.4668617248535156,0.7441877791965263,0.7629178655902238,0,0
-0.14598381519317627,-1.4177188873291016,-1.4668617248535156,0.747841853219614,0.7751666652720803,0,0
-0.14829330146312714,-1.4205652475357056,-1.4668617248535156,0.7450640697182721,0.7549076404584723,0,0
-0.1506028175354004,-1.4234116077423096,-1.4668617248535156,0.6886350719401859,0.7239890326966198,0,0
-0.15291237831115723,-1.4262580871582031,-1.4668617248535156,0.6976946065624404,0.7330994078072403,0,0
-0.15522195398807526,-1.4291043281555176,-1.4668617248535156,0.7030839353007475,0.733371367685712,0,0
-0.15753157436847687,-1.4319504499435425,-1.4668617248535156,0.712860455451529,0.719551974541131,0,0
-0.15984125435352325,-1.4347968101501465,-1.4668617248535156,0.6935131189233914,0.7265000432607426,0,0
-0.16215097904205322,-1.437643051147461,-1.4668617248535156,0.7041771504068314,0.7071196558735604,0,0
-0.16446073353290558,-1.4404892921447754,-1.4668617248535156,0.7135300296755446,0.7444842091744136,0,0
-0.16677053272724152,-1.4433354139328003,-1.4668617248535156,0.7118398591259277,0.7257448089355152,0,0
-0.16908033192157745,-1.4461814165115356,-1.4668617248535156,0.7029839982342344,0.7534955711503506,0,0
-0.17139017581939697,-1.449027419090271,-1.4668617248535156,0.707205381557423,0.7330813782082336,0,0
-0.17370006442070007,-1.4518736600875854,-1.4668617248535156,0.6496358761209731,0.6889452988863248,0,0
-0.17600998282432556,-1.4547196626663208,-1.4668617248535156,0.685725446151529,0.6797776896397567,0,0
-0.17831993103027344,-1.4575659036636353,-1.4668617248535156,0.6684854752396041,0.6881429993986505,0,0
-0.1806299239397049,-1.460411787033081,-1.4668617248535156,0.6814457994473608,0.7029105746572524,0,0
-0.18293996155261993,-1.4632575511932373,-1.4668617248535156,0.6828917545946064,0.6841040156227598,0,0
-0.18525002896785736,-1.4661033153533936,-1.4668617248535156,0.6722046909460286,0.6958053695319613,0,0
-0.18756014108657837,-1.468949317932129,-1.4668617248535156,0.6530252670350911,0.708099285082984,0,0
-0.18987026810646057,-1.4717954397201538,-1.4668617248535156,0.6700163765254961,0.6866740662529842,0,0
-0.19218045473098755,-1.4746413230895996,-1.4668617248535156,0.6832188218572905,0.6951943502590416,0,0
-0.19449067115783691,-1.4774872064590454,-1.4668617248535156,0.6698465972165372,0.6758995430344595,0,0
-0.19680088758468628,-1.480332851409912,-1.4668617248535156,0.6276460868081358,0.6554673270071114,0,0
-0.19911114871501923,-1.4831784963607788,-1.4668617248535156,0.6498628485816931,0.6503858062727951,0,0
-0.20142146944999695,-1.486024022102356,-1.4668617248535156,0.6165613719611301,0.678855880889776,0,0
-0.20373180508613586,-1.4888696670532227,-1.4668617248535156,0.6385584843170784,0.6593376170059534,0,0
-0.20604218542575836,-1.4917155504226685,-1.4668617248535156,0.6317464498188524,0.6404318825837505,0,0
-0.20835256576538086,-1.4945610761642456,-1.4668617248535156,0.63594130235982,0.6245299166303664,0,0
-0.21066300570964813,-1.4974068403244019,-1.4668617248535156,0.632901497414487,0.6558556207277844,0,0
-0.212973490357399,-1.5002522468566895,-1.4668617248535156,0.6327523339377337,0.6463163591097453,0,0
-0.21528398990631104,-1.503097653388977,-1.4668617248535156,0.6343868597498303,0.640919361489383,0,0
-0.21759454905986786,-1.5059432983398438,-1.4668617248535156,0.6510675818412117,0.6559812276371196,0,0
-0.21990512311458588,-1.5087890625,-1.4668617248535156,0.5791754009779915,0.6304366929760967,0,0
-0.22221572697162628,-1.511634349822998,-1.4668617248535156,0.5930165627483464,0.6297914449830505,0,0
-0.22452637553215027,-1.5144798755645752,-1.4668617248535156,0.6026731289158321,0.6049939488084662,0,0
-0.22683702409267426,-1.5173251628875732,-1.4668617248535156,0.607215923141945,0.6178218773797041,0,0
-0.22914773225784302,-1.5201704502105713,-1.4668617248535156,0.6041504146546525,0.6076733851926421,0,0
-0.23145847022533417,-1.5230157375335693,-1.4668617248535156,0.6056635305833832,0.6296013144994748,0,0
-0.2337692230939865,-1.5258610248565674,-1.4668617248535156,0.5922335091744959,0.6141813035613048,0,0
-0.23608003556728363,-1.528706431388855,-1.4668617248535156,0.5910362030901555,0.6071110225701161,0,0
-0.23839087784290314,-1.5315515995025635,-1.4668617248535156,0.5915808312344047,0.595806384719644,0,0
-0.24070172011852264,-1.534396767616272,-1.4668617248535156,0.5766714513391759,0.6094820831622052,0,0
-0.24301260709762573,-1.5372419357299805,-1.4668617248535156,0.554651969339283,0.567696246354406,0,0
-0.2453235387802124,-1.540087342262268,-1.4668617248535156,0.558504669547537,0.5802424852404461,0,0
-0.24763450026512146,-1.5429325103759766,-1.4668617248535156,0.5494851143547658,0.5722442781844708,0,0
-0.2499454766511917,-1.5457775592803955,-1.4668617248535156,0.5578174010518491,0.5553218789042664,0,0
-0.25225651264190674,-1.5486226081848145,-1.4668617248535156,0.5595149299190569,0.5612326798368699,0,0
-0.25456759333610535,-1.551467776298523,-1.4668617248535156,0.5509156808563852,0.5746622467961345,0,0
-0.25687870383262634,-1.554313063621521,-1.4668617248535156,0.5570240934823946,0.601762673066726,0,0
-0.25918981432914734,-1.5571582317352295,-1.4668617248535156,0.5585212252565015,0.5969365779549157,0,0
-0.26150092482566833,-1.5600031614303589,-1.4668617248535156,0.5744702241522945,0.5581809833601219,0,0
-0.26381203532218933,-1.5628480911254883,-1.4668617248535156,0.5698171800521512,0.5771141808520931,0,0
-0.2661231458187103,-1.5656931400299072,-1.4668617248535156,0.506414976709953,0.5361613242592287,0,0
-0.2684342563152313,-1.5685384273529053,-1.4668617248535156,0.5274894098700524,0.5264237970450275,0,0
-0.2707453668117523,-1.5713835954666138,-1.4668617248535156,0.5336576448668954,0.5527787143746915,0,0
-0.2730564475059509,-1.5742285251617432,-1.4668617248535156,0.5130047738989028,0.5308962026941105,0,0
-0.27536752820014954,-1.5770734548568726,-1.4668617248535156,0.5196189560455362,0.5463882989529834,0,0
-0.27767857909202576,-1.5799185037612915,-1.4668617248535156,0.5185022791298244,0.5575467842790293,0,0
-0.27998965978622437,-1.5827637910842896,-1.4668617248535156,0.5328435975314763,0.5451827280701377,0,0
-0.282300740480423,-1.585608959197998,-1.4668617248535156,0.5071884930232118,0.5377206467684494,0,0
-0.2846117615699768,-1.5884538888931274,-1.4668617248535156,0.5234928916102357,0.5621943433005975,0,0
-0.286922812461853,-1.5912988185882568,-1.4668617248535156,0.5277007892238826,0.5500875275566424,0,0
-0.28923386335372925,-1.5941437482833862,-1.4668617248535156,0.4960581148692607,0.5154581208761039,0,0
-0.29154491424560547,-1.5969887971878052,-1.4668617248535156,0.4654746235209775,0.4934113951158129,0,0
-0.2938559055328369,-1.5998338460922241,-1.4668617248535156,0.48507877541665384,0.5160712487983288,0,0
-0.29616692662239075,-1.6026787757873535,-1.4668617248535156,0.4859218250653032,0.493783139358846,0,0
-0.2984779477119446,-1.605523705482483,-1.4668617248535156,0.47708451334041846,0.5068929766065828,0,0
-0.3007889688014984,-1.6083687543869019,-1.4668617248535156,0.499653252269661,0.4808325049516478,0,0
-0.30309996008872986,-1.6112138032913208,-1.4668617248535156,0.4898028108268606,0.509107963280237,0,0
-0.3054109513759613,-1.6140588521957397,-1.4668617248535156,0.4883036010149196,0.5004220874395828,0,0
-0.30772194266319275,-1.6169037818908691,-1.4668617248535156,0.49913953533595207,0.503101142642261,0,0
-0.3100329339504242,-1.619748830795288,-1.4668617248535156,0.4706733085049868,0.49154277196367646,0,0
-0.31234419345855713,-1.622593879699707,-1.466667890548706,0.43510566921404975,0.47730953156373124,0,0
-0.3146533966064453,-1.62543785572052,-1.4663665294647217,0.4523908386272557,0.47909569614270164,0,0
-0.3169574439525604,-1.628278136253357,-1.4658203125,0.4420162076271402,0.4758421766760825,0,0
-0.3192513585090637,-1.631111741065979,-1.464950680732727,0.444858930632079,0.47768541001333825,0,0
-0.3215273916721344,-1.6339322328567505,-1.46371328830719,0.44986872972396075,0.46767832831301115,0,0
-0.32377535104751587,-1.636731743812561,-1.4620871543884277,0.4336393505172583,0.4734520667833791,0,0
-0.3259832561016083,-1.639500617980957,-1.4600636959075928,0.42858728782744465,0.4801172034558996,0,0
-0.3281375467777252,-1.6422276496887207,-1.457637071609497,0.4440614654643039,0.45966521863893617,0,0
-0.3302241861820221,-1.644901990890503,-1.4548333883285522,0.4294677493605947,0.46736274197949074,0,0
-0.33223000168800354,-1.6475117206573486,-1.4516568183898926,0.44480850173886194,0.4811254907737782,0,0
-0.3342278301715851,-1.6501110792160034,-1.4484463930130005,0.4124717513919593,0.43203000439481576,0,0
-0.3361167013645172,-1.6526215076446533,-1.4450608491897583,0.4239451629332475,0.4206867252594384,0,0
-0.33788615465164185,-1.6550309658050537,-1.441620111465454,0.4245947346039343,0.42360340444962163,0,0
-0.3395318388938904,-1.657326102256775,-1.4382153749465942,0.41852392062690413,0.430491945468109,0,0
-0.341056227684021,-1.6594939231872559,-1.434848666191101,0.42805669024243537,0.44161161715382763,0,0
-0.34246882796287537,-1.6615220308303833,-1.4315838813781738,0.41029128158670086,0.4301099083229323,0,0
-0.3437857925891876,-1.6633977890014648,-1.428304672241211,0.3909854557982731,0.43971751765344946,0,0
-0.3450250029563904,-1.665108561515808,-1.4250987768173218,0.4065073466575554,0.427085840939352,0,0
-0.3462042808532715,-1.6666432619094849,-1.4220491647720337,0.42362697644220243,0.43980600495496247,0,0
-0.34734174609184265,-1.667991042137146,-1.4191508293151855,0.4052979698439844,0.42777448521380357,1,1
-0.3484557867050171,-1.6691431999206543,-1.4161983728408813,0.39184880756494916,0.4034959713808921,0,0
-0.3495621979236603,-1.670094609260559,-1.4132670164108276,0.37862691107406743,0.3894645141343949,0,0
-0.3506719768047333,-1.670845866203308,-1.410320520401001,0.3945882483336123,0.39572513509740137,0,0
-0.35179057717323303,-1.6714035272598267,-1.407270073890686,0.3918413693172697,0.40895431932569876,0,0
-0.35291990637779236,-1.6717791557312012,-1.4041937589645386,0.39627477646782117,0.3956249826584836,0,0
-0.35405758023262024,-1.6719869375228882,-1.4009674787521362,0.37826011544339294,0.4069621583349082,0,0
-0.35519763827323914,-1.6720421314239502,-1.3977410793304443,0.3724373516122454,0.38707770533166147,0,0
-0.3563290536403656,-1.671964168548584,-1.394501805305481,0.39490933347331986,0.40992947033046845,0,0
-0.35743841528892517,-1.671771764755249,-1.3909034729003906,0.38971962256421017,0.4110310252016537,0,0
-0.35851410031318665,-1.6714849472045898,-1.3869270086288452,0.3794425413268903,0.4112820956067082,0,0
-0.35954728722572327,-1.6711225509643555,-1.3827006816864014,0.38867828502764634,0.408910795247887,0,0
-0.36053094267845154,-1.6707006692886353,-1.3784962892532349,0.3607127368776631,0.3828579302706756,0,0
-0.3614567518234253,-1.6702322959899902,-1.3743431568145752,0.3939373254985278,0.3870733035880894,0,0
-0.36231550574302673,-1.6697293519973755,-1.3703538179397583,0.38006138984120347,0.37754871975061116,0,0
-0.36309874057769775,-1.66920006275177,-1.3665164709091187,0.37039359015378115,0.3914635201776528,0,0
-0.3638002276420593,-1.6686517000198364,-1.3628090620040894,0.365428272766636,0.3725375658323337,0,0
-0.3644174337387085,-1.6680892705917358,-1.3592380285263062,0.3809898340279834,0.39105714564639854,0,0
-0.36495012044906616,-1.667517066001892,-1.3558175563812256,0.38624113944333316,0.3839088375768657,0,0
-0.36539965867996216,-1.6669394969940186,-1.3525450229644775,0.3902451697636267,0.3967390861577498,0,0
-0.3657686412334442,-1.666358470916748,-1.3494058847427368,0.3670571891524738,0.39805331838613955,0,0
-0.3660607635974884,-1.6657754182815552,-1.3464022874832153,0.3632603906651661,0.3910814549990702,0,0
-0.36628076434135437,-1.6651910543441772,-1.3435357809066772,0.3951714400771538,0.38710052951983526,0,0
-0.3664337992668152,-1.6646065711975098,-1.340792179107666,0.37719616206706785,0.3865697218625832,0,0
-0.36652520298957825,-1.6640214920043945,-1.3383609056472778,0.4034388393582377,0.39792405919574747,0,0
-0.3665604591369629,-1.6634364128112793,-1.3361575603485107,0.3849978758380106,0.3926374582140126,0,0
-0.3665451407432556,-1.662852168083191,-1.3341257572174072,0.34556744170388703,0.39024471722711457,0,0
-0.3664851188659668,-1.6622686386108398,-1.3322327136993408,0.37343575191824285,0.3901984850062484,0,0
-0.36638596653938293,-1.6616872549057007,-1.330452799797058,0.38272125445930777,0.37786339636144656,0,0
-0.3662528693675995,-1.6611074209213257,-1.3287646770477295,0.38842634483087496,0.38606245806216033,0,0
-0.366089791059494,-1.6605294942855835,-1.3271567821502686,0.4008078135062624,0.4013486755717539,0,0
-0.36590349674224854,-1.6599512100219727,-1.3254417181015015,0.3827123733292171,0.40591220780070647,0,0
-0.3657020628452301,-1.6593703031539917,-1.3238635063171387,0.40503673644878707,0.3925222038065292,0,0
-0.3654932975769043,-1.6587849855422974,-1.3224092721939087,0.3964395247321022,0.39550955435704876,0,0
-0.3652839958667755,-1.6581941843032837,-1.3210505247116089,0.3870981569686685,0.3912951025452047,0,0
-0.3650791049003601,-1.6575970649719238,-1.3199567794799805,0.40032691081110505,0.3991272858819649,0,0
-0.3648817837238312,-1.6569944620132446,-1.319031834602356,0.37729176649011287,0.38958486125188757,0,0
-0.3646933138370514,-1.6563869714736938,-1.318222165107727,0.39372892216814837,0.397448075431711,0,0
-0.364513635635376,-1.655775547027588,-1.317492961883545,0.38567243071972557,0.38596583997127437,0,0
-0.36434170603752136,-1.6551611423492432,-1.3170169591903687,0.4132503509651509,0.3908607597067771,0,0
-0.3641759157180786,-1.6545443534851074,-1.316694736480713,0.39395715709180124,0.3981933110589081,1,1
-0.3640141487121582,-1.6539264917373657,-1.3164622783660889,0.3984547406235627,0.38997729001824677,0,0
-0.3638541102409363,-1.653307318687439,-1.316480278968811,0.4078130285438246,0.39901529215611437,0,0
-0.3636932373046875,-1.652687907218933,-1.316836953163147,0.4030461126811483,0.3874028041326462,0,0
-0.3635289967060089,-1.6520696878433228,-1.3171840906143188,0.39747838791630713,0.42089408531440986,0,0
-0.3633594512939453,-1.651453971862793,-1.3175283670425415,0.40378751161998405,0.40235439791896666,0,0
-0.36318594217300415,-1.6508420705795288,-1.3178611993789673,0.3968136514695516,0.39820657121709246,0,0
-0.3630114793777466,-1.650233507156372,-1.3181854486465454,0.39685014736280194,0.39417549754893844,0,0
-0.3628390431404114,-1.6496275663375854,-1.3183116912841797,0.3825806468583059,0.40829865255481246,0,0
-0.36267152428627014,-1.6490229368209839,-1.3183183670043945,0.38890678647691507,0.39125815888222915,0,0
-0.36251121759414673,-1.64841890335083,-1.3182580471038818,0.3817984769695895,0.39881332893282295,0,0
-0.3623594641685486,-1.6478142738342285,-1.3181583881378174,0.39993723520975993,0.38755030121811473,0,0
-0.3622165024280548,-1.6472082138061523,-1.318040370941162,0.411467439433373,0.41356917354246925,0,0
-0.36208462715148926,-1.6465994119644165,-1.3179121017456055,0.39523739764794286,0.3910721235940014,0,0
-0.3619662821292877,-1.6459848880767822,-1.3177769184112549,0.40277779824191423,0.4126303512198988,0,0
-0.3618658185005188,-1.6453628540039062,-1.3176460266113281,0.4115724676591248,0.40702442250692367,0,0
-0.36179062724113464,-1.6447285413742065,-1.3175138235092163,0.38228677196766375,0.3931797871415187,0,0
-0.3617478609085083,-1.644078254699707,-1.3171844482421875,0.39313054549281906,0.40023969138904997,0,0
-0.3617435693740845,-1.6434084177017212,-1.316560983657837,0.39282348249788374,0.41270544495400957,0,0
-0.3617819845676422,-1.6427181959152222,-1.315778136253357,0.41770214192989774,0.42034882761491577,0,0
-0.3618678152561188,-1.6420061588287354,-1.3151099681854248,0.4123865591396518,0.3919534841979044,0,0
-0.3620041608810425,-1.641273021697998,-1.3145227432250977,0.41753531176550285,0.4135024301639672,0,0
-0.3621947169303894,-1.6405179500579834,-1.3141850233078003,0.4274950047770722,0.3924656803382147,0,0
-0.36244210600852966,-1.6397422552108765,-1.314180850982666,0.41388582213739705,0.3971574189522225,0,0
-0.36274611949920654,-1.6389480829238892,-1.314372181892395,0.41787063966229365,0.41892046696864216,0,0
-0.36310696601867676,-1.6381380558013916,-1.3146754503250122,0.4338823776894381,0.4110374248889298,0,0
-0.3635260760784149,-1.6373132467269897,-1.3152289390563965,0.40638181905978893,0.3871317232099638,0,0
-0.36400437355041504,-1.6364753246307373,-1.3161042928695679,0.4277241984396439,0.39607175406184564,0,0
-0.36454057693481445,-1.635626196861267,-1.3171491622924805,0.4281611982207756,0.4090049228669457,0,0
-0.36513420939445496,-1.6347671747207642,-1.3184623718261719,0.40714382105285263,0.39917049476393657,0,0
-0.3657832443714142,-1.633899450302124,-1.319912314414978,0.41197591572229136,0.4105572802616451,0,0
-0.3664860427379608,-1.6330242156982422,-1.321414828300476,0.4097490358817087,0.4223693198100087,0,0
-0.36724257469177246,-1.6321402788162231,-1.3229283094406128,0.4134146470827459,0.4065069173021149,0,0
-0.36805468797683716,-1.6312466859817505,-1.3244191408157349,0.4073687048188864,0.40580532227291644,0,0
-0.3689258098602295,-1.6303398609161377,-1.325875997543335,0.4109676500234892,0.4005821640056029,0,0
-0.36986106634140015,-1.6294169425964355,-1.3274742364883423,0.4332194584398609,0.3951955508796855,0,0
-0.37086379528045654,-1.6284732818603516,-1.3293137550354004,0.4089412164975369,0.3951405333261937,0,0
-0.37193384766578674,-1.6275076866149902,-1.331258773803711,0.42465161057140005,0.4053601057175688,0,0
-0.37307000160217285,-1.626517653465271,-1.3332327604293823,0.41968379950865753,0.4046423003686476,0,0
-0.3742710053920746,-1.625502586364746,-1.3349788188934326,0.39477901999831744,0.4010158422796984,0,0
-0.3755342662334442,-1.6244620084762573,-1.3367558717727661,0.4086168705785787,0.39110448844486567,1,1
-0.3768540918827057,-1.6233973503112793,-1.3385268449783325,0.4140979258127873,0.4176420039655787,0,0
-0.3782246708869934,-1.6223117113113403,-1.3402634859085083,0.4107904428234671,0.40829277627081145,0,0
-0.3796410858631134,-1.621206521987915,-1.3419325351715088,0.4147202551714136,0.4168221627649699,0,0
-0.3810998201370239,-1.6200846433639526,-1.3435286283493042,0.414133778835697,0.4016717470644104,0,0
-0.3825991749763489,-1.6189481019973755,-1.3450597524642944,0.4121686744352497,0.41089456407775576,0,0
-0.38413935899734497,-1.617796778678894,-1.346535325050354,0.41843510491912456,0.41606941479184106,0,0
-0.3857221305370331,-1.616631269454956,-1.347949743270874,0.41270075930463845,0.42853393771450676,0,0
-0.3873507082462311,-1.6154495477676392,-1.3493014574050903,0.4077432727790049,0.4023713307439176,0,0
-0.3890286982059479,-1.6142498254776,-1.3506015539169312,0.4216886201523404,0.42928677555965167,0,0
-0.390760213136673,-1.6130298376083374,-1.3518444299697876,0.4252682470321865,0.40592192801818233,0,0
-0.39254915714263916,-1.6117873191833496,-1.3530352115631104,0.42227149959292876,0.4221675893690795,0,0
-0.39439865946769714,-1.6105188131332397,-1.354173183441162,0.4166675535579739,0.4238814438905274,0,0
-0.3963111639022827,-1.6092214584350586,-1.3552601337432861,0.42416127458978753,0.41762936038443743,0,0
-0.3982883095741272,-1.607892394065857,-1.3562933206558228,0.41948525612737525,0.44497240163251467,0,0
-0.40033143758773804,-1.6065301895141602,-1.3570774793624878,0.3933988945501574,0.4248921380137728,0,0
-0.402438759803772,-1.6051347255706787,-1.3577055931091309,0.4322214398262341,0.41527567963885936,0,0
-0.40460720658302307,-1.603708267211914,-1.358230710029602,0.4244925085430065,0.40194497359910225,0,0
-0.40683260560035706,-1.602253794670105,-1.3586937189102173,0.4244146830485483,0.4293411169369668,0,0
-0.4091108739376068,-1.6007734537124634,-1.359131097793579,0.41159957309607087,0.41619900467510795,0,0
-0.411438524723053,-1.599268913269043,-1.3595575094223022,0.4104683429064559,0.4263620970886148,0,0
-0.4138123095035553,-1.5977410078048706,-1.3599679470062256,0.42189084521206277,0.4037845194483771,0,0
-0.4162292778491974,-1.5961904525756836,-1.360356330871582,0.43188176002933537,0.42024802563271585,0,0
-0.4186869263648987,-1.5946178436279297,-1.360721230506897,0.40848776517172664,0.42848298974987326,0,0
-0.42118313908576965,-1.5930241346359253,-1.3610620498657227,0.41815698592206396,0.43515177799146987,0,0
-0.42371612787246704,-1.5914102792739868,-1.361388087272644,0.41678365133768536,0.4137092139650421,0,0
-0.42628416419029236,-1.5897771120071411,-1.361698031425476,0.4142711893605809,0.42542144216815386,0,0
-0.42888569831848145,-1.5881249904632568,-1.3619954586029053,0.42845343456533763,0.4090464859117003,0,0
-0.4315193295478821,-1.586454153060913,-1.362278938293457,0.41088174151705736,0.4117049093745083,0,0
-0.4341835379600525,-1.5847643613815308,-1.3625450134277344,0.42355577380602694,0.4224285350137232,0,0
-0.43687695264816284,-1.583055853843689,-1.3628023862838745,0.4010933114731004,0.4342924289260247,0,0
-0.4395981729030609,-1.5813285112380981,-1.3630475997924805,0.44315818346229,0.41459608254894076,0,0
-0.4423460364341736,-1.579582929611206,-1.3632848262786865,0.42779017698153343,0.41121437433642466,0,0
-0.4451192021369934,-1.5778203010559082,-1.363508701324463,0.4251195955092892,0.42511554698410475,0,0
-0.4479163587093353,-1.576040506362915,-1.3637213706970215,0.42035268351795396,0.425510847597919,0,0
-0.45073631405830383,-1.5742449760437012,-1.3639260530471802,0.42609106336093866,0.4227681891118576,0,0
-0.4535774886608124,-1.5724338293075562,-1.3641239404678345,0.4282449520704989,0.42176143918468983,0,0
-0.4564383625984192,-1.5706075429916382,-1.3643113374710083,0.40411163409602485,0.4223582868472297,0,0
-0.4593175947666168,-1.5687668323516846,-1.3644894361495972,0.42643620902862917,0.42575211019339526,0,0
-0.46221378445625305,-1.566912293434143,-1.3646620512008667,0.4151624561338436,0.4257257800839473,0,0
-0.4651256501674652,-1.5650447607040405,-1.3648242950439453,0.4251876873632914,0.4134680530388381,1,1
-0.4680519700050354,-1.563165545463562,-1.3649762868881226,0.41798962451439525,0.43892310994116907,0,0
-0.47099173069000244,-1.5612757205963135,-1.3651180267333984,0.4324538603808529,0.4129006135924231,0,0
-0.473943829536438,-1.5593761205673218,-1.3652598857879639,0.42245426107778244,0.42690364985749807,0,0
-0.47690704464912415,-1.5574671030044556,-1.365397334098816,0.4194812644278726,0.41680252004535434,0,0
-0.47988033294677734,-1.5555497407913208,-1.3655308485031128,0.41631267400619926,0.4154916666332021,0,0
-0.48286256194114685,-1.5536243915557861,-1.3656600713729858,0.4189596160455395,0.4251629905817422,0,0
-0.48585307598114014,-1.551690936088562,-1.3657816648483276,0.417558910291105,0.4273947281005462,0,0
-0.4888508915901184,-1.549750804901123,-1.3658952713012695,0.4289531178570189,0.4143308280244269,0,0
-0.4918555021286011,-1.5478044748306274,-1.3660001754760742,0.41196382053062,0.42468756205771846,0,0
-0.494866281747818,-1.5458521842956543,-1.366102933883667,0.4180626151555353,0.42593836014805575,0,0
-0.497882604598999,-1.5438950061798096,-1.3662010431289673,0.4054899826701758,0.40029482041329684,0,0
-0.5009039640426636,-1.541933536529541,-1.3662974834442139,0.43892113979588016,0.4199789808310188,0,0
-0.503929853439331,-1.5399675369262695,-1.3663870096206665,0.43308518403248847,0.41831312549220867,0,0
-0.5069599747657776,-1.5379973649978638,-1.3666679859161377,0.4191034014187718,0.3944269039984275,0,0
-0.5099914073944092,-1.5360246896743774,-1.3670541048049927,0.41498654578042327,0.43585374261245863,0,0
-0.5130202174186707,-1.5340508222579956,-1.3674967288970947,0.43152093852838624,0.4159111410445074,0,0
-0.5160422921180725,-1.5320788621902466,-1.3679791688919067,0.4040478789052154,0.4282229799407411,0,0
-0.5190543532371521,-1.5301111936569214,-1.3684577941894531,0.41432432217327325,0.420199092733988,0,0
-0.522054135799408,-1.5281484127044678,-1.3689569234848022,0.4163320830431886,0.42253937515817014,0,0
-0.5250403881072998,-1.5261915922164917,-1.3694535493850708,0.40463912804479507,0.4316424742121731,0,0
-0.5280125141143799,-1.5242401361465454,-1.369935154914856,0.4384313483921324,0.4318822672451085,0,0
-0.5309712290763855,-1.5222930908203125,-1.3703951835632324,0.42958013238875675,0.4256436771376034,0,0
-0.5339178442955017,-1.5203500986099243,-1.370835304260254,0.41828880837987514,0.4230180685430908,0,0
-0.5368541479110718,-1.5184093713760376,-1.3712538480758667,0.4154549934510433,0.42370420725516633,0,0
-0.5397825241088867,-1.5164700746536255,-1.3716490268707275,0.4077708671053317,0.4210704777623123,0,0
-0.5427051782608032,-1.5145303010940552,-1.3720263242721558,0.426447957767947,0.4251073623814021,0,0
-0.5456249713897705,-1.5125893354415894,-1.372195839881897,0.3956111500880249,0.4271370561857345,0,0
-0.5485419631004333,-1.5106480121612549,-1.3722431659698486,0.42822520841739886,0.4216336725426071,0,0
-0.5514554381370544,-1.5087087154388428,-1.3722214698791504,0.4309274298656913,0.4140960748147322,0,0
-0.5543642640113831,-1.5067734718322754,-1.3721587657928467,0.42358934429884315,0.4380204467380703,0,0
-0.5572676658630371,-1.5048449039459229,-1.3720664978027344,0.4350064044264276,0.42579818520628165,0,0
-0.5601651668548584,-1.5029242038726807,-1.371951699256897,0.4196745157259979,0.4317388152673122,0,0
-0.5630568861961365,-1.5010132789611816,-1.3718258142471313,0.406910887718073,0.4354826707495229,0,0
-0.5659434199333191,-1.4991117715835571,-1.3717026710510254,0.4149382544135515,0.4217669965614836,0,0
-0.5688257813453674,-1.4972193241119385,-1.3715851306915283,0.4242284843331691,0.4341777520389258,0,0
-0.571705162525177,-1.4953354597091675,-1.371473789215088,0.422183095866954,0.43139982040900565,0,0
-0.5745831727981567,-1.4934581518173218,-1.3713706731796265,0.42567808088861203,0.433200265045078,0,0
-0.5774616003036499,-1.4915862083435059,-1.3712705373764038,0.41661516325959935,0.4219399733082822,0,0
-0.580341637134552,-1.4897174835205078,-1.3711758852005005,0.4175215615770134,0.4252879313116596,0,0
-0.5832247734069824,-1.4878493547439575,-1.3710907697677612,0.4215847406742484,0.42684033853896364,1,1
-0.5861119627952576,-1.4859801530838013,-1.3710108995437622,0.4304239950417378,0.42968709707372327,0,0
-0.5890040993690491,-1.4841073751449585,-1.3709309101104736,0.42120201091816534,0.4433048982495781,0,0
-0.5919020771980286,-1.4822300672531128,-1.3708500862121582,0.4263008149137325,0.4291792128794001,0,0
-0.5948068499565125,-1.4803471565246582,-1.370766282081604,0.41085470801739554,0.44786935330898253,0,0
-0.5977190732955933,-1.4784574508666992,-1.3706873655319214,0.41434943158248394,0.4345419886498418,0,0
-0.6006394028663635,-1.4765607118606567,-1.3706110715866089,0.40777603013585084,0.4233748880049287,0,0
-0.6035681366920471,-1.474656581878662,-1.3705394268035889,0.43807111662445647,0.44035531608353984,0,0
-0.6065053939819336,-1.4727444648742676,-1.3704758882522583,0.40863782158171075,0.4222439269202574,0,0
-0.6094509959220886,-1.4708243608474731,-1.3704099655151367,0.41878920825811183,0.4178340484999144,0,0
-0.6124048829078674,-1.4688961505889893,-1.3703476190567017,0.41799527282420196,0.4205158805146827,0,0
-0.6153665781021118,-1.4669606685638428,-1.3702878952026367,0.4126007664933683,0.4251628818965859,0,0
-0.6183357238769531,-1.4650177955627441,-1.3702332973480225,0.4162166175216557,0.4420078133845219,0,0
-0.6213118433952332,-1.4630675315856934,-1.3701802492141724,0.4383078611055216,0.4399171376078635,0,0
-0.6242946982383728,-1.4611105918884277,-1.369934320449829,0.41537855497774656,0.4522233291808597,0,0
-0.6272820234298706,-1.4591491222381592,-1.369581699371338,0.4356016591001517,0.41064527469389356,0,0
-0.630270779132843,-1.4571866989135742,-1.369180679321289,0.4172467660338256,0.4166532709028862,0,0
-0.6332588195800781,-1.4552267789840698,-1.368760585784912,0.42783945697481723,0.40741958305769055,0,0
-0.6362398266792297,-1.453271508216858,-1.368326187133789,0.41257309296577044,0.42768019284103254,0,0
-0.6392022967338562,-1.4513217210769653,-1.367912769317627,0.4200510626490402,0.4329964960992202,0,0
-0.6421290040016174,-1.4493776559829712,-1.3675357103347778,0.44103391762459,0.4231068950959614,0,0
-0.644999623298645,-1.4474376440048218,-1.367168664932251,0.439940973445545,0.4174579116957536,0,0
-0.6477921605110168,-1.4454978704452515,-1.3667786121368408,0.43934459251157215,0.43044996936278757,0,0
-0.6504834890365601,-1.4435502290725708,-1.3663671016693115,0.4287547605413778,0.4186873708038965,0,0
-0.6530506610870361,-1.4415843486785889,-1.365956425666809,0.4276303673603806,0.43215269456897537,0,0
-0.6554722785949707,-1.4395898580551147,-1.3655669689178467,0.4153551225267583,0.4310671505611922,0,0
-0.6577283143997192,-1.4375569820404053,-1.3652194738388062,0.41891205138000676,0.42432825866233403,0,0
-0.6598007082939148,-1.435481309890747,-1.3649253845214844,0.4383675927852041,0.432067842531082,0,0
-0.6616740822792053,-1.433359980583191,-1.364680528640747,0.41874023346904093,0.4286681545604793,0,0
-0.6633371114730835,-1.4311931133270264,-1.3644402027130127,0.4122373851951592,0.4257723615420821,0,0
-0.6647834777832031,-1.4289807081222534,-1.364148497581482,0.4362426151043237,0.4278876736842959,0,0
-0.6660107374191284,-1.4267221689224243,-1.363791823387146,0.4251059882741824,0.44031813499769484,0,0
-0.667019784450531,-1.4244176149368286,-1.3634427785873413,0.4440342020948917,0.44327169644529807,0,0
-0.667814314365387,-1.422067403793335,-1.3631031513214111,0.4207431416458973,0.4506008650152964,0,0
-0.668400764465332,-1.4196717739105225,-1.3627852201461792,0.44067913156248,0.43995770918112526,0,0
-0.6687876582145691,-1.4172310829162598,-1.3625049591064453,0.4272118839667251,0.4404403244485782,0,0
-0.66898512840271,-1.4147464036941528,-1.3622655868530273,0.4469311241165246,0.43737471031586517,0,0
-0.6690040230751038,-1.412218689918518,-1.3620538711547852,0.4348785912530682,0.43410262452518067,0,0
-0.6688553690910339,-1.4096497297286987,-1.361854076385498,0.4548090346485721,0.4561364344175471,0,0
-0.6685501337051392,-1.407042145729065,-1.3616472482681274,0.4242240304725197,0.4423361561314227,0,0
-0.6680989861488342,-1.4043989181518555,-1.3614263534545898,0.4377111843152422,0.4325676046498463,0,0
-0.6675123572349548,-1.4017223119735718,-1.3611928224563599,0.4373802594457932,0.45272062023067494,0,0
-0.6668012142181396,-1.3990144729614258,-1.3609683513641357,0.4568463428783696,0.4523088359320288,0,0
-0.665976345539093,-1.396276593208313,-1.3607735633850098,0.44765088031041017,0.44952830898785895,0,0
-0.6650480031967163,-1.3935104608535767,-1.3606128692626953,0.4551975637572554,0.46030221882966244,0,0
-0.6640254259109497,-1.39071786403656,-1.360472321510315,0.44511402947721573,0.4540368752725082,0,0
-0.6629166007041931,-1.3879005908966064,-1.3603336811065674,0.45206080842407587,0.4525028531150471,0,0
-0.6617287397384644,-1.385061502456665,-1.3601843118667603,0.44137068527782186,0.4733499771254678,0,0
-0.6604682207107544,-1.3822025060653687,-1.360022783279419,0.4553586972623079,0.44002617840042296,0,0
-0.6591410040855408,-1.3793259859085083,-1.359857201576233,0.4486896339658234,0.474223575203,0,0
-0.657753050327301,-1.376434087753296,-1.359706163406372,0.4643274422322829,0.44880138794701835,0,0
-0.6563100814819336,-1.3735277652740479,-1.3595830202102661,0.49373770816660345,0.4696143556975324,0,0
-0.6548172831535339,-1.3706082105636597,-1.3594813346862793,0.4720853371668135,0.4750247876193654,0,0
-0.6532796025276184,-1.3676759004592896,-1.3593857288360596,0.4714403269715323,0.4829341077958126,0,0
-0.6517007350921631,-1.3647316694259644,-1.3592830896377563,0.48619293936468033,0.4787586258418188,0,0
-0.6500840783119202,-1.361776351928711,-1.359165906906128,0.466255160437094,0.4908168199512602,0,0
-0.648432731628418,-1.3588110208511353,-1.3590383529663086,0.4599583300573906,0.48606388841720527,0,0
-0.6467494368553162,-1.3558365106582642,-1.358914852142334,0.4746795190580019,0.4762817557512354,0,0
-0.6450371742248535,-1.352853775024414,-1.3588078022003174,0.47470139011806695,0.5082128347442041,0,0
-0.6432988047599792,-1.3498634099960327,-1.3587207794189453,0.47823822604504673,0.4767939993627146,0,0
-0.641537070274353,-1.3468656539916992,-1.3586502075195312,0.48284641054108257,0.48838505094978046,0,0
-0.639754056930542,-1.3438612222671509,-1.3585858345031738,0.5095875801039502,0.5320887632725262,0,0
-0.6379517912864685,-1.3408501148223877,-1.3585129976272583,0.5114812137448564,0.5049925696759618,0,0
-0.6361318826675415,-1.3378328084945679,-1.3584312200546265,0.5014756189259061,0.5177432253536001,0,0
-0.6342955827713013,-1.3348100185394287,-1.3583427667617798,0.5168151006142534,0.5179070267455957,0,0
-0.6324445605278015,-1.3317822217941284,-1.3582582473754883,0.505023985438827,0.5134728460243828,0,0
-0.630579948425293,-1.3287498950958252,-1.35818350315094,0.521471296267881,0.5149961168603504,0,0
-0.6287033557891846,-1.3257132768630981,-1.3581228256225586,0.5035019091708653,0.5264738563375968,0,0
-0.6268159747123718,-1.3226726055145264,-1.358069896697998,0.5246214570094033,0.5109245204726667,0,0
-0.6249188780784607,-1.3196282386779785,-1.3580176830291748,0.5038444235764885,0.49593396878260687,0,0
-0.6230131387710571,-1.3165802955627441,-1.3579628467559814,0.5025366102703003,0.5231688659786137,0,0
-0.6210994124412537,-1.313529133796692,-1.3579037189483643,0.5561978674178782,0.538166210526467,0,0
-0.6191783547401428,-1.3104751110076904,-1.357841968536377,0.5670622651914489,0.5529119459322018,0,0
-0.6172506213188171,-1.3074184656143188,-1.357784628868103,0.5493924214188977,0.5706587790615582,0,0
-0.6153168678283691,-1.3043596744537354,-1.3577324151992798,0.5408468086740224,0.5561525131551449,0,0
-0.6133777499198914,-1.30129873752594,-1.3576871156692505,0.5490501953748333,0.5567402159969066,0,0
-0.6114338636398315,-1.2982357740402222,-1.3576462268829346,0.5432084155882319,0.5593695709249876,0,0
-0.6094858646392822,-1.2951709032058716,-1.357607126235962,0.5643554655768341,0.5487549552090806,0,0
-0.6075339913368225,-1.2921043634414673,-1.3575679063796997,0.5392889593993968,0.5407874354228537,0,0
-0.6055786609649658,-1.289036512374878,-1.3575260639190674,0.5457068546516319,0.553332227012828,0,0
-0.603620171546936,-1.2859669923782349,-1.3574861288070679,0.5635796740715844,0.554230529222498,0,0
-0.6016587018966675,-1.2828962802886963,-1.3574459552764893,0.5919056614443767,0.5979431893475348,0,0
-0.5996947884559631,-1.2798244953155518,-1.3574085235595703,0.5869501244430835,0.5884440248309732,0,0
-0.5977284908294678,-1.2767517566680908,-1.3573753833770752,0.5817187089601151,0.5881525974394067,0,0
-0.5957602262496948,-1.2736780643463135,-1.3573458194732666,0.5799595059730078,0.5794990488735001,0,0
-0.5937901139259338,-1.2706035375595093,-1.3573170900344849,0.5933124848066428,0.5973241193548601,0,0
-0.5918184518814087,-1.2675281763076782,-1.3572901487350464,0.5733490297756634,0.5867130020511717,0,0
-0.5898453593254089,-1.2644522190093994,-1.3572638034820557,0.573782091640002,0.5952653682136156,0,0
-0.5878708958625793,-1.2613756656646729,-1.3572359085083008,0.5818013802073931,0.5785721739628508,0,0
-0.5858952403068542,-1.2582981586456299,-1.3572081327438354,0.5633405966833128,0.5975023793989371,0,0
-0.583918571472168,-1.2552202939987183,-1.3571828603744507,0.5941049792103158,0.5841754451768633,0,0
-0.5819409489631653,-1.2521419525146484,-1.3571628332138062,0.6001075365385916,0.6022915220754311,0,0
-0.5799624919891357,-1.24906325340271,-1.3571410179138184,0.6241035777458724,0.6148135975886522,0,0
-0.5779833197593689,-1.2459841966629028,-1.3571217060089111,0.6053268384183108,0.6183680076184604,0,0
-0.5760034322738647,-1.2429046630859375,-1.3571043014526367,0.6001819328570985,0.6179995974592593,0,0
-0.5740229487419128,-1.239824891090393,-1.3570867776870728,0.6303189689988472,0.6450347342965781,0,0
-0.5720420479774475,-1.23674476146698,-1.3570696115493774,0.6096349080389174,0.6325829957048335,0,0
-0.5700606107711792,-1.2336642742156982,-1.3570520877838135,0.6178476288564484,0.6237551320981013,0,0
-0.5680788159370422,-1.2305835485458374,-1.357034683227539,0.612245804729786,0.6377673624957303,0,0
-0.5660966038703918,-1.227502703666687,-1.3570224046707153,0.6229614920238258,0.6187067205593766,0,0
-0.5641142129898071,-1.224421501159668,-1.3570101261138916,0.6244502604024739,0.6133668727263151,0,0
-0.5621315836906433,-1.2213400602340698,-1.3569952249526978,0.6689495733532758,0.6715626880316059,0,0
-0.5601485967636108,-1.2182586193084717,-1.3569858074188232,0.6549041083783829,0.661282231770118,0,0
-0.5581654906272888,-1.215177059173584,-1.3569761514663696,0.635752136837025,0.674562024848797,0,0
-0.5561822056770325,-1.2120951414108276,-1.356966495513916,0.6447460693729425,0.6601578722818917,0,0
-0.5541987419128418,-1.2090132236480713,-1.356956958770752,0.6656788840089214,0.6917568103751027,0,0
-0.5522152185440063,-1.2059311866760254,-1.3569473028182983,0.6631340842385884,0.6608652646866722,0,0
-0.5502314567565918,-1.2028489112854004,-1.3569376468658447,0.6414024106074603,0.6672664203205514,0,0
-0.548247754573822,-1.1997666358947754,-1.3569282293319702,0.6758186706230526,0.6685520857173254,0,0
-0.5462639927864075,-1.1966842412948608,-1.3569185733795166,0.6459356715135687,0.6631977174730771,0,0
-0.5442802906036377,-1.1936018466949463,-1.3569133281707764,0.6520640412858314,0.6649311845954877,0,0
-0.5422964692115784,-1.1905193328857422,-1.3569082021713257,0.6997499718776927,0.7055851930662279,0,0
-0.540312647819519,-1.187436580657959,-1.356902837753296,0.6858168603480906,0.694464775418344,0,0
-0.5383288264274597,-1.1843540668487549,-1.3568975925445557,0.6960911395800694,0.7024285843196654,0,0
-0.5363449454307556,-1.1812713146209717,-1.3568923473358154,0.7085400076232079,0.7033953171286996,0,0
-0.5343611240386963,-1.1781883239746094,-1.3568872213363647,0.6881259685297387,0.6797761432971947,0,0
-0.532377302646637,-1.1751056909561157,-1.3568819761276245,0.6840366421204798,0.6758236104721033,0,0
-0.5303934216499329,-1.172022819519043,-1.3568766117095947,0.6750693869530323,0.692164525560125,0,0
-0.5284097194671631,-1.1689401865005493,-1.3568713665008545,0.6924997566317577,0.6970305715947693,0,0
-0.5264259576797485,-1.165857195854187,-1.3568662405014038,0.7113222561295486,0.6855748622305973,0,0
-0.5244421362876892,-1.1627742052078247,-1.3568609952926636,0.7121829666148132,0.6984746253322949,0,0
-0.522458553314209,-1.1596912145614624,-1.356855869293213,0.7355327543038838,0.7255725597299016,0,0
-0.520474910736084,-1.1566082239151,-1.3568503856658936,0.7290759744567703,0.7345551745367888,0,0
-0.518491268157959,-1.1535249948501587,-1.3568503856658936,0.7294898907097119,0.7318740210564819,0,0
-0.5165077447891235,-1.1504420042037964,-1.3568503856658936,0.7536366834911287,0.737965520518051,0,0
-0.5145242214202881,-1.1473588943481445,-1.3568503856658936,0.7130602936455361,0.7249594030355376,0,0
-0.5125406980514526,-1.1442757844924927,-1.3568503856658936,0.7426048825191887,0.722464500391006,0,0
-0.5105572938919067,-1.1411927938461304,-1.3568503856658936,0.7496813839041674,0.7420110095436796,0,0
-0.5085739493370056,-1.1381096839904785,-1.3568503856658936,0.7323521184220034,0.7427374337293734,0,0
-0.5065906643867493,-1.1350265741348267,-1.3568503856658936,0.7214411983011039,0.7325609369048857,0,0
-0.5046073794364929,-1.1319435834884644,-1.3568503856658936,0.7343909710742627,0.7509547728833956,0,0
-0.5026242136955261,-1.128860354423523,-1.3568503856658936,0.767462029743422,0.7719840603492929,0,0
-0.5006410479545593,-1.1257771253585815,-1.3568503856658936,0.7757594277875357,0.7647943780157102,0,0
-0.49865788221359253,-1.1226938962936401,-1.3568503856658936,0.776636705802648,0.7701563308805555,0,0
-0.4966748356819153,-1.1196107864379883,-1.3568503856658936,0.7607311881773061,0.7715930243454842,0,0
-0.4946918189525604,-1.1165275573730469,-1.3568503856658936,0.759885373465519,0.7780751530529454,0,0
-0.49270883202552795,-1.113444209098816,-1.3568503856658936,0.7663826502666651,0.7875652390711517,0,0
-0.49072587490081787,-1.110360860824585,-1.3568503856658936,0.7767562087848235,0.7722966572098059,0,0
-0.48874297738075256,-1.107277512550354,-1.3568503856658936,0.7736717095318645,0.75950606815724,0,0
-0.48676007986068726,-1.104194164276123,-1.3568503856658936,0.7723146804157398,0.784482825688093,0,0
-0.4847772717475891,-1.1011109352111816,-1.3568503856658936,0.7710313459648109,0.7589140975359551,0,0
-0.48279449343681335,-1.0980274677276611,-1.3568503856658936,0.5015011984164434,0.49669337378955974,0,0
-0.48081180453300476,-1.0949441194534302,-1.3568503856658936,0.5083770537245004,0.49413526897342486,0,0
-0.47882911562919617,-1.0918607711791992,-1.3568503856658936,0.48815833133061454,0.46550755917794107,0,0
-0.4768464267253876,-1.0887773036956787,-1.3568503856658936,0.4936216562157701,0.505530532742348,0,0
-0.47486382722854614,-1.0856937170028687,-1.3568503856658936,0.5103361583839252,0.4990146449189156,0,0
-0.4728812277317047,-1.0826102495193481,-1.3568503856658936,0.5024813524411101,0.5015182845859866,0,0
-0.47089871764183044,-1.0795269012451172,-1.3568503856658936,0.5133157027714972,0.4854516455884319,0,0
-0.46891623735427856,-1.0764435529708862,-1.3568503856658936,0.49417756511157174,0.5161384952432194,0,0
-0.46693381667137146,-1.0733602046966553,-1.3568503856658936,0.49079126174974885,0.5052877836297227,0,0
-0.46495136618614197,-1.0702766180038452,-1.3568503856658936,0.5068862068934811,0.48433799517496645,0,0
-0.46296897530555725,-1.0671931505203247,-1.3568503856658936,0.5004797425003146,0.505251858282619,0,0
-0.4609867334365845,-1.0641098022460938,-1.3568503856658936,0.5014302906885804,0.5112225975394926,0,0
-0.4590044319629669,-1.0610262155532837,-1.3568503856658936,0.5038808281771535,0.48520736259506636,0,0
-0.4570222795009613,-1.0579427480697632,-1.3568503856658936,0.49264169120057894,0.5241252368697514,0,0
-0.4550400972366333,-1.0548590421676636,-1.3568503856658936,0.49873997884301546,0.5065140500062468,0,0
-0.4530579447746277,-1.0517754554748535,-1.3568503856658936,0.5050082376513807,0.4980986932818892,0,0
-0.45107585191726685,-1.048691987991333,-1.3568503856658936,0.5007090946664609,0.48390050165873094,0,0
-0.449093759059906,-1.0456082820892334,-1.3568503856658936,0.5057131648916536,0.5137726494952056,0,0
-0.4471117854118347,-1.042524814605713,-1.3568503856658936,0.49613923269738364,0.4860482596662561,0,0
-0.44512975215911865,-1.0394412279129028,-1.3568503856658936,0.5056079709492483,0.5102493101600333,0,0
-0.44314783811569214,-1.0363575220108032,-1.3568503856658936,0.5008850308609195,0.49197804647784876,0,0
-0.44116589426994324,-1.0332739353179932,-1.3568503856658936,0.4920994266487518,0.4820213225627152,0,0
-0.4391840696334839,-1.0301902294158936,-1.3568503856658936,0.5129705574864128,0.500488826278581,0,0
-0.43720221519470215,-1.027106523513794,-1.3568503856658936,0.5124640227760254,0.5098903517968879,0,0
-0.4352204501628876,-1.0240228176116943,-1.3568503856658936,0.4873053201202559,0.5041172876829965,0,0
-0.4332386553287506,-1.0209389925003052,-1.3568503856658936,0.48544991567430307,0.5034346695544991,0,0
-0.4312569797039032,-1.0178554058074951,-1.3568503856658936,0.5234448587158683,0.48798063540034226,0,0
-0.4292753040790558,-1.0147716999053955,-1.3568503856658936,0.5106104963644607,0.49235867926815,0,0
-0.4272937476634979,-1.011687994003296,-1.3568503856658936,0.4852239551528376,0.5074203525239511,0,0
-0.4253121018409729,-1.0086042881011963,-1.3568503856658936,0.4872092124578296,0.49117335428106595,0,0
-0.4233305752277374,-1.0055205821990967,-1.3568503856658936,0.4923841664896025,0.48836431410536146,0,0
-0.4213491380214691,-1.002436876296997,-1.3568503856658936,0.5031629455232922,0.4951209733979152,0,0
-0.41936764121055603,-0.9993530511856079,-1.3568503856658936,0.5031978123121396,0.48948278184003885,0,0
-0.4173862338066101,-0.996269166469574,-1.3568503856658936,0.5049686014518738,0.492039233229786,0,0
-0.4154048264026642,-0.9931854009628296,-1.3568503856658936,0.4973280100393877,0.4902418859695698,0,0
-0.4134235084056854,-0.9901015162467957,-1.3568503856658936,0.5075059515397428,0.5073524123605987,0,0
-0.41144222021102905,-0.9870175719261169,-1.3568503856658936,0.5148600415141611,0.501118490114105,0,0
-0.40946096181869507,-0.9839338064193726,-1.3568503856658936,0.5107835768934714,0.5215889176480473,0,0
-0.4074796736240387,-0.9808498620986938,-1.3568503856658936,0.48993560216072385,0.5175946102358794,0,0
-0.4054984748363495,-0.9777659177780151,-1.3568503856658936,0.48294592133698133,0.5065569800938263,0,0
-0.4035172760486603,-0.9746821522712708,-1.3568503856658936,0.5008822706369928,0.5043138844297845,0,0
-0.40153610706329346,-0.9715981483459473,-1.3568503856658936,0.5106793867048023,0.4817865529036504,0,0
-0.3995549976825714,-0.9685141444206238,-1.3568503856658936,0.5078130063139584,0.4984644575410438,0,0
-0.39757391810417175,-0.9654303193092346,-1.3568503856658936,0.4802934223978207,0.5017262987777104,0,0
-0.3955928683280945,-0.9623464941978455,-1.3568503856658936,0.5064086996122099,0.4912473709134673,0,0
-0.3936119079589844,-0.9592624306678772,-1.3568503856658936,0.48979435834360013,0.5109217825586727,0,0
-0.39163094758987427,-0.9561785459518433,-1.3568503856658936,0.5126114880981125,0.49925714010121613,0,0
-0.38965004682540894,-0.9530946612358093,-1.3568503856658936,0.4911648201764577,0.5134891738253651,0,0
-0.3876692056655884,-0.9500107765197754,-1.3568503856658936,0.5006931800797059,0.4956499572630746,0,0
-0.3856883645057678,-0.9469267129898071,-1.3568503856658936,0.5221812972405313,0.514324731335589,0,0
-0.38370758295059204,-0.9438427686691284,-1.3568503856658936,0.5110178726400887,0.5032875422320394,0,0
-0.3817267417907715,-0.9407588243484497,-1.3568503856658936,0.5013920848307629,0.4900616307490118,0,0
-0.3797459602355957,-0.9376747012138367,-1.3568503856658936,0.5102203126966641,0.4829105187587737,0,0
-0.3777652680873871,-0.9345906972885132,-1.3568503856658936,0.5249230489784834,0.5003409966621871,0,0
-0.3757845461368561,-0.9315066337585449,-1.3568503856658936,0.47971054205924557,0.5143210700062755,0,0
-0.37380385398864746,-0.9284224510192871,-1.3568503856658936,0.5019801869842171,0.4839031815323261,0,0
-0.3718232810497284,-0.9253384470939636,-1.3568503856658936,0.4983550733780812,0.51048869458201,0,0
-0.3698427081108093,-0.9222542643547058,-1.3568503856658936,0.4944088101754073,0.5092984637667898,0,0
-0.36786213517189026,-0.9191702604293823,-1.3568503856658936,0.5023621974237374,0.4934241942277026,0,0
-0.36588162183761597,-0.9160860776901245,-1.3568503856658936,0.479045084755019,0.4856437948855309,0,0
-0.36390113830566406,-0.9130017757415771,-1.3568503856658936,0.5142504182987087,0.5270326728103145,0,0
-0.36192071437835693,-0.9099177122116089,-1.3568503856658936,0.4913325703772977,0.49929105672532414,0,0
-0.3599402904510498,-0.9068334698677063,-1.3568503856658936,0.4860576118180402,0.5197184354471729,0,0
-0.35795995593070984,-0.9037492275238037,-1.3568503856658936,0.5003372377701728,0.501505470187064,0,0
-0.3559796214103699,-0.9006651043891907,-1.3568503856658936,0.4975047321449292,0.5023635795865381,0,0
-0.3539993464946747,-0.8975808024406433,-1.3568503856658936,0.5145809478544942,0.5031422074348288,0,0
-0.3520190417766571,-0.8944965600967407,-1.3568503856658936,0.49879953890550016,0.501330660122071,0,0
-0.3500387966632843,-0.8914123177528381,-1.3568503856658936,0.5045801492163381,0.4910246974594762,0,0
-0.3480585515499115,-0.8883281946182251,-1.3568503856658936,0.49009788909369534,0.508214921492329,0,0
-0.34607842564582825,-0.8852437734603882,-1.3568503856658936,0.4893269588036397,0.5012755628669683,0,0
-0.3440983295440674,-0.882159411907196,-1.3568503856658936,0.4867879165225665,0.5020647513672972,0,0
-0.34211820363998413,-0.8790751695632935,-1.3568503856658936,0.5170307617181245,0.5011026684762586,0,0
-0.34013813734054565,-0.8759908080101013,-1.3568503856658936,0.49310052194042975,0.5029487083473729,0,0
-0.33815810084342957,-0.8729064464569092,-1.3568503856658936,0.49467671477367686,0.482203960925077,0,0
-0.3361780643463135,-0.869822084903717,-1.3568503856658936,0.4970705069089236,0.48952139531287175,0,0
-0.33419811725616455,-0.8667378425598145,-1.3568503856658936,0.5132723760152564,0.49361408262918066,0,0
-0.3322181701660156,-0.8636534214019775,-1.3568503856658936,0.5037135197521977,0.49735821716519535,0,0
-0.3302382528781891,-0.8605690002441406,-1.3568503856658936,0.5117604437657763,0.48376734668258037,0,0
-0.32825830578804016,-0.8574846982955933,-1.3568503856658936,0.47957250341467283,0.5044162358179624,0,0
-0.32627835869789124,-0.8544002771377563,-1.3568503856658936,0.49280167626948573,0.49228732960387467,0,0
-0.3242983818054199,-0.8513160347938538,-1.3568503856658936,0.5157318208633765,0.505041462538305,0,0
-0.3223183751106262,-0.8482316136360168,-1.3568503856658936,0.5001431635891658,0.5168195647344198,0,0
-0.3203383684158325,-0.8451473116874695,-1.3568503856658936,0.49857736321794793,0.4921724668319097,0,0
-0.3183583617210388,-0.8420628905296326,-1.3568503856658936,0.493348232540396,0.49157406340616655,0,0
-0.3163783550262451,-0.8389785289764404,-1.3568503856658936,0.518392369701684,0.5052207122379395,0,0
-0.31439831852912903,-0.8358942270278931,-1.3568503856658936,0.5105380087269008,0.5095598739297906,0,0
-0.31241828203201294,-0.8328098654747009,-1.3568503856658936,0.49230888713964877,0.48577076018200815,0,0
-0.31043821573257446,-0.8297255039215088,-1.3568503856658936,0.5057262296826961,0.47808338724428157,0,0
-0.308458149433136,-0.8266411423683167,-1.3568503856658936,0.5061862312285696,0.49385524541364484,0,0
-0.3064780533313751,-0.8235569596290588,-1.3568503856658936,0.5194468470196228,0.5041959605985631,0,0
-0.30449795722961426,-0.8204725980758667,-1.3568503856658936,0.5036246902470296,0.5056710090516996,0,0
-0.3025178611278534,-0.8173882365226746,-1.3568503856658936,0.48553164066366694,0.48726480375298425,0,0
-0.30053776502609253,-0.814303994178772,-1.3568503856658936,0.5202928920124893,0.5068873857420593,0,0
-0.2985576391220093,-0.8112196326255798,-1.3568503856658936,0.5006379972658358,0.4907106343894002,0,0
-0.296577513217926,-0.8081352710723877,-1.3568503856658936,0.4943950804170287,0.4969665712502415,0,0
-0.2945973575115204,-0.8050509095191956,-1.3568503856658936,0.49320644413050463,0.5086249594514121,0,0
-0.29261720180511475,-0.801966667175293,-1.3568503856658936,0.4885296083184164,0.5141081977872601,0,0
-0.2906370759010315,-0.7988823056221008,-1.3568503856658936,0.484283792954237,0.5162012950254979,0,0
-0.28865689039230347,-0.7957979440689087,-1.3568503856658936,0.49545099914034557,0.5189060407127652,0,0
-0.2866767346858978,-0.7927138209342957,-1.3568503856658936,0.5064747142138745,0.5107603125094301,0,0
-0.284696489572525,-0.7896295189857483,-1.3568503856658936,0.49966233729035076,0.5097369159868036,0,0
-0.282716304063797,-0.7865452170372009,-1.3568503856658936,0.4981071628411193,0.48445170992804454,0,0
-0.2807360887527466,-0.7834609150886536,-1.3568503856658936,0.4925871491199683,0.48933822617955003,0,0
-0.27875587344169617,-0.7803767919540405,-1.3568503856658936,0.5066417181073883,0.5110221807841284,0,0
-0.276775598526001,-0.7772924900054932,-1.3568503856658936,0.5032871627570014,0.5051031282917265,0,0
-0.2747953534126282,-0.7742081880569458,-1.3568503856658936,0.48920067389058475,0.4995424170033586,0,0
-0.272815078496933,-0.771124005317688,-1.3568503856658936,0.4936821412442577,0.497118015224551,0,0
-0.2708348035812378,-0.7680397033691406,-1.3568503856658936,0.5028793964091598,0.4912504371411388,0,0
-0.2688544690608978,-0.7649555802345276,-1.3568503856658936,0.5111696819771694,0.5117306353117088,0,0
-0.26687413454055786,-0.7618712782859802,-1.3568503856658936,0.49401026527784964,0.48782115751622246,0,0
-0.2648938298225403,-0.7587871551513672,-1.3568503856658936,0.499990589932633,0.5039170990097919,0,0
-0.2629134953022003,-0.7557028532028198,-1.3568503856658936,0.49623535262137813,0.48546022462315513,0,0
-0.26093316078186035,-0.7526185512542725,-1.3568503856658936,0.49849364247570416,0.5136964716113563,0,0
-0.2589528262615204,-0.7495343685150146,-1.3568503856658936,0.5185581719039588,0.48864380654437944,0,0
-0.25697246193885803,-0.7464500665664673,-1.3568503856658936,0.5057273468899997,0.5102287058131942,0,0
-0.25499212741851807,-0.7433658242225647,-1.3568503856658936,0.5077487711539524,0.5181082767251945,0,0
-0.2530117630958557,-0.7402817606925964,-1.3568503856658936,0.49993555178660504,0.5142972609423698,0,0
-0.2510313391685486,-0.7371975183486938,-1.3568503856658936,0.5084896173225175,0.4967130070899113,0,0
-0.24905094504356384,-0.7341133952140808,-1.3568503856658936,0.5001831611690181,0.49166807269020885,0,0
-0.2470705509185791,-0.7310291528701782,-1.3568503856658936,0.4975424819376112,0.5196334520632112,0,0
-0.24509011209011078,-0.7279450297355652,-1.3568503856658936,0.5101759822955132,0.5021351858881431,0,0
-0.24310968816280365,-0.7248607873916626,-1.3568503856658936,0.5136928765498805,0.49444462656440724,0,0
-0.24112924933433533,-0.7217766046524048,-1.3568503856658936,0.4774859714014489,0.5138389591630831,0,0
-0.2391487956047058,-0.7186924815177917,-1.3568503856658936,0.49996411930466406,0.5068250045036149,0,0
-0.2371683269739151,-0.7156081199645996,-1.3568503856658936,0.4797168483744511,0.5105839614847036,0,0
-0.23518787324428558,-0.712523877620697,-1.3568503856658936,0.5025689291576626,0.48709663266441855,-1,-1
-0.23320750892162323,-0.7094395160675049,-1.3573120832443237,0.49929298462676985,0.48141029147593395,0,0
-0.2312268167734146,-0.7063568830490112,-1.358493447303772,0.5111566920510499,0.49700585836466354,0,0
-0.2292443811893463,-0.7032812237739563,-1.3605200052261353,0.49507492665434355,0.4917411316679592,0,0
-0.22725819051265717,-0.7002199292182922,-1.3634494543075562,0.5049903556479435,0.49727559709637353,0,0
-0.22526519000530243,-0.6971830129623413,-1.3672934770584106,0.5165801563792548,0.4998849373189368,0,0
-0.22326421737670898,-0.6941820383071899,-1.3720488548278809,0.5023894548446225,0.48805958320424453,0,0
-0.2212521880865097,-0.6912312507629395,-1.3777027130126953,0.5027699173924954,0.5142283372539707,0,0
-0.2192269116640091,-0.6883455514907837,-1.3842246532440186,0.5227698762552304,0.5121929949044327,0,0
-0.21718531847000122,-0.6855382323265076,-1.3915590047836304,0.5051671392646647,0.4828256542284769,0,0
-0.2151278853416443,-0.682823121547699,-1.3996952772140503,0.5107851899965365,0.512551667373824,0,0
-0.21305520832538605,-0.680213451385498,-1.4085938930511475,0.48747319867752,0.49207347108866284,0,0
-0.21096941828727722,-0.6777231693267822,-1.4182442426681519,0.4935018730448559,0.49351834623925206,0,0
-0.20887254178524017,-0.675363302230835,-1.428562045097351,0.5078560523204354,0.49120837954807783,0,0
-0.20676949620246887,-0.6731441020965576,-1.439558744430542,0.5092893192920298,0.4974738388600225,0,0
-0.2046656757593155,-0.6710739135742188,-1.4511746168136597,0.49952619930100467,0.5177752665709976,0,0
-0.2025691419839859,-0.6691601872444153,-1.4634273052215576,0.522347610617775,0.5065508844916977,0,0
-0.2004876285791397,-0.6674093008041382,-1.4762382507324219,0.5012182063982171,0.4959260100049756,0,0
-0.19843091070652008,-0.6658250689506531,-1.4896177053451538,0.5118883524377139,0.5115812593087932,0,0
-0.19640889763832092,-0.6644105911254883,-1.5035147666931152,0.4898305173244389,0.49209122504215397,0,0
-0.19443193078041077,-0.6631666421890259,-1.5179195404052734,0.4896103113711829,0.4902210382004542,0,0
-0.19251114130020142,-0.6620928645133972,-1.532813549041748,0.49936071764607165,0.4900519935124084,0,0
-0.19065678119659424,-0.6611868739128113,-1.548128366470337,0.49418608429495464,0.5052145373919689,0,0
-0.1888798326253891,-0.6604440808296204,-1.5638929605484009,0.49726347383092895,0.5052643834798584,0,0
-0.18719035387039185,-0.659858763217926,-1.5800879001617432,0.489124734452422,0.5107062098613371,0,0
-0.1855980008840561,-0.6594231128692627,-1.5966675281524658,0.5098312385529579,0.4962219652577893,0,0
-0.18411187827587128,-0.6591278910636902,-1.6136115789413452,0.5022824307950735,0.4993954315820523,0,0
-0.18274010717868805,-0.6589628458023071,-1.6309113502502441,0.49562734433418937,0.5082840013073653,0,0
-0.18148966133594513,-0.6589167714118958,-1.6485497951507568,0.4851327903682311,0.5035413275032717,0,0
-0.18036596477031708,-0.6589774489402771,-1.666507363319397,0.47679696504680835,0.48497527201138435,0,0
-0.17937292158603668,-0.6591313481330872,-1.684743046760559,0.5148869741542298,0.4974659584622787,0,0
-0.17851334810256958,-0.659364640712738,-1.7032462358474731,0.4845203719576461,0.5045191068628071,0,0
-0.17778806388378143,-0.6596630811691284,-1.7220103740692139,0.5161619478136056,0.5059623344209307,0,0
-0.17719623446464539,-0.6600115895271301,-1.7409785985946655,0.5091116496147111,0.49414559500340055,0,0
-0.17673629522323608,-0.6603947877883911,-1.760146141052246,0.5130296808599076,0.4963054441111161,0,0
-0.17640551924705505,-0.6607980728149414,-1.779513955116272,0.5191380214841541,0.4982622932030307,0,0
-0.176199272274971,-0.6612070798873901,-1.7990455627441406,0.5073133165552587,0.5112720890842442,0,0
-0.1761118471622467,-0.6616074442863464,-1.8187177181243896,0.4991197526314046,0.5058442465010976,0,0
-0.17613685131072998,-0.6619851589202881,-1.838518738746643,0.4928585092433251,0.5009065450559136,0,0
-0.17626681923866272,-0.6623276472091675,-1.85843825340271,0.49480392900035536,0.5036720304066907,0,0
-0.17649279534816742,-0.6626232862472534,-1.8784549236297607,0.511475919067322,0.5001453145132392,0,0
-0.17680464684963226,-0.6628612875938416,-1.8985486030578613,0.5083830151639885,0.5213114061895915,0,0
-0.1771908402442932,-0.6630327105522156,-1.918704628944397,0.5055699374211677,0.5004376368677547,0,0
-0.17763832211494446,-0.663129448890686,-1.938904881477356,0.48946945193562724,0.5146557964533505,0,0
-0.17813313007354736,-0.6631450057029724,-1.9591264724731445,0.49070028195836274,0.5042131981631806,0,0
-0.178661048412323,-0.6630751490592957,-1.9793720245361328,0.4941226149262747,0.47416231231648454,0,0
-0.17920708656311035,-0.662919282913208,-1.9996185302734375,0.4919835360119244,0.4804507335692981,0,0
-0.1797548085451126,-0.6626800894737244,-2.0198349952697754,0.5050230416012508,0.4953039745965514,0,0
-0.1802869737148285,-0.6623616814613342,-2.0400118827819824,0.4982691531473267,0.5060277390607113,0,0
-0.18078827857971191,-0.6619701981544495,-2.060176134109497,0.5026982434028696,0.4998981718607108,0,0
-0.18124711513519287,-0.6615147590637207,-2.0803279876708984,0.5135210403261327,0.49601101846903645,0,0
-0.1816549003124237,-0.661008894443512,-2.100421905517578,0.5160275653118583,0.48679772642241137,0,0
-0.1820051521062851,-0.6604683995246887,-2.1204373836517334,0.5017322343878413,0.5325710841496214,0,0
-0.18229372799396515,-0.659909188747406,-2.1403961181640625,0.5012362795839053,0.49877989188181215,0,0
-0.18252021074295044,-0.6593443155288696,-2.1603047847747803,0.5071667283056677,0.4945828667512989,0,0
-0.1826881468296051,-0.6587846279144287,-2.180140495300293,0.5002903849100554,0.503925235038129,0,0
-0.18280400335788727,-0.6582387089729309,-2.1998753547668457,0.5006828765383037,0.481794141229808,0,0
-0.1828748881816864,-0.6577143669128418,-2.219494104385376,0.4923011655026241,0.5055601806833216,0,0
-0.18290746212005615,-0.6572173833847046,-2.2390003204345703,0.5063523549360992,0.5011770996928775,0,0
-0.182906836271286,-0.6567521691322327,-2.2583768367767334,0.4866466899963819,0.49447388236649126,0,0
-0.18287746608257294,-0.6563213467597961,-2.2776193618774414,0.4965958885268442,0.4879428959236187,0,0
-0.18282344937324524,-0.6559261679649353,-2.2967095375061035,0.4948715059172677,0.5076459127956192,0,0
-0.18274907767772675,-0.6555667519569397,-2.315638303756714,0.48028566622765295,0.5089430606241075,0,0
-0.1826590895652771,-0.6552424430847168,-2.334395408630371,0.479411271114845,0.4929774071217592,0,0
-0.18255826830863953,-0.6549519300460815,-2.352969169616699,0.5025733624140162,0.4696748260624618,0,0
-0.1824510544538498,-0.6546941995620728,-2.3713538646698,0.5117788298784134,0.48822140227338434,0,0
-0.18234127759933472,-0.6544677019119263,-2.389538049697876,0.5022863203653872,0.49979756260991864,0,0
-0.18223166465759277,-0.654271125793457,-2.4075162410736084,0.482562992895968,0.5056332448028312,0,0
-0.18212436139583588,-0.6541027426719666,-2.4252796173095703,0.5008473684179177,0.5023672375285158,0,0
-0.18202079832553864,-0.6539607048034668,-2.442819595336914,0.4898810563712904,0.5238606556666511,0,0
-0.1819220781326294,-0.6538427472114563,-2.4601290225982666,0.49019214244832304,0.5050191035867598,0,0
-0.18182890117168427,-0.6537460684776306,-2.4772019386291504,0.5105131401334285,0.5005172886326175,0,0
-0.1817418783903122,-0.6536677479743958,-2.4940297603607178,0.5226179276047521,0.4775918084247876,0,0
-0.18166136741638184,-0.6536048054695129,-2.51060152053833,0.5090232981151968,0.4973719321733324,0,0
-0.1815878003835678,-0.6535544395446777,-2.5269179344177246,0.5047940250355694,0.48960458342220664,0,0
-0.18152166903018951,-0.6535142064094543,-2.5429728031158447,0.5055701916001321,0.4888678679401504,0,0
-0.1814635545015335,-0.6534819602966309,-2.55876088142395,0.5039170099333709,0.5038309925225829,0,0
-0.18141375482082367,-0.6534555554389954,-2.5742764472961426,0.5006139433594741,0.48790421446426524,0,0
-0.18137238919734955,-0.6534337401390076,-2.589512825012207,0.504122717103772,0.4942081242016558,0,0
-0.18133941292762756,-0.6534154415130615,-2.604468584060669,0.4974671470491569,0.5117455178317668,0,0
-0.1813146322965622,-0.6533998847007751,-2.619143009185791,0.5212835011288712,0.4956346717717488,0,0
-0.18129758536815643,-0.6533865928649902,-2.633523464202881,0.48716977306654413,0.5077125461969239,0,0
-0.18128764629364014,-0.6533750891685486,-2.647615909576416,0.4996047814657975,0.5068240876414946,0,0
-0.18128390610218048,-0.6533651947975159,-2.66141414642334,0.4840711537530145,0.5089007239140552,0,0
-0.18128539621829987,-0.6533567309379578,-2.674912452697754,0.5201502066525109,0.4951433950843155,0,0
-0.1812911033630371,-0.6533496975898743,-2.688117027282715,0.4994638192386566,0.4849726891187775,0,0
-0.18129996955394745,-0.653343677520752,-2.701021909713745,0.4938496347876049,0.5184378163820169,0,0
-0.1813109964132309,-0.6533385515213013,-2.713621139526367,0.5079734992059497,0.5005271943623406,0,0
-0.18132314085960388,-0.6533342003822327,-2.725921630859375,0.516552506140731,0.509818135481685,0,0
-0.18133556842803955,-0.653330385684967,-2.7379167079925537,0.4885531201293375,0.4842485795175554,0,0
-0.18134759366512299,-0.6533268690109253,-2.749612808227539,0.5001701610271385,0.504085482733027,0,0
-0.18135853111743927,-0.6533234715461731,-2.7610034942626953,0.511081001702756,0.48350423673275805,0,0
-0.18136802315711975,-0.6533198952674866,-2.772095203399658,0.5075739485331828,0.510024422851203,0,0
-0.1813756823539734,-0.6533160209655762,-2.782881259918213,0.5146742131244522,0.4966284939976018,0,0
-0.18138135969638824,-0.6533116698265076,-2.793367624282837,0.507099893985563,0.5072456839151496,0,0
-0.18138504028320312,-0.653306782245636,-2.8035547733306885,0.48353464625020137,0.5031162322321078,0,0
-0.1813867688179016,-0.6533013582229614,-2.8134419918060303,0.5147255774858507,0.5132949937184277,0,0
-0.18138661980628967,-0.6532953977584839,-2.823035717010498,0.479177691431354,0.5147028399025417,0,0
-0.18138477206230164,-0.6532889604568481,-2.832335948944092,0.5037977190820778,0.4843155904797193,0,0
-0.18138150870800018,-0.653282105922699,-2.8413422107696533,0.5071064127522261,0.49437686600689174,0,0
-0.18137702345848083,-0.6532750129699707,-2.8500607013702393,0.4908315330254022,0.49905585446181205,0,0
-0.1813715696334839,-0.6532678008079529,-2.8584916591644287,0.49665772343589,0.5032398935735025,0,0
-0.18136538565158844,-0.6532607078552246,-2.8666412830352783,0.516065101804226,0.4959143269522123,0,0
-0.18135865032672882,-0.6532538533210754,-2.874509334564209,0.49650473507821535,0.5007798020518651,0,0
-0.18135158717632294,-0.6532472372055054,-2.8820955753326416,0.5090302311291043,0.5035057935098273,0,0
-0.1813444048166275,-0.6532411575317383,-2.889406442642212,0.49823865811792806,0.5024982436592926,0,0
-0.1813371181488037,-0.6532357335090637,-2.8964474201202393,0.4973101499647748,0.5003849821649411,0,0
-0.1813298761844635,-0.6532309651374817,-2.9032247066497803,0.5046712682753919,0.5120940842929907,0,0
-0.18132272362709045,-0.6532269716262817,-2.909738540649414,0.5038954804278488,0.48593119224951836,0,0
-0.18131545186042786,-0.6532239317893982,-2.9159836769104004,0.5076761674901811,0.5033222429644643,0,0
-0.1813102811574936,-0.6532204747200012,-2.921959400177002,0.4913492012558243,0.4935017274466349,0,0
-0.181312695145607,-0.6532127261161804,-2.92767333984375,0.48823781297071933,0.4774346062164599,0,0
-0.1813315451145172,-0.6531940698623657,-2.9331250190734863,0.4983925618264597,0.5040563907360327,0,0
-0.1813785284757614,-0.6531549692153931,-2.9383089542388916,0.5101629332956302,0.4984057082075949,0,0
-0.18146753311157227,-0.6530837416648865,-2.943218231201172,0.52298438609197,0.49973935893055277,0,0
-0.18161456286907196,-0.6529672145843506,-2.9478347301483154,0.5118692567084694,0.5029878221085752,0,0
-0.18183717131614685,-0.6527915596961975,-2.952139139175415,0.5082542035663882,0.5048836150456727,0,0
-0.1821526139974594,-0.652542233467102,-2.9561607837677,0.5014161453511851,0.49250258008950387,0,0
-0.1825770139694214,-0.6522067785263062,-2.9599385261535645,0.5007006705050107,0.5091093703576678,0,0
-0.18312537670135498,-0.6517754793167114,-2.963493824005127,0.4945850394844603,0.49519360430634696,0,0
-0.18381041288375854,-0.6512414813041687,-2.966865301132202,0.5044503674728755,0.5058450875977503,0,0
-0.18464170396327972,-0.6506020426750183,-2.9700894355773926,0.4933231103138893,0.49673777643769157,0,0
-0.18562641739845276,-0.6498578190803528,-2.9731645584106445,0.4851212588403691,0.5025829048550209,0,0
-0.1867685616016388,-0.649011492729187,-2.9761159420013428,0.5055752962159992,0.5059311799790261,0,0
-0.18806864321231842,-0.6480671763420105,-2.9789562225341797,0.5069789723541936,0.4865447019687282,0,0
-0.1895238608121872,-0.6470301747322083,-2.981680154800415,0.4935190571002504,0.5011883594059187,0,0
-0.19112952053546906,-0.6459066271781921,-2.9843013286590576,0.4844260932233833,0.493086261575621,0,0
-0.19287914037704468,-0.6447021961212158,-2.9868361949920654,0.4948625878547567,0.4948609675485024,0,0
-0.1947638988494873,-0.6434226632118225,-2.9892585277557373,0.5035511015414869,0.5106038356890839,0,0
-0.19677287340164185,-0.642073929309845,-2.9915354251861572,0.48513264070341316,0.49516530656699465,0,0
-0.19889475405216217,-0.640662670135498,-2.9936869144439697,0.5115130058209948,0.4996782837683023,0,0
-0.2011193335056305,-0.6391956806182861,-2.9957754611968994,0.4878470014430228,0.512978782037241,0,0
-0.20343726873397827,-0.6376782059669495,-2.997824192047119,0.4989777207758638,0.49549096892619104,0,0
-0.20583924651145935,-0.6361140012741089,-2.9997928142547607,0.5050421495103492,0.5008359597825208,0,0
-0.20831532776355743,-0.6345058083534241,-3.001641273498535,0.505737056795877,0.5064629352424238,0,0
-0.21085558831691742,-0.6328571438789368,-3.003368616104126,0.5014163295380608,0.4923648429596765,0,0
-0.21345114707946777,-0.6311719417572021,-3.0050101280212402,0.49877404011834725,0.4947207010008023,0,0
-0.21609465777873993,-0.629453718662262,-3.0065929889678955,0.501835365240313,0.492365272876071,0,0
-0.21878018975257874,-0.6277055144309998,-3.008131265640259,0.5088251640265938,0.4899415738946913,0,0
-0.22150243818759918,-0.6259289979934692,-3.0096049308776855,0.5023202254607708,0.4920081865606616,0,0
-0.22425629198551178,-0.6241254210472107,-3.0110058784484863,0.5085629853252541,0.5037512236005093,0,0
-0.22703680396080017,-0.6222959756851196,-3.012326717376709,0.5091561960587441,0.4873685603397545,0,0
-0.22983944416046143,-0.6204419732093811,-3.013583183288574,0.5072973791467745,0.4866105836004417,0,0
-0.23266057670116425,-0.6185652017593384,-3.0147807598114014,0.49414687597087065,0.5039431634689481,0,0
-0.23549716174602509,-0.6166669726371765,-3.0159318447113037,0.4994900633922349,0.5073360168531114,0,0
-0.2383469194173813,-0.6147480607032776,-3.017033338546753,0.5110270015883086,0.5026196946576617,0,0
-0.24120759963989258,-0.6128090023994446,-3.0180864334106445,0.4951623102113294,0.5118357833283741,0,0
-0.2440773993730545,-0.6108500957489014,-3.0190889835357666,0.5121001978892618,0.4992190807739132,0,0
-0.24695457518100739,-0.6088719367980957,-3.020048141479492,0.5080231165212203,0.4964218492724343,0,0
-0.249837726354599,-0.6068751215934753,-3.0209593772888184,0.5003090244281464,0.5053981092219013,0,0
-0.252725750207901,-0.6048603653907776,-3.021831750869751,0.5195606218491372,0.5195548061034843,0,0
-0.25561773777008057,-0.6028287410736084,-3.0226659774780273,0.511037989374719,0.48718055136952443,0,0
-0.25851303339004517,-0.6007811427116394,-3.0234603881835938,0.5091456398933081,0.49030563680326633,0,0
-0.26141098141670227,-0.5987181663513184,-3.0242230892181396,0.4912292466367268,0.5054251052410383,0,0
-0.26431095600128174,-0.5966404676437378,-3.0249500274658203,0.5144188724207459,0.4951861359821379,0,0
-0.2672123908996582,-0.5945487022399902,-3.0256457328796387,0.4895272026574007,0.5010774348487516,0,0
-0.2701147198677063,-0.5924434661865234,-3.026309013366699,0.4981700160367744,0.5088919237278676,0,0
-0.2730175256729126,-0.5903255343437195,-3.02694034576416,0.48996542920963054,0.5032538173153939,0,0
-0.27592039108276367,-0.5881956815719604,-3.0275421142578125,0.5027649009026571,0.5110583378690523,0,0
-0.27882319688796997,-0.5860548615455627,-3.0281190872192383,0.5060869328863256,0.484769156333336,0,0
-0.28172567486763,-0.5839037299156189,-3.0286664962768555,0.5101295474887715,0.5123675839969442,0,0
-0.28462764620780945,-0.5817428827285767,-3.029193878173828,0.4935851386118969,0.516214547387787,0,0
-0.28752896189689636,-0.5795727968215942,-3.029698133468628,0.5215209943969209,0.5020886189764865,0,0
-0.2904292643070221,-0.5773940086364746,-3.0301783084869385,0.4925664656561533,0.523228943533771,0,0
-0.2933284342288971,-0.5752071142196655,-3.0306336879730225,0.5003504481846194,0.49466169961358253,0,0
-0.29622623324394226,-0.5730125308036804,-3.0310704708099365,0.4943561632462298,0.5106667898504136,0,0
-0.2991226613521576,-0.5708107352256775,-3.0314903259277344,0.5120328633737938,0.5027771051232666,0,0
-0.3020176887512207,-0.5686023235321045,-3.0318894386291504,0.5049893039097074,0.5049266171721976,0,0
-0.3049112856388092,-0.5663878321647644,-3.0322682857513428,0.5120396507252074,0.5053252246102287,0,0
-0.3078034520149231,-0.5641674399375916,-3.0326313972473145,0.4900996695720075,0.5189970036460956,0,0
-0.3106940984725952,-0.5619415640830994,-3.032977342605591,0.5019612572712258,0.5120479527078906,0,0
-0.3135831952095032,-0.5597105622291565,-3.033310890197754,0.48781054142186164,0.5157651273765763,0,0
-0.3164706528186798,-0.557474672794342,-3.0336263179779053,0.47948385737978955,0.4946240488075867,0,0
-0.3193564713001251,-0.5552341341972351,-3.0339291095733643,0.5074528216723635,0.46428654060900054,0,0
-0.3222406804561615,-0.5529893636703491,-3.0342202186584473,0.5042960462736928,0.4857553704506251,0,0
-0.32512331008911133,-0.550740659236908,-3.0344948768615723,0.50324941368551,0.4975313549185296,0,0
-0.3280044496059418,-0.5484882593154907,-3.034759283065796,0.49899909950496174,0.515687730511997,0,0
-0.33088406920433044,-0.546232283115387,-3.035012722015381,0.49885206989760483,0.508595681815906,0,0
-0.3337622880935669,-0.5439730286598206,-3.035254716873169,0.5013673072987714,0.5069674970781086,0,0
-0.3366389870643616,-0.541710615158081,-3.035484552383423,0.48428554614554264,0.4981215983779273,0,0
-0.33951422572135925,-0.5394453406333923,-3.0357019901275635,0.49320897479231113,0.4963203626329696,0,0
-0.3423880934715271,-0.5371770858764648,-3.0359127521514893,0.5037153214361346,0.5065525917010227,0,0
-0.3452605605125427,-0.534906268119812,-3.036111831665039,0.48839534403268214,0.5166620353303877,0,0
-0.3481317460536957,-0.5326331257820129,-3.036299705505371,0.4899628516691587,0.4852888676140365,0,0
-0.35100170969963074,-0.5303575992584229,-3.036482572555542,0.5198410160991704,0.504086567131131,0,0
-0.3538704216480255,-0.5280799269676208,-3.036654472351074,0.5105478885213697,0.5033076908225815,0,0
-0.3567379415035248,-0.5258002877235413,-3.03682017326355,0.4970405271094661,0.5010336837670285,0,0
-0.3596043884754181,-0.5235186815261841,-3.036979913711548,0.4763143424199361,0.4895070165444201,0,0
-0.3624696135520935,-0.5212351679801941,-3.037132978439331,0.49035577491158705,0.4991038265274503,0,0
-0.36533379554748535,-0.5189499855041504,-3.037274122238159,0.49345069225686566,0.520544554487672,0,0
-0.3681970238685608,-0.5166630744934082,-3.0374093055725098,0.49921895406520295,0.5018734042724023,0,0
-0.37105920910835266,-0.5143747925758362,-3.037539005279541,0.5014295650332553,0.5021422267584814,0,0
-0.3739204704761505,-0.5120850205421448,-3.037663221359253,0.5157901921989743,0.5026385711726933,0,0
-0.37678083777427673,-0.5097938179969788,-3.0377819538116455,0.5010902997115013,0.5001152444769241,0,0
-0.3796403706073761,-0.5075013637542725,-3.0378947257995605,0.48514803337206086,0.5096047349006742,0,0
-0.3824990391731262,-0.5052077174186707,-3.038001298904419,0.5119086176372228,0.5063816597888773,0,0
-0.3853568434715271,-0.5029128789901733,-3.038107395172119,0.5101263243977552,0.5019372589678113,0,0
-0.3882138729095459,-0.5006169080734253,-3.038207769393921,0.49380797850131103,0.49629040922817014,0,0
-0.3910701274871826,-0.4983198940753937,-3.038301944732666,0.4940478936486017,0.48705415942947633,0,0
-0.3939257264137268,-0.49602189660072327,-3.0383903980255127,0.5040876739361084,0.4867400911635327,0,0
-0.3967806398868561,-0.4937230944633484,-3.03847336769104,0.5115538138892509,0.5158699425867854,0,0
-0.3996349275112152,-0.4914233088493347,-3.0385563373565674,0.5080626121047389,0.5083326694656207,0,0
-0.4024885594844818,-0.4891227185726166,-3.0386335849761963,0.4890158664297887,0.48384348149890455,0,0
-0.40534165501594543,-0.48682135343551636,-3.038710832595825,0.5077160965014045,0.4992215735409461,0,0
-0.4081941843032837,-0.4845193028450012,-3.0387816429138184,0.4946635998524595,0.5173806612812594,0,0
-0.41104602813720703,-0.482216477394104,-3.038846492767334,0.500395675418704,0.5020783568693623,0,0
-0.4138975143432617,-0.4799128770828247,-3.0389113426208496,0.4921310091390678,0.5100045861982423,0,0
-0.41674843430519104,-0.4776087701320648,-3.038970470428467,0.4975851381733452,0.49943655787351304,0,0
-0.41959884762763977,-0.47530397772789,-3.039029836654663,0.48911081740823575,0.506041068346165,0,0
-0.4224488139152527,-0.47299864888191223,-3.039083242416382,0.48548167391485525,0.5127232121108959,0,0
-0.42529842257499695,-0.47069284319877625,-3.0391366481781006,0.48634630790578903,0.5149005757528757,0,0
-0.428147554397583,-0.4683865010738373,-3.0391900539398193,0.5145770160733604,0.4929230785278446,0,0
-0.430996298789978,-0.4660796523094177,-3.0392372608184814,0.5156459715682162,0.5124141674369319,0,0
-0.4338447153568268,-0.4637722671031952,-3.0392844676971436,0.5038013191286053,0.5108745979899803,0,0
-0.4366927444934845,-0.4614644944667816,-3.039325714111328,0.5041210580877092,0.48399044701063776,0,0
-0.43954038619995117,-0.459156334400177,-3.039367198944092,0.4951856418294062,0.479841957047209,0,0
-0.4423876702785492,-0.45684775710105896,-3.0394086837768555,0.5102396850274968,0.5069961676656397,0,0
-0.4452347457408905,-0.45453882217407227,-3.0394444465637207,0.48979442497796527,0.5042860098254284,0,0
-0.44808146357536316,-0.4522295594215393,-3.039480209350586,0.5033705978110489,0.5207203312157028,0,0
-0.4509279131889343,-0.4499199092388153,-3.039515733718872,0.5011253927336036,0.49701965447201474,0,0
-0.453774094581604,-0.4476099908351898,-3.0395452976226807,0.5164636716001526,0.49654801947891825,0,0
-0.4566200375556946,-0.4452996551990509,-3.0395748615264893,0.5187997075432346,0.4923572860929033,0,0
-0.4594656825065613,-0.4429890215396881,-3.039604425430298,0.4845366461436548,0.5055139679049796,0,0
-0.46231111884117126,-0.44067811965942383,-3.0396339893341064,0.5017255288128091,0.4942417014732401,0,0
-0.46515631675720215,-0.43836697936058044,-3.0396578311920166,0.4995859321381223,0.4905213866411973,0,0
-0.4680013060569763,-0.43605563044548035,-3.0396814346313477,0.5036900812820876,0.5111489569359262,0,0
-0.47084614634513855,-0.43374398350715637,-3.039705276489258,0.49794761516537306,0.5013897155424056,0,0
-0.4736907482147217,-0.43143218755722046,-3.039729118347168,0.5053871864918486,0.5139892081198024,0,0
-0.4765350818634033,-0.42912012338638306,-3.039752960205078,0.4960904533223756,0.5036606958650542,0,0
-0.4793793559074402,-0.42680785059928894,-3.0397703647613525,0.507697722415171,0.5012892719806087,0,0
-0.48222342133522034,-0.4244954288005829,-3.039788007736206,0.5029330381206243,0.48916255249754437,0,0
-0.48506736755371094,-0.4221827983856201,-3.0398056507110596,0.4993082380669207,0.5188881375644129,0,0
-0.4879111647605896,-0.41986989974975586,-3.039823532104492,0.5155325427785549,0.51463754540746,0,0
-0.4907548129558563,-0.4175569415092468,-3.0398411750793457,0.4971097137801508,0.49860966359366976,0,0
-0.49359822273254395,-0.4152437746524811,-3.0398590564727783,0.512272719471456,0.5185244186085368,0,0
-0.49644163250923157,-0.4129303991794586,-3.039876699447632,0.5128836355854931,0.4984780355307671,0,0
-0.4992848336696625,-0.4106169044971466,-3.039888381958008,0.5205977203027272,0.5032248043492583,0,0
-0.5021279454231262,-0.4083033800125122,-3.039900302886963,0.5166160474548522,0.5011937252953894,0,0
-0.5049708485603333,-0.4059896171092987,-3.039911985397339,0.5009753633574486,0.4932586954628947,0,0
-0.5078138709068298,-0.40367573499679565,-3.039923906326294,0.5137301516663093,0.5000472054053859,0,0
-0.5106566548347473,-0.40136173367500305,-3.03993558883667,0.47780127096017455,0.4962181384759386,0,0
-0.5134992599487305,-0.3990476131439209,-3.039947271347046,0.4854398646551873,0.5026244781929357,0,0
-0.5163418650627136,-0.3967334032058716,-3.039959192276001,0.5073951802822824,0.49465009028891577,0,0
-0.5191843509674072,-0.3944190740585327,-3.039970874786377,0.5095043143737388,0.4980050659367242,0,0
-0.522026777267456,-0.3921046555042267,-3.0399768352508545,0.5067514525278408,0.5045093598578041,0,0
-0.5248690247535706,-0.3897901475429535,-3.039982557296753,0.5103339575300374,0.4977637037487091,0,0
-0.5277112722396851,-0.38747555017471313,-3.0399885177612305,0.5075893382874987,0.5145532431583938,0,0
-0.5305534601211548,-0.3851608633995056,-3.039994239807129,0.49345617120476487,0.5089318976827096,0,0
-0.5333955883979797,-0.3828461468219757,-3.0400002002716064,0.5018353762062726,0.5133093596936181,0,0
-0.5362377166748047,-0.38053131103515625,-3.040006160736084,0.5111161526663542,0.48705665889318933,0,0
-0.5390796661376953,-0.37821638584136963,-3.0400121212005615,0.5016819488739899,0.5006912275913186,0,0
-0.5419216156005859,-0.37590137124061584,-3.04001784324646,0.5032390454079365,0.49916497989490566,0,0
-0.5447633862495422,-0.37358638644218445,-3.0400238037109375,0.4810190861074621,0.5062484685126916,0,0
-0.5476051568984985,-0.3712713420391083,-3.040029525756836,0.5160303232345665,0.49352026507736835,0,0
-0.5504469275474548,-0.36895617842674255,-3.0400354862213135,0.48649137587449215,0.5021361067826859,0,0
-0.5532886981964111,-0.36664095520973206,-3.040041208267212,0.4948376350167681,0.5051532800233058,0,0
-0.5561303496360779,-0.3643256425857544,-3.0400471687316895,0.5029601064155473,0.5083734380495178,0,0
-0.5589720010757446,-0.36201030015945435,-3.040052890777588,0.5131681135555084,0.4997952583931597,0,0
-0.5618135333061218,-0.3596949577331543,-3.0400588512420654,0.5045343090978724,0.5116286249627856,0,0
-0.5646550059318542,-0.3573794960975647,-3.0400588512420654,0.5087398061899804,0.5026948200783723,0,0
-0.5674965381622314,-0.3550640344619751,-3.0400588512420654,0.5196134217449792,0.5006646936881113,0,0
-0.5703380107879639,-0.3527485132217407,-3.0400588512420654,0.5004495286252627,0.5003115203512214,0,0
-0.5731794238090515,-0.35043296217918396,-3.0400588512420654,0.5046817991379074,0.5118788628440639,0,0
-0.5760207772254944,-0.3481173813343048,-3.0400588512420654,0.5065975002774128,0.5029274956190027,0,0
-0.5788621306419373,-0.34580177068710327,-3.0400588512420654,0.5035623860450401,0.4963432788311655,0,0
-0.5817034244537354,-0.34348610043525696,-3.0400588512420654,0.5027869148593305,0.5032156432583835,0,0
-0.5845447182655334,-0.34117040038108826,-3.0400588512420654,0.48642257206116307,0.4951217772106939,0,0
-0.5873860120773315,-0.33885467052459717,-3.0400588512420654,0.5029759373822178,0.49676426066775753,0,0
-0.5902272462844849,-0.3365388810634613,-3.0400588512420654,0.4889635197324598,0.5037386255434454,0,0
-0.5930684208869934,-0.33422309160232544,-3.0400588512420654,0.5032036211221551,0.4912733582483542,0,0
-0.595909595489502,-0.3319072425365448,-3.0400588512420654,0.5086369718605703,0.4840653265177404,0,0
-0.5987507104873657,-0.329591304063797,-3.0400588512420654,0.4860078625313448,0.49231627300027925,0,0
-0.6015918254852295,-0.3272753953933716,-3.0400588512420654,0.49588117302553353,0.5000514829206577,0,0
-0.6044328808784485,-0.3249594569206238,-3.0400588512420654,0.4748148476050814,0.4854813790280544,0,0
-0.6072738766670227,-0.3226434290409088,-3.0400588512420654,0.5045207853703221,0.5034148665170495,0,0
-0.6101148724555969,-0.3203273415565491,-3.0400588512420654,0.5027387416966745,0.49803655012349674,0,0
-0.6129559278488159,-0.31801125407218933,-3.0400588512420654,0.5012258634837051,0.49676823396982606,0,0
-0.6157968640327454,-0.3156951367855072,-3.0400588512420654,0.5108763119102553,0.5227320459819094,0,0
-0.6186376810073853,-0.3133789896965027,-3.0400588512420654,0.4957311263819539,0.48464445930555383,0,0
-0.6214785575866699,-0.3110628128051758,-3.0400588512420654,0.5054124758985703,0.5041659795254663,0,0
-0.6243193745613098,-0.3087465763092041,-3.0400588512420654,0.49784376314986767,0.48120782929397266,0,0
-0.6271601915359497,-0.30643031001091003,-3.0400588512420654,0.5037849906321958,0.49228416344890313,0,0
-0.6300009489059448,-0.3041139841079712,-3.0400588512420654,0.5039506554446193,0.5030139768160491,0,0
-0.6328416466712952,-0.30179765820503235,-3.0400588512420654,0.50432776698052,0.5153046327183013,0,0
-0.6356823444366455,-0.2994813024997711,-3.0400588512420654,0.4924545450537413,0.4945050370423162,0,0
-0.6385230422019958,-0.2971648573875427,-3.0400588512420654,0.5073764667195647,0.4949091692284055,0,0
-0.6413636803627014,-0.29484838247299194,-3.0400588512420654,0.5167905615210996,0.5049124392496428,0,0
-0.644204318523407,-0.2925318777561188,-3.0400588512420654,0.49112434842698915,0.5123809011765798,0,0
-0.6470448970794678,-0.2902153432369232,-3.0400588512420654,0.5221761208201472,0.47562586343869406,0,0
-0.6498854756355286,-0.2878987789154053,-3.0400588512420654,0.49996455335234014,0.5132461677941329,0,0
-0.6527259349822998,-0.28558215498924255,-3.0400588512420654,0.4843296101543211,0.5037320028726961,0,0
-0.6555665135383606,-0.28326547145843506,-3.0400588512420654,0.5062523072125736,0.4965554568758971,0,0
-0.6584069728851318,-0.28094878792762756,-3.0400588512420654,0.49631650015723744,0.49891518210349706,0,0
-0.6612474918365479,-0.2786320745944977,-3.0400588512420654,0.4931771660657835,0.5099288272124654,0,0
-0.6640878319740295,-0.27631527185440063,-3.0400588512420654,0.5072259424367729,0.5089216282975381,0,0
-0.6669281721115112,-0.2739984393119812,-3.0400588512420654,0.5018273285154934,0.4997176111862869,0,0
-0.6697685122489929,-0.27168160676956177,-3.0400588512420654,0.5129130280547802,0.5094111432737772,0,0
-0.6726089119911194,-0.26936474442481995,-3.0400588512420654,0.5058049765542109,0.5094093389102065,0,0
-0.6754492521286011,-0.26704785227775574,-3.0400588512420654,0.5032974302309793,0.4963841470944342,0,0
-0.6782894730567932,-0.26473093032836914,-3.0400588512420654,0.48587029548936583,0.49632323764628594,0,0
-0.6811296939849854,-0.2624139189720154,-3.0400588512420654,0.4671631633045359,0.49035424542076517,0,0
-0.6839699745178223,-0.260096937417984,-3.0400588512420654,0.506368254601614,0.49180740988136257,0,0
-0.6868100762367249,-0.25777989625930786,-3.0400588512420654,0.49919942076989643,0.4963291988246394,0,0
-0.689650297164917,-0.25546279549598694,-3.0400588512420654,0.49636543565154745,0.4882808717559241,0,0
-0.6924903392791748,-0.253145694732666,-3.0400588512420654,0.4971763284571301,0.5066228221279389,0,0
-0.6953304409980774,-0.2508285343647003,-3.0400588512420654,0.5119714721721185,0.49598609249244313,0,0
-0.6981704831123352,-0.24851135909557343,-3.0400588512420654,0.5087986496139446,0.5011085670824275,0,0
-0.7010104060173035,-0.24619415402412415,-3.0400588512420654,0.4985610237795275,0.4946410562812248,0,0
-0.7038503885269165,-0.2438768893480301,-3.0400588512420654,0.4963717828963507,0.4974539524154996,0,0
-0.7066903710365295,-0.24155963957309723,-3.0400588512420654,0.5125478674318061,0.49881292386501724,0,0
-0.7095302939414978,-0.2392423003911972,-3.0400588512420654,0.5047503867694665,0.49482944958889435,0,0
-0.7123702168464661,-0.23692497611045837,-3.0400588512420654,0.5094531067025365,0.4966378129868256,0,0
-0.7152100801467896,-0.23460759222507477,-3.0400588512420654,0.4971862606207828,0.5087331862674117,0,0
-0.718049943447113,-0.2322901487350464,-3.0400588512420654,0.49268954418961347,0.4899907410959501,0,0
-0.7208897471427917,-0.229972705245018,-3.0400588512420654,0.5025434501612585,0.5128042326433219,0,0
-0.7237294912338257,-0.22765524685382843,-3.0400588512420654,0.4785292815949097,0.5036907050358466,0,0
-0.7265692949295044,-0.22533772885799408,-3.0400588512420654,0.4941007112146406,0.5087698852626171,0,0
-0.7294090390205383,-0.22302016615867615,-3.0400588512420654,0.5179529233476469,0.4798361767028301,0,0
-0.7322487235069275,-0.22070258855819702,-3.0400588512420654,0.49593881620619923,0.4933818925264604,0,0
-0.7350884675979614,-0.2183849811553955,-3.0400588512420654,0.4952008021864533,0.5123590191661506,0,0
-0.7379281520843506,-0.2160673439502716,-3.0400588512420654,0.4998101553147633,0.4980253119400971,0,0
-0.740767776966095,-0.21374963223934174,-3.0400588512420654,0.5042374981514635,0.506557357179721,0,0
-0.7436073422431946,-0.21143195033073425,-3.0400588512420654,0.48540813218322587,0.4997368999358545,0,0
-0.7464469075202942,-0.209114208817482,-3.0400588512420654,0.48921944003631485,0.49018719982748676,0,0
-0.749286413192749,-0.20679648220539093,-3.0400588512420654,0.5092973586822958,0.4902334679459294,0,0
-0.7521259784698486,-0.20447871088981628,-3.0400588512420654,0.4996755316921459,0.5017992804375099,0,0
-0.7549654841423035,-0.20216092467308044,-3.0400588512420654,0.4878505535478659,0.503957159795659,0,0
-0.7578049302101135,-0.1998431235551834,-3.0400588512420654,0.5076016873329567,0.5088149592555059,0,0
-0.7606443762779236,-0.19752533733844757,-3.0400588512420654,0.49434007651524964,0.501176715613137,0,0
-0.7634839415550232,-0.19520753622055054,-3.0400588512420654,0.510736197387729,0.489440122619315,0,0
-0.7663233876228333,-0.19288970530033112,-3.0400588512420654,0.5091355186721073,0.48945626056979263,0,0
-0.7691628932952881,-0.1905718445777893,-3.0400588512420654,0.5222620504468973,0.5155894734701139,0,0
-0.7720023393630981,-0.1882539689540863,-3.0400588512420654,0.4908532439086777,0.4880887007316181,0,0
-0.7748417258262634,-0.1859360933303833,-3.0400588512420654,0.5043844680675558,0.4851289591314144,0,0
-0.7776811122894287,-0.1836182028055191,-3.0400588512420654,0.5004291850775243,0.4896316633655012,0,0
-0.7805205583572388,-0.1813003122806549,-3.0400588512420654,0.49608005938190874,0.48121761048318795,0,0
-0.783359944820404,-0.1789824217557907,-3.0400588512420654,0.5100785056511355,0.48945189375085113,0,0
-0.7861992716789246,-0.17666448652744293,-3.0400588512420654,0.5202396433845758,0.5031906860850792,0,0
-0.7890386581420898,-0.17434655129909515,-3.0400588512420654,0.49998999177655806,0.5145095464367316,0,0
-0.7918780446052551,-0.17202860116958618,-3.0400588512420654,0.49286481151668377,0.506155092792681,0,0
-0.7947174310684204,-0.16971063613891602,-3.0400588512420654,0.49087364884921914,0.49224326842103544,0,0
-0.7975567579269409,-0.16739265620708466,-3.0400588512420654,0.4892389020573199,0.5123281191863558,0,0
-0.8003961443901062,-0.1650746613740921,-3.0400588512420654,0.5070557221435144,0.49480234100111364,0,0
-0.8032355308532715,-0.16275666654109955,-3.0400588512420654,0.5047963076722354,0.5054138418866391,0,0
-0.8060749173164368,-0.1604386568069458,-3.0400588512420654,0.4878130156611249,0.4953216092882937,0,0
-0.8089141845703125,-0.15812063217163086,-3.0400588512420654,0.5120516901964949,0.5019278887476483,0,0
-0.8117534518241882,-0.1558026224374771,-3.0400588512420654,0.49749089153188253,0.5043016368065905,0,0
-0.814592719078064,-0.15348456799983978,-3.0400588512420654,0.5050662428435269,0.49277396519254246,0,0
-0.8174320459365845,-0.15116651356220245,-3.0400588512420654,0.49551994034868385,0.5097101538973202,0,0
-0.8202712535858154,-0.14884844422340393,-3.0400588512420654,0.502797642137146,0.49138104639995417,0,0
-0.8231104612350464,-0.1465303599834442,-3.0400588512420654,0.48647210859773143,0.49882897376470203,0,0
-0.8259497284889221,-0.1442122608423233,-3.0400588512420654,0.502441454039372,0.5018656443626309,0,0
-0.8287889361381531,-0.1418941468000412,-3.0400588512420654,0.5134987366022367,0.4944029426062931,0,0
-0.831628143787384,-0.1395760327577591,-3.0400588512420654,0.4937144447813702,0.4969693873360769,0,0
-0.834467351436615,-0.1372579038143158,-3.0400588512420654,0.5019515880443168,0.4954791208307645,0,0
-0.8373066186904907,-0.1349397599697113,-3.0400586128234863,0.5089490045409589,0.4967996972539078,0,0
-0.8401458263397217,-0.1326216757297516,-3.0400586128234863,0.4880144328484344,0.5129968123217824,0,0
-0.842985212802887,-0.13030359148979187,-3.0400586128234863,0.5063935029237594,0.49709176598537286,0,0
-0.845824658870697,-0.12798553705215454,-3.0400586128234863,0.5060568654565136,0.4987680334568812,0,0
-0.8486639857292175,-0.1256674826145172,-3.0400586128234863,0.5154257814374743,0.4996758924528613,0,0
-0.851503312587738,-0.12334947288036346,-3.0400586128234863,0.5056499920569925,0.5009929319141819,0,0
-0.8543426990509033,-0.1210315003991127,-3.0400586128234863,0.5088230638544322,0.4846022460416025,0,0
-0.8571821451187134,-0.11871354281902313,-3.0400586128234863,0.49349699500418015,0.49375335701453926,0,0
-0.8600215911865234,-0.11639559268951416,-3.0400586128234863,0.5158523214925133,0.49498127786467533,0,0
-0.8628609776496887,-0.11407767236232758,-3.0400586128234863,0.49404687240434614,0.4927947162840184,0,0
-0.8657004237174988,-0.11175977438688278,-3.0400586128234863,0.5082111716072586,0.5102689801570994,0,0
-0.8685398101806641,-0.10944189876317978,-3.0400586128234863,0.48100709659676155,0.5047916026153021,0,0
-0.8713793158531189,-0.10712404549121857,-3.0400586128234863,0.49905909887106736,0.5086053399752016,0,0
-0.8742187023162842,-0.10480619966983795,-3.0400586128234863,0.4974904869980228,0.4996815350505318,0,0
-0.8770581483840942,-0.10248840600252151,-3.0400586128234863,0.5118331905491512,0.5027204341489775,0,0
-0.8798976540565491,-0.10017062723636627,-3.0400586128234863,0.5016694485442366,0.5109176257545714,0,0
-0.8827372193336487,-0.09785286337137222,-3.0400586128234863,0.5066192926027911,0.5056513335099833,0,0
-0.8855767250061035,-0.09553513675928116,-3.0400586128234863,0.5101244316167037,0.49886894315880015,0,0
-0.8884162306785583,-0.09321741759777069,-3.0400586128234863,0.4782587775998202,0.5026386111761467,0,0
-0.8912559151649475,-0.09089971333742142,-3.0400586128234863,0.5034485718656163,0.501172743184922,0,0
-0.8940954208374023,-0.08858203887939453,-3.0400586128234863,0.5105682465049701,0.499908914574967,0,0
-0.896934986114502,-0.08626440912485123,-3.0400586128234863,0.48630126692375486,0.49111254648970065,0,0
-0.8997744917869568,-0.08394679427146912,-3.0400586128234863,0.5097419490946253,0.482686153554285,0,0
-0.9026142358779907,-0.0816291943192482,-3.0400586128234863,0.520207850732711,0.48497121562841083,0,0
-0.9054539203643799,-0.07931160926818848,-3.0400586128234863,0.48962878926513564,0.5026198762505393,0,0
-0.908293604850769,-0.07699405401945114,-3.0400586128234863,0.5047196023960241,0.4836211274710059,0,0
-0.9111332893371582,-0.0746765211224556,-3.0400586128234863,0.495670199628839,0.4983856797248142,0,0
-0.9139731526374817,-0.07235901057720184,-3.0400586128234863,0.49904292272972817,0.5086959514393157,0,0
-0.9168128371238708,-0.07004151493310928,-3.0400586128234863,0.49770750507745537,0.49812439510733614,0,0
-0.9196526408195496,-0.06772404909133911,-3.0400586128234863,0.5000838916809002,0.5109801785725827,0,0
-0.922492504119873,-0.06540660560131073,-3.0400586128234863,0.49427049269660883,0.502133516331157,0,0
-0.925332248210907,-0.06308918446302414,-3.0400586128234863,0.48560073094874245,0.49943743885643754,0,0
-0.9281719923019409,-0.060771774500608444,-3.0400586128234863,0.49300279670452685,0.4897480951741745,0,0
-0.9310118556022644,-0.05845438688993454,-3.0400586128234863,0.5168128866965408,0.49840078509172553,0,0
-0.9338517189025879,-0.05613703653216362,-3.0400586128234863,0.5057181074602938,0.49818664092013126,0,0
-0.9366915822029114,-0.0538196861743927,-3.0400586128234863,0.5120569080921004,0.4918843089854622,0,0
-0.9395313262939453,-0.05150236934423447,-3.0400586128234863,0.49083351311395707,0.5039743828833089,0,0
-0.9423711895942688,-0.04918505996465683,-3.0400586128234863,0.5152897640292043,0.4979549363125028,0,0
-0.9452111124992371,-0.04686778038740158,-3.0400586128234863,0.49070748106958273,0.49897944189590654,0,0
-0.9480510950088501,-0.04455052316188812,-3.0400586128234863,0.5085816188286265,0.4930010512889525,0,0
-0.9508910179138184,-0.04223328083753586,-3.0400586128234863,0.4985318979727575,0.5018313449877901,0,0
-0.9537309408187866,-0.03991606459021568,-3.0400586128234863,0.4988364970783783,0.5000157928119666,0,0
-0.9565709233283997,-0.0375988706946373,-3.0400586128234863,0.5007671181446283,0.5150003511095668,0,0
-0.9594109058380127,-0.03528169170022011,-3.0400586128234863,0.4941648473312034,0.49954167069171934,0,0
-0.962250828742981,-0.03296453505754471,-3.0400586128234863,0.5017437753238475,0.4946820878803579,0,0
-0.965090811252594,-0.03064739890396595,-3.0400586128234863,0.5097530594384847,0.489654656379246,0,0
-0.9679308533668518,-0.028330283239483833,-3.0400586128234863,0.4944974363994511,0.5067398793212567,0,0
-0.9707707762718201,-0.026013189926743507,-3.0400586128234863,0.47997101282750354,0.48785062982647204,0,0
-0.9736108183860779,-0.023696113377809525,-3.0400586128234863,0.5003628979249176,0.504064301924702,0,0
-0.97645103931427,-0.02137906104326248,-3.0400586128234863,0.4904095327311164,0.5066891503169282,0,0
-0.9792911410331726,-0.019062025472521782,-3.0400586128234863,0.5041530456517687,0.5052027982172402,0,0
-0.98213130235672,-0.016745012253522873,-3.0400586128234863,0.496263995695842,0.4893120041742887,0,0
-0.9849715232849121,-0.014428014867007732,-3.0400586128234863,0.49395285979190895,0.48555063688156336,0,0
-0.9878116846084595,-0.012111036106944084,-3.0400586128234863,0.5110903628515903,0.5076691209840213,0,0
-0.9906519055366516,-0.009794078767299652,-3.0400586128234863,0.4995187500803949,0.5088050045482503,0,0
-0.9934920072555542,-0.007477142382413149,-3.0400586128234863,0.5017139495619966,0.510224300672512,0,0
-0.9963322281837463,-0.005160222761332989,-3.0400586128234863,0.49637249760921986,0.5009287629728252,0,0
-0.9991723895072937,-0.00284332362934947,-3.0400586128234863,0.5035523405897029,0.49168548137634505,0,0
-1.0020126104354858,-0.0005264436476863921,-3.0400586128234863,0.5032025388969354,0.5024695057372764,0,0
-1.0048528909683228,0.0017904187552630901,-3.0400586128234863,0.4997830428431524,0.49946862597258584,0,0
-1.0076930522918701,0.004107259679585695,-3.0400586128234863,0.4934611578441636,0.4945987320641047,0,0
-1.010533332824707,0.006424084305763245,-3.0400586128234863,0.5202494478377024,0.4992690034793149,0,0
-1.0133737325668335,0.008740887977182865,-3.0400586128234863,0.48597666096254577,0.5150180527363782,0,0
-1.0162140130996704,0.011057674884796143,-3.0400586128234863,0.5099677554562485,0.4940458897882456,0,0
-1.0190542936325073,0.013374444097280502,-3.0400586128234863,0.4801849308916596,0.49439424200159554,0,0
-1.0218945741653442,0.01569119282066822,-3.0400586128234863,0.5159872917392871,0.5024990587183656,0,0
-1.0247347354888916,0.018007922917604446,-3.0400586128234863,0.5275504310660909,0.4983664527252816,0,0
-1.027575135231018,0.02032463438808918,-3.0400586128234863,0.5153101407525637,0.49645209406952573,0,0
-1.0304155349731445,0.022641325369477272,-3.0400586128234863,0.5060549215919546,0.5039889379421456,0,0
-1.0332560539245605,0.024957997724413872,-3.0400586128234863,0.49533772843372137,0.5032204212169024,0,0
-1.0360963344573975,0.02727465331554413,-3.0400586128234863,0.5135884831635774,0.48838559380345586,0,0
-1.038936734199524,0.029591292142868042,-3.0400586128234863,0.5109511912248572,0.5112353169482247,0,0
-1.0417770147323608,0.031907908618450165,-3.0400586128234863,0.4965571275657382,0.4916216682730878,0,0
-1.0446174144744873,0.03422451391816139,-3.0400586128234863,0.5105709298558923,0.5072401290059215,0,0
-1.0474576950073242,0.03654109314084053,-3.0400586128234863,0.49589744445628964,0.49348231212703436,0,0
-1.0502982139587402,0.03885766491293907,-3.0400586128234863,0.5166792827513416,0.5045736507922238,0,0
-1.0531387329101562,0.041174210608005524,-3.0400586128234863,0.5086572105897824,0.4961973721654932,0,0
-1.0559793710708618,0.04349074512720108,-3.0400586128234863,0.4957362169101108,0.489337568629991,0,0
-1.0588198900222778,0.045807257294654846,-3.0400586128234863,0.48250705531361426,0.4923919174104469,0,0
-1.0616604089736938,0.04812375456094742,-3.0400586128234863,0.49045808053504253,0.5111487436571245,0,0
-1.0645008087158203,0.0504402294754982,-3.0400586128234863,0.48609833834064536,0.500178041028702,0,0
-1.0673412084579468,0.05275668948888779,-3.0400586128234863,0.5086828375796382,0.5066632563046772,0,0
-1.0701817274093628,0.05507314205169678,-3.0400586128234863,0.505955150125922,0.517433447914696,0,0
-1.0730223655700684,0.05738955736160278,-3.0400586128234863,0.5014484018886133,0.5197957294275581,0,0
-1.0758628845214844,0.05970597267150879,-3.0400586128234863,0.496521409448984,0.505224458379804,0,0
-1.07870352268219,0.0620223693549633,-3.0400586128234863,0.4940386198324029,0.4910587261040137,0,0
-1.081544280052185,0.06433874368667603,-3.0400586128234863,0.4963110849281109,0.4971198393600788,0,0
-1.084384799003601,0.06665509939193726,-3.0400586128234863,0.4983736514885332,0.49601110303637064,0,0
-1.0872255563735962,0.06897144019603729,-3.0400586128234863,0.5008611424798343,0.5063348056730569,0,0
-1.0900660753250122,0.07128776609897614,-3.0400586128234863,0.5113197133877745,0.5076320069768512,0,0
-1.0929065942764282,0.07360407710075378,-3.0400586128234863,0.4927970765757472,0.48912694474203966,0,0
-1.0957473516464233,0.07592037320137024,-3.0400586128234863,0.5053714204506441,0.48798524684307626,0,0
-1.0985881090164185,0.0782366544008255,-3.0400586128234863,0.49492699997377115,0.4929492042564104,0,0
-1.101428747177124,0.08055292069911957,-3.0400586128234863,0.47729365222197206,0.4931749717296256,0,0
-1.1042695045471191,0.08286915719509125,-3.0400586128234863,0.4943968968501894,0.5130031909014487,0,0
-1.1071102619171143,0.08518537878990173,-3.0400586128234863,0.5115795859455478,0.4993149607872428,0,0
-1.1099510192871094,0.08750159293413162,-3.0400586128234863,0.49369292605487475,0.4980531371432492,0,0
-1.1127917766571045,0.08981779217720032,-3.0400586128234863,0.5085990747010859,0.4858788377484067,0,0
-1.1156325340270996,0.09213396161794662,-3.0400586128234863,0.4800754524229714,0.4937428492524127,0,0
-1.1184734106063843,0.09445012360811234,-3.0400586128234863,0.4947820910789612,0.48874843602757473,0,0
-1.121314287185669,0.09676625579595566,-3.0400586128234863,0.49768772935794525,0.49739300442600315,0,0
-1.124155044555664,0.09908236563205719,-3.0400586128234863,0.48472145015808876,0.5020539016896993,0,0
-1.1269959211349487,0.10139849036931992,-3.0400586128234863,0.5121621578333184,0.4974810504814831,0,0
-1.1298367977142334,0.10371457040309906,-3.0400586128234863,0.5079982150174387,0.4984503896258179,0,0
-1.132677674293518,0.1060306578874588,-3.0400586128234863,0.49424241890321224,0.4832671638772039,0,0
-1.1355185508728027,0.10834670811891556,-3.0400586128234863,0.517444958118299,0.5175639532261864,0,0
-1.1383593082427979,0.11066274344921112,-3.0400586128234863,0.5157164814261208,0.5089151428189219,0,0
-1.1412001848220825,0.11297877132892609,-3.0400586128234863,0.5045379564433438,0.49659556255015513,0,0
-1.1440409421920776,0.11529479920864105,-3.0400586128234863,0.49091081773939965,0.5043699871558653,0,0
-1.1468818187713623,0.11761079728603363,-3.0400586128234863,0.5164129258193777,0.4988774920473449,0,0
-1.149722695350647,0.11992678791284561,-3.0400586128234863,0.509812155633646,0.49453120441462667,0,0
-1.1525636911392212,0.122242771089077,-3.0400586128234863,0.49651677880553124,0.5114109266932239,0,0
-1.1554046869277954,0.1245587170124054,-3.0400586128234863,0.5272175848876959,0.5061771841974234,0,0
-1.1582456827163696,0.126874640583992,-3.0400586128234863,0.49293683401995,0.49974686261598145,0,0
-1.1610865592956543,0.1291905641555786,-3.0400586128234863,0.4876334030593508,0.5048370143902708,0,0
-1.163927435874939,0.13150648772716522,-3.0400586128234863,0.5137755200380696,0.5203132040750607,0,0
-1.1667683124542236,0.13382238149642944,-3.0400586128234863,0.4940164207410703,0.5003197042133914,0,0
-1.1696093082427979,0.13613826036453247,-3.0400586128234863,0.5084739885518196,0.5076922865733215,0,0
-1.1724504232406616,0.1384541392326355,-3.0400586128234863,0.509609915315514,0.4872024400980921,0,0
-1.1752915382385254,0.14076998829841614,-3.0400586128234863,0.496796931873639,0.5034111945834698,0,0
-1.1781326532363892,0.14308583736419678,-3.0400586128234863,0.505193412270215,0.48620633768025684,0,0
-1.1809738874435425,0.14540165662765503,-3.0400586128234863,0.5159036419775679,0.5004176884528222,0,0
-1.1838151216506958,0.1477174609899521,-3.0400586128234863,0.49511200967158747,0.48598118390337,0,0
-1.1866562366485596,0.15003325045108795,-3.0400586128234863,0.5024995134591752,0.49353566461018095,0,0
-1.189497470855713,0.15234902501106262,-3.0400586128234863,0.5078124187597008,0.5005145215820884,0,0
-1.1923385858535767,0.1546647846698761,-3.0400586128234863,0.5011889888397103,0.4799176952753359,0,0
-1.1951797008514404,0.15698052942752838,-3.0400586128234863,0.48846497723916543,0.49184445550628336,0,0
-1.1980209350585938,0.15929624438285828,-3.0400586128234863,0.5053029895037302,0.48828777188642647,0,0
-1.2008620500564575,0.16161197423934937,-3.0400586128234863,0.4950721579319744,0.5151710859096381,0,0
-1.2037030458450317,0.16392765939235687,-3.0400586128234863,0.50114085106254,0.4828133775445772,0,0
-1.206544280052185,0.16624335944652557,-3.0400586128234863,0.49848526453958975,0.5029590164383035,0,0
-1.209385633468628,0.1685590296983719,-3.0400586128234863,0.5066867360651951,0.50647350801209,0,0
-1.2122268676757812,0.1708746999502182,-3.0400586128234863,0.5048659834186372,0.4884797882044683,0,0
-1.2150682210922241,0.17319032549858093,-3.0400586128234863,0.5017882267796894,0.49144530765647465,0,0
-1.217909336090088,0.17550595104694366,-3.0400586128234863,0.4997409146723464,0.49893723314147687,0,0
-1.2207504510879517,0.1778215765953064,-3.0400586128234863,0.488138019131961,0.5154631032020517,0,0
-1.223591685295105,0.18013715744018555,-3.0400586128234863,0.5107415995805143,0.48491863562110293,0,0
-1.2264328002929688,0.1824527531862259,-3.0400586128234863,0.4960941157023344,0.49211743255911494,0,0
-1.2292739152908325,0.18476833403110504,-3.0400586128234863,0.4967040636965595,0.49415733114656557,0,0
-1.2321151494979858,0.1870838701725006,-3.0400586128234863,0.4978500865403628,0.48050690981392324,0,0
-1.2349562644958496,0.18939945101737976,-3.0400586128234863,0.48293044667973956,0.5147726085079969,0,0
-1.2377973794937134,0.19171498715877533,-3.0400586128234863,0.49705026544153746,0.5087859284463541,0,0
-1.2406387329101562,0.1940305233001709,-3.0400586128234863,0.5046388929059985,0.5108867993197778,0,0
-1.2434800863265991,0.1963459998369217,-3.0400586128234863,0.500159036476766,0.4973901030480301,0,0
-1.2463213205337524,0.19866152107715607,-3.0400586128234863,0.5043506993624601,0.49676949250314756,0,0
-1.2491626739501953,0.20097696781158447,-3.0400586128234863,0.5038850090538517,0.49997854748118575,0,0
-1.2520039081573486,0.20329245924949646,-3.0400586128234863,0.495171922317664,0.4960909808867079,0,0
-1.254845142364502,0.20560790598392487,-3.0400586128234863,0.4944634628187784,0.5028193577715542,0,0
-1.2576866149902344,0.20792336761951447,-3.0400586128234863,0.499122223338834,0.5006738285789842,0,0
-1.2605280876159668,0.21023878455162048,-3.0400586128234863,0.5142670129825803,0.4947226704892375,0,0
-1.2633694410324097,0.2125542163848877,-3.0400586128234863,0.5168440269585476,0.4909135174718785,0,0
-1.266210675239563,0.21486957371234894,-3.0400586128234863,0.4882547502561831,0.49571267912130873,0,0
-1.2690519094467163,0.21718496084213257,-3.0400586128234863,0.5078499992397886,0.5007273733178933,0,0
-1.2718933820724487,0.2195003479719162,-3.0400586128234863,0.5013334577573243,0.5059945167640119,0,0
-1.2747347354888916,0.22181572020053864,-3.0400586128234863,0.4973707320039153,0.48665750776468797,0,0
-1.277576208114624,0.22413109242916107,-3.0400586128234863,0.5059053098008999,0.5128850603799082,0,0
-1.2804176807403564,0.22644640505313873,-3.0400586128234863,0.48887580557940064,0.49804524390236316,0,0
-1.2832591533660889,0.22876177728176117,-3.0400586128234863,0.5070560845970675,0.49703813898607424,0,0
-1.2861006259918213,0.23107707500457764,-3.0400586128234863,0.49561811003346984,0.503563109223552,0,0
-1.2889420986175537,0.2333924025297165,-3.0400586128234863,0.5150021170885912,0.49346916020208864,0,0
-1.2917835712432861,0.23570770025253296,-3.0400586128234863,0.7780366672448474,0.5125109076962063,0,0
-1.294625163078308,0.23802295327186584,-3.0400586128234863,0.7829044099980644,0.49958623367757937,0,0
-1.297466516494751,0.24033822119235992,-3.0400586128234863,0.7938231189904625,0.5166794753770415,0,0
-1.3003079891204834,0.24265341460704803,-3.0400586128234863,0.7859542450508711,0.4833672328199519,0,0
-1.3031493425369263,0.24496868252754211,-3.0400586128234863,0.7875483508468645,0.4985633422732394,0,0
-1.3059909343719482,0.2472839206457138,-3.0400586128234863,0.7887204488630725,0.4983706983940449,0,0
-1.3088326454162598,0.24959911406040192,-3.0400586128234863,0.7864759757025674,0.5165770000843115,0,0
-1.3116742372512817,0.25191429257392883,-3.0400586128234863,0.7959259906267098,0.49965425156560844,0,0
-1.3145157098770142,0.25422951579093933,-3.0400586128234863,0.797404953024294,0.5036997316280044,0,0
-1.3173573017120361,0.25654464960098267,-3.0400586128234863,0.8027509508576229,0.5176678411606606,0,0
-1.3201990127563477,0.2588598132133484,-3.0400586128234863,0.7464632154860387,0.7787803337924859,0,0
-1.3230406045913696,0.2611749768257141,-3.0400586128234863,0.745347112846842,0.7661056998962418,0,0
-1.3258821964263916,0.26349011063575745,-3.0400586128234863,0.7416822087746057,0.7784019263382376,0,0
-1.3287237882614136,0.2658052444458008,-3.0400586128234863,0.746958710168471,0.7637745810583789,0,0
-1.331565499305725,0.2681203782558441,-3.0400586128234863,0.7511936734187163,0.7827092600246378,0,0
-1.3344069719314575,0.27043548226356506,-3.0400586128234863,0.7500048673725931,0.7812188030843058,0,0
-1.33724844455719,0.27275052666664124,-3.0400586128234863,0.7520486099454149,0.783435605086099,0,0
-1.3400901556015015,0.2750656008720398,-3.0400586128234863,0.7460202568927535,0.7760926068718339,0,0
-1.342931866645813,0.27738067507743835,-3.0400586128234863,0.7419356991742871,0.7560993909180886,0,0
-1.3457735776901245,0.2796957194805145,-3.0400586128234863,0.7458933297217702,0.7619261226800386,0,0
-1.348615288734436,0.2820107340812683,-3.0400586128234863,0.7267421350326367,0.7367758546222095,0,0
-1.351457118988037,0.2843257486820221,-3.0400586128234863,0.7104320298409483,0.7361605660556769,0,0
-1.3542988300323486,0.28664079308509827,-3.0400586128234863,0.7186936998204873,0.7452558776713664,0,0
-1.3571406602859497,0.28895580768585205,-3.0400586128234863,0.7125731094429248,0.7373398438178215,0,0
-1.3599823713302612,0.29127079248428345,-3.0400586128234863,0.7076708253080218,0.7411265732155204,0,0
-1.3628239631652832,0.29358577728271484,-3.0400586128234863,0.7159394500365976,0.7412877181858044,0,0
-1.3656657934188843,0.29590076208114624,-3.0400586128234863,0.7016855237026105,0.7316292848265203,0,0
-1.3685075044631958,0.29821574687957764,-3.0400586128234863,0.7201181718328035,0.7365655996499869,0,0
-1.3713490962982178,0.30053070187568665,-3.0400586128234863,0.7145397951031999,0.7351150290571473,0,0
-1.3741909265518188,0.30284562706947327,-3.0400586128234863,0.7193819573442206,0.7288068641102101,0,0
-1.37703275680542,0.3051605224609375,-3.0400586128234863,0.6957238970880051,0.6950477558302661,0,0
-1.3798747062683105,0.3074754476547241,-3.0400586128234863,0.6808347854812526,0.7055312531592832,0,0
-1.3827165365219116,0.30979034304618835,-3.0400586128234863,0.7033743640585499,0.7076016718736393,0,0
-1.3855582475662231,0.3121052384376526,-3.0400586128234863,0.6904616752189081,0.7093756666401135,0,0
-1.3884001970291138,0.31442010402679443,-3.0400586128234863,0.669556214260652,0.7028039587794169,0,0
-1.3912419080734253,0.3167349696159363,-3.0400586128234863,0.6823490328768417,0.7101976656603776,0,0
-1.394083857536316,0.3190498352050781,-3.0400586128234863,0.7034100496347202,0.6947363364210617,0,0
-1.396925687789917,0.3213646709918976,-3.0400586128234863,0.6727341683621703,0.7157632124549514,0,0
-1.3997673988342285,0.32367947697639465,-3.0400586128234863,0.6986707378892326,0.6796123886351231,0,0
-1.40260910987854,0.3259943127632141,-3.0400586128234863,0.6890793229639374,0.6907290834819237,0,0
-1.4054508209228516,0.3283091187477112,-3.0400586128234863,0.6512456267451658,0.6656937125097016,0,0
-1.408292531967163,0.33062392473220825,-3.0400586128234863,0.6476226821814727,0.654696353768697,0,0
-1.4111343622207642,0.3329387307167053,-3.0400586128234863,0.6353735465829318,0.6460758194058,0,0
-1.4139760732650757,0.33525350689888,-3.0400586128234863,0.653509939576363,0.6701078693737803,0,0
-1.4168181419372559,0.3375682830810547,-3.0400586128234863,0.6447434074032424,0.6656203993278966,0,0
-1.419659972190857,0.3398829996585846,-3.0400586128234863,0.6402304204039786,0.6552711858005653,0,0
-1.4225021600723267,0.3421977758407593,-3.0400586128234863,0.6533610525929554,0.6500342172765637,0,0
-1.4253439903259277,0.3445125222206116,-3.0400586128234863,0.6355363288011178,0.6480202856282471,0,0
-1.428186058998108,0.3468272387981415,-3.0400586128234863,0.631012735072614,0.6633628450859101,0,0
-1.431028127670288,0.3491419553756714,-3.0400586128234863,0.6358732006860237,0.6478450831213466,0,0
-1.4338700771331787,0.3514566719532013,-3.0400586128234863,0.5989251020304556,0.6148351059976377,0,0
-1.4367119073867798,0.3537713289260864,-3.0400586128234863,0.6107745300154156,0.6128374439503141,0,0
-1.4395537376403809,0.35608604550361633,-3.0400586128234863,0.6093366581608337,0.6292915776576767,0,0
-1.442395806312561,0.35840076208114624,-3.0400586128234863,0.6083302083722981,0.620470870273406,0,0
-1.445237636566162,0.36071541905403137,-3.0400586128234863,0.6054277283408638,0.6081296725490222,0,0
-1.4480798244476318,0.3630301058292389,-3.0400586128234863,0.5969465859378498,0.6322617596019904,0,0
-1.450921654701233,0.3653447926044464,-3.0400586128234863,0.6058298934603682,0.6504775722339111,0,0
-1.4537638425827026,0.36765938997268677,-3.0400586128234863,0.5935079405022109,0.6381060370879815,0,0
-1.456606149673462,0.3699739873409271,-3.0400586128234863,0.5900894473590693,0.6293979924370403,0,0
-1.4594480991363525,0.37228861451148987,-3.0400586128234863,0.5934227004083737,0.6171296072254042,0,0
-1.4622900485992432,0.3746032118797302,-3.0400586128234863,0.5682850677111281,0.5880311870119577,0,0
-1.4651319980621338,0.3769178092479706,-3.0400586128234863,0.560918851893705,0.6010391213769146,0,0
-1.467974305152893,0.3792324364185333,-3.0400586128234863,0.581473105251931,0.5891076221993716,0,0
-1.4708160161972046,0.3815470039844513,-3.0400586128234863,0.5631150797846882,0.592840084238662,0,0
-1.4736579656600952,0.38386157155036926,-3.0400586128234863,0.567732172564417,0.5968924077784331,0,0
-1.4764999151229858,0.38617613911628723,-3.0400586128234863,0.5655321254110268,0.5894424337971489,0,0
-1.4793421030044556,0.3884906470775604,-3.0400586128234863,0.5697492873387238,0.5625284202524216,0,0
-1.4821839332580566,0.390805184841156,-3.0400586128234863,0.5626696676317996,0.5777253213727128,0,0
-1.485026240348816,0.3931196928024292,-3.0400586128234863,0.5498068444230293,0.593113623405091,0,0
-1.4878684282302856,0.3954342305660248,-3.0400586128234863,0.5764653257779645,0.5907669571595914,0,0
-1.4907106161117554,0.397748738527298,-3.0400586128234863,0.536498169118865,0.5474395910660724,0,0
-1.493552803993225,0.40006330609321594,-3.0400586128234863,0.5260122196269784,0.5753848358042074,0,0
-1.4963947534561157,0.40237775444984436,-3.0400586128234863,0.5340656148448498,0.5673999129155064,0,0
-1.499237060546875,0.40469226241111755,-3.0400586128234863,0.5281827820475492,0.5635943322109185,0,0
-1.5020792484283447,0.40700677037239075,-3.0400586128234863,0.5270665528567957,0.5584349013108787,0,0
-1.5049214363098145,0.4093211889266968,-3.0400586128234863,0.5458021432964771,0.5523945429793193,0,0
-1.5077635049819946,0.4116356074810028,-3.0400586128234863,0.5404398594965493,0.5412229516220484,0,0
-1.5106055736541748,0.4139500558376312,-3.0400586128234863,0.522704596708626,0.5523184848944191,0,0
-1.5134479999542236,0.41626444458961487,-3.0400586128234863,0.5313664389831545,0.5607285062221179,0,0
-1.516290307044983,0.4185789227485657,-3.0400586128234863,0.5206341337018101,0.5528695209467052,0,0
-1.5191326141357422,0.4208933115005493,-3.0400586128234863,0.5046671343346011,0.513899632126536,0,0
-1.5219746828079224,0.42320775985717773,-3.0400586128234863,0.5060154774307563,0.5155568796309994,0,0
-1.5248167514801025,0.425522118806839,-3.0400586128234863,0.49860087348831955,0.5222453428030536,0,0
-1.5276590585708618,0.42783650755882263,-3.0400586128234863,0.507258894913522,0.5122562282277452,0,0
-1.530501127243042,0.43015092611312866,-3.0400586128234863,0.5103660615731267,0.5168366193346029,0,0
-1.5333431959152222,0.4324653148651123,-3.0400586128234863,0.5083043093460767,0.5239252857949707,0,0
-1.5361855030059814,0.43477964401245117,-3.0400586128234863,0.5102788888714743,0.5277449704273088,0,0
-1.5390278100967407,0.43709397315979004,-3.0400586128234863,0.49986228738793215,0.5307980299983215,0,0
-1.541869878768921,0.4394082725048065,-3.0400586128234863,0.49275023381437705,0.5125484040674906,0,0
-1.5447121858596802,0.4417226016521454,-3.0400586128234863,0.5015718935086299,0.5176188696518152,0,0
-1.5475544929504395,0.4440370202064514,-3.0400586128234863,0.453241222961172,0.4657954784751745,0,0
-1.5503966808319092,0.4463513195514679,-3.0400586128234863,0.4664510094491532,0.4683696275091365,0,0
-1.553239107131958,0.4486655592918396,-3.0400586128234863,0.45128799170926603,0.46139959135772274,0,0
-1.5560816526412964,0.45098012685775757,-3.0398647785186768,0.4400396456832615,0.4968764734725409,0,0
-1.558922529220581,0.453292578458786,-3.039564609527588,0.4642799335523796,0.47607389076289375,0,0
-1.5617595911026,0.4556000232696533,-3.0392143726348877,0.466113120824679,0.47078187049098663,0,0
-1.5645899772644043,0.45789939165115356,-3.038835048675537,0.4570182431199425,0.46814895602868006,0,0
-1.56741201877594,0.460188090801239,-3.038231611251831,0.43826810093234114,0.4833001907962433,0,0
-1.5702219009399414,0.4624617099761963,-3.037323236465454,0.44570317365733914,0.4801662384123893,0,0
-1.5730159282684326,0.4647130072116852,-3.036263942718506,0.45604643884306995,0.4641122492008613,0,0
-1.575798511505127,0.466955304145813,-3.0352320671081543,0.43141567095689676,0.4463669386087949,0,0
-1.5785554647445679,0.46916231513023376,-3.0341150760650635,0.42005762571398575,0.44142056351293146,0,0
-1.5812784433364868,0.4713282585144043,-3.0329134464263916,0.42456108182114966,0.43609044453037915,0,0
-1.5839550495147705,0.47345003485679626,-3.0317044258117676,0.4134560822165112,0.42800108915608326,0,0
-1.586571216583252,0.475527286529541,-3.030423641204834,0.4206630145668246,0.44345061337256453,0,0
-1.5891098976135254,0.47756367921829224,-3.028860092163086,0.40307868254609447,0.46612530659448126,0,0
-1.5915559530258179,0.47956380248069763,-3.0273594856262207,0.42889694009444884,0.4362966014579527,0,0
-1.5938924551010132,0.4815343916416168,-3.0258684158325195,0.4471988078818354,0.44660273087023894,0,0
-1.5961040258407593,0.48348361253738403,-3.0242035388946533,0.44424825049425526,0.4606612525639256,0,0
-1.5981758832931519,0.48541688919067383,-3.022304058074951,0.43822060853267975,0.4510512316323799,0,0
-1.6000984907150269,0.48733505606651306,-3.0203065872192383,0.40285205432685,0.4102945958871127,0,0
-1.6018644571304321,0.48923739790916443,-3.0183258056640625,0.410779722820336,0.4247068513410679,0,0
-1.6034685373306274,0.4911231994628906,-3.0161337852478027,0.395684767375246,0.4140472540732844,0,0
-1.6049085855484009,0.492991179227829,-3.013697862625122,0.39118232918685164,0.40336827860830576,0,0
-1.6061865091323853,0.49483931064605713,-3.011171579360962,0.379666163409503,0.38486912508994275,0,0
-1.6073064804077148,0.4966638386249542,-3.0084421634674072,0.3694120014922504,0.41805092670727834,0,0
-1.608276605606079,0.49845999479293823,-3.005453586578369,0.3839830388998759,0.40627824143075386,0,0
-1.6091067790985107,0.5002225637435913,-3.0023813247680664,0.40789760910271566,0.4063097948360328,0,0
-1.6098068952560425,0.5019479393959045,-2.9991252422332764,0.39075126866884785,0.4009838739044622,0,0
-1.6103860139846802,0.503631591796875,-2.995638847351074,0.39175591902152285,0.415452302236788,0,0
-1.610854148864746,0.5052688121795654,-2.9920482635498047,0.37114632763991073,0.3660154583564632,0,0
-1.6112228631973267,0.5068541765213013,-2.988348960876465,0.36210253545208143,0.4019153617215072,0,0
-1.6115021705627441,0.5083833336830139,-2.9846084117889404,0.38485430046765035,0.3780375934064678,0,0
-1.6117020845413208,0.5098519325256348,-2.980860948562622,0.36523589827137526,0.380372221247154,0,0
-1.6118290424346924,0.5112557411193848,-2.9771697521209717,0.36574942023645385,0.379122617915151,0,0
-1.6118888854980469,0.5125902891159058,-2.973578929901123,0.37524769711489003,0.3907286195359724,0,0
-1.6118861436843872,0.5138514637947083,-2.970118522644043,0.3727940180538925,0.38127083641559234,0,0
-1.611823558807373,0.515035092830658,-2.966799736022949,0.3894059785375359,0.392939931103477,0,0
-1.6117055416107178,0.5161376595497131,-2.9636292457580566,0.3590435775007193,0.3817749448665334,0,0
-1.6115355491638184,0.5171554684638977,-2.9606029987335205,0.37478686290812147,0.3769948667291117,0,0
-1.6113170385360718,0.5180856585502625,-2.9577157497406006,0.36507906950495544,0.3643728608600834,0,0
-1.61105477809906,0.5189263224601746,-2.9549543857574463,0.3617261431799249,0.3729856290466327,0,0
-1.6107509136199951,0.5196764469146729,-2.9523162841796875,0.36032273731651004,0.3675483648478167,0,0
-1.6104093790054321,0.5203368067741394,-2.9498002529144287,0.37789874083780095,0.38955168974794685,0,0
-1.6100341081619263,0.5209088325500488,-2.947394609451294,0.3626703677957798,0.3731367947219638,0,0
-1.6096278429031372,0.5213950872421265,-2.945096015930176,0.3760969990293898,0.3842344802569183,0,0
-1.6091933250427246,0.5217987895011902,-2.9428954124450684,0.3507930092507848,0.36225474740084856,0,0
-1.608733892440796,0.5221239924430847,-2.9407970905303955,0.3623806455890683,0.36329068508434137,0,0
-1.6082518100738525,0.5223754048347473,-2.9387919902801514,0.3662140962976111,0.3676441254007928,0,0
-1.6077487468719482,0.5225581526756287,-2.9368793964385986,0.36101063411025763,0.36571616968946047,1,1
-1.6072278022766113,0.5226775407791138,-2.935049295425415,0.35210706984476015,0.3939016831816538,0,0
-1.6066902875900269,0.5227386951446533,-2.9333040714263916,0.3677029671002328,0.35801329127695997,0,0
-1.6061373949050903,0.5227465033531189,-2.9316329956054688,0.3709907871652552,0.3876674807759582,0,0
-1.6055701971054077,0.5227060914039612,-2.930037021636963,0.3734150902026686,0.3630964536135557,0,0
-1.6049891710281372,0.5226221084594727,-2.9285128116607666,0.36895834967006885,0.37008026924904414,0,0
-1.6043949127197266,0.5224989652633667,-2.9270572662353516,0.3634338684705826,0.3823587905692373,0,0
-1.603788137435913,0.5223402976989746,-2.9256668090820312,0.38836181750100035,0.377451645238843,0,0
-1.6031699180603027,0.5221495628356934,-2.924335241317749,0.36884008044822675,0.35275144757702226,0,0
-1.6025400161743164,0.5219298601150513,-2.9230635166168213,0.3734434010122632,0.37671855895801304,0,0
-1.6018993854522705,0.5216835737228394,-2.9218459129333496,0.37438426785697854,0.3887276328449096,0,0
-1.601248860359192,0.5214133858680725,-2.920686721801758,0.36661945481895125,0.37682170477357435,0,0
-1.6005891561508179,0.5211215615272522,-2.9195783138275146,0.3713736026159725,0.36939773941733745,0,0
-1.5999208688735962,0.5208104252815247,-2.918524980545044,0.36736073242646894,0.36524212854484006,0,0
-1.5992443561553955,0.5204819440841675,-2.9175169467926025,0.3674383491903973,0.3924171225019485,0,0
-1.5985606908798218,0.5201380848884583,-2.9165523052215576,0.3709294886036846,0.37537738326714315,0,0
-1.5978695154190063,0.5197802782058716,-2.9156296253204346,0.3850591422536822,0.3899605656761256,0,0
-1.5971720218658447,0.5194099545478821,-2.9147486686706543,0.3728060592908897,0.3741115723880689,0,0
-1.5964677333831787,0.5190282464027405,-2.9139091968536377,0.3579104271497646,0.36194608573233866,0,0
-1.5957579612731934,0.518636167049408,-2.9131035804748535,0.3743864401372892,0.3881829285531552,0,0
-1.5950422286987305,0.5182346701622009,-2.9123387336730957,0.3693557065488247,0.38002725387192454,0,0
-1.5943212509155273,0.5178247094154358,-2.9116077423095703,0.359631370229976,0.3804942758234488,0,0
-1.5935953855514526,0.5174070000648499,-2.910909652709961,0.38132100040007877,0.376466701731005,0,0
-1.5928653478622437,0.51698237657547,-2.9102418422698975,0.367772339140136,0.36540470844963435,0,0
-1.5921316146850586,0.516551673412323,-2.909605026245117,0.3687595321852351,0.3851666566926976,0,0
-1.5913937091827393,0.5161154866218567,-2.908993721008301,0.3700722902972134,0.37585334478788834,0,0
-1.590652346611023,0.5156742930412292,-2.908409357070923,0.3950434809742709,0.37668998397588666,0,0
-1.5899078845977783,0.5152287483215332,-2.907853603363037,0.37744438644573886,0.3670039237191119,0,0
-1.5891603231430054,0.5147790908813477,-2.9073212146759033,0.3945096156442172,0.36588827380199246,0,0
-1.5884099006652832,0.5143258571624756,-2.9068124294281006,0.3884845063277755,0.3783289174683709,0,0
-1.5876569747924805,0.5138694047927856,-2.9063265323638916,0.39229960172855693,0.3883516386898488,0,0
-1.5869016647338867,0.5134101510047913,-2.9056715965270996,0.3860317893725339,0.40444964486688895,0,0
-1.5861444473266602,0.5129486918449402,-2.9047329425811768,0.3884034140335069,0.40340712714494986,0,0
-1.585387110710144,0.5124866962432861,-2.903655529022217,0.3795937259694551,0.38432297909611696,0,0
-1.5846303701400757,0.5120258331298828,-2.9025163650512695,0.39771554661996633,0.38935042795489816,0,0
-1.5838762521743774,0.5115676522254944,-2.901360273361206,0.3980095351422492,0.3785029620026851,0,0
-1.583126187324524,0.5111135244369507,-2.900217294692993,0.3840093316687595,0.38281889043690676,0,0
-1.5823802947998047,0.5106646418571472,-2.898911952972412,0.397966117064127,0.40974815415793286,0,0
-1.5816400051116943,0.5102216601371765,-2.8975374698638916,0.4009299951666086,0.40433155212378846,0,0
-1.5809047222137451,0.5097883343696594,-2.896345615386963,0.4175448598964523,0.39753673798674943,0,0
-1.580174207687378,0.5093692541122437,-2.8952746391296387,0.38689650645806145,0.3909705928822766,1,1
-1.5794484615325928,0.5089686512947083,-2.8942933082580566,0.3936937214018178,0.3982575075111108,0,0
-1.5787266492843628,0.5085899233818054,-2.8931851387023926,0.399873045418484,0.40567265796794083,0,0
-1.578009843826294,0.5082349181175232,-2.892026662826538,0.4154867475833074,0.41795774757804227,0,0
-1.5772968530654907,0.5079079866409302,-2.890856981277466,0.39518254342786074,0.384078610447884,0,0
-1.5765862464904785,0.507612943649292,-2.8897104263305664,0.375851843044757,0.390028553389278,0,0
-1.57587730884552,0.5073527097702026,-2.8887927532196045,0.4078001767108869,0.391955093393957,0,0
-1.5751690864562988,0.5071286559104919,-2.8882100582122803,0.40488448973946484,0.38703153795419654,0,0
-1.5744608640670776,0.5069407820701599,-2.8880224227905273,0.4226049095343188,0.3964079732678512,0,0
-1.5737537145614624,0.506787896156311,-2.8880603313446045,0.3912568765977741,0.396345957546325,0,0
-1.5730488300323486,0.5066670179367065,-2.888230085372925,0.406050538458502,0.4131523947824387,0,0
-1.572346568107605,0.506576657295227,-2.8884739875793457,0.41621942406248125,0.40392249338252917,0,0
-1.5716463327407837,0.5065187215805054,-2.888759136199951,0.40032953581494457,0.4066975170205822,0,0
-1.5709452629089355,0.5064986348152161,-2.889058828353882,0.3901619377144704,0.39943349336472966,0,0
-1.5702402591705322,0.5065219402313232,-2.889357089996338,0.39439866544222757,0.38621412293391433,0,0
-1.5695278644561768,0.5065925717353821,-2.889458179473877,0.39110198863962053,0.42201159943685523,0,0
-1.5688061714172363,0.5067125558853149,-2.8892483711242676,0.3954483784239454,0.4148895581769557,0,0
-1.5680747032165527,0.5068817734718323,-2.888868570327759,0.4155955963544362,0.42110341850155164,0,0
-1.5673329830169678,0.5071008205413818,-2.888589382171631,0.41053165543005693,0.3928679007246899,0,0
-1.56658136844635,0.5073692798614502,-2.8881731033325195,0.3815052298529593,0.4046724962583743,0,0
-1.5658212900161743,0.5076852440834045,-2.887692928314209,0.40154785578725943,0.4167880486344599,0,0
-1.565055012702942,0.5080483555793762,-2.886989116668701,0.3973274962227294,0.4189070759670529,0,0
-1.564284086227417,0.5084575414657593,-2.8861756324768066,0.4242117798620732,0.40418241996031584,0,0
-1.563509225845337,0.5089130997657776,-2.885316848754883,0.4133241232858432,0.4030519129467013,0,0
-1.5627310276031494,0.5094172954559326,-2.884457588195801,0.40832025634610625,0.4064251117753329,0,0
-1.5619479417800903,0.5099744200706482,-2.8836095333099365,0.422221573349347,0.41242728149420305,0,0
-1.5611565113067627,0.5105904936790466,-2.882779836654663,0.42262232631106844,0.41231913659670394,0,0
-1.5603528022766113,0.5112729668617249,-2.8819806575775146,0.41388120418993785,0.420488564785372,0,0
-1.559531807899475,0.5120300054550171,-2.8812315464019775,0.42674881687680094,0.40704694209172104,0,0
-1.5586881637573242,0.5128704309463501,-2.8807265758514404,0.40869919234330104,0.39971203070288003,0,0
-1.5578168630599976,0.5138000845909119,-2.880356788635254,0.41486700141995053,0.42953784242185955,0,0
-1.556915521621704,0.5148229002952576,-2.8800666332244873,0.4115781009773168,0.40672627146061063,0,0
-1.5559815168380737,0.5159412026405334,-2.8798279762268066,0.40573035003093244,0.40854992202077517,0,0
-1.5550122261047363,0.517157256603241,-2.879812002182007,0.43108969806083103,0.39055595216395333,0,0
-1.554006576538086,0.5184690952301025,-2.879920482635498,0.40520315132675605,0.41063578223463754,0,0
-1.552964448928833,0.5198736190795898,-2.880096912384033,0.43984583211208356,0.40649582124953576,0,0
-1.5518865585327148,0.521367073059082,-2.8803024291992188,0.4279623784232248,0.4081722404477152,0,0
-1.5507725477218628,0.5229459404945374,-2.8805158138275146,0.43269048891836487,0.418153441257001,0,0
-1.5496238470077515,0.5246068239212036,-2.8807296752929688,0.4231000557497016,0.40954655622945785,0,0
-1.548439860343933,0.5263468027114868,-2.8809452056884766,0.4160901480219162,0.40603742995572384,0,0
-1.5472208261489868,0.5281633138656616,-2.8813364505767822,0.4007437339802007,0.3961251422254743,1,1
-1.5459680557250977,0.530051589012146,-2.881826639175415,0.4265460651735632,0.40585821485001333,0,0
-1.5446830987930298,0.5320057272911072,-2.8823728561401367,0.4052118829862069,0.418120182419289,0,0
-1.5433685779571533,0.534019947052002,-2.882962942123413,0.41526358917065415,0.41184497488506655,0,0
-1.5420267581939697,0.536088764667511,-2.8835525512695312,0.4227676641410734,0.42603816280842677,0,0
-1.5406605005264282,0.5382082462310791,-2.8841185569763184,0.42570212181186323,0.4130506487394563,0,0
-1.539271593093872,0.5403757691383362,-2.884678363800049,0.41119355447738787,0.41421430813045085,0,0
-1.5378613471984863,0.542589545249939,-2.8852267265319824,0.4047779987212221,0.4263688510038022,0,0
-1.5364305973052979,0.544848620891571,-2.8857598304748535,0.4118944568790552,0.4170047564119946,0,0
-1.534980297088623,0.5471526980400085,-2.886272668838501,0.41875579232041216,0.4191249418905337,0,0
-1.5335103273391724,0.5495014190673828,-2.886763572692871,0.4126514428439604,0.42605839647886884,0,0
-1.5320212841033936,0.5518949031829834,-2.887237071990967,0.43777725710673343,0.4126026073579102,0,0
-1.5305126905441284,0.5543329119682312,-2.8876852989196777,0.4229336239226364,0.41604101171574065,0,0
-1.528984546661377,0.5568152070045471,-2.8881137371063232,0.4165337075913577,0.40670284650595245,0,0
-1.5274368524551392,0.5593411922454834,-2.8885228633880615,0.44217582441506975,0.411565243463488,0,0
-1.5258700847625732,0.5619102120399475,-2.8889143466949463,0.4165372633806396,0.42211053333312193,0,0
-1.5242843627929688,0.564521074295044,-2.889291286468506,0.4244477129424287,0.40804741821835216,0,0
-1.5226796865463257,0.5671725273132324,-2.889646053314209,0.4025499849405665,0.41950199449403164,0,0
-1.5210567712783813,0.5698627829551697,-2.8899831771850586,0.40977144569986146,0.42106389619331924,0,0
-1.5194159746170044,0.572590172290802,-2.8903019428253174,0.43414938073557285,0.42750721272341496,0,0
-1.5177587270736694,0.5753527283668518,-2.890608549118042,0.4093332690829631,0.4091852727663153,0,0
-1.5160858631134033,0.5781484842300415,-2.8910930156707764,0.40517688541163194,0.3950904687036256,0,0
-1.5143986940383911,0.5809730291366577,-2.8916685581207275,0.43226587095657987,0.4234279656088102,0,0
-1.5126997232437134,0.5838208198547363,-2.8922741413116455,0.4290535896141863,0.42168474907851516,0,0
-1.510990023612976,0.586686372756958,-2.8928658962249756,0.41937637574614633,0.40401364836165177,0,0
-1.5092707872390747,0.5895648002624512,-2.8934566974639893,0.4211762485890935,0.4251176116465855,0,0
-1.507542610168457,0.5924515128135681,-2.894015312194824,0.4217830621643801,0.41297598124857454,0,0
-1.5058070421218872,0.5953431725502014,-2.8945364952087402,0.40508470992599005,0.4237308021934876,0,0
-1.5040650367736816,0.5982372164726257,-2.8950283527374268,0.4145383685356235,0.41611496116019997,0,0
-1.502317190170288,0.6011322736740112,-2.8954994678497314,0.4089583480858872,0.4048725502427195,0,0
-1.5005650520324707,0.6040279865264893,-2.895948886871338,0.41591008725498624,0.4290400139239751,0,0
-1.4988080263137817,0.6069247126579285,-2.896378517150879,0.4168819723884035,0.41774094127325506,0,0
-1.4970471858978271,0.6098237037658691,-2.8965952396392822,0.3997218686728379,0.408241620332225,0,0
-1.4952839612960815,0.6127241253852844,-2.8966875076293945,0.4223328343338601,0.411023273136122,0,0
-1.493520736694336,0.6156246662139893,-2.8965117931365967,0.398176707430389,0.41273117283825084,0,0
-1.491761326789856,0.6185216903686523,-2.8961853981018066,0.41713470118553364,0.42108943851159925,0,0
-1.4900119304656982,0.6214113235473633,-2.895777940750122,0.4041913429439545,0.41560237217493595,0,0
-1.488276481628418,0.6242905855178833,-2.895339012145996,0.41137805962660207,0.4279227573717404,0,0
-1.486557960510254,0.6271571516990662,-2.894890785217285,0.411233635191005,0.4322512397543901,0,0
-1.4848583936691284,0.6300095319747925,-2.894446849822998,0.4141127555738172,0.40203373170397205,0,0
-1.4831775426864624,0.6328476667404175,-2.894009590148926,0.4309301035776743,0.4243507696856369,1,1
-1.4815138578414917,0.6356725692749023,-2.893584728240967,0.4061234569360802,0.4210649335104159,0,0
-1.4798654317855835,0.6384861469268799,-2.8931777477264404,0.42035889428961526,0.40338979728481134,0,0
-1.4782295227050781,0.641291081905365,-2.8927865028381348,0.4140381533260768,0.41706094141748634,0,0
-1.4766021966934204,0.6440905332565308,-2.892404794692993,0.4042649535348806,0.41547257345819544,0,0
-1.4749802350997925,0.6468876004219055,-2.8920230865478516,0.4384688139488565,0.4132553097830813,0,0
-1.4733604192733765,0.6496858596801758,-2.8916468620300293,0.4149614436334423,0.4145325729631746,0,0
-1.4717401266098022,0.6524885296821594,-2.8912858963012695,0.42883701814691144,0.4244023076194101,0,0
-1.4701162576675415,0.6552990674972534,-2.8909482955932617,0.4137522397203543,0.4205002385328348,0,0
-1.4684860706329346,0.6581202149391174,-2.890639305114746,0.43096221853717054,0.4139418603851869,0,0
-1.4668478965759277,0.6609545350074768,-2.890352249145508,0.409110352980552,0.4221500691862907,0,0
-1.4651991128921509,0.6638038158416748,-2.89007830619812,0.4021251362386717,0.4335714191633647,0,0
-1.4635387659072876,0.6666693687438965,-2.8898136615753174,0.43806977013624687,0.410184175291313,0,0
-1.4618655443191528,0.6695519685745239,-2.889556884765625,0.4107448187149151,0.4296438694169729,0,0
-1.460179328918457,0.6724517345428467,-2.889310359954834,0.4134093855610708,0.43053941770110854,0,0
-1.4584797620773315,0.6753689050674438,-2.889077663421631,0.41285970997699184,0.40612837736570007,0,0
-1.4567670822143555,0.6783032417297363,-2.888854503631592,0.41462017291136605,0.420794770091179,0,0
-1.4550416469573975,0.6812543272972107,-2.8884408473968506,0.3925988726736953,0.40828970093096545,0,0
-1.453305721282959,0.6842195987701416,-2.887927293777466,0.4027991149399503,0.40969955068755937,0,0
-1.451562762260437,0.6871956586837769,-2.8875691890716553,0.42232116227522104,0.3980930463805212,0,0
-1.4498170614242554,0.6901768445968628,-2.887291193008423,0.4189992160137963,0.4116698326586133,0,0
-1.4480730295181274,0.6931568384170532,-2.8870608806610107,0.4237273825981024,0.40988520116808036,0,0
-1.4463337659835815,0.6961291432380676,-2.8868818283081055,0.41971520918724164,0.41675757811266556,0,0
-1.44460129737854,0.6990881562232971,-2.8865697383880615,0.389536350194663,0.40141937790148297,0,0
-1.442878007888794,0.7020275592803955,-2.886152982711792,0.4195232154732101,0.4056086705427799,0,0
-1.4411671161651611,0.7049415111541748,-2.8856842517852783,0.41920492970919543,0.4265486979678993,0,0
-1.4394707679748535,0.707826554775238,-2.8852221965789795,0.42631817382574944,0.4036536398029025,0,0
-1.4377895593643188,0.7106817960739136,-2.8847744464874268,0.42125983744277584,0.41823302226629844,0,0
-1.4361242055892944,0.7135080695152283,-2.88433837890625,0.41636825964026863,0.4227267996287042,0,0
-1.4344737529754639,0.7163083553314209,-2.884108543395996,0.4313482048185069,0.3937658977998665,0,0
-1.4328374862670898,0.7190839648246765,-2.884000778198242,0.4206864194723438,0.4217805048790893,0,0
-1.4312150478363037,0.7218365669250488,-2.8839635848999023,0.41308440873306795,0.4168128351782988,0,0
-1.4296050071716309,0.7245679497718811,-2.8839683532714844,0.42230617644366997,0.4075772814567499,0,0
-1.4280064105987549,0.7272807955741882,-2.883999824523926,0.4366904554831757,0.4088788626036103,0,0
-1.4264163970947266,0.7299789786338806,-2.8842411041259766,0.41421882582407904,0.3988549073176243,0,0
-1.4248336553573608,0.732663631439209,-2.884596586227417,0.43199127950808436,0.4204955210982451,0,0
-1.4232572317123413,0.7353357672691345,-2.8850114345550537,0.4258016479450748,0.43104481819402424,0,0
-1.4216853380203247,0.737995982170105,-2.8854496479034424,0.4137629370153617,0.40590979978817754,0,0
-1.420116901397705,0.7406458258628845,-2.88569712638855,0.3934579458842841,0.4233504790219326,0,0
-1.418552041053772,0.7432853579521179,-2.8858330249786377,0.4039881297655775,0.41831263350704484,0,0
-1.4169909954071045,0.7459137439727783,-2.885904312133789,0.41004690745717254,0.41855880039441273,1,1
-1.4154345989227295,0.7485311031341553,-2.8859376907348633,0.4271326417909234,0.4348426046735355,0,0
-1.4138829708099365,0.7511383891105652,-2.8859498500823975,0.4017102871260786,0.40445657036332755,0,0
-1.4123356342315674,0.7537375688552856,-2.885951280593872,0.41000606454045874,0.41301410993453025,0,0
-1.4107919931411743,0.7563309669494629,-2.8859503269195557,0.409614463959076,0.40705324359056333,0,0
-1.409250259399414,0.7589218616485596,-2.885948896408081,0.41161296959020655,0.40564726018202557,0,0
-1.407708764076233,0.7615142464637756,-2.8859472274780273,0.4106128034341225,0.4160989416013563,0,0
-1.4061659574508667,0.7641124725341797,-2.885944366455078,0.40478247136349227,0.41309825605266726,0,0
-1.4046194553375244,0.7667204141616821,-2.8859407901763916,0.43141782102952875,0.4266528816861076,0,0
-1.4030672311782837,0.769342303276062,-2.8859364986419678,0.409848848816401,0.4263609426489825,0,0
-1.4015071392059326,0.7719817161560059,-2.885932683944702,0.42651440463361356,0.4078991997775944,0,0
-1.399937391281128,0.7746415734291077,-2.8861186504364014,0.4073138482524829,0.39873101806627953,0,0
-1.3983571529388428,0.7773217558860779,-2.8864099979400635,0.42523319738991333,0.4208614544559945,0,0
-1.3967663049697876,0.7800208926200867,-2.8867573738098145,0.40647979377110516,0.41180929367226793,0,0
-1.3951647281646729,0.7827327251434326,-2.8871328830718994,0.4191343514038167,0.4180750666541978,0,0
-1.3935497999191284,0.7854453325271606,-2.887528896331787,0.4029145221267769,0.41943782276166325,0,0
-1.391917109489441,0.788141131401062,-2.887913465499878,0.42295185113543343,0.4056898938755684,0,0
-1.390262484550476,0.7907984256744385,-2.8882827758789062,0.4225314354882324,0.41862683168100695,0,0
-1.3885825872421265,0.7933933734893799,-2.8886611461639404,0.4027433196805619,0.41815047022990404,0,0
-1.3868746757507324,0.795901894569397,-2.889063835144043,0.41013054137641486,0.41529156981107207,0,0
-1.3851367235183716,0.7982999682426453,-2.8894829750061035,0.420184087918127,0.42187115073378534,0,0
-1.383364200592041,0.8005650639533997,-2.889892339706421,0.4083207330726356,0.4191886715741353,0,0
-1.3815504312515259,0.8026755452156067,-2.8902525901794434,0.43052427439068236,0.43198228811155776,0,0
-1.3796882629394531,0.8046136498451233,-2.890542507171631,0.43551227818145694,0.4122611593958316,0,0
-1.3777719736099243,0.8063638806343079,-2.8907835483551025,0.4106270364493989,0.40993183420712,0,0
-1.3757985830307007,0.8079152703285217,-2.891005754470825,0.4167965260810759,0.4133514925531903,0,0
-1.3737671375274658,0.8092607855796814,-2.891234874725342,0.4231630478123867,0.40815281875200543,0,0
-1.3716776371002197,0.810397744178772,-2.891484260559082,0.4020948991217354,0.4133277013740423,0,0
-1.369530200958252,0.8113267421722412,-2.891720771789551,0.4264783370152661,0.42835293981599454,0,0
-1.3673253059387207,0.8120513558387756,-2.8919436931610107,0.4191874953148532,0.40194892149264544,0,0
-1.3650641441345215,0.8125776052474976,-2.8921549320220947,0.4259902975363693,0.4197716755207324,0,0
-1.3627475500106812,0.8129133582115173,-2.8923516273498535,0.4132273333360887,0.41946720321711656,0,0
-1.3603770732879639,0.813068151473999,-2.892536163330078,0.4220826558527607,0.42377216936555034,0,0
-1.3579539060592651,0.8130525946617126,-2.8927080631256104,0.43099536167249336,0.4366152641755599,0,0
-1.3554799556732178,0.8128781914710999,-2.892864227294922,0.41442445391543636,0.4207894613535124,0,0
-1.3529572486877441,0.8125563263893127,-2.8930037021636963,0.44573817142328237,0.4270309907766174,0,0
-1.3503882884979248,0.8120986223220825,-2.893131971359253,0.43519164444821345,0.4307956962572774,0,0
-1.3477754592895508,0.8115156888961792,-2.893259048461914,0.42179156556198116,0.4193499420610815,0,0
-1.3451213836669922,0.8108176589012146,-2.893392324447632,0.4346555905731867,0.41944707677389703,0,0
-1.3424279689788818,0.8100141286849976,-2.89353084564209,0.42586181721876437,0.4410150131199122,0,0
-1.3396973609924316,0.809114396572113,-2.8936679363250732,0.42786143743015437,0.4415571789779687,0,0
-1.3369319438934326,0.8081271052360535,-2.893796920776367,0.42951668319445485,0.4443280293304787,0,0
-1.3341336250305176,0.8070604205131531,-2.8939146995544434,0.4359545041638461,0.44361685498763176,0,0
-1.3313051462173462,0.8059214949607849,-2.8940236568450928,0.44636161814992664,0.44525481218124313,0,0
-1.3284482955932617,0.8047170042991638,-2.894127607345581,0.44705553656483055,0.4527501510560216,0,0
-1.3255658149719238,0.8034530878067017,-2.8942270278930664,0.4337906910547495,0.44844105755218133,0,0
-1.3226597309112549,0.8021345734596252,-2.894322395324707,0.4556979746088688,0.46303131917675894,0,0
-1.3197321891784668,0.8007664084434509,-2.8944125175476074,0.4689980341103755,0.45106683882849113,0,0
-1.3167849779129028,0.7993528842926025,-2.8944995403289795,0.4427059185009301,0.47120148040034,0,0
-1.3138198852539062,0.7978980541229248,-2.8945834636688232,0.45544135840125366,0.4666885879507394,0,0
-1.310837745666504,0.7964056730270386,-2.894665241241455,0.4461773260818843,0.44046023705024867,0,0
-1.3078404664993286,0.7948787808418274,-2.894745349884033,0.4853872626153524,0.4746569500448806,0,0
-1.3048290014266968,0.7933202981948853,-2.8948211669921875,0.4922230041545845,0.48655142713486044,0,0
-1.301804780960083,0.7917329668998718,-2.894890308380127,0.48543306060586416,0.47992858717501896,0,0
-1.298769235610962,0.7901192903518677,-2.8949527740478516,0.4665456711905404,0.4732958824105995,0,0
-1.295723557472229,0.7884814143180847,-2.8950111865997314,0.47803171402663186,0.4779930245742533,0,0
-1.2926685810089111,0.7868214249610901,-2.8950681686401367,0.49105622687735057,0.48139283011509915,0,0
-1.2896051406860352,0.7851412892341614,-2.895125150680542,0.48029560254365483,0.4847282423321066,0,0
-1.2865335941314697,0.7834426760673523,-2.8951821327209473,0.47947142850432495,0.4921228336580214,0,0
-1.2834547758102417,0.7817270159721375,-2.895237684249878,0.4654376493625534,0.48807248833493977,0,0
-1.2803694009780884,0.7799960970878601,-2.8952903747558594,0.48961331406682296,0.49114764140404377,0,0
-1.277277946472168,0.7782509326934814,-2.895338296890259,0.5090464861743658,0.5238545401436784,0,0
-1.2741813659667969,0.7764931321144104,-2.895380735397339,0.5252437336933308,0.5139644193783054,0,0
-1.2710800170898438,0.7747235894203186,-2.895420789718628,0.5215962704517976,0.4864387100733329,0,0
-1.2679742574691772,0.7729434370994568,-2.8954594135284424,0.5200285774631987,0.5069031063979959,0,0
-1.2648646831512451,0.7711535096168518,-2.895498514175415,0.5166396610541453,0.5088205618362923,0,0
-1.261751413345337,0.7693549990653992,-2.8955366611480713,0.5160709911439847,0.5245105482209783,0,0
-1.2586346864700317,0.7675485014915466,-2.8955750465393066,0.5181781220124142,0.5159720503775477,0,0
-1.2555149793624878,0.7657347321510315,-2.895611047744751,0.5050058235940897,0.5200811810335113,0,0
-1.252392292022705,0.7639142870903015,-2.895644187927246,0.49192073249742685,0.5281359748626505,0,0
-1.249267578125,0.7620880007743835,-2.895673990249634,0.5245974126873568,0.51906399373617,0,0
-1.2461405992507935,0.7602562308311462,-2.8957021236419678,0.561999932199523,0.548536713515695,0,0
-1.243011713027954,0.7584195733070374,-2.895728826522827,0.5598108140743893,0.5534339783457422,0,0
-1.239881157875061,0.7565784454345703,-2.8957555294036865,0.5608711935502445,0.5622292506346996,0,0
-1.2367490530014038,0.7547332048416138,-2.895782947540283,0.5561496559497096,0.5526648333510293,0,0
-1.2336152791976929,0.7528842687606812,-2.895808458328247,0.5423338246855102,0.5445147449128449,0,0
-1.2304803133010864,0.7510320544242859,-2.895833730697632,0.5581059975814405,0.5557236331393424,0,0
-1.2273441553115845,0.7491766810417175,-2.8958568572998047,0.5419413372238933,0.558498384937092,0,0
-1.224206805229187,0.7473185062408447,-2.8958771228790283,0.5494745210290952,0.5405908943238054,0,0
-1.2210687398910522,0.7454579472541809,-2.8958966732025146,0.5508409142602505,0.5553383518010481,0,0
-1.2179298400878906,0.7435951232910156,-2.895915985107422,0.5667789879110163,0.5454106373324906,0,0
-1.2147903442382812,0.7417302131652832,-2.89593505859375,0.6018214168575619,0.5704998903987843,0,0
-1.2116501331329346,0.7398633360862732,-2.895953416824341,0.6069742998759841,0.5754256778040344,0,0
-1.2085092067718506,0.7379950881004333,-2.895970344543457,0.6017802877866895,0.6041764255376137,0,0
-1.205367922782898,0.7361252903938293,-2.895987033843994,0.5935385128154287,0.5927994027457449,0,0
-1.2022260427474976,0.7342541813850403,-2.8960013389587402,0.5686494218761184,0.5716604864872258,0,0
-1.1990838050842285,0.7323814630508423,-2.8960161209106445,0.5923885012468753,0.5971129132241049,0,0
-1.1959412097930908,0.7305076718330383,-2.896028995513916,0.6026921684349552,0.5790039903176701,0,0
-1.1927984952926636,0.728632926940918,-2.896042585372925,0.5939731044056735,0.6069933603727051,0,0
-1.1896554231643677,0.726757287979126,-2.89605450630188,0.5775440193870492,0.5847866624835331,0,0
-1.1865121126174927,0.7248807549476624,-2.8960671424865723,0.5944176851512918,0.6052314914847443,0,0
-1.1833686828613281,0.7230033278465271,-2.8960769176483154,0.6306227429235767,0.6123778943313133,0,0
-1.1802250146865845,0.7211251854896545,-2.8960864543914795,0.6280335474457944,0.6298786462914344,0,0
-1.1770811080932617,0.7192463874816895,-2.8960962295532227,0.6218948454999573,0.6244931373754211,0,0
-1.173937201499939,0.7173670530319214,-2.896106004714966,0.6226061169430306,0.6240799306189428,0,0
-1.1707931756973267,0.7154870629310608,-2.896116018295288,0.6134342640645776,0.6250660161524683,0,0
-1.1676489114761353,0.7136066555976868,-2.896122932434082,0.6269618056664946,0.6409067604158911,0,0
-1.1645047664642334,0.7117258310317993,-2.896129846572876,0.61846958899411,0.6201015616224028,0,0
-1.161360502243042,0.7098444700241089,-2.896137237548828,0.6413768736353931,0.6272165220399207,0,0
-1.158216118812561,0.7079627513885498,-2.8961448669433594,0.6189835415961771,0.6204756364402184,0,0
-1.1550718545913696,0.7060806751251221,-2.8961522579193115,0.633385260594872,0.6147805670135763,0,0
-1.1519273519515991,0.7041983008384705,-2.8961596488952637,0.6587523663432017,0.678897447426935,0,0
-1.1487828493118286,0.7023157477378845,-2.89616322517395,0.626711243939612,0.6484811100821042,0,0
-1.145638346672058,0.7004328370094299,-2.896167039871216,0.6533600819688601,0.6594293111289886,0,0
-1.1424938440322876,0.6985496878623962,-2.8961710929870605,0.6544510211080822,0.658349387273756,0,0
-1.1393492221832275,0.6966663599014282,-2.8961751461029053,0.671992831559437,0.65759201402493,0,0
-1.1362048387527466,0.6947828531265259,-2.896179437637329,0.6564561186029578,0.6611179318859697,0,0
-1.133060336112976,0.6928989291191101,-2.896183729171753,0.6653731941535549,0.6550890828792113,0,0
-1.129915714263916,0.6910150051116943,-2.8961877822875977,0.6588346360821051,0.6586473659383901,0,0
-1.1267712116241455,0.689130961894989,-2.8961918354034424,0.6751002021295138,0.6712499578177962,0,0
-1.123626708984375,0.6872467398643494,-2.896195888519287,0.6444862503123244,0.6638686865051683,0,0
-1.1204822063446045,0.6853622794151306,-2.896199941635132,0.6999226289522806,0.6958914784386735,0,0
-1.117337703704834,0.6834778189659119,-2.8962037563323975,0.6951839829271803,0.7118913572027824,0,0
-1.1141932010650635,0.6815932393074036,-2.8962080478668213,0.7067781774417105,0.7062183925714265,0,0
-1.1110488176345825,0.6797085404396057,-2.8962080478668213,0.7095907845876401,0.6876611248852861,0,0
-1.107904314994812,0.6778238415718079,-2.8962080478668213,0.684451302750733,0.7036871432484697,0,0
-1.104759931564331,0.6759390830993652,-2.8962080478668213,0.6921164724290656,0.6856400477081233,0,0
-1.1016154289245605,0.6740542650222778,-2.8962080478668213,0.6903633634915927,0.7052638647821979,0,0
-1.0984711647033691,0.6721693277359009,-2.8962080478668213,0.6828498399852776,0.7124805483115071,0,0
-1.0953267812728882,0.6702843308448792,-2.8962080478668213,0.7228007889539609,0.6921805148186028,0,0
-1.0921825170516968,0.6683992743492126,-2.8962080478668213,0.6897886800240945,0.6963619841288783,0,0
-1.0890382528305054,0.6665140986442566,-2.8962080478668213,0.7311432155855521,0.7278568896846392,0,0
-1.085893988609314,0.6646288633346558,-2.8962080478668213,0.7344469475090972,0.718490057042789,0,0
-1.0827497243881226,0.6627435684204102,-2.8962080478668213,0.7253353098162894,0.7267679864517231,0,0
-1.0796054601669312,0.660858154296875,-2.8962080478668213,0.7375156052399717,0.7396874420969121,0,0
-1.0764611959457397,0.6589726805686951,-2.8962080478668213,0.7280169940523071,0.7313592453060537,0,0
-1.0733169317245483,0.6570872068405151,-2.8962080478668213,0.7524121228934548,0.7305286338935574,0,0
-1.0701727867126465,0.6552016139030457,-2.8962080478668213,0.7310021915007471,0.7382491128815606,0,0
-1.0670286417007446,0.6533159613609314,-2.8962080478668213,0.7248769641273051,0.7486172906254217,0,0
-1.0638844966888428,0.6514301896095276,-2.8962080478668213,0.7576349322383591,0.7359309838492795,0,0
-1.060740351676941,0.6495444178581238,-2.8962080478668213,0.7295850968417664,0.7345109302127074,0,0
-1.057596206665039,0.6476584672927856,-2.8962080478668213,0.7782530278276151,0.7569864467438118,0,0
-1.0544521808624268,0.6457725763320923,-2.8962080478668213,0.7757518217427156,0.7699753284690481,0,0
-1.0513081550598145,0.6438864469528198,-2.8962080478668213,0.7762901248540356,0.7702688577153768,0,0
-1.0481640100479126,0.6420003771781921,-2.8962080478668213,0.7891973760867964,0.7836453374531872,0,0
-1.0450198650360107,0.6401141881942749,-2.8962080478668213,0.7737911449129897,0.7758294373295596,0,0
-1.0418757200241089,0.6382279992103577,-2.8962080478668213,0.7593052517532766,0.7627545631364671,0,0
-1.0387316942214966,0.6363417506217957,-2.8962080478668213,0.774413615461538,0.7757653351689309,0,0
-1.0355877876281738,0.6344553828239441,-2.8962080478668213,0.7545628376181893,0.7749511559714172,0,0
-1.032443881034851,0.6325689554214478,-2.8962080478668213,0.7671226079775882,0.7783112795609225,0,0
-1.0292999744415283,0.6306825280189514,-2.8962080478668213,0.7839762867103492,0.7808536111284586,0,0
-1.0261560678482056,0.6287959218025208,-2.8962080478668213,0.4965570015324124,0.48298445827248654,0,0
-1.0230122804641724,0.6269093155860901,-2.8962080478668213,0.48448537943511744,0.5069142416455861,0,0
-1.0198683738708496,0.6250227093696594,-2.8962080478668213,0.5076632269739786,0.4894249452116117,0,0
-1.0167245864868164,0.6231359243392944,-2.8962080478668213,0.49335579826051384,0.47336376987024625,0,0
-1.0135807991027832,0.6212490797042847,-2.8962080478668213,0.5009982798164553,0.5191535582009066,0,0
-1.01043701171875,0.6193622350692749,-2.8962080478668213,0.506826769556587,0.48828882090064624,0,0
-1.0072932243347168,0.6174753308296204,-2.8962080478668213,0.5252820433516688,0.49367456381032626,0,0
-1.0041494369506836,0.6155883073806763,-2.8962087631225586,0.5058351848104146,0.4988671966158488,0,0
-1.0010056495666504,0.6137012839317322,-2.896209478378296,0.499465480444673,0.48590901688691696,0,0
-0.9978618621826172,0.6118142008781433,-2.896210193634033,0.4844951300864999,0.49735383886082907,0,0
-0.994718074798584,0.6099271774291992,-2.896210193634033,0.5070406815031121,0.5048701418072734,0,0
-0.9915743470191956,0.6080401539802551,-2.896210193634033,0.5108575392173449,0.5046535233228637,0,0
-0.9884306788444519,0.6061530709266663,-2.896210193634033,0.5060808855050298,0.5257146421131537,0,0
-0.9852870106697083,0.6042661070823669,-2.896210193634033,0.4907743779546569,0.5082576708475021,0,0
-0.9821434020996094,0.6023790836334229,-2.896210193634033,0.4922729756607557,0.5050000429705652,0,0
-0.9789997339248657,0.6004920601844788,-2.896210193634033,0.48606220166294783,0.49119472958193194,0,0
-0.9758561253547668,0.5986050367355347,-2.896210193634033,0.5066424936901887,0.5130087498265058,0,0
-0.972712516784668,0.5967180728912354,-2.896210193634033,0.506256565087123,0.49684834291276686,0,0
-0.9695689082145691,0.5948310494422913,-2.896210193634033,0.5163974387274567,0.492376748315641,0,0
-0.9664254188537598,0.5929440259933472,-2.896210193634033,0.5125120131599396,0.5043158697050115,0,0
-0.9632819294929504,0.5910570621490479,-2.896210193634033,0.5067183876286159,0.4879886197070846,0,0
-0.9601383805274963,0.5891700983047485,-2.896210193634033,0.5086989698933009,0.48403521632157936,0,0
-0.9569948315620422,0.587283194065094,-2.896210193634033,0.49615058307771437,0.5021335152005127,0,0
-0.9538512825965881,0.5853962302207947,-2.896210193634033,0.5067085432939059,0.5009638186759553,0,0
-0.9507076740264893,0.5835092663764954,-2.896210193634033,0.5087180923630099,0.4988499914448651,0,0
-0.9475641846656799,0.581622302532196,-2.896210193634033,0.5031359821178739,0.49040390818777563,0,0
-0.9444207549095154,0.5797353386878967,-2.896210193634033,0.5073139970611792,0.506199288506764,0,0
-0.941277265548706,0.5778483748435974,-2.896210193634033,0.5194661956469023,0.49983450571260585,0,0
-0.9381336569786072,0.5759614706039429,-2.896210193634033,0.48477849169482945,0.510385820533027,0,0
-0.9349902272224426,0.5740745067596436,-2.896210193634033,0.510578406010092,0.49675726487354566,0,0
-0.9318467974662781,0.5721875429153442,-2.896210193634033,0.48785377643320005,0.4940593173846937,0,0
-0.9287033677101135,0.5703005790710449,-2.896210193634033,0.49785069686937006,0.4916405977525734,0,0
-0.9255599975585938,0.5684136152267456,-2.896210193634033,0.502447822544868,0.5195214776780562,0,0
-0.9224165678024292,0.5665267109870911,-2.896210193634033,0.5051141492679724,0.5234676798259267,0,0
-0.9192731976509094,0.5646398067474365,-2.896210193634033,0.4888418644717739,0.5020438792847216,0,0
-0.9161298274993896,0.562752902507782,-2.896210193634033,0.5034484357151359,0.5119162845712286,0,0
-0.9129865169525146,0.5608659982681274,-2.896210193634033,0.4829615506890286,0.49815219537347855,0,0
-0.9098431468009949,0.5589790940284729,-2.896210193634033,0.5085023054476495,0.4999444607035095,0,0
-0.9066998362541199,0.5570921897888184,-2.896210193634033,0.4954962574371473,0.5224463266747107,0,0
-0.9035565257072449,0.5552052855491638,-2.896210193634033,0.498476541434071,0.5066759632184712,0,0
-0.9004132151603699,0.5533183813095093,-2.896210193634033,0.5034747689386138,0.5142395680511711,0,0
-0.8972699046134949,0.5514314770698547,-2.896210193634033,0.5048883570195252,0.47316660677835926,0,0
-0.8941264748573303,0.5495445728302002,-2.896210193634033,0.4711814062037268,0.5041141351049321,0,0
-0.8909831643104553,0.5476577281951904,-2.896210193634033,0.5038421561376827,0.5040706926480679,0,0
-0.8878399729728699,0.5457708835601807,-2.896210193634033,0.4828796201037824,0.49833509028194645,0,0
-0.8846967816352844,0.5438840389251709,-2.896210193634033,0.49433249317606215,0.5050722521770672,0,0
-0.8815534114837646,0.5419971942901611,-2.896210193634033,0.5088959006365734,0.49693149435797546,0,0
-0.8784100413322449,0.5401103496551514,-2.896210193634033,0.4757641988318383,0.5018746489979904,0,0
-0.8752667903900146,0.5382235050201416,-2.896210193634033,0.49512259557770655,0.49510800760622836,0,0
-0.8721235990524292,0.5363366603851318,-2.896210193634033,0.4973175943126211,0.49242823981101114,0,0
-0.8689804077148438,0.5344498753547668,-2.896210193634033,0.5157544135048533,0.49780712932536225,0,0
-0.8658370971679688,0.5325630307197571,-2.896210193634033,0.509963688965918,0.4996304715699685,0,0
-0.8626940250396729,0.5306761264801025,-2.896210193634033,0.5038580017973103,0.5103694444494637,0,0
-0.8595510125160217,0.5287892818450928,-2.896210193634033,0.49686206734260113,0.5007678448267557,0,0
-0.8564079403877258,0.5269024968147278,-2.896210193634033,0.49918134817846077,0.4885181607872684,0,0
-0.8532648086547852,0.5250157713890076,-2.896210193634033,0.5003556711239414,0.4956631269353059,0,0
-0.8501216769218445,0.5231289863586426,-2.896210193634033,0.5160737373451402,0.4892463861126372,0,0
-0.8469785451889038,0.5212421417236328,-2.896210193634033,0.5165514073457199,0.49519309907096104,0,0
-0.8438355326652527,0.5193553566932678,-2.896210193634033,0.5019943264577553,0.49758977464060083,0,0
-0.8406925797462463,0.5174686312675476,-2.896210193634033,0.5089053258160277,0.5041433059975915,0,0
-0.8375495076179504,0.5155819058418274,-2.896210193634033,0.4885204304047698,0.4929840254239986,0,0
-0.8344063758850098,0.5136951208114624,-2.896210193634033,0.5018467959260896,0.4931747138981464,0,0
-0.8312633037567139,0.5118083357810974,-2.896210193634033,0.4981931951209442,0.4838818024980229,0,0
-0.828120231628418,0.5099216103553772,-2.896210193634033,0.489492316175172,0.4952713445783505,0,0
-0.8249772191047668,0.5080349445343018,-2.896210193634033,0.4971077934447924,0.510957898171184,0,0
-0.8218342065811157,0.5061481595039368,-2.896210193634033,0.5092455430582777,0.5134763194480448,0,0
-0.818691074848175,0.5042613744735718,-2.896210193634033,0.49798757869038845,0.5025766489455902,0,0
-0.8155480623245239,0.502374529838562,-2.896210193634033,0.5033664798133206,0.4897993963023867,0,0
-0.8124051094055176,0.500487744808197,-2.896210193634033,0.48607604128384524,0.5015582122216059,0,0
-0.8092621564865112,0.4986010193824768,-2.896210193634033,0.5095861385340184,0.5062441304837166,0,0
-0.8061193227767944,0.4967142641544342,-2.896210193634033,0.5003978215066682,0.5034769495677807,0,0
-0.8029764890670776,0.4948274791240692,-2.896210193634033,0.48371214972258836,0.4988308195301205,0,0
-0.7998336553573608,0.492940753698349,-2.896210193634033,0.481846360062889,0.49226322400263767,0,0
-0.796690821647644,0.49105405807495117,-2.896210193634033,0.4966459024948216,0.48579476863003557,0,0
-0.793548047542572,0.48916736245155334,-2.896210193634033,0.5128490046166814,0.49486929627721143,0,0
-0.7904050946235657,0.48728060722351074,-2.896210193634033,0.503323809174191,0.5050615199508282,0,0
-0.7872620820999146,0.4853938817977905,-2.896210193634033,0.48536709202782374,0.5043644453347325,0,0
-0.784119188785553,0.4835071861743927,-2.896210193634033,0.5000388931505506,0.5000123111474082,0,0
-0.7809763550758362,0.4816204905509949,-2.896210193634033,0.49887136976726143,0.49164098185731087,0,0
-0.7778335213661194,0.47973379492759705,-2.896210193634033,0.5073878100634807,0.49076253170065937,0,0
-0.7746906876564026,0.47784706950187683,-2.896210193634033,0.5136390448798214,0.4992026278979931,0,0
-0.7715478539466858,0.4759603440761566,-2.896210193634033,0.5180123804716635,0.5005684705530223,0,0
-0.7684050798416138,0.4740736782550812,-2.896210193634033,0.51514761952607,0.5124780100601541,0,0
-0.7652623653411865,0.47218698263168335,-2.896210193634033,0.5004665861199175,0.5050611096326668,0,0
-0.7621195316314697,0.4703002870082855,-2.896210193634033,0.49796245534071115,0.49449148628257245,0,0
-0.7589767575263977,0.4684135913848877,-2.896210193634033,0.49155173928583706,0.48967392598482157,0,0
-0.7558339834213257,0.46652695536613464,-2.896210193634033,0.49027567800424005,0.5078964933966331,0,0
-0.7526912093162537,0.4646403193473816,-2.896210193634033,0.5053511273846757,0.5030445407168802,0,0
-0.7495484352111816,0.46275362372398376,-2.896210193634033,0.5102740933328755,0.4896687398914263,0,0
-0.7464057207107544,0.46086692810058594,-2.896210193634033,0.48877386773473225,0.490692403454349,0,0
-0.7432630658149719,0.4589802920818329,-2.896210193634033,0.5235672935264648,0.49589644312553965,0,0
-0.7401204109191895,0.45709365606307983,-2.896210193634033,0.5017607672934885,0.4996898871162889,0,0
-0.7369776964187622,0.455206960439682,-2.896210193634033,0.5030839441635385,0.5010102550523733,0,0
-0.7338351011276245,0.45332032442092896,-2.896210193634033,0.49444246632769895,0.5055653075840393,0,0
-0.7306922674179077,0.4514337182044983,-2.896210193634033,0.4865793286162952,0.5119473950486041,0,0
-0.7275496125221252,0.4495471119880676,-2.896210193634033,0.499934782116508,0.5104392416990544,0,0
-0.7244069576263428,0.4476604461669922,-2.896210193634033,0.4963769305119282,0.5091922042403498,0,0
-0.7212643027305603,0.44577381014823914,-2.896210193634033,0.49569351193992317,0.5035675361205116,0,0
-0.7181216478347778,0.44388720393180847,-2.896210193634033,0.5034364472806959,0.5111050409081593,0,0
-0.7149789929389954,0.4420006275177002,-2.896210193634033,0.503110005547158,0.4973285178428272,0,0
-0.7118363976478577,0.44011399149894714,-2.896210193634033,0.5176775644586159,0.5023184881246635,0,0
-0.7086937427520752,0.4382273852825165,-2.896210193634033,0.5055089459356737,0.5008856520954676,0,0
-0.7055511474609375,0.4363408088684082,-2.896210193634033,0.48743235474423324,0.48459890499056457,0,0
-0.702408492565155,0.43445420265197754,-2.896210193634033,0.5036185003235653,0.5140090397615122,0,0
-0.6992658972740173,0.4325675964355469,-2.896210193634033,0.5244311016507571,0.4960366398819068,0,0
-0.6961233019828796,0.4306810200214386,-2.896210193634033,0.5046304313667215,0.4997837971263751,0,0
-0.6929807066917419,0.4287944734096527,-2.896210193634033,0.4848990522891503,0.5061772801904926,0,0
-0.689838171005249,0.42690783739089966,-2.896210193634033,0.49294589158474916,0.4984132619352312,0,0
-0.6866956353187561,0.425021231174469,-2.896210193634033,0.49898574800979706,0.5065878854383138,0,0
-0.6835530996322632,0.4231346845626831,-2.896210193634033,0.49588953002005,0.4999584670387579,0,0
-0.6804105639457703,0.42124810814857483,-2.896210193634033,0.513978428702363,0.4830576231367141,0,0
-0.6772680282592773,0.41936150193214417,-2.896210193634033,0.4913331144000431,0.4854076061234659,0,0
-0.6741254925727844,0.4174749255180359,-2.896210193634033,0.5155639482508916,0.5104461116149845,0,0
-0.6709830164909363,0.4155884087085724,-2.896210193634033,0.4959842125601485,0.4928314691485401,0,0
-0.6678405404090881,0.4137018322944641,-2.896210193634033,0.5024868873221198,0.5014348123904584,0,0
-0.66469806432724,0.41181522607803345,-2.896210193634033,0.5115210371616723,0.49290464462332567,0,0
-0.6615555882453918,0.40992873907089233,-2.896210193634033,0.4929971223735029,0.493169439386631,0,0
-0.6584131121635437,0.4080422520637512,-2.896210193634033,0.4884188459850784,0.5007687413239851,0,0
-0.6552706360816956,0.40615567564964294,-2.896210193634033,0.48749842488075096,0.4806851178546448,0,0
-0.6521281003952026,0.40426918864250183,-2.896210193634033,0.5084890476595483,0.5041427475576087,0,0
-0.6489856839179993,0.4023827314376831,-2.896210193634033,0.4931904834285115,0.5164668577587954,0,0
-0.6458432078361511,0.40049615502357483,-2.896210193634033,0.5016146995909123,0.4905052715310576,-1,-1
-0.6427006125450134,0.3986096978187561,-2.896674394607544,0.5037128498762777,0.4829006559380775,0,0
-0.639559805393219,0.3967229127883911,-2.897855281829834,0.4861347768705434,0.5106223752939162,0,0
-0.636425793170929,0.3948344886302948,-2.899881362915039,0.5009748033286422,0.4839655446253795,0,0
-0.6333062648773193,0.3929421603679657,-2.902810573577881,0.49665082972949387,0.4973646083869543,0,0
-0.6302112340927124,0.3910427987575531,-2.9066593647003174,0.5173907537850372,0.5105889769283746,0,0
-0.6271525621414185,0.38913407921791077,-2.9114201068878174,0.4784262155652483,0.5107760395381931,0,0
-0.6241437792778015,0.38721296191215515,-2.9170734882354736,0.5124931958892719,0.48670002990018985,0,0
-0.6212001442909241,0.3852769136428833,-2.9236021041870117,0.48370275929718526,0.5062936095894922,0,0
-0.6183350682258606,0.38332292437553406,-2.9309372901916504,0.49853054010374115,0.5131806154393443,0,0
-0.6155627369880676,0.38135042786598206,-2.939082622528076,0.49245672095415416,0.5157682783012201,0,0
-0.6128960847854614,0.37935948371887207,-2.9479777812957764,0.513921294225677,0.49243242164470646,0,0
-0.6103487014770508,0.37735190987586975,-2.9576213359832764,0.506049504197579,0.4923037991176706,0,0
-0.6079316735267639,0.3753303289413452,-2.9679458141326904,0.5098213166690819,0.5004715633510783,0,0
-0.6056560277938843,0.37329909205436707,-2.9789459705352783,0.5016667628290353,0.5020029698426234,0,0
-0.6035305857658386,0.3712635338306427,-2.990570306777954,0.5020411703654352,0.49820159036391515,0,0
-0.6015629172325134,0.36923083662986755,-3.002814292907715,0.5028020928225261,0.5030544954315752,0,0
-0.5997589230537415,0.367208868265152,-3.015625,0.4950259660580853,0.5060801107361709,0,0
-0.5981225967407227,0.3652072548866272,-3.0290091037750244,0.5175111650802386,0.4993921679693933,0,0
-0.5966569781303406,0.36323633790016174,-3.042926788330078,0.5012369720543408,0.4998490706002763,0,0
-0.5953636169433594,0.36130717396736145,-3.0573506355285645,0.49988224830365663,0.4783804070948631,0,0
-0.5942426323890686,0.3594304621219635,-3.0722429752349854,0.487573806383451,0.48271022478070463,0,0
-0.5932921171188354,0.3576167821884155,-3.0875725746154785,0.5038340534650666,0.4798496446293894,0,0
-0.5925084352493286,0.35587620735168457,-3.103334665298462,0.505717267873948,0.49772604110939744,0,0
-0.5918847918510437,0.3542192280292511,-3.119481325149536,0.5037247239206047,0.5030758752441629,0,0
-0.5914137363433838,0.3526557981967926,-3.136035203933716,0.5090897358964244,0.4891816434268581,0,0
-0.5910853743553162,0.3511945903301239,3.130247116088867,0.4939719752961758,0.5054994908170611,0,0
-0.590888500213623,0.349844753742218,3.1130459308624268,0.49714333857141385,0.5085429410187834,0,0
-0.590812623500824,0.3486144244670868,3.0954644680023193,0.5174011532424553,0.4976394549252652,0,0
-0.5908455848693848,0.3475092649459839,3.0775647163391113,0.4902701787144536,0.495396310152225,0,0
-0.590973973274231,0.3465346395969391,3.059408187866211,0.506483607819019,0.5134400830381449,0,0
-0.5911852121353149,0.34569454193115234,3.040937900543213,0.49615191059436925,0.4988938795585768,0,0
-0.5914661884307861,0.3449898660182953,3.0221989154815674,0.5031618215080306,0.496830997147521,0,0
-0.591802179813385,0.3444199860095978,3.003260850906372,0.49602756225363803,0.49859649897385505,0,0
-0.5921788811683655,0.343983918428421,2.984105348587036,0.4983305643620787,0.49306808906213506,0,0
-0.5925828218460083,0.34367847442626953,2.9647254943847656,0.5004656154429137,0.519574127186432,0,0
-0.5930001735687256,0.34349778294563293,2.945200204849243,0.4861206055993369,0.4979746294361512,0,0
-0.5934157371520996,0.34343549609184265,2.925541400909424,0.4989738145088458,0.5095451263155935,0,0
-0.5938158631324768,0.34348559379577637,2.9057300090789795,0.48039509756984095,0.4900474736866606,0,0
-0.5941888689994812,0.3436400592327118,2.885789632797241,0.5200999003549215,0.5094755375909263,0,0
-0.5945233106613159,0.3438883125782013,2.8657708168029785,0.5103020632581369,0.49846221590563294,0,0
-0.5948072671890259,0.3442189395427704,2.8456881046295166,0.5026311326441232,0.5084722898046194,0,0
-0.5950304269790649,0.3446207642555237,2.825538158416748,0.4912152642659622,0.5045432844859705,0,0
-0.5951851010322571,0.3450813889503479,2.80533504486084,0.5067478402110693,0.49593788400055333,0,0
-0.5952658653259277,0.3455865979194641,2.7851128578186035,0.490271759332816,0.5127323554578591,0,0
-0.5952690839767456,0.34612083435058594,2.764883279800415,0.5012441575305462,0.49642815894635967,0,0
-0.5951933264732361,0.3466682732105255,2.744654655456543,0.5008874381605211,0.5095410929437691,0,0
-0.5950403809547424,0.3472132086753845,2.7244391441345215,0.49127926317078524,0.4819087289003263,0,0
-0.5948145389556885,0.3477404713630676,2.7042391300201416,0.48842868427069114,0.4948287569813883,0,0
-0.5945233702659607,0.34823697805404663,2.6840572357177734,0.5105827178629763,0.500197771553579,0,0
-0.5941770672798157,0.34869229793548584,2.663902759552002,0.5188371349495247,0.49858507332673757,0,0
-0.5937885642051697,0.34909847378730774,2.643803119659424,0.5036712162470365,0.49185928282506197,0,0
-0.593371570110321,0.3494498133659363,2.6237549781799316,0.49742012359890747,0.5100953833081112,0,0
-0.5929386019706726,0.34974342584609985,2.603755474090576,0.48266262168327917,0.5024972721426454,0,0
-0.5924999117851257,0.3499796390533447,2.583810567855835,0.5000530044909736,0.49660235070611924,0,0
-0.5920645594596863,0.35016167163848877,2.5639517307281494,0.5071415251240646,0.5166263794183571,0,0
-0.591640293598175,0.350294291973114,2.5441925525665283,0.5033390769698185,0.4907735008741452,0,0
-0.591234028339386,0.3503827154636383,2.5245418548583984,0.5157479403738832,0.4970821255605237,0,0
-0.5908510088920593,0.35043206810951233,2.5050082206726074,0.5177341239079996,0.49442966306662556,0,0
-0.590495228767395,0.3504473865032196,2.4856066703796387,0.49743067832632376,0.4854880608343846,0,0
-0.5901688933372498,0.3504336178302765,2.4663453102111816,0.5089401709918245,0.49609914053710896,0,0
-0.5898728370666504,0.3503958284854889,2.447239398956299,0.5068807948073439,0.4860229062300591,0,0
-0.5896070003509521,0.3503388464450836,2.428293228149414,0.5017371853676886,0.5033743966213352,0,0
-0.5893706679344177,0.3502674102783203,2.409522533416748,0.5163871388689899,0.4987101640711345,0,0
-0.5891628861427307,0.3501856327056885,2.390934467315674,0.4800645826986867,0.5046768000011037,0,0
-0.5889822244644165,0.3500972092151642,2.3725345134735107,0.48845562803254927,0.49772155318469086,0,0
-0.5888271331787109,0.35000550746917725,2.354335069656372,0.514174054801759,0.5075940859577228,0,0
-0.588695764541626,0.349913090467453,2.3363428115844727,0.49580673055041596,0.5158703373999762,0,0
-0.5885859727859497,0.34982216358184814,2.318565607070923,0.48659439221328066,0.509706930262906,0,0
-0.5884955525398254,0.3497343361377716,2.3010146617889404,0.5014411864587404,0.5016031320081664,0,0
-0.5884221196174622,0.34965091943740845,2.2836899757385254,0.5185627100560323,0.5153039478917554,0,0
-0.5883634090423584,0.3495727777481079,2.2666029930114746,0.5000029745488548,0.5147522804373338,0,0
-0.588317334651947,0.349500447511673,2.2497661113739014,0.5075394754466427,0.4797560353664253,0,0
-0.5882819294929504,0.3494342863559723,2.2331795692443848,0.4989934415872708,0.48968671381861223,0,0
-0.5882553458213806,0.3493745028972626,2.2168495655059814,0.49263368644288746,0.49045234553667566,0,0
-0.5882357954978943,0.3493209481239319,2.200782060623169,0.4897829762707796,0.4863906656435892,0,0
-0.5882220268249512,0.34927359223365784,2.184983253479004,0.5078472786047787,0.5121348948675483,0,0
-0.5882128477096558,0.3492319583892822,2.169459104537964,0.5036085399043881,0.4822488106906804,0,0
-0.5882071852684021,0.3491957187652588,2.154210329055786,0.4963368369696084,0.5146739734998306,0,0
-0.5882042646408081,0.34916433691978455,2.139242649078369,0.49558823097421306,0.5177683702874101,0,0
-0.5882033705711365,0.34913739562034607,2.1245622634887695,0.5021200427293222,0.515031584168945,0,0
-0.5882039070129395,0.34911441802978516,2.1101694107055664,0.4947791700030754,0.508018965262149,0,0
-0.5882054567337036,0.34909486770629883,2.096069812774658,0.4871278097126037,0.4896150719832857,0,0
-0.5882076621055603,0.34907829761505127,2.082263946533203,0.49856941600636906,0.4913638126835558,0,0
-0.5882102847099304,0.3490642309188843,2.0687575340270996,0.49485591116475425,0.49622627414640436,0,0
-0.5882132649421692,0.3490522801876068,2.0555503368377686,0.5207218170993199,0.48075156454925316,0,0
-0.5882164239883423,0.34904202818870544,2.0426430702209473,0.5129814128490541,0.4906490627217349,0,0
-0.5882196426391602,0.3490332365036011,2.0300347805023193,0.5074585813249637,0.5021947563325253,0,0
-0.5882228016853333,0.3490256369113922,2.0177268981933594,0.4946276917016812,0.49482735394504157,0,0
-0.5882259607315063,0.34901899099349976,2.005723476409912,0.5038964985806944,0.48655379362153645,0,0
-0.5882289409637451,0.349013090133667,1.9940263032913208,0.47436132506261286,0.48847638561602,0,0
-0.5882318019866943,0.34900784492492676,1.9826289415359497,0.5029259947112603,0.5110865086145873,0,0
-0.5882344841957092,0.3490031361579895,1.9715368747711182,0.4938445043745554,0.5096796535917641,0,0
-0.5882370471954346,0.34899887442588806,1.9607443809509277,0.4975313200623315,0.5048574474572646,0,0
-0.5882394909858704,0.3489949703216553,1.9502507448196411,0.521164441185751,0.4838557552760558,0,0
-0.5882418155670166,0.34899139404296875,1.940057635307312,0.5017417652672058,0.5118329227733313,0,0
-0.5882439613342285,0.3489880859851837,1.930164098739624,0.49910455020859756,0.4846793671134677,0,0
-0.5882460474967957,0.34898507595062256,1.920571208000183,0.5080369986483507,0.49577457211943815,0,0
-0.5882478952407837,0.3489823043346405,1.911271333694458,0.5035506493577685,0.5072068327840564,0,0
-0.5882496237754822,0.34897980093955994,1.9022647142410278,0.5062309808028166,0.49849145700793784,0,0
-0.5882512927055359,0.3489775061607361,1.8935458660125732,0.5162588072024027,0.4979133566752897,0,0
-0.5882527232170105,0.34897541999816895,1.8851144313812256,0.490634826940458,0.491295607389133,0,0
-0.5882540941238403,0.34897351264953613,1.8769652843475342,0.5043428030821911,0.5010120945508628,0,0
-0.5882553458213806,0.3489718735218048,1.8690979480743408,0.4953786601900183,0.5064512471498954,0,0
-0.5882564783096313,0.3489704132080078,1.8615124225616455,0.4676575713321691,0.5193356668409549,0,0
-0.5882575511932373,0.348969042301178,1.8542022705078125,0.48969542690214946,0.5017580583402036,0,0
-0.5882585048675537,0.34896788001060486,1.8471622467041016,0.49127709590894786,0.4900630242030285,0,0
-0.5882593989372253,0.3489668369293213,1.8403916358947754,0.492943440649302,0.5143278074672748,0,0
-0.5882602334022522,0.34896591305732727,1.8338847160339355,0.5113482313780741,0.5026899323908792,0,0
-0.5882609486579895,0.3489651083946228,1.8277313709259033,0.4900295353686221,0.49275225255100985,0,0
-0.5882616639137268,0.3489644527435303,1.8219841718673706,0.49456058877368136,0.49691947540811804,0,0
-0.5882623195648193,0.3489638566970825,1.8166638612747192,0.5064385620182494,0.49606108653782427,0,0
-0.5882629752159119,0.34896335005760193,1.8117810487747192,0.4997862365638326,0.4787948698315816,0,0
-0.5882636904716492,0.3489629328250885,1.807335376739502,0.4948501919842906,0.47868406233643607,0,0
-0.5882641673088074,0.34896257519721985,1.803315281867981,0.5011692506420297,0.49189803655892833,0,0
-0.5882647037506104,0.34896230697631836,1.7997145652770996,0.4872232283847193,0.4962607355833994,0,0
-0.5882651805877686,0.3489620089530945,1.7965216636657715,0.505616178377569,0.5012986323600367,0,0
-0.5882656574249268,0.34896180033683777,1.7937241792678833,0.5160941376908207,0.49819247490153873,0,0
-0.5882660746574402,0.34896165132522583,1.7913098335266113,0.5032191118604159,0.5056606951436046,0,0
-0.5882664918899536,0.3489614725112915,1.7892614603042603,0.491682383988005,0.49601204070171473,0,0
-0.588266909122467,0.34896135330200195,1.7875720262527466,0.48549680216206487,0.5051870522642151,0,0
-0.5882672667503357,0.3489612638950348,1.786224603652954,0.4905191163599858,0.49492336974979406,0,0
-0.5882676243782043,0.34896120429039,1.7852065563201904,0.5022035699474594,0.48879796625305,0,0
-0.5882680416107178,0.34896114468574524,1.7844995260238647,0.4939423555949679,0.49392708322202333,0,0
-0.5882683396339417,0.34896111488342285,1.7840988636016846,0.49459331213079344,0.5218495623578444,0,0
-0.5882686376571655,0.34896111488342285,1.7839868068695068,0.4809817542323426,0.4955353103693422,0,0
-0.5882689356803894,0.34896108508110046,1.7841492891311646,0.5098955598345768,0.5057953906155637,0,0
-0.5882691740989685,0.34896108508110046,1.784576177597046,0.4909197099404345,0.5122553754770471,0,0
-0.5882695317268372,0.34896108508110046,1.785260558128357,0.49655574994810975,0.4848145145940909,0,0
-0.5882697701454163,0.34896111488342285,1.7861846685409546,0.5077182104889001,0.5031421446494786,0,0
-0.5882700085639954,0.34896111488342285,1.7873414754867554,0.479792525980961,0.5292761352801649,0,0
-0.5882702469825745,0.34896114468574524,1.78871488571167,0.5080176662305489,0.48786008921560564,0,0
-0.5882704257965088,0.3489611744880676,1.790297031402588,0.4955835348699071,0.5143888662460332,0,0
-0.5882706046104431,0.3489612340927124,1.7920771837234497,0.4835073553846117,0.5117308887273923,0,0
-0.5882707834243774,0.3489612936973572,1.7940497398376465,0.500301838089357,0.501718055210347,0,0
-0.5882709622383118,0.34896132349967957,1.7961955070495605,0.5096722602982964,0.5126380968235364,0,0
-0.5882712006568909,0.34896132349967957,1.7985098361968994,0.5107703700408222,0.512393172967261,0,0
-0.5882713198661804,0.34896138310432434,1.8009793758392334,0.5146068866879939,0.5102949239563355,0,0
-0.58827143907547,0.34896138310432434,1.8035988807678223,0.49750946912609334,0.4924624664534997,0,0
-0.5882715582847595,0.34896141290664673,1.8063565492630005,0.5022252360294723,0.4973711484091772,0,0
-0.5882717370986938,0.3489614725112915,1.8092453479766846,0.487959401547487,0.495253420984582,0,0
-0.5882718563079834,0.3489614725112915,1.8122544288635254,0.4980551157712288,0.49444551791353214,0,0
-0.5882719159126282,0.3489615023136139,1.8153772354125977,0.5201241602501296,0.49981486569638306,0,0
-0.5882720947265625,0.3489615321159363,1.8186017274856567,0.5147844790364735,0.4886356550455672,0,0
-0.5882720947265625,0.34896159172058105,1.8219285011291504,0.4993737663114056,0.5043751642115865,0,0
-0.588272213935852,0.34896159172058105,1.8253387212753296,0.5137359619329892,0.5031069731902591,0,0
-0.5882721543312073,0.34896165132522583,1.8288331031799316,0.5017395626074592,0.5204732331191,0,0
-0.588272213935852,0.34896165132522583,1.8323994874954224,0.5131680329885596,0.5134552649053097,0,0
-0.5882723331451416,0.3489617109298706,1.8360315561294556,0.4954210102779018,0.5024440615983801,0,0
-0.5882723927497864,0.348961740732193,1.8397237062454224,0.5050094771369814,0.4855178493591183,0,0
-0.5882723927497864,0.34896180033683777,1.8434698581695557,0.4979634712935308,0.48465871025465357,0,0
-0.5882724523544312,0.34896185994148254,1.8472635746002197,0.49322701685712733,0.48795987849042116,0,0
-0.5882725119590759,0.34896188974380493,1.8510935306549072,0.5032209935033737,0.4987351682707439,0,0
-0.5882726311683655,0.34896185994148254,1.854959487915039,0.506319518771593,0.52165019981265,0,0
-0.5882726907730103,0.34896188974380493,1.8588553667068481,0.49732546878237943,0.5139824794874845,0,0
-0.588272750377655,0.34896188974380493,1.8627750873565674,0.5072296600099891,0.4881535337958676,0,0
-0.5882728099822998,0.3489619195461273,1.8667126893997192,0.5043844442015841,0.4971243256794755,0,0
-0.5882728099822998,0.3489619493484497,1.8706625699996948,0.5022265603944579,0.4858233880041214,0,0
-0.5882728099822998,0.3489619791507721,1.8746185302734375,0.5117445919402082,0.4947606588871961,0,0
-0.5882728099822998,0.3489620089530945,1.8785802125930786,0.4960898424293827,0.5025962918363256,0,0
-0.5882728099822998,0.34896203875541687,1.8825359344482422,0.493686122839527,0.49116886526180586,0,0
-0.5882728099822998,0.34896203875541687,1.8864856958389282,0.4896313414432306,0.48777654871511444,0,0
-0.5882728099822998,0.34896209836006165,1.8904296159744263,0.4882844733490617,0.48851567927998535,0,0
-0.5882728099822998,0.34896212816238403,1.8943554162979126,0.5036082179620508,0.5130723496227014,0,0
-0.5882728099822998,0.34896212816238403,1.8982634544372559,0.48465166499759676,0.503796302795188,0,0
-0.5882728099822998,0.3489621877670288,1.9021533727645874,0.4970529889151266,0.49142520794171957,0,0
-0.5882728099822998,0.3489622175693512,1.9060131311416626,0.505185108169693,0.49815248157913017,0,0
-0.5882728099822998,0.3489622473716736,1.9098492860794067,0.4958795044645393,0.5139611962380304,0,0
-0.5882728099822998,0.34896227717399597,1.9136492013931274,0.4935179054871129,0.49217706034947273,0,0
-0.5882728099822998,0.34896227717399597,1.9174190759658813,0.5041716571722622,0.5089126029434241,0,0
-0.5882728099822998,0.34896233677864075,1.9211533069610596,0.5024976525122292,0.48967150551479416,0,0
-0.5882728099822998,0.34896236658096313,1.9248453378677368,0.49409229459975024,0.48799178292409234,0,0
-0.5882728099822998,0.34896236658096313,1.9284955263137817,0.4861022735854148,0.49698394832586934,0,0
-0.5882728099822998,0.34896236658096313,1.9320979118347168,0.4942287218507464,0.5074395835145209,0,0
-0.5882728099822998,0.3489624261856079,1.9356582164764404,0.4937097867054291,0.49811927309829257,0,0
-0.5882728099822998,0.3489624559879303,1.9391707181930542,0.4875918925555777,0.4902552153137431,0,0
-0.5882728099822998,0.3489625155925751,1.942629098892212,0.5049241741776915,0.5022092690511862,0,0
-0.5882728099822998,0.34896254539489746,1.9460394382476807,0.5179947425458182,0.515725105594259,0,0
-0.5882728099822998,0.3489625155925751,1.949396014213562,0.4897050948347552,0.49959850691275487,0,0
-0.5882728099822998,0.3489625155925751,1.9526925086975098,0.4961590563520038,0.4916626491540304,0,0
-0.5882728099822998,0.34896254539489746,1.9559353590011597,0.48445499040208334,0.5028928705609328,0,0
-0.5882728099822998,0.34896254539489746,1.9591180086135864,0.4912965933382576,0.5057818099426465,0,0
-0.5882728099822998,0.34896254539489746,1.9622409343719482,0.5129461464948449,0.5113334411951153,0,0
-0.5882728099822998,0.34896254539489746,1.965303659439087,0.4924433439364375,0.5065777440575218,0,0
-0.5882728099822998,0.3489625155925751,1.9683070182800293,0.5095525819561822,0.5109714333790479,0,0
-0.5882728099822998,0.34896254539489746,1.971250057220459,0.5060849957522374,0.4878391485844485,0,0
-0.5882728099822998,0.3489625155925751,1.9741332530975342,0.5021437755604135,0.4861624095835925,0,0
-0.5882728099822998,0.3489625155925751,1.9769504070281982,0.4789580467633367,0.4886973036275698,0,0
-0.5882728099822998,0.3489625155925751,1.9797077178955078,0.5021601599815921,0.49028468854883134,0,0
-0.5882728099822998,0.34896254539489746,1.9823991060256958,0.4986556626374941,0.4906344880836561,0,0
-0.5882728099822998,0.34896254539489746,1.9850246906280518,0.51180111804152,0.4904051673478584,0,0
-0.5882728099822998,0.3489625155925751,1.9875901937484741,0.5148255169833446,0.5028751862988389,0,0
-0.5882728099822998,0.34896254539489746,1.990089774131775,0.506351797599946,0.49381491722428267,0,0
-0.5882728099822998,0.34896254539489746,1.9925236701965332,0.5074295348746841,0.5007822506173863,0,0
-0.5882728099822998,0.34896257519721985,1.9948909282684326,0.4848003305606724,0.4873095866054432,0,0
-0.5882728099822998,0.34896257519721985,1.9971988201141357,0.4914090586299036,0.5081375335215953,0,0
-0.5882728099822998,0.34896254539489746,1.9994406700134277,0.4991605287536215,0.49575283956317284,0,0
-0.5882728099822998,0.34896254539489746,2.001616954803467,0.5167747869319267,0.5158774536941788,0,0
-0.5882728099822998,0.34896254539489746,2.0037331581115723,0.4885086339128126,0.5083184945791268,0,0
-0.5882728099822998,0.34896257519721985,2.0057833194732666,0.5050940110202387,0.48089851335035066,0,0
-0.5882729291915894,0.3489622473716736,2.007761240005493,0.5174354460142359,0.4983090675736955,0,0
-0.588272213935852,0.34896403551101685,2.0096654891967773,0.49401734799245467,0.5086065060361563,0,0
-0.5882685780525208,0.3489740788936615,2.011496067047119,0.49086912606138966,0.49342530639951065,0,0
-0.5882577300071716,0.34900251030921936,2.0132508277893066,0.49373481737900543,0.5123635766283912,0,0
-0.5882346034049988,0.3490627706050873,2.0149316787719727,0.4909219518240899,0.5056943018872972,0,0
-0.5881943702697754,0.3491710126399994,2.016568660736084,0.5114943063092764,0.48781783026887116,0,0
-0.5881346464157104,0.3493446707725525,2.0181939601898193,0.49666225197842206,0.5131603134395032,0,0
-0.5880542397499084,0.34960103034973145,2.019796848297119,0.4900028722027503,0.49290403444340625,0,0
-0.5879514813423157,0.349956750869751,2.0213418006896973,0.5108620924010467,0.48944124435363623,0,0
-0.5878220796585083,0.3504275977611542,2.0227434635162354,0.5030836455484412,0.5300335661031436,0,0
-0.5876598954200745,0.35102853178977966,2.023933172225952,0.503871524250628,0.5099650473021443,0,0
-0.5874581933021545,0.3517722189426422,2.024956226348877,0.5041013061278142,0.4973496964056399,0,0
-0.5872113108634949,0.35266751050949097,2.0259227752685547,0.5140956436164819,0.4933973144061386,0,0
-0.5869147777557373,0.35371944308280945,2.0268642902374268,0.5015240755424755,0.4778742887514187,0,0
-0.586564838886261,0.35492953658103943,2.0277605056762695,0.5051419544064661,0.5016261209872991,0,0
-0.5861594080924988,0.3562965989112854,2.028602123260498,0.4891498487345607,0.5088075389218628,0,0
-0.5856973528862,0.3578173518180847,2.0293967723846436,0.48806352637716527,0.4827592645415688,0,0
-0.5851789116859436,0.3594866096973419,2.030151128768921,0.503617944806724,0.4929489311241617,0,0
-0.5846050381660461,0.36129826307296753,2.030877113342285,0.5055647461875835,0.49389835615348054,0,0
-0.5839778184890747,0.3632449209690094,2.031573534011841,0.49950446082702915,0.5145289225574546,0,0
-0.5832997560501099,0.36531880497932434,2.032235622406006,0.49921465978890633,0.5170964868126171,0,0
-0.5825738310813904,0.3675112724304199,2.032843589782715,0.5006030443502951,0.4861171617867947,0,0
-0.581803023815155,0.36981314420700073,2.0333967208862305,0.503230273748934,0.497462229371795,0,0
-0.5809903144836426,0.3722153604030609,2.0339102745056152,0.49621254652541436,0.49699001103204077,0,0
-0.5801390409469604,0.37470921874046326,2.0344057083129883,0.5061670432763437,0.4930089462884546,0,0
-0.5792531371116638,0.3772871792316437,2.0348947048187256,0.5030334533319281,0.5044820675302406,0,0
-0.5783365964889526,0.37994250655174255,2.0353751182556152,0.5116522382856484,0.5158179414504118,0,0
-0.5773935317993164,0.3826688528060913,2.0358433723449707,0.4927912929677109,0.4992721247393529,0,0
-0.5764274597167969,0.385460764169693,2.0363011360168457,0.5081965158666722,0.5057375520884361,0,0
-0.575441300868988,0.3883128762245178,2.03674578666687,0.5049393646442281,0.4998963387450699,0,0
-0.5744374394416809,0.3912200629711151,2.03717041015625,0.5053246931076856,0.49727106854711656,0,0
-0.5734178423881531,0.39417764544487,2.037571430206299,0.4901368126107918,0.5017117774453596,0,0
-0.5723842978477478,0.39718109369277954,2.0379533767700195,0.5060153360277372,0.49539285163295077,0,0
-0.571338415145874,0.4002264738082886,2.0383172035217285,0.5125571734739623,0.49876746763763824,0,0
-0.5702816247940063,0.40331026911735535,2.038668155670166,0.47922990785462266,0.49511743517179013,0,0
-0.5692154765129089,0.4064291715621948,2.0390031337738037,0.5025803825074966,0.5020913571920833,0,0
-0.5681409239768982,0.4095803499221802,2.0393247604370117,0.5027752795902412,0.5096700824596012,0,0
-0.5670590996742249,0.4127611517906189,2.0396342277526855,0.49986103186004227,0.5040426885563601,0,0
-0.5659707188606262,0.41596904397010803,2.039931058883667,0.5014935848279741,0.5057804603931213,0,0
-0.5648765563964844,0.41920173168182373,2.040215015411377,0.49431348524725127,0.4896348475534191,0,0
-0.5637770891189575,0.4224569797515869,2.040483236312866,0.5034035552141665,0.5043358702386562,0,0
-0.5626728534698486,0.4257330298423767,2.040739059448242,0.5042714939428897,0.5104546518012631,0,0
-0.5615645051002502,0.42902809381484985,2.0409841537475586,0.4915890321992744,0.48168928295394103,0,0
-0.560452401638031,0.4323403239250183,2.041217565536499,0.5017375878028913,0.5139007336041715,0,0
-0.5593369007110596,0.4356684386730194,2.041442394256592,0.4998005961470257,0.4960219265831443,0,0
-0.5582186579704285,0.43901097774505615,2.0416574478149414,0.49396207568251926,0.5120220481783526,0,0
-0.5570977330207825,0.4423668086528778,2.0418620109558105,0.5080672327603019,0.514453842452333,0,0
-0.555974543094635,0.4457346796989441,2.0420570373535156,0.4926113015616048,0.501615865505567,0,0
-0.5548493266105652,0.44911354780197144,2.042243003845215,0.5107332373136388,0.512053494654301,0,0
-0.5537224411964417,0.45250236988067627,2.042419672012329,0.5025897781354757,0.5006651129811575,0,0
-0.5525941252708435,0.4559002220630646,2.0425901412963867,0.4954129836968848,0.5074408552939725,0,0
-0.5514644980430603,0.4593065083026886,2.0427541732788086,0.4864402649537929,0.5031770877978051,0,0
-0.5503337979316711,0.46272024512290955,2.042909622192383,0.4784812316649413,0.5082045593504502,0,0
-0.5492022633552551,0.46614086627960205,2.043057441711426,0.4923517969405958,0.4890524931382094,0,0
-0.5480700731277466,0.46956777572631836,2.0432000160217285,0.5062960941438651,0.5016005734045872,0,0
-0.5469374656677246,0.47300025820732117,2.0433385372161865,0.4945594929329619,0.485393745659038,0,0
-0.5458044409751892,0.4764379858970642,2.0434646606445312,0.5075260637896605,0.5027970050840612,0,0
-0.5446711182594299,0.47988030314445496,2.0435843467712402,0.5155189680833804,0.5040431902252122,0,0
-0.5435376763343811,0.4833269417285919,2.0436997413635254,0.5148827412104073,0.5075167933429177,0,0
-0.5424041152000427,0.48677748441696167,2.043813705444336,0.5002261247970505,0.49327621630922924,0,0
-0.5412705540657043,0.4902314245700836,2.0439178943634033,0.4924194012458032,0.4982092144121505,0,0
-0.5401371121406555,0.4936886727809906,2.0440194606781006,0.5056566480583654,0.5033537974932549,0,0
-0.5390037894248962,0.4971488118171692,2.0441176891326904,0.5015230771739327,0.4854263138074167,0,0
-0.5378706455230713,0.5006116032600403,2.0442092418670654,0.47421252877541736,0.5062321901613833,0,0
-0.5367377400398254,0.5040767788887024,2.0442967414855957,0.5048029334446353,0.505462517130678,0,0
-0.5356050729751587,0.507544219493866,2.044379711151123,0.506391567302506,0.4989551522699233,0,0
-0.5344727635383606,0.5110136866569519,2.044459104537964,0.5108786235813517,0.5209618307216364,0,0
-0.5333407521247864,0.5144850015640259,2.0445334911346436,0.5206633267879387,0.5126470001848978,0,0
-0.532209038734436,0.5179579257965088,2.0446105003356934,0.5012186191352105,0.4883759410790596,0,0
-0.5310776233673096,0.5214323997497559,2.044680595397949,0.5022536331119699,0.5065475694848087,0,0
-0.5299466848373413,0.5249082446098328,2.044745445251465,0.5059175442103627,0.5018226215532254,0,0
-0.5288159847259521,0.5283854007720947,2.0448107719421387,0.49800488605213505,0.5137627898780679,0,0
-0.5276857614517212,0.5318636298179626,2.044872283935547,0.48943323054909843,0.4997573317089813,0,0
-0.5265558362007141,0.5353430509567261,2.0449278354644775,0.49363097720947285,0.4952430260038809,0,0
-0.5254263281822205,0.5388234257698059,2.044983386993408,0.5048609459501021,0.47469555607288927,0,0
-0.5242971777915955,0.5423045754432678,2.045034885406494,0.5090752246617721,0.5080401572992438,0,0
-0.5231683254241943,0.5457865595817566,2.045085906982422,0.497910881915991,0.4972730858469558,0,0
-0.5220399498939514,0.5492692589759827,2.045130729675293,0.4952161063005368,0.49630241742925696,0,0
-0.5209118723869324,0.5527525544166565,2.045175075531006,0.5017618195944245,0.49078001810944133,0,0
-0.519784152507782,0.5562365055084229,2.045222282409668,0.48998579893747735,0.499129795166829,0,0
-0.518656849861145,0.559721052646637,2.0452632904052734,0.49762060990124113,0.5118898590438241,0,0
-0.5175298452377319,0.5632060766220093,2.045304298400879,0.4885968694156534,0.4904719416234361,0,0
-0.5164031386375427,0.566691517829895,2.045339345932007,0.5022423285915636,0.5081717572191927,0,0
-0.5152767300605774,0.570177435874939,2.045375347137451,0.519067683025723,0.5093392980656786,0,0
-0.5141506791114807,0.5736637115478516,2.0454111099243164,0.5158042636367718,0.5050745435456822,0,0
-0.5130249857902527,0.5771503448486328,2.0454471111297607,0.5062922514175378,0.503888314504021,0,0
-0.511899471282959,0.5806372165679932,2.045476198196411,0.4959037180457617,0.48615574567543246,0,0
-0.5107741951942444,0.5841244459152222,2.0455055236816406,0.5037849934437177,0.4986970936733517,0,0
-0.509649395942688,0.5876119136810303,2.045534372329712,0.49942367091821976,0.48708049353138383,0,0
-0.5085248351097107,0.5910996198654175,2.045558452606201,0.4966731028706391,0.4891296915936563,0,0
-0.5074005126953125,0.594587504863739,2.0455822944641113,0.499498897081312,0.49130706498449905,0,0
-0.5062763690948486,0.5980755686759949,2.0456061363220215,0.4941437672793213,0.508721505547286,0,0
-0.5051525235176086,0.6015639305114746,2.04563045501709,0.497718718829807,0.49484037909662715,0,0
-0.5040289163589478,0.6050523519515991,2.045654058456421,0.5134179149021144,0.5108855914820498,0,0
-0.502905547618866,0.6085410714149475,2.0456724166870117,0.5185622945214319,0.49945315546891217,0,0
-0.5017823576927185,0.6120298504829407,2.0456902980804443,0.5051721709952275,0.4910533172237272,0,0
-0.5006593465805054,0.6155186891555786,2.045708179473877,0.510398208474945,0.5100198860943306,0,0
-0.4995367228984833,0.6190078258514404,2.0457260608673096,0.51385064107808,0.5088184028504961,0,0
-0.49841412901878357,0.6224969625473022,2.0457444190979004,0.4934425440323907,0.5024804021595348,0,0
-0.49729183316230774,0.6259862184524536,2.045762062072754,0.5020114551692676,0.4980686237872196,0,0
-0.49616965651512146,0.6294755935668945,2.0457799434661865,0.5155966232818178,0.49978560153600454,0,0
-0.4950477182865143,0.6329649686813354,2.0457911491394043,0.5060496583231141,0.49730105423081716,0,0
-0.49392589926719666,0.6364545226097107,2.045802354812622,0.4981887228553016,0.4956198037225447,0,0
-0.49280425906181335,0.6399440765380859,2.0458133220672607,0.5067029190322552,0.5031594824223057,0,0
-0.4916827082633972,0.6434338092803955,2.0458247661590576,0.4951126889870302,0.5031616101007971,0,0
-0.49056142568588257,0.6469234824180603,2.0458359718322754,0.5149924860906483,0.5111611149984278,0,0
-0.4894402325153351,0.6504132747650146,2.045846939086914,0.5115680585902019,0.5037077417817253,0,0
-0.48831915855407715,0.6539031267166138,2.045858144760132,0.48525498978646786,0.5057537971955053,0,0
-0.4871981739997864,0.6573930382728577,2.0458691120147705,0.4969539280594523,0.502211061352974,0,0
-0.48607736825942993,0.6608830094337463,2.0458760261535645,0.5027645342335423,0.5111664767695501,0,0
-0.4849567115306854,0.6643730998039246,2.0458827018737793,0.5157697460064977,0.48992979133649994,0,0
-0.4838360548019409,0.6678630709648132,2.0458898544311523,0.5082228392526951,0.500164939280755,0,0
-0.4827156066894531,0.6713530421257019,2.045896530151367,0.4902430560645941,0.4802786831794577,0,0
-0.48159512877464294,0.6748431324958801,2.045903444290161,0.5002903639828634,0.5057618645486801,0,0
-0.4804748594760895,0.6783332824707031,2.045910358428955,0.48684382208554366,0.4842107323115419,0,0
-0.4793546497821808,0.6818234324455261,2.04591703414917,0.5184164448808307,0.4831160761130734,0,0
-0.47823452949523926,0.6853137016296387,2.045924186706543,0.5124774432703446,0.5113143349885623,0,0
-0.4771144688129425,0.6888039112091064,2.045930862426758,0.5069404390716511,0.4876619007395374,0,0
-0.4759945273399353,0.6922941207885742,2.0459377765655518,0.5021244164304104,0.4944222448089645,0,0
-0.47487467527389526,0.6957844495773315,2.0459446907043457,0.501637479921163,0.4821680349248651,0,0
-0.4737548530101776,0.6992747783660889,2.0459511280059814,0.5063349446558264,0.496584313249244,0,0
-0.4726351499557495,0.7027651071548462,2.0459580421447754,0.5144073010765775,0.49302382840279085,0,0
-0.4715155363082886,0.7062554359436035,2.0459649562835693,0.5081069058233665,0.5055503746165574,0,0
-0.4703960120677948,0.7097457647323608,2.0459718704223633,0.5025376777319943,0.500100909391364,0,0
-0.46927645802497864,0.7132360935211182,2.045978546142578,0.48313302158942545,0.5038566270702457,0,0
-0.46815699338912964,0.7167264819145203,2.045978546142578,0.49139180119110665,0.5158977985605991,0,0
-0.467037558555603,0.7202168703079224,2.045978546142578,0.5026724986033195,0.4995783185938799,0,0
-0.4659182131290436,0.7237072587013245,2.045978546142578,0.5097429654793478,0.4939071684361575,0,0
-0.46479886770248413,0.7271976470947266,2.045978546142578,0.49757129132128824,0.5070330701723874,0,0
-0.46367958188056946,0.7306880354881287,2.045978546142578,0.5106236838287235,0.49827159302463,0,0
-0.46256038546562195,0.7341784834861755,2.045978546142578,0.5011294862936014,0.5080696250077842,0,0
-0.4614412188529968,0.7376688718795776,2.045978546142578,0.4941152835013439,0.4841759811272293,0,0
-0.4603221118450165,0.7411593198776245,2.045978546142578,0.5125791129888606,0.4916911208990974,0,0
-0.4592030346393585,0.7446497678756714,2.045978546142578,0.5039573273368116,0.48850193812750503,0,0
-0.45808398723602295,0.7481402158737183,2.045978546142578,0.48276368199204583,0.5037201880044835,0,0
-0.45696502923965454,0.7516307234764099,2.045978546142578,0.4839891916112472,0.49738871465985285,0,0
-0.4558461010456085,0.7551212310791016,2.045978546142578,0.48687544902860386,0.5118747594013152,0,0
-0.45472726225852966,0.7586117386817932,2.045978546142578,0.4838386981331028,0.49106804429974604,0,0
-0.4536083936691284,0.7621021866798401,2.045978546142578,0.49646401077859215,0.5008324937418749,0,0
-0.45248958468437195,0.7655926942825317,2.045978546142578,0.5047777921765167,0.5145658277085119,0,0
-0.4513707756996155,0.7690832614898682,2.045978546142578,0.49061475572499547,0.505903543428032,0,0
-0.4502520263195038,0.7725737690925598,2.045978546142578,0.5081296076925298,0.49082676081310955,0,0
-0.44913339614868164,0.7760643362998962,2.045978546142578,0.48382317757940285,0.5097437885276248,0,0
-0.4480148255825043,0.7795549035072327,2.045978546142578,0.4984799952585639,0.5017907407714403,0,0
-0.4468962848186493,0.7830455899238586,2.045978546142578,0.506795952723464,0.5132438866471524,0,0
-0.4457778334617615,0.7865360975265503,2.045978546142578,0.5025444407862474,0.5138831032632091,0,0
-0.4446592628955841,0.790026843547821,2.045978546142578,0.495340919444103,0.4962633991690074,0,0
-0.44354087114334106,0.7935174703598022,2.045978546142578,0.4818164682230058,0.5205410203812514,0,0
-0.4424225091934204,0.797008216381073,2.045978546142578,0.4989376080744177,0.5000217776042294,0,0
-0.44130411744117737,0.8004988431930542,2.045978546142578,0.505134893235912,0.5088946356948033,0,0
-0.4401857852935791,0.8039895296096802,2.045978546142578,0.4879763049100271,0.49365025680818275,0,0
-0.439067542552948,0.8074802160263062,2.045978546142578,0.48755373625819737,0.49534806332248965,0,0
-0.4379493296146393,0.8109709620475769,2.045978546142578,0.5017337425401607,0.4954973095408978,0,0
-0.43683114647865295,0.8144615292549133,2.045978546142578,0.5032261380315485,0.4842306266757679,0,0
-0.4357130527496338,0.8179522156715393,2.045978546142578,0.49184284460886685,0.5026934209029505,0,0
-0.4345950186252594,0.8214428424835205,2.045978546142578,0.4891315253760777,0.5349952893843801,0,0
-0.4334770143032074,0.8249335289001465,2.045978546142578,0.4859459437293278,0.5065447301559458,0,0
-0.4323590397834778,0.8284242749214172,2.045978546142578,0.5060224083091822,0.5068880670092065,0,0
-0.43124106526374817,0.831915020942688,2.045978546142578,0.49453288925864536,0.49902262366447814,0,0
-0.43012315034866333,0.8354056477546692,2.045978546142578,0.4960715860855046,0.48817471485442687,0,0
-0.42900535464286804,0.8388963937759399,2.045978546142578,0.5034263587762456,0.49006759380436565,0,0
-0.42788752913475037,0.8423871397972107,2.045978546142578,0.48446596394662933,0.4787441506918644,0,0
-0.42676979303359985,0.845878005027771,2.045978546142578,0.4946692910409591,0.47545713628649744,0,0
-0.42565202713012695,0.8493688106536865,2.045978546142578,0.4965559898316225,0.5165489005428371,0,0
-0.4245343804359436,0.852859616279602,2.045978546142578,0.5142363011104372,0.49429835379544096,0,0
-0.42341673374176025,0.8563503623008728,2.045978546142578,0.5021683796400253,0.49942943914894333,0,0
-0.42229920625686646,0.8598411679267883,2.045978546142578,0.49253673514915336,0.5056002116851483,0,0
-0.42118164896965027,0.8633319735527039,2.045978546142578,0.5129823870058445,0.50320466345786,0,0
-0.42006421089172363,0.8668228387832642,2.045978546142578,0.5007735130758094,0.49241196311918234,0,0
-0.4189467430114746,0.8703137040138245,2.045978546142578,0.4822866319196595,0.4782130137202347,0,0
-0.41782936453819275,0.8738045692443848,2.045978546142578,0.4960793940745771,0.49860279789477285,0,0
-0.4167119562625885,0.8772954940795898,2.045978546142578,0.5025808340852931,0.49198386640827907,0,0
-0.4155946671962738,0.8807863593101501,2.045978546142578,0.49907196466841197,0.5183586591167243,0,0
-0.4144773483276367,0.8842772245407104,2.045978546142578,0.5022927601303994,0.4906969496247525,0,0
-0.413360059261322,0.8877681493759155,2.045978546142578,0.4887434352876616,0.49480047153823586,0,0
-0.4122428894042969,0.8912590742111206,2.045978546142578,0.505859681717605,0.48498131131470035,0,0
-0.41112571954727173,0.8947499394416809,2.045978546142578,0.5096303336861256,0.49855600232569164,0,0
-0.41000863909721375,0.8982409238815308,2.045978546142578,0.5092437621895157,0.48947404609462597,0,0
-0.40889161825180054,0.9017317891120911,2.045978546142578,0.4794096087293837,0.5015627878707305,0,0
-0.40777453780174255,0.9052226543426514,2.045978546142578,0.4974503509263451,0.4865284572647258,0,0
-0.40665754675865173,0.9087136387825012,2.045978546142578,0.4962844344616652,0.5167416320144806,0,0
-0.4055405855178833,0.9122045636177063,2.045978546142578,0.5006972345237749,0.5188409798991668,0,0
-0.40442368388175964,0.9156955480575562,2.045978546142578,0.4936403679723816,0.4987977867589757,0,0
-0.4033068120479584,0.9191864728927612,2.045978546142578,0.4807781323525702,0.5036310031590157,0,0
-0.40219002962112427,0.9226773381233215,2.045978546142578,0.5002786288842314,0.4920391951887041,0,0
-0.40107324719429016,0.9261682629585266,2.045978546142578,0.5100072016401391,0.48160093651970104,0,0
-0.39995643496513367,0.9296593070030212,2.045978546142578,0.49613975239810754,0.5003640974755748,0,0
-0.3988397419452667,0.9331503510475159,2.045978546142578,0.5102989782827654,0.49237270154605633,0,0
-0.39772313833236694,0.9366413950920105,2.045978546142578,0.4901733004406394,0.4933219020238416,0,0
-0.3966065049171448,0.9401323795318604,2.045978546142578,0.4913308009621025,0.4892974551907496,0,0
-0.395489901304245,0.943623423576355,2.045978546142578,0.5153868268743617,0.4997899372682396,0,0
-0.39437335729599,0.9471144080162048,2.045978546142578,0.513489875542971,0.49787388258579696,0,0
-0.3932568430900574,0.9506053328514099,2.045978546142578,0.4830473353820526,0.4929511129367109,0,0
-0.39214035868644714,0.9540964961051941,2.045978546142578,0.5023621559617911,0.502631777947847,0,0
-0.3910239636898041,0.957587718963623,2.045978546142578,0.49703977356817397,0.49744187623369224,0,0
-0.3899075388908386,0.9610787630081177,2.045978546142578,0.4907252652848171,0.48669601409923985,0,0
-0.38879114389419556,0.9645699858665466,2.045978546142578,0.47753918697090164,0.496893000908844,0,0
-0.38767480850219727,0.9680610299110413,2.045978546142578,0.4948939559038497,0.49546511162944096,0,0
-0.38655856251716614,0.9715521335601807,2.045978546142578,0.49939801648086923,0.49564884851634317,0,0
-0.3854423463344574,0.9750431776046753,2.045978546142578,0.4842183042916087,0.5098675081214378,0,0
-0.38432610034942627,0.9785342812538147,2.045978546142578,0.5112956784243774,0.5153562280807233,0,0
-0.3832099139690399,0.9820254445075989,2.045978546142578,0.5087319580363228,0.5177783704990435,0,0
-0.3820938169956207,0.9855166077613831,2.045978546142578,0.49751951976035813,0.5159955643131106,0,0
-0.3809777796268463,0.9890077710151672,2.045978546142578,0.4920795779465438,0.5052480935954846,0,0
-0.3798617124557495,0.9924988746643066,2.045978546142578,0.5182396152792629,0.5028637034919441,0,0
-0.3787456452846527,0.9959900975227356,2.045978546142578,0.5075190072197698,0.4971394138120223,0,0
-0.3776295483112335,0.999481201171875,2.045978546142578,0.49575416093245256,0.5007543047267793,0,0
-0.3765135705471039,1.0029724836349487,2.045978546142578,0.5000286353522063,0.5046694755517439,0,0
-0.37539753317832947,1.0064637660980225,2.045978546142578,0.5027016354649033,0.507822289400005,0,0
-0.37428152561187744,1.009954810142517,2.045978546142578,0.5109313195559768,0.5120535973687821,0,0
-0.3731655180454254,1.0134460926055908,2.045978546142578,0.5007709868934055,0.5056083227931729,0,0
-0.3720495402812958,1.0169371366500854,2.045978546142578,0.5066459680388783,0.47758422835197123,0,0
-0.3709335923194885,1.0204282999038696,2.045978546142578,0.4970939544823978,0.49756862568601556,0,0
-0.3698176443576813,1.0239194631576538,2.045978546142578,0.4927665943334329,0.5003567729011199,0,0
-0.368701696395874,1.0274105072021484,2.045978546142578,0.500498788446278,0.5092181511515358,0,0
-0.36758580803871155,1.0309016704559326,2.045978546142578,0.5146660281864864,0.5021875200753599,0,0
-0.3664698898792267,1.0343927145004272,2.045978546142578,0.5093802559357551,0.5019907220493323,0,0
-0.3653539717197418,1.037883996963501,2.045978546142578,0.5022578412805684,0.48668700766302064,0,0
-0.36423805356025696,1.0413750410079956,2.045978546142578,0.4887896342415392,0.4901586772568882,0,0
-0.3631221652030945,1.0448662042617798,2.045978546142578,0.48919425620745954,0.5028658801519327,0,0
-0.362006276845932,1.048357367515564,2.045978546142578,0.4892064784015163,0.5258548692578253,0,0
-0.3608904778957367,1.0518485307693481,2.045978546142578,0.48918840279366765,0.49639862330275825,0,0
-0.359774649143219,1.0553398132324219,2.045978546142578,0.5093545993404756,0.5059008780306568,0,0
-0.3586588203907013,1.0588312149047852,2.045978546142578,0.5151322163784997,0.5061038479814502,0,0
-0.35754305124282837,1.0623224973678589,2.045978546142578,0.4982866656085006,0.5053338436009784,0,0
-0.3564271926879883,1.0658138990402222,2.045978546142578,0.4923381624097606,0.49896546657408264,0,0
-0.3553113639354706,1.069305181503296,2.045978546142578,0.5015333364250715,0.5027739634925774,0,0
-0.35419559478759766,1.0727965831756592,2.045978546142578,0.5030027458087453,0.5044232318515544,0,0
-0.3530798554420471,1.076287865638733,2.045978546142578,0.4956116234900647,0.4990201285550806,0,0
-0.3519641160964966,1.0797792673110962,2.045978546142578,0.5014396198744979,0.49388657586941354,0,0
-0.35084837675094604,1.08327054977417,2.045978546142578,0.5080492953914115,0.4975993538321571,0,0
-0.3497326672077179,1.0867619514465332,2.045978546142578,0.5008061208062733,0.5055568515877515,0,0
-0.34861692786216736,1.090253233909607,2.045978546142578,0.49950817922553675,0.5029253576483576,0,0
-0.3475012183189392,1.0937446355819702,2.045978546142578,0.505893554094507,0.4955915731776449,0,0
-0.3463854491710663,1.097235918045044,2.045978546142578,0.5040890576450668,0.5001527405060259,0,0
-0.34526968002319336,1.1007273197174072,2.045978546142578,0.49127204279681536,0.5046465448925068,0,0
-0.3441539406776428,1.104218602180481,2.045978546142578,0.48748550448068917,0.5200374851343341,0,0
-0.3430382013320923,1.1077098846435547,2.045978546142578,0.4968415797190118,0.4897153427420055,0,0
-0.34192246198654175,1.1112011671066284,2.045978546142578,0.5044229246523492,0.5115175097864114,0,0
-0.34080666303634644,1.1146924495697021,2.045978546142578,0.5182151249308781,0.4924810072941188,0,0
-0.3396908640861511,1.1181837320327759,2.045978546142578,0.49555524601635115,0.5145584756559285,0,0
-0.3385750651359558,1.12167489528656,2.045978546142578,0.5066515527705778,0.49526267280740127,0,0
-0.3374592661857605,1.1251660585403442,2.045978546142578,0.5017514320088643,0.4892809553128502,0,0
-0.3363434374332428,1.128657341003418,2.045978546142578,0.4846721417625577,0.49202112837723755,0,0
-0.3352276384830475,1.1321486234664917,2.045978546142578,0.5067319418481152,0.48737909949002445,0,0
-0.3341118097305298,1.1356399059295654,2.045978546142578,0.4927883758937967,0.505584421079279,0,0
-0.3329959809780121,1.1391310691833496,2.045978546142578,0.49652822191611273,0.494813933835496,0,0
-0.3318800926208496,1.1426222324371338,2.045978546142578,0.511867441071226,0.5124121083735281,0,0
-0.3307642340660095,1.146113395690918,2.045978546142578,0.500865476045176,0.5065906222389647,0,0
-0.32964837551116943,1.1496046781539917,2.045978546142578,0.5171811473933106,0.4823743436978636,0,0
-0.32853248715400696,1.1530958414077759,2.045978546142578,0.49835011798459244,0.4853841522209347,0,0
-0.3274165987968445,1.1565868854522705,2.045978546142578,0.5119901669988342,0.5090963088806749,0,0
-0.326300710439682,1.1600781679153442,2.045978546142578,0.4854801899907103,0.4948182070834658,0,0
-0.32518479228019714,1.1635692119598389,2.045978546142578,0.501618148064318,0.4793688553757814,0,0
-0.3240688741207123,1.167060375213623,2.045978546142578,0.5032405361727952,0.4975884568741075,0,0
-0.3229529559612274,1.1705515384674072,2.045978546142578,0.4824292353477473,0.4832032924888379,0,0
-0.32183700799942017,1.1740427017211914,2.045978546142578,0.5073182780036272,0.500201103863117,0,0
-0.3207210600376129,1.1775338649749756,2.045978546142578,0.5094260253047203,0.49071765436821746,0,0
-0.31960511207580566,1.1810249090194702,2.045978546142578,0.4983421489121077,0.5062045649346305,0,0
-0.3184891641139984,1.1845160722732544,2.045978546142578,0.5069098746634059,0.5026324924377319,0,0
-0.3173731863498688,1.188007116317749,2.045978546142578,0.5182129440752689,0.49683521565303806,0,0
-0.31625720858573914,1.1914983987808228,2.045978546142578,0.49745834562317304,0.507050311017146,0,0
-0.3151412308216095,1.194989562034607,2.045978546142578,0.4843400282719386,0.5080326444806725,0,0
-0.31402522325515747,1.1984807252883911,2.045978546142578,0.4890218292556345,0.4957219118002387,0,0
-0.31290924549102783,1.2019717693328857,2.045978546142578,0.4912199033867876,0.5135502798747137,0,0
-0.3117932379245758,1.2054628133773804,2.045978546142578,0.49324703609227544,0.5023169204632356,0,0
-0.310677170753479,1.2089539766311646,2.045978546142578,0.5046965908254325,0.5085898854725189,0,0
-0.309561163187027,1.2124450206756592,2.045978546142578,0.49778443183870114,0.49198083968659195,0,0
-0.3084450960159302,1.215936303138733,2.045978546142578,0.4949468459293095,0.5058376798391457,0,0
-0.30732905864715576,1.2194273471832275,2.045978546142578,0.490115925111294,0.5076907607880848,0,0
-0.30621299147605896,1.2229185104370117,2.045978546142578,0.5058880385387172,0.496869756567879,0,0
-0.30509692430496216,1.226409673690796,2.045978546142578,0.492656713111563,0.5018003697173435,0,0
-0.30398085713386536,1.2299007177352905,2.045978546142578,0.4941121763842755,0.49180916429586313,0,0
-0.30286476016044617,1.2333918809890747,2.045978546142578,0.5076584905981145,0.5192189744171289,0,0
-0.301748663187027,1.2368829250335693,2.045978546142578,0.509621329400126,0.49406675521827903,0,0
-0.3006325662136078,1.240374207496643,2.045978546142578,0.5063619107601359,0.4838082777580073,0,0
-0.2995164394378662,1.2438652515411377,2.045978546142578,0.5173792231176526,0.5022275173064356,0,0
-0.29840031266212463,1.2473564147949219,2.045978546142578,0.5002106835562878,0.5185577660029723,0,0
-0.29728418588638306,1.250847578048706,2.045978546142578,0.5038272476428346,0.49091924510148505,0,0
-0.2961680591106415,1.2543386220932007,2.045978546142578,0.5006542702119429,0.5039231344733566,0,0
-0.2950519621372223,1.2578297853469849,2.045978546142578,0.481806955916736,0.4774724050406294,0,0
-0.2939358055591583,1.2613208293914795,2.045978546142578,0.4980813527700076,0.5019611941338828,0,0
-0.29281964898109436,1.2648121118545532,2.045978546142578,0.5068204967520531,0.49693130945858,0,0
-0.2917034924030304,1.2683031558990479,2.045978546142578,0.5128140891709911,0.5196491698468554,0,0
-0.29058730602264404,1.271794319152832,2.045978546142578,0.4846481471655217,0.5049329702815735,0,0
-0.2894711196422577,1.2752854824066162,2.045978546142578,0.49499905082302803,0.4958159435249959,0,0
-0.28835493326187134,1.2787765264511108,2.045978546142578,0.4908647201906119,0.49134700301579454,0,0
-0.2872387170791626,1.282267689704895,2.045978546142578,0.5091409503130303,0.5009271237664091,0,0
-0.28612250089645386,1.2857587337493896,2.045978546142578,0.5166613354551886,0.49336887708937016,0,0
-0.2850062847137451,1.2892500162124634,2.045978546142578,0.47009792381216386,0.5171495474155481,0,0
-0.28389009833335876,1.292741060256958,2.045978546142578,0.484355587479795,0.506945744187454,0,0
-0.28277385234832764,1.2962322235107422,2.045978546142578,0.5065663708857948,0.508198173602015,0,0
-0.2816575765609741,1.2997233867645264,2.045978546142578,0.4927106687977359,0.4921802202143479,0,0
-0.2805413603782654,1.303214430809021,2.045978546142578,0.4967907429161933,0.4924521347001149,0,0
-0.27942508459091187,1.3067054748535156,2.045978546142578,0.5005670956291225,0.49065808229578434,0,0
-0.27830880880355835,1.3101966381072998,2.045978546142578,0.5023692185529477,0.5057034729336918,0,0
-0.27719253301620483,1.3136879205703735,2.045978546142578,0.5163470164252432,0.495446544519198,0,0
-0.27607622742652893,1.3171788454055786,2.045978546142578,0.4935289768533022,0.49002996065376914,0,0
-0.2749599516391754,1.3206698894500732,2.045978546142578,0.4957378598560068,0.49172890746780945,0,0
-0.2738436460494995,1.3241610527038574,2.045978546142578,0.497861312314323,0.49165671646690534,0,0
-0.272727370262146,1.327652096748352,2.045978546142578,0.4947400849239281,0.49009633856826046,0,0
-0.2716110646724701,1.3311431407928467,2.045978546142578,0.4972175754257593,0.4855950775242935,0,0
-0.2704947292804718,1.3346341848373413,2.045978546142578,0.5108673686719689,0.5065026476963185,0,0
-0.2693783640861511,1.338125228881836,2.045978546142578,0.5052931651625345,0.49322345604715284,0,0
-0.26826202869415283,1.3416162729263306,2.045978546142578,0.49486235845591353,0.49931311506381354,0,0
-0.26714569330215454,1.3451074361801147,2.045978546142578,0.5147147670557053,0.49092171346771435,0,0
-0.26602932810783386,1.3485984802246094,2.045978546142578,0.5113557168398183,0.4925396987047266,0,0
-0.2649129629135132,1.352089524269104,2.045978546142578,0.4896333706090757,0.4958006485677389,0,0
-0.2637966275215149,1.3555805683135986,2.045978546142578,0.504578569942352,0.5154193359329917,0,0
-0.2626802325248718,1.3590716123580933,2.045978546142578,0.5016788718805844,0.4991147621603108,0,0
-0.26156383752822876,1.3625625371932983,2.045978546142578,0.49034967396812473,0.5006168017760557,0,0
-0.2604474127292633,1.366053581237793,2.045978546142578,0.5164911870323018,0.5018513656311963,0,0
-0.25933101773262024,1.3695446252822876,2.045978546142578,0.4846703471498821,0.5095257090484896,0,0
-0.2582145929336548,1.3730356693267822,2.045978546142578,0.4985358557101068,0.5035703585372283,0,0
-0.2570981979370117,1.3765267133712769,2.045978546142578,0.518605025614318,0.49503625911926863,0,0
-0.25598177313804626,1.380017876625061,2.045978546142578,0.486475230095341,0.5001488572017707,0,0
-0.2548653185367584,1.3835090398788452,2.045978546142578,0.4865212099456919,0.5195723914787147,0,0
-0.25374889373779297,1.3870000839233398,2.045978546142578,0.49253454152236376,0.5074294977818712,0,0
-0.2526324689388275,1.3904911279678345,2.045978546142578,0.50177110090478,0.5028139986021811,0,0
-0.2515160143375397,1.393982172012329,2.045978546142578,0.5012773515267267,0.4988622792468694,0,0
-0.25039955973625183,1.3974730968475342,2.045978546142578,0.4878326917310221,0.5201621486410015,0,0
-0.249283105134964,1.4009642601013184,2.045978546142578,0.49703678552183195,0.5083859748240646,0,0
-0.24816663563251495,1.4044554233551025,2.045978546142578,0.49648842555140005,0.5023024224084065,0,0
-0.2470501810312271,1.4079464673995972,2.045978546142578,0.5090018210189509,0.5028354776079542,0,0
-0.24593369662761688,1.4114375114440918,2.045978546142578,0.5224410282096054,0.5094121105960835,0,0
-0.24481721222400665,1.4149285554885864,2.045978546142578,0.5020933639940247,0.4877659440560423,0,0
-0.24370074272155762,1.4184197187423706,2.045978546142578,0.4897598754868849,0.49955493481191243,0,0
-0.2425842583179474,1.4219107627868652,2.045978546142578,0.5109975699082377,0.5098240666445257,0,0
-0.24146772921085358,1.4254016876220703,2.045978546142578,0.5009232383998288,0.5090516515144884,0,0
-0.24035122990608215,1.4288928508758545,2.045978546142578,0.5094186161709695,0.4885645600690474,0,0
-0.23923468589782715,1.4323840141296387,2.045978546142578,0.5028460666123625,0.49582818094887177,0,0
-0.23811815679073334,1.4358749389648438,2.045978546142578,0.49649949348829464,0.5122852787597351,0,0
-0.23700162768363953,1.4393657445907593,2.045978546142578,0.5050915114708396,0.48986826509450493,0,0
-0.23588506877422333,1.4428569078445435,2.045978546142578,0.5026665874681288,0.4914464011181457,0,0
-0.23476852476596832,1.4463475942611694,2.045978546142578,0.4939772030853598,0.5127078826694423,0,0
-0.23365195095539093,1.4498387575149536,2.045978546142578,0.5121281229939193,0.49752467121054295,0,0
-0.23253539204597473,1.4533296823501587,2.045978546142578,0.5038266553430929,0.5018667123085858,0,0
-0.23141883313655853,1.4568208456039429,2.045978546142578,0.5115777551297895,0.5134676206000445,0,0
-0.23030227422714233,1.4603118896484375,2.045978546142578,0.48908996932685805,0.4932428251059595,0,0
-0.22918568551540375,1.4638030529022217,2.045978546142578,0.4896437114354815,0.513029311283669,0,0
-0.22806911170482635,1.4672942161560059,2.045978546142578,0.5027092039305411,0.48762616431827954,0,0
-0.22695253789424896,1.4707850217819214,2.045978546142578,0.5181257090671977,0.4984057226151896,0,0
-0.225835919380188,1.4742764234542847,2.045978546142578,0.48502266385144405,0.4992222375813538,0,0
-0.2247193157672882,1.4777672290802002,2.045978546142578,0.49117730075374405,0.5008686294897919,0,0
-0.22360268235206604,1.481258511543274,2.045978546142578,0.5124902518775234,0.4946696635081055,0,0
-0.22248607873916626,1.4847495555877686,2.045978546142578,0.4931638643839076,0.49331607534021676,0,0
-0.22136946022510529,1.4882405996322632,2.045978546142578,0.5072290012968418,0.5065143595614632,0,0
-0.2202528417110443,1.491731882095337,2.045978546142578,0.4905785942747478,0.5152704390741945,0,0
-0.21913620829582214,1.495222806930542,2.045978546142578,0.4963811163758571,0.5053955761188826,0,0
-0.21801958978176117,1.4987143278121948,2.045978546142578,0.5045237418243035,0.5057868965183963,0,0
-0.2169029414653778,1.5022051334381104,2.045978546142578,0.49676817816259067,0.4917497491812561,0,0
-0.21578627824783325,1.505696415901184,2.045978546142578,0.47915208424195926,0.5000031591614915,0,0
-0.2146696150302887,1.5091874599456787,2.045978546142578,0.5023473667864082,0.5120747638053412,0,0
-0.21355293691158295,1.512678623199463,2.045978546142578,0.4997210163521634,0.4814047103319848,0,0
-0.2124362587928772,1.5161696672439575,2.045978546142578,0.5007432001166717,0.5000113485746525,0,0
-0.21131958067417145,1.519660472869873,2.045978546142578,0.5193468904196452,0.47555543068398193,0,0
-0.2102028876543045,1.5231517553329468,2.045978546142578,0.5028167106802205,0.4888392755282511,0,0
-0.20908617973327637,1.5266426801681519,2.045978546142578,0.5188662110702742,0.4989465043453226,0,0
-0.20796947181224823,1.5301339626312256,2.045978546142578,0.49147578364830213,0.498480336581848,0,0
-0.2068527489900589,1.5336250066757202,2.045978546142578,0.5115021922678952,0.4823820200896687,0,0
-0.20573604106903076,1.5371159315109253,2.045978546142578,0.4839882729507975,0.5002632385397289,0,0
-0.20461931824684143,1.54060697555542,2.045978546142578,0.4872541129623013,0.5070023551735525,0,0
-0.2035025954246521,1.5440977811813354,2.045978546142578,0.48196714160375803,0.5042960735713422,0,0
-0.20238585770130157,1.5475887060165405,2.045978546142578,0.5038491764456298,0.5239441364983026,0,0
-0.20126909017562866,1.5510791540145874,2.045978546142578,0.499746136852518,0.4984011219724423,0,0
-0.20015236735343933,1.5545705556869507,2.045978546142578,0.5071131662107456,0.5073025299504611,0,0
-0.1990356147289276,1.5580613613128662,2.045978546142578,0.48305009645760755,0.49993753717068445,0,0
-0.1979188621044159,1.5615525245666504,2.045978546142578,0.5046303534394663,0.48696166581999656,0,0
-0.19680209457874298,1.5650434494018555,2.045978546142578,0.49133090805712903,0.503628016020153,0,0
-0.19568534195423126,1.56853449344635,2.045978546142578,0.498007286075498,0.7590800670666531,0,0
-0.19456854462623596,1.5720252990722656,2.045978546142578,0.5061991214221487,0.7819115847158619,0,0
-0.19345177710056305,1.5755162239074707,2.045978546142578,0.5010437930213032,0.7708341610423964,0,0
-0.19233499467372894,1.5790075063705444,2.045978546142578,0.5199019896811308,0.7714258468837042,0,0
-0.19121819734573364,1.5824980735778809,2.045978546142578,0.5046572735741301,0.7625050109562459,0,0
-0.19010140001773834,1.5859891176223755,2.045978546142578,0.4917688635548947,0.7517654137862909,0,0
-0.18898460268974304,1.589479923248291,2.045978546142578,0.502406338167625,0.7776559662428838,0,0
-0.18786779046058655,1.5929707288742065,2.045978546142578,0.4984202078340094,0.761407630923808,0,0
-0.18675094842910767,1.5964617729187012,2.045978546142578,0.4899496922214308,0.755908706911037,0,0
-0.18563413619995117,1.5999526977539062,2.045978546142578,0.5054444959868916,0.7755382999763185,0,0
-0.18451730906963348,1.6034437417984009,2.045978546142578,0.7647186536847977,0.7330395163003182,0,0
-0.1834004819393158,1.6069345474243164,2.045978546142578,0.7537019596288229,0.7316940053978226,0,0
-0.18228361010551453,1.6104257106781006,2.045978546142578,0.758823598449182,0.7351656053540129,0,0
-0.18116679787635803,1.613916277885437,2.045978546142578,0.7713096760463605,0.7478462036516397,0,0
-0.18004994094371796,1.6174074411392212,2.045978546142578,0.7751778159912341,0.7472736046755892,0,0
-0.17893308401107788,1.6208982467651367,2.045978546142578,0.7721615831203066,0.7451965788980607,0,0
-0.1778162270784378,1.6243890523910522,2.045978546142578,0.7864620056025701,0.7261243481011055,0,0
-0.17669937014579773,1.6278799772262573,2.045978546142578,0.7985568693263435,0.7441808063182573,0,0
-0.17558248341083527,1.631371021270752,2.045978546142578,0.7705156991571313,0.7398989846930107,0,0
-0.174465611577034,1.6348620653152466,2.045978546142578,0.7512514297305616,0.7340067128516555,0,0
-0.17334873974323273,1.6383529901504517,2.045978546142578,0.7159516990562121,0.6777006610254356,0,0
-0.17223185300827026,1.6418441534042358,2.045978546142578,0.741980855779782,0.6859807016144098,0,0
-0.1711149364709854,1.6453346014022827,2.045978546142578,0.7361370537058867,0.687480974308064,0,0
-0.16999803483486176,1.648825764656067,2.045978546142578,0.7183574153374225,0.7082967617098563,0,0
-0.1688811331987381,1.6523164510726929,2.045978546142578,0.7053503026257143,0.7001928333144525,0,0
-0.16776423156261444,1.6558074951171875,2.045978546142578,0.7094375432370008,0.7077854835399774,0,0
-0.1666473150253296,1.6592985391616821,2.045978546142578,0.7345461112193293,0.685710433921835,0,0
-0.16553039848804474,1.6627893447875977,2.045978546142578,0.7435797859950812,0.6862001198708501,0,0
-0.1644134670495987,1.6662805080413818,2.045978546142578,0.7253622476978515,0.7044076007238246,0,0
-0.16329653561115265,1.6697711944580078,2.045978546142578,0.7292282377694191,0.7047634779602785,0,0
-0.1621796041727066,1.6732622385025024,2.045978546142578,0.6936911509225412,0.6589719165289882,0,0
-0.16106267273426056,1.6767529249191284,2.045978546142578,0.683892929232833,0.6621975282740986,0,0
-0.15994572639465332,1.6802442073822021,2.045978546142578,0.6865535022935766,0.6488545726077342,0,0
-0.15882878005504608,1.6837350130081177,2.045978546142578,0.7150887644782346,0.6511771315294105,0,0
-0.15771183371543884,1.6872258186340332,2.045978546142578,0.688376487377044,0.654561639927399,0,0
-0.1565948873758316,1.6907167434692383,2.045978546142578,0.6944238495403386,0.6617966370297401,0,0
-0.15547794103622437,1.694207787513733,2.045978546142578,0.6880704109842223,0.668179938824378,0,0
-0.15436096489429474,1.697698950767517,2.045978546142578,0.6759292489630164,0.6722930758994903,0,0
-0.1532439887523651,1.701189637184143,2.045978546142578,0.6967602432944562,0.6445482943713455,0,0
-0.15212701261043549,1.7046808004379272,2.045978546142578,0.6864732361871091,0.6701642632745799,0,0
-0.15101005136966705,1.7081714868545532,2.045978546142578,0.6710488014510826,0.6313278083320971,0,0
-0.14989304542541504,1.7116625308990479,2.045978546142578,0.6572217518151103,0.6198242656529186,0,0
-0.1487760692834854,1.7151533365249634,2.045978546142578,0.6450892108363292,0.631418973874263,0,0
-0.1476590931415558,1.718644142150879,2.045978546142578,0.6527795664373418,0.6288716937395875,0,0
-0.14654207229614258,1.722135066986084,2.045978546142578,0.6529831355070015,0.63396267029663,0,0
-0.14542505145072937,1.7256261110305786,2.045978546142578,0.6667482721697446,0.6252618136049645,0,0
-0.14430806040763855,1.7291172742843628,2.045978546142578,0.6533455096267756,0.6203213207053893,0,0
-0.14319105446338654,1.7326079607009888,2.045978546142578,0.6410905636248525,0.6239164358965528,0,0
-0.14207401871681213,1.736099123954773,2.045978546142578,0.6577403780107769,0.6328501697019965,0,0
-0.14095699787139893,1.7395899295806885,2.045978546142578,0.6531865142895005,0.6274155911062889,0,0
-0.13983997702598572,1.7430810928344727,2.045978546142578,0.6274614721715904,0.599724601343751,0,0
-0.13872292637825012,1.7465717792510986,2.045978546142578,0.6074882316137725,0.5825187012607156,0,0
-0.13760590553283691,1.7500625848770142,2.045978546142578,0.6301282925305027,0.568777388051367,0,0
-0.13648885488510132,1.7535536289215088,2.045978546142578,0.628714473091707,0.588342461352867,0,0
-0.13537178933620453,1.7570443153381348,2.045978546142578,0.6191583133434965,0.5785792339685271,0,0
-0.13425475358963013,1.7605353593826294,2.045978546142578,0.6196715749985287,0.585832868927065,0,0
-0.13313770294189453,1.764026165008545,2.045978546142578,0.617797863102207,0.583287172241449,0,0
-0.13202062249183655,1.7675172090530396,2.045978546142578,0.6044320016042526,0.6150030794381979,0,0
-0.13090357184410095,1.7710078954696655,2.045978546142578,0.628463020564878,0.5977318022946279,0,0
-0.12978650629520416,1.7744990587234497,2.045978546142578,0.6363337937296523,0.5785693045710296,0,0
-0.12866941094398499,1.7779897451400757,2.045978546142578,0.6014854394527939,0.560476431954095,0,0
-0.1275523453950882,1.7814805507659912,2.045978546142578,0.5808265876995231,0.543565996491006,0,0
-0.12643525004386902,1.7849715948104858,2.045978546142578,0.6054911873752878,0.5580183195779761,0,0
-0.12531815469264984,1.7884624004364014,2.045978546142578,0.5732398130852233,0.5218814596913921,0,0
-0.12420105934143066,1.7919535636901855,2.045978546142578,0.595458438669816,0.5545799788666131,0,0
-0.1230839416384697,1.7954442501068115,2.045978546142578,0.6026784865628553,0.5556733773508148,0,0
-0.12196684628725052,1.7989352941513062,2.045978546142578,0.5876532810320636,0.5670532815686696,0,0
-0.12084972858428955,1.8024259805679321,2.045978546142578,0.591674466627741,0.5527360224251654,0,0
-0.11973264813423157,1.8059171438217163,2.045978546142578,0.5621707606902706,0.5306141827879035,0,0
-0.1186155155301094,1.8094078302383423,2.045978546142578,0.5989574485910302,0.5422501597671693,0,0
-0.11749839782714844,1.812898874282837,2.045978546142578,0.5337704256888416,0.5204544707239652,0,0
-0.11638127267360687,1.816389799118042,2.045978546142578,0.5513727472345824,0.5237015381109543,0,0
-0.11526414752006531,1.8198808431625366,2.045978546142578,0.548775023924247,0.5096127160222059,0,0
-0.11414702981710434,1.8233720064163208,2.045978546142578,0.5533015056105767,0.5264859471283654,0,0
-0.11302987486124039,1.8268626928329468,2.045978546142578,0.5553491781679702,0.5100589104273173,0,0
-0.11191274970769882,1.830353856086731,2.045978546142578,0.5551384383060846,0.5053063773445413,0,0
-0.11079557985067368,1.8338443040847778,2.045978546142578,0.5477980790386058,0.5129711157369986,0,0
-0.10967844724655151,1.8373353481292725,2.045978546142578,0.5605974619531277,0.5177614311582972,0,0
-0.10856127738952637,1.8408260345458984,2.045978546142578,0.5323537562971684,0.5043311278063107,0,0
-0.10744412988424301,1.8443167209625244,2.045978546142578,0.5578404159394859,0.5218757920134734,0,0
-0.10632695257663727,1.8478074073791504,2.045978546142578,0.526218016972207,0.4704522535372361,0,0
-0.10520979017019272,1.851298213005066,2.045978546142578,0.47656488151374565,0.47688989121331854,0,0
-0.10409259051084518,1.854788899421692,2.045978546142578,0.4976670779429479,0.4761312819245121,0,0
-0.10297542810440063,1.8582795858383179,2.045978546142578,0.5145711619440155,0.4537744803441614,0,0
-0.1018582209944725,1.8617706298828125,2.045978546142578,0.5127753677072159,0.46484972284287046,0,0
-0.10074105858802795,1.8652613162994385,2.045978546142578,0.5037192420996742,0.48324626662006337,0,0
-0.09962385147809982,1.8687522411346436,2.045978546142578,0.5112050542696954,0.4914872136930158,0,0
-0.09850667417049408,1.87224280834198,2.045978546142578,0.5040698310841548,0.45103321508975325,0,0
-0.09738945960998535,1.8757338523864746,2.045978546142578,0.5028516950406354,0.4704544062350861,0,0
-0.09627228230237961,1.879224419593811,2.045978546142578,0.5048523114186638,0.4648240471041316,0,0
-0.09515506774187088,1.8827153444290161,2.045978546142578,0.47680481184946666,0.4539137214840038,0,0
-0.09403785318136215,1.8862062692642212,2.045978546142578,0.47678426881919794,0.46143552953346256,0,0
-0.09292061626911163,1.8896974325180054,2.045783281326294,0.4586897965637193,0.431166662712695,0,0
-0.09180350601673126,1.893186092376709,2.045285701751709,0.49366526564366087,0.43964449227294083,0,0
-0.09068698436021805,1.8966660499572754,2.0446267127990723,0.47585873051467004,0.46253663767525727,0,0
-0.08957141637802124,1.9001288414001465,2.043701648712158,0.4736154387223221,0.4389793380081187,0,0
-0.08845751732587814,1.9035656452178955,2.042459487915039,0.47328015648014904,0.421169599763087,0,0
-0.08734706789255142,1.9069643020629883,2.0408647060394287,0.4737833348145478,0.44745703787975627,0,0
-0.08624237775802612,1.9103103876113892,2.038893699645996,0.4681634365794809,0.4486453848660037,0,0
-0.08514536917209625,1.9135890007019043,2.036593437194824,0.46500430879807253,0.4332451682319577,0,0
-0.08405967801809311,1.9167866706848145,2.0341625213623047,0.4613603516679172,0.396789107336505,0,0
-0.08299201726913452,1.919885516166687,2.031397819519043,0.4399823169624211,0.3959690573520369,0,0
-0.08192861825227737,1.9229716062545776,2.028618335723877,0.43416553304340016,0.4098729013724228,0,0
-0.08089721947908401,1.9259226322174072,2.0258541107177734,0.4417515585565603,0.4154869083689187,0,0
-0.07990438491106033,1.9287235736846924,2.023108720779419,0.4223303532279449,0.42460312262548827,0,0
-0.07895401865243912,1.9313603639602661,2.0201892852783203,0.4574306513631731,0.4132235295346484,0,0
-0.07804831862449646,1.9338231086730957,2.017223596572876,0.43168847321619924,0.40723581907651724,0,0
-0.07718498259782791,1.9361034631729126,2.0143425464630127,0.434861828815924,0.42578966577185456,0,0
-0.07635708898305893,1.9381963014602661,2.0115394592285156,0.442166458595744,0.4036154843264064,0,0
-0.07555396854877472,1.9400969743728638,2.0088002681732178,0.4379821890062982,0.40761304521482483,0,0
-0.0747612938284874,1.9418041706085205,2.006136417388916,0.39135378802751564,0.38364750351555443,0,0
-0.07396453619003296,1.9433199167251587,2.0033981800079346,0.41758804604962707,0.3760317120500987,0,0
-0.07315117120742798,1.9446461200714111,2.000446319580078,0.4036330778780972,0.3661376233022088,0,0
-0.07231259346008301,1.945786952972412,1.9974133968353271,0.3869804588436481,0.3859793605357332,0,0
-0.07144404947757721,1.9467494487762451,1.9941890239715576,0.4005683039332212,0.3857896855136709,0,0
-0.07054540514945984,1.947541356086731,1.9907501935958862,0.40878914095542124,0.37821593115150104,0,0
-0.06962130963802338,1.9481735229492188,1.987234115600586,0.39144268667384513,0.3759796434210857,0,0
-0.06868036091327667,1.9486571550369263,1.9837448596954346,0.39662725327800336,0.3747782097505843,0,0
-0.06773357838392258,1.9490031003952026,1.9801301956176758,0.4156021307072579,0.38974598686143663,0,0
-0.06679291278123856,1.9492238759994507,1.9763233661651611,0.40087637899337636,0.37437873799720905,0,0
-0.0658697634935379,1.9493309259414673,1.9725325107574463,0.3809404387980323,0.37058172722532545,0,0
-0.06497415900230408,1.9493387937545776,1.9686120748519897,0.40156248083877943,0.3589490666435015,0,0
-0.06411492824554443,1.9492627382278442,1.9646005630493164,0.3699368041308514,0.36592366498996864,0,0
-0.06330010294914246,1.9491164684295654,1.9607466459274292,0.3906912457243693,0.3682924677085073,0,0
-0.06253674626350403,1.9489127397537231,1.9570212364196777,0.3904071449840427,0.3637108772541452,0,0
-0.06183035671710968,1.948660969734192,1.9534144401550293,0.39183621218751513,0.3725499448522058,0,0
-0.06118467450141907,1.9483678340911865,1.9499393701553345,0.39781999301733895,0.35393309809053763,0,0
-0.06060204654932022,1.9480386972427368,1.9465978145599365,0.39213163046101834,0.3605821206624563,0,0
-0.06008360907435417,1.947676181793213,1.9434019327163696,0.3932686283962677,0.3727339100010681,0,0
-0.05962935835123062,1.9472826719284058,1.9403504133224487,0.3750445810155951,0.36697994726780125,1,1
-0.059238240122795105,1.9468598365783691,1.9374370574951172,0.3798811558627176,0.3672926649222119,0,0
-0.05890826880931854,1.9464092254638672,1.9346506595611572,0.3750223616122617,0.37976583182132095,0,0
-0.058636680245399475,1.945932149887085,1.9319945573806763,0.3753347762314973,0.3488796417434704,0,0
-0.05842004716396332,1.9454295635223389,1.9294586181640625,0.38755218597276336,0.3649690607784366,0,0
-0.05825440213084221,1.9449021816253662,1.9270402193069458,0.3828111249396331,0.3669267853449233,0,0
-0.05813571810722351,1.944351315498352,1.9247264862060547,0.38852187628616824,0.3623180751998157,0,0
-0.05806022137403488,1.9437772035598755,1.9225164651870728,0.3939102224682769,0.3851049403517478,0,0
-0.05802452191710472,1.9431800842285156,1.9203999042510986,0.38025626594913614,0.36758766675576626,0,0
-0.058025505393743515,1.942561388015747,1.9183762073516846,0.39802299324094514,0.3721497181402988,0,0
-0.05805998668074608,1.9419221878051758,1.916445255279541,0.36815112605866873,0.37409860500291847,0,0
-0.05812480300664902,1.9412643909454346,1.9146064519882202,0.3770501012998839,0.3731234840531449,0,0
-0.05821697413921356,1.9405889511108398,1.9128499031066895,0.38790806992712923,0.3614926551669737,0,0
-0.058333929628133774,1.9398971796035767,1.9111653566360474,0.39579508788041606,0.358456442249118,0,0
-0.05847356095910072,1.9391897916793823,1.9095542430877686,0.36633414950709037,0.36675784126056155,0,0
-0.05863409861922264,1.9384686946868896,1.9080173969268799,0.38792568862149807,0.3809001625707083,0,0
-0.058813899755477905,1.9377349615097046,1.90654718875885,0.378733270793973,0.3778814070706796,0,0
-0.05901134014129639,1.9369897842407227,1.9051462411880493,0.3891611245310988,0.36670423407279573,0,0
-0.05922485515475273,1.936234951019287,1.9038091897964478,0.37869494974447987,0.3691826520523459,0,0
-0.05945304408669472,1.9354710578918457,1.9025332927703857,0.38698905805514605,0.37390506591362666,0,0
-0.05969477817416191,1.9346990585327148,1.9013128280639648,0.3835566143131578,0.3590461774916544,0,0
-0.059949103742837906,1.9339200258255005,1.9001436233520508,0.37924612194808804,0.37654747027197194,0,0
-0.06021523475646973,1.9331345558166504,1.8990283012390137,0.38232779354923074,0.3651908138692334,0,0
-0.0604923851788044,1.93234384059906,1.8979665040969849,0.37791850284697853,0.37103612638041167,0,0
-0.06077974662184715,1.9315482378005981,1.8969488143920898,0.38296331576213466,0.3928537775091959,0,0
-0.06107649579644203,1.9307488203048706,1.895979642868042,0.38536213007613956,0.3929620422838907,0,0
-0.06138188764452934,1.9299455881118774,1.8950525522232056,0.3889739595967281,0.3704188303586811,0,0
-0.06169528886675835,1.929139494895935,1.8941686153411865,0.384868587266927,0.3822322473144614,0,0
-0.06201614812016487,1.9283307790756226,1.8933250904083252,0.3872743920403955,0.3798045600302302,0,0
-0.06234400346875191,1.9275195598602295,1.89251708984375,0.38035866434912785,0.365385153409489,0,0
-0.06267841160297394,1.9267065525054932,1.8915488719940186,0.41354621501222616,0.3655106095147037,0,0
-0.0630187839269638,1.9258924722671509,1.890512466430664,0.3939859495762923,0.3658629648470927,0,0
-0.0633644312620163,1.9250785112380981,1.889258861541748,0.4049853206653003,0.3935510488016549,0,0
-0.06371448189020157,1.9242669343948364,1.8879022598266602,0.3868502151444154,0.36995734284390736,0,0
-0.06406805664300919,1.9234588146209717,1.886321783065796,0.4083162352043567,0.3811205074157638,0,0
-0.06442417949438095,1.9226574897766113,1.8846445083618164,0.3888171421452773,0.37516477345633026,0,0
-0.06478207558393478,1.9218637943267822,1.8829466104507446,0.38722140680602685,0.3684593440377722,0,0
-0.06514127552509308,1.9210798740386963,1.881062626838684,0.40235200312472746,0.38280883671955285,0,0
-0.06550130248069763,1.9203072786331177,1.8791086673736572,0.39231032195001103,0.3733320026593672,0,0
-0.06586188077926636,1.9195469617843628,1.876956582069397,0.40082198542435693,0.38401623295407766,0,0
-0.06622263789176941,1.9188003540039062,1.8747330904006958,0.39318253601437975,0.3764042583912755,1,1
-0.06658365577459335,1.9180688858032227,1.8725019693374634,0.4113681823089531,0.41509895360150767,0,0
-0.06694180518388748,1.9173521995544434,1.8701167106628418,0.41071415092752533,0.3948612547708802,0,0
-0.067292720079422,1.9166502952575684,1.8676888942718506,0.39511865076305464,0.3632802988281715,0,0
-0.06763206422328949,1.9159629344940186,1.8650821447372437,0.40257093498686547,0.3897159350810506,0,0
-0.06795573234558105,1.9152895212173462,1.8624191284179688,0.3820805523986482,0.38265028654623745,0,0
-0.06826037913560867,1.91463041305542,1.8596006631851196,0.4057644922442063,0.3928600808618867,0,0
-0.06854395568370819,1.9139854907989502,1.8567253351211548,0.4162108552993045,0.4058388786425789,0,0
-0.06880231946706772,1.9133535623550415,1.8536889553070068,0.41366485153657906,0.39176264805085187,0,0
-0.06903117150068283,1.9127339124679565,1.8506038188934326,0.3879120211885051,0.38765627011942333,0,0
-0.06922747939825058,1.9121240377426147,1.847561001777649,0.41582332716030335,0.40612028434096537,0,0
-0.06938667595386505,1.9115204811096191,1.844399333000183,0.42630405592296616,0.38830453274494636,0,0
-0.06950502842664719,1.9109201431274414,1.841218113899231,0.4039794312965247,0.414548814399081,0,0
-0.06957782804965973,1.910319209098816,1.8380751609802246,0.4059832503013191,0.43081717015329457,0,0
-0.0695989727973938,1.9097137451171875,1.8349884748458862,0.40530537945589623,0.404650966527717,0,0
-0.06956089287996292,1.909098744392395,1.8319721221923828,0.40527987318397934,0.400413446239261,0,0
-0.06945396959781647,1.908469557762146,1.8288710117340088,0.44009732193877926,0.38748404657155006,0,0
-0.06926936656236649,1.9078216552734375,1.825606346130371,0.41471359155567344,0.3966225408093229,0,0
-0.06900183111429214,1.9071511030197144,1.8222495317459106,0.41671754134659633,0.4065830336916524,0,0
-0.06864652037620544,1.9064544439315796,1.8189759254455566,0.39238984764909574,0.39332819513654077,0,0
-0.06820230185985565,1.905729055404663,1.8159996271133423,0.3975547855448871,0.4019117149471379,0,0
-0.06767141819000244,1.904974341392517,1.8134431838989258,0.39800935397779974,0.40411133250286774,0,0
-0.06705954670906067,1.9041919708251953,1.811161994934082,0.41143474633713867,0.4226847117283623,0,0
-0.0663728341460228,1.9033854007720947,1.809080958366394,0.42669248246395525,0.40144381395131434,0,0
-0.06561610847711563,1.9025570154190063,1.80735445022583,0.3922231166403351,0.4015742593441716,0,0
-0.0647946149110794,1.9017117023468018,1.805849313735962,0.4212799436941705,0.41917880244319217,0,0
-0.06391216069459915,1.9008519649505615,1.804494857788086,0.4109457567510843,0.41380706855166444,0,0
-0.06297089159488678,1.8999803066253662,1.8032479286193848,0.42276243487272785,0.4113148863674302,0,0
-0.06197110190987587,1.899097204208374,1.8020830154418945,0.42161723171372584,0.41535102537172575,0,0
-0.060911212116479874,1.898201584815979,1.8009787797927856,0.41476621362222554,0.40190429833355434,0,0
-0.05978827551007271,1.8972904682159424,1.7999264001846313,0.4138698321453171,0.41918911851613916,0,0
-0.05859869346022606,1.8963608741760254,1.7989156246185303,0.4225727211529695,0.4142638574057327,0,0
-0.057338446378707886,1.8954083919525146,1.7979375123977661,0.415976828431478,0.4078424418120452,0,0
-0.05600304901599884,1.894429087638855,1.797004222869873,0.40541596289695825,0.4119564188019685,0,0
-0.05458753556013107,1.8934189081192017,1.7961385250091553,0.4093658060939704,0.4136781972403027,0,0
-0.053087104111909866,1.8923742771148682,1.7953442335128784,0.41049056065310724,0.40810178180106477,0,0
-0.051497843116521835,1.891291618347168,1.7944120168685913,0.4191959484891392,0.3979753251408854,0,0
-0.049820203334093094,1.8901681900024414,1.7934155464172363,0.41376847288816626,0.4343705125464015,0,0
-0.04805658757686615,1.8890033960342407,1.7923988103866577,0.3838253631448544,0.3937670983728702,0,0
-0.04621388390660286,1.8877971172332764,1.7913925647735596,0.42444551547745757,0.4173623398048236,0,0
-0.04430066794157028,1.8865504264831543,1.7904095649719238,0.41732896042075845,0.42092825434320585,1,1
-0.04232562705874443,1.8852652311325073,1.789448857307434,0.4118972458908587,0.41362281418380714,0,0
-0.04029654711484909,1.8839433193206787,1.7885112762451172,0.4073009514953866,0.41395270096287873,0,0
-0.03821985423564911,1.882586121559143,1.7876075506210327,0.4192954635786263,0.4120504082343725,0,0
-0.03610043227672577,1.8811962604522705,1.7867454290390015,0.40477275326570544,0.40573689000872204,0,0
-0.03394163027405739,1.8797751665115356,1.785922646522522,0.4015430013771446,0.4034896143752539,0,0
-0.03174537420272827,1.8783257007598877,1.7851301431655884,0.4131908765318428,0.42215574504518455,0,0
-0.029512301087379456,1.8768479824066162,1.7845680713653564,0.3971775668492556,0.41025975351897337,0,0
-0.02724425308406353,1.87534499168396,1.783957839012146,0.40775903971354066,0.39381211246496306,0,0
-0.024946304038167,1.8738210201263428,1.7833260297775269,0.41642497919822963,0.41656716440404973,0,0
-0.022624127566814423,1.8722808361053467,1.7828900814056396,0.3934500321765065,0.430042076157181,0,0
-0.020285040140151978,1.8707305192947388,1.7825701236724854,0.41986852684401865,0.42567486873531707,0,0
-0.01793546788394451,1.8691765069961548,1.782317876815796,0.4168187247344071,0.40820384569221646,0,0
-0.015580236911773682,1.8676257133483887,1.782113790512085,0.40978989991348946,0.4284838914501885,0,0
-0.013222502544522285,1.866081714630127,1.781944751739502,0.4108131127936182,0.4104837954539269,0,0
-0.010863826610147953,1.8645470142364502,1.781798243522644,0.4120083567339093,0.41559009785183915,0,0
-0.00850420631468296,1.8630216121673584,1.7816612720489502,0.42981394643663967,0.4251543508772231,0,0
-0.006142164580523968,1.861505389213562,1.781533122062683,0.42098964076439244,0.4291195729369739,0,0
-0.0037750666961073875,1.8599952459335327,1.781414270401001,0.4175976076149919,0.419443284921399,0,0
-0.0013996242778375745,1.8584874868392944,1.7813035249710083,0.43063987080265936,0.4167184860980429,0,0
0.0009877224219962955,1.8569787740707397,1.7811875343322754,0.4248904445366114,0.40937524923301116,0,0
0.0033907287288457155,1.8554649353027344,1.781059741973877,0.4165312327012196,0.4236991941276603,0,0
0.005813400261104107,1.8539422750473022,1.780924916267395,0.40399536778023576,0.4288119930723118,0,0
0.008259867317974567,1.8524084091186523,1.7807940244674683,0.41012810533354543,0.4062250321862186,0,0
0.010733868926763535,1.8508598804473877,1.7806785106658936,0.4098974433332625,0.40991208972616755,0,0
0.013238465413451195,1.8492945432662964,1.7807774543762207,0.3940032521393852,0.40455356082833593,0,0
0.015773456543684006,1.8477116823196411,1.780991792678833,0.42193307611943975,0.4215238176531295,0,0
0.01833711564540863,1.8461118936538696,1.7812695503234863,0.4151043057241972,0.44330458647240245,0,0
0.020927242934703827,1.844496250152588,1.7813811302185059,0.4042881379327792,0.3938504801882199,0,0
0.023538559675216675,1.8428670167922974,1.7813973426818848,0.4250492458200144,0.41226607486188127,0,0
0.026164960116147995,1.8412272930145264,1.7813555002212524,0.4175390174858435,0.4152854223806196,0,0
0.028800785541534424,1.8395789861679077,1.781464695930481,0.39983697835837473,0.4201655430662515,0,0
0.031439028680324554,1.8379265069961548,1.7816721200942993,0.4084534163465675,0.42301840709291383,0,0
0.034073080867528915,1.836274266242981,1.7819385528564453,0.40845909742727754,0.4077777909358534,0,0
0.036697786301374435,1.834625482559204,1.7822242975234985,0.41244505966273004,0.4109838157166954,0,0
0.03931000828742981,1.8329825401306152,1.7825021743774414,0.41019963597099646,0.4221996808184631,0,0
0.04190848395228386,1.831345558166504,1.7827825546264648,0.415084698843675,0.41695337838685365,0,0
0.044493626803159714,1.8297141790390015,1.7830557823181152,0.4107403135001183,0.41060268889340573,0,0
0.047067444771528244,1.8280874490737915,1.7833207845687866,0.4246338374376103,0.41831311981586794,0,0
0.04963330551981926,1.8264626264572144,1.7835655212402344,0.41096366427102377,0.41177221861132524,0,0
0.052195269614458084,1.824837565422058,1.7837934494018555,0.40870349548212803,0.4100511041268564,1,1
0.05475745350122452,1.8232083320617676,1.7840248346328735,0.44138015593403207,0.41987067712341697,0,0
0.05732369422912598,1.8215724229812622,1.7842693328857422,0.41284551167238975,0.4104579186759759,0,0
0.059897664934396744,1.8199265003204346,1.7845247983932495,0.4308901071629164,0.4187325241491091,0,0
0.06248326972126961,1.8182677030563354,1.784585952758789,0.44471477162570955,0.39514753180051354,0,0
0.06508160382509232,1.8165955543518066,1.7845326662063599,0.41961573761639875,0.4211897182545001,0,0
0.0676923394203186,1.8149101734161377,1.7844127416610718,0.4160195015856751,0.43986493923077424,0,0
0.07031450420618057,1.813212513923645,1.7842592000961304,0.40618195995171263,0.4186802101798488,0,0
0.07294699549674988,1.8115034103393555,1.7840856313705444,0.4262411828721493,0.41738125694079914,0,0
0.075589120388031,1.809783935546875,1.7840981483459473,0.39829944212953117,0.4188396079508974,0,0
0.07823839783668518,1.808056116104126,1.7842156887054443,0.42866588514873727,0.4010229001840209,0,0
0.08089247345924377,1.806323528289795,1.7845834493637085,0.3973601364662467,0.4131698340264963,0,0
0.08354724943637848,1.8045908212661743,1.7850836515426636,0.427248450916135,0.4125073483307662,0,0
0.08619853854179382,1.8028626441955566,1.7856441736221313,0.4139983277522368,0.4262953227075753,0,0
0.0888429805636406,1.8011428117752075,1.786240577697754,0.40507915859147525,0.4099176786897765,0,0
0.09147851914167404,1.7994346618652344,1.7868554592132568,0.4103808263455187,0.4210698365680379,0,0
0.09410498291254044,1.79774010181427,1.7876468896865845,0.394935828230068,0.4145667251108757,0,0
0.09672112762928009,1.7960606813430786,1.788528323173523,0.43001413992347126,0.4199300198437102,0,0
0.09932604432106018,1.7943986654281616,1.7894408702850342,0.4147977016375388,0.4221385992890062,0,0
0.10191953927278519,1.7927546501159668,1.7903565168380737,0.41531558881641445,0.4232636565552973,0,0
0.10450239479541779,1.7911274433135986,1.791257381439209,0.4214284373412341,0.4303935718373252,0,0
0.10707645863294601,1.789515495300293,1.7921313047409058,0.42234168910305264,0.4155825366489727,0,0
0.10964448750019073,1.7879157066345215,1.7929692268371582,0.4298486254249898,0.4163918639753864,0,0
0.11220978945493698,1.7863242626190186,1.7937684059143066,0.41480735402113983,0.41098190777071136,0,0
0.11477594077587128,1.7847380638122559,1.7945492267608643,0.4059149609861661,0.4070433099494866,0,0
0.11734640598297119,1.7831528186798096,1.7953251600265503,0.42184533688270975,0.43165145440922487,0,0
0.11992457509040833,1.7815656661987305,1.7960913181304932,0.4200091638149904,0.4121863044331411,0,0
0.12251389771699905,1.7799736261367798,1.7968264818191528,0.42514305265112934,0.41299223585019673,0,0
0.12511777877807617,1.7783740758895874,1.7975170612335205,0.41640883754869107,0.43183182846437024,0,0
0.1277395784854889,1.776764154434204,1.7981560230255127,0.4285179289943108,0.42577248072944784,0,0
0.13038229942321777,1.775141716003418,1.798750638961792,0.4082774295902678,0.4107404202071511,0,0
0.13304831087589264,1.7735044956207275,1.799316167831421,0.4196384970837548,0.42322737585332765,0,0
0.13573940098285675,1.7718504667282104,1.800058126449585,0.3982743291645168,0.41438220644979856,0,0
0.13845428824424744,1.7701802253723145,1.8008848428726196,0.4239298613235696,0.4224382437953989,0,0
0.14119060337543488,1.768495798110962,1.8019431829452515,0.39817886918368733,0.42363790161976883,0,0
0.14394304156303406,1.766801357269287,1.8031127452850342,0.42210084370105877,0.4263903536855077,0,0
0.14670521020889282,1.7651020288467407,1.8043385744094849,0.4285281718148697,0.4349115223914962,0,0
0.14947102963924408,1.7634025812149048,1.8055665493011475,0.41434592281155247,0.410949054124817,0,0
0.15223579108715057,1.7617063522338867,1.8067889213562012,0.42759462706066115,0.42001233503326757,0,0
0.15499672293663025,1.760015845298767,1.8081855773925781,0.39430698996732294,0.4019699821324619,0,0
0.1577502340078354,1.7583339214324951,1.8096424341201782,0.414830766996076,0.4204275057849701,1,1
0.16049326956272125,1.7566628456115723,1.8111052513122559,0.425668464829514,0.4402838104518773,0,0
0.1632237434387207,1.7550045251846313,1.812543272972107,0.4097833928677627,0.4267021513655584,0,0
0.16594113409519196,1.7533594369888306,1.8141345977783203,0.3962022248323974,0.4131269630541274,0,0
0.16864383220672607,1.7517290115356445,1.8157835006713867,0.4060702172104701,0.4374115730144851,0,0
0.17133064568042755,1.7501147985458374,1.8174382448196411,0.4120256970310168,0.4295127117286581,0,0
0.17400138080120087,1.748517394065857,1.819061517715454,0.4086849536825069,0.4107432973783409,0,0
0.17665690183639526,1.7469357252120972,1.820639967918396,0.4071176558355298,0.411277415940012,0,0
0.17929933965206146,1.7453687191009521,1.8221633434295654,0.4055822957716335,0.40958535311597644,0,0
0.1819320023059845,1.7438138723373413,1.8236217498779297,0.4292873709675847,0.4249730425784377,0,0
0.184559166431427,1.7422685623168945,1.8250110149383545,0.4262338182879758,0.40058190323559373,0,0
0.187185600399971,1.7407289743423462,1.8263341188430786,0.41549734383032566,0.41660133439262553,0,0
0.18981584906578064,1.7391911745071411,1.827601432800293,0.41576196062376436,0.4229893859640198,0,0
0.19245383143424988,1.737650752067566,1.8288177251815796,0.4248067175578698,0.43045941052547515,0,0
0.19510285556316376,1.736103892326355,1.8299874067306519,0.41427714065878424,0.4232567168254985,0,0
0.19776563346385956,1.73454749584198,1.831111192703247,0.4125792687727802,0.41263295187041743,0,0
0.20044468343257904,1.7329792976379395,1.832195520401001,0.4284223936245593,0.41508593343797917,0,0
0.20314273238182068,1.731397032737732,1.8332353830337524,0.4302884890323275,0.435136815059956,0,0
0.20585831999778748,1.7297999858856201,1.834232211112976,0.4135936473483062,0.4248935415545388,0,0
0.2085842341184616,1.7281843423843384,1.8351935148239136,0.4060146512008508,0.42033251547164335,0,0
0.21130701899528503,1.7265470027923584,1.8361173868179321,0.4171912222793777,0.4082065594804639,0,0
0.2140076607465744,1.7248823642730713,1.836967945098877,0.4158110777784697,0.4150660024737886,0,0
0.21666240692138672,1.723184585571289,1.8377020359039307,0.40730260851678207,0.416733989292254,0,0
0.2192448377609253,1.721449613571167,1.8383378982543945,0.4211190487689762,0.4051315550274468,0,0
0.2217288762331009,1.7196743488311768,1.8389391899108887,0.4228025908447153,0.40763747404373785,0,0
0.2240905612707138,1.7178587913513184,1.8395817279815674,0.41483395899294245,0.41431679340970035,0,0
0.22630877792835236,1.716002106666565,1.8403270244598389,0.4246904116022485,0.4242204395244013,0,0
0.22836577892303467,1.7141025066375732,1.8411866426467896,0.40287625516234254,0.40869037423370846,0,0
0.23024675250053406,1.7121570110321045,1.8420727252960205,0.42748221805170267,0.40512478057126095,0,0
0.23194007575511932,1.7101608514785767,1.8429028987884521,0.42609501576333364,0.43192112889032946,0,0
0.23343734443187714,1.7081102132797241,1.8436660766601562,0.4187437066309535,0.42292918693847925,0,0
0.2347334623336792,1.7060028314590454,1.8443787097930908,0.4338745754973007,0.4193482505363827,0,0
0.23582658171653748,1.70383620262146,1.845050573348999,0.41329365876683255,0.42055042591648184,0,0
0.23671779036521912,1.7016088962554932,1.8456900119781494,0.432912409251211,0.42231302684811967,0,0
0.2374107837677002,1.6993197202682495,1.8463044166564941,0.4286810171553416,0.42319442152318687,0,0
0.23791155219078064,1.6969691514968872,1.8468894958496094,0.4230618002262673,0.41766152030381487,0,0
0.2382282167673111,1.694557785987854,1.8474339246749878,0.417445078042705,0.40753737055756045,0,0
0.2383706271648407,1.6920859813690186,1.8479355573654175,0.41700027441750975,0.42321907113987034,0,0
0.23834913969039917,1.6895538568496704,1.8484108448028564,0.42801369773829945,0.4242915747623244,0,0
0.23817434906959534,1.6869633197784424,1.848891019821167,0.43848925886958506,0.40985072650160587,0,0
0.23785652220249176,1.6843156814575195,1.849381923675537,0.41652798551934583,0.39549379060197465,0,0
0.23740582168102264,1.6816158294677734,1.8498437404632568,0.4455488398202764,0.41742782888851565,0,0
0.23683278262615204,1.6788688898086548,1.8502426147460938,0.4428742867343685,0.43986975943166606,0,0
0.236147940158844,1.6760808229446411,1.8505849838256836,0.44920127982494523,0.4336729469456867,0,0
0.23536162078380585,1.6732548475265503,1.850895881652832,0.4338760358952571,0.4302101924982495,0,0
0.23448383808135986,1.670393466949463,1.851189136505127,0.4417590381743272,0.4317104524938681,0,0
0.23352369666099548,1.6674989461898804,1.8514822721481323,0.4501180904368743,0.44307020061018704,0,0
0.23248907923698425,1.6645715236663818,1.8517982959747314,0.46946105602206256,0.4322886106889861,0,0
0.23138682544231415,1.6616138219833374,1.8521407842636108,0.43218443428346237,0.43671317366245693,0,0
0.2302231639623642,1.6586277484893799,1.8524812459945679,0.43832018919277094,0.4462910708651064,0,0
0.22900360822677612,1.6556165218353271,1.8527839183807373,0.44736950031555717,0.438037854886805,0,0
0.22773350775241852,1.6525837182998657,1.8530458211898804,0.482806688933874,0.4812866571899178,0,0
0.22641783952713013,1.6495312452316284,1.8532795906066895,0.4623715326643704,0.4782053214142921,0,0
0.22506120800971985,1.6464612483978271,1.8535020351409912,0.4730543046778534,0.4654169666496573,0,0
0.22366778552532196,1.643375277519226,1.8537232875823975,0.4739487015232349,0.45201065049575034,0,0
0.22224104404449463,1.6402745246887207,1.8539544343948364,0.4803515565881539,0.47942942116902854,0,0
0.22078393399715424,1.637159824371338,1.8541922569274902,0.47744456610060326,0.4672860961278948,0,0
0.21929894387722015,1.6340326070785522,1.8544248342514038,0.4771195139996313,0.4695930171544708,0,0
0.21778838336467743,1.630894660949707,1.8546384572982788,0.4600385728934391,0.45883237766400053,0,0
0.2162543684244156,1.6277469396591187,1.8548331260681152,0.4670537296907479,0.4807406263838283,0,0
0.21469902992248535,1.6245914697647095,1.8550136089324951,0.47247326533030204,0.46579088097675025,0,0
0.21312443912029266,1.6214284896850586,1.8551812171936035,0.4992252991297462,0.506049631895201,0,0
0.21153251826763153,1.6182591915130615,1.8553466796875,0.5133080324603282,0.4872411414838937,0,0
0.20992475748062134,1.615083932876587,1.8555065393447876,0.5147257157517459,0.5115675439860027,0,0
0.20830263197422028,1.611903190612793,1.8556671142578125,0.5267727389070307,0.5056604013447608,0,0
0.20666730403900146,1.6087175607681274,1.855825424194336,0.503404620582978,0.4899648107943446,0,0
0.20501980185508728,1.6055279970169067,1.855975866317749,0.5099757134312117,0.4991502037800482,0,0
0.20336118340492249,1.60233473777771,1.8561166524887085,0.5089926228154619,0.49607390263447826,0,0
0.20169249176979065,1.599138617515564,1.8562482595443726,0.5156570044294329,0.4973280915066743,0,0
0.20001477003097534,1.5959398746490479,1.8563728332519531,0.49509736401607235,0.5034477353809864,0,0
0.19832897186279297,1.5927387475967407,1.8564903736114502,0.5196156967501003,0.4912411105302,0,0
0.19663593173027039,1.5895357131958008,1.8566049337387085,0.5320796598406897,0.5357404433279558,0,0
0.1949363648891449,1.586330533027649,1.8567166328430176,0.5422939418931353,0.5090424144672981,0,0
0.19323091208934784,1.5831235647201538,1.8568265438079834,0.5217305598473374,0.5315827318871439,0,0
0.19152003526687622,1.579914927482605,1.8569294214248657,0.5363426852171633,0.5243587449824244,0,0
0.189804345369339,1.5767052173614502,1.8570256233215332,0.5432368727673408,0.533458024242813,0,0
0.18808422982692719,1.5734941959381104,1.8571174144744873,0.5305502929025175,0.5309396931089891,0,0
0.18636025488376617,1.5702823400497437,1.8572030067443848,0.5384803305192184,0.5408365107231123,0,0
0.18463288247585297,1.567069411277771,1.857287049293518,0.5456518352307629,0.5258928955495655,0,0
0.18290242552757263,1.5638560056686401,1.857365608215332,0.5518643055503439,0.5268820259943215,0,0
0.1811692863702774,1.5606417655944824,1.8574398756027222,0.543802884819429,0.5458512191646894,0,0
0.17943376302719116,1.5574265718460083,1.857513666152954,0.5735934161124877,0.5838813882226592,0,0
0.17769606411457062,1.554211139678955,1.8575836420059204,0.5945743814986096,0.5973743492448095,0,0
0.17595639824867249,1.5509949922561646,1.8576531410217285,0.5676281537309985,0.5687687928305377,0,0
0.17421495914459229,1.547778606414795,1.8577179908752441,0.5817083699472566,0.5810909698643765,0,0
0.1724720150232315,1.5445618629455566,1.857778549194336,0.5725136050478059,0.573132294185761,0,0
0.17072775959968567,1.5413445234298706,1.8578356504440308,0.5738476539171659,0.5613187498106372,0,0
0.1689823716878891,1.5381273031234741,1.8578910827636719,0.5699525345832998,0.576885503173333,0,0
0.16723597049713135,1.534909725189209,1.857943058013916,0.6052496820325352,0.5995657986850532,0,0
0.16548869013786316,1.531691551208496,1.8579907417297363,0.5903760185205358,0.5691381874864548,0,0
0.1637406349182129,1.5284734964370728,1.8580384254455566,0.5802207793802542,0.5723099881987811,0,0
0.1619918793439865,1.5252548456192017,1.8580809831619263,0.5939814738290998,0.6147325484269883,0,0
0.16024254262447357,1.5220361948013306,1.8581233024597168,0.6082521553233479,0.6053581180986092,0,0
0.15849268436431885,1.5188173055648804,1.8581658601760864,0.6273275483421971,0.59760407414068,0,0
0.1567424237728119,1.5155987739562988,1.85820472240448,0.6216756668321799,0.6008228546385406,0,0
0.15499179065227509,1.5123796463012695,1.858243703842163,0.6325001918213279,0.5955578609755156,0,0
0.1532408893108368,1.5091607570648193,1.8582775592803955,0.6146143199468912,0.5948042955217498,0,0
0.1514897495508194,1.505941390991211,1.858311414718628,0.6318569570900412,0.6202061733256807,0,0
0.14973841607570648,1.502722144126892,1.8583452701568604,0.6183233706063445,0.6093531158539627,0,0
0.14798688888549805,1.4995026588439941,1.8583738803863525,0.6099168973411125,0.6203171005126237,0,0
0.14623527228832245,1.4962830543518066,1.8584024906158447,0.6239641293267145,0.6084807928757491,0,0
0.1444835662841797,1.4930636882781982,1.8584308624267578,0.6444452681519789,0.6260935897852932,0,0
0.14273178577423096,1.4898440837860107,1.8584542274475098,0.6575187539648133,0.6594701970521045,0,0
0.14097997546195984,1.4866243600845337,1.8584777116775513,0.6569098751335035,0.6492667117192085,0,0
0.13922816514968872,1.4834041595458984,1.8585011959075928,0.6458019356499118,0.6336491518112504,0,0
0.1374763697385788,1.4801840782165527,1.8585243225097656,0.6503005429201858,0.6542939986144125,0,0
0.13572455942630768,1.4769643545150757,1.8585478067398071,0.6496276183151669,0.6450442190191286,0,0
0.13397280871868134,1.47374427318573,1.858565330505371,0.6531899604172622,0.6384948544693512,0,0
0.13222108781337738,1.4705240726470947,1.8585824966430664,0.6496404066777071,0.6440686487260342,0,0
0.1304694265127182,1.4673042297363281,1.8586000204086304,0.6424891224866335,0.652115896009932,0,0
0.128717839717865,1.4640840291976929,1.8586171865463257,0.6577929701443721,0.6446594237605502,0,0
0.12696632742881775,1.460863709449768,1.8586363792419434,0.6971756812046213,0.6816220242958089,0,0
0.12521487474441528,1.4576436281204224,1.858655333518982,0.6809020241327268,0.6722396036967329,0,0
0.12346351891756058,1.454423189163208,1.8586673736572266,0.68807632038185,0.6807629850388239,0,0
0.12171223759651184,1.4512029886245728,1.8586797714233398,0.688739644823462,0.6787576796583553,0,0
0.11996103823184967,1.4479825496673584,1.858691692352295,0.6932214493121436,0.6824971321552982,0,0
0.11820993572473526,1.4447622299194336,1.8587039709091187,0.6972942375178919,0.6793080105295104,0,0
0.11645892262458801,1.4415419101715088,1.8587160110473633,0.693022836692854,0.7117409337416927,0,0
0.11470800638198853,1.438321590423584,1.8587284088134766,0.6955239001984983,0.6986437964117651,0,0
0.11295715719461441,1.4351011514663696,1.8587403297424316,0.684095537218988,0.6808953106530227,0,0
0.11120642721652985,1.4318804740905762,1.8587524890899658,0.6812326868570963,0.6845423989059386,0,0
0.10945575684309006,1.4286599159240723,1.8587645292282104,0.716892364261964,0.7413959930620178,0,0
0.10770520567893982,1.4254392385482788,1.8587714433670044,0.7400238641678285,0.7396224959963527,0,0
0.10595475137233734,1.422218918800354,1.8587785959243774,0.7113011512506394,0.7062211942897885,0,0
0.10420437902212143,1.41899836063385,1.8587853908538818,0.6944330421647548,0.7170251142086099,0,0
0.10245408862829208,1.4157776832580566,1.8587925434112549,0.7301447518262054,0.713137454917354,0,0
0.1007038801908493,1.4125568866729736,1.8587992191314697,0.7345311641328042,0.717892789343121,0,0
0.09895376116037369,1.4093360900878906,1.8588061332702637,0.7315832034018178,0.7270842445518935,0,0
0.09720371663570404,1.4061154127120972,1.8588132858276367,0.7376970289486254,0.7209549254325736,0,0
0.09545373916625977,1.4028944969177246,1.8588199615478516,0.7241498958593197,0.7241098240612289,0,0
0.09370385110378265,1.3996734619140625,1.8588271141052246,0.7162003171587205,0.7061748210736654,0,0
0.09195403009653091,1.3964524269104004,1.858833909034729,0.7724602991381937,0.7660617599836981,0,0
0.09020429849624634,1.3932316303253174,1.8588391542434692,0.7630216241592584,0.7566385725331204,0,0
0.08845463395118713,1.3900107145309448,1.85884428024292,0.7425233028112029,0.7621411645584217,0,0
0.0867050364613533,1.3867897987365723,1.8588495254516602,0.7829746130315144,0.7523281852397382,0,0
0.08495550602674484,1.3835687637329102,1.8588547706604004,0.7681102858770812,0.7454424750027422,0,0
0.08320602774620056,1.380347728729248,1.8588597774505615,0.7594848615573868,0.7587064856538738,0,0
0.08145660161972046,1.377126693725586,1.8588597774505615,0.7723966717340786,0.7491599417640081,0,0
0.07970722764730453,1.3739057779312134,1.8588597774505615,0.763313558198456,0.7640580386982225,0,0
0.07795792073011398,1.3706846237182617,1.8588597774505615,0.7658381102503392,0.7415768171230354,0,0
0.07620866596698761,1.36746346950531,1.8588597774505615,0.7640251048038459,0.7541076755285449,0,0
0.07445947080850601,1.3642423152923584,1.8588597774505615,0.7935174880488478,0.8053665156742569,0,0
0.072710320353508,1.3610210418701172,1.8588597774505615,0.7895206029197398,0.8017186708103602,0,0
0.07096122950315475,1.357800006866455,1.8588597774505615,0.7871688323617816,0.7979241899634442,0,0
0.06921219080686569,1.3545788526535034,1.8588597774505615,0.8027580546939747,0.7761570476661603,0,0
0.0674632117152214,1.3513575792312622,1.8588597774505615,0.7726410816233966,0.7825145283670164,0,0
0.0657142847776413,1.348136305809021,1.8588597774505615,0.8025473521874315,0.7790767524425877,0,0
0.06396541744470596,1.3449147939682007,1.8588597774505615,0.8034406765080538,0.7724075439333933,0,0
0.06221659854054451,1.341693639755249,1.8588597774505615,0.7840519888436863,0.8137737357707459,0,0
0.060467831790447235,1.3384723663330078,1.8588597774505615,0.8107204512382351,0.7957089235684984,0,0
0.05871911346912384,1.335250973701477,1.8588597774505615,0.7904317305415721,0.7878362413250227,0,0
0.05697045475244522,1.3320297002792358,1.8588597774505615,0.4998786429379168,0.5137391577083459,0,0
0.05522184073925018,1.328808069229126,1.8588597774505615,0.5067714717570084,0.47813779829713693,0,0
0.05347328260540962,1.3255866765975952,1.8588597774505615,0.5161604374583866,0.5164598861212653,0,0
0.05172478035092354,1.322365403175354,1.8588597774505615,0.5066411322664949,0.5004208702171987,0,0
0.049976322799921036,1.3191440105438232,1.8588597774505615,0.49808834356436915,0.48096608781879163,0,0
0.04822792112827301,1.3159226179122925,1.8588597774505615,0.4887561368272532,0.5172511555788437,0,0
0.046479567885398865,1.3127009868621826,1.8588597774505615,0.4969528853660522,0.49734911068785376,0,0
0.044731274247169495,1.3094795942306519,1.8588597774505615,0.4987049866874762,0.5075746723733473,0,0
0.0429830327630043,1.306257963180542,1.8588597774505615,0.49101720577849983,0.5072133315780167,0,0
0.04123483598232269,1.3030365705490112,1.8588597774505615,0.5019341508318211,0.5127100038083542,0,0
0.03948669135570526,1.2998151779174805,1.8588597774505615,0.4757110762812541,0.49708880985583437,0,0
0.03773859888315201,1.2965937852859497,1.8588597774505615,0.47787008811979453,0.499629186153004,0,0
0.035990551114082336,1.2933722734451294,1.8588597774505615,0.483520790692231,0.49457399399332586,0,0
0.03424255549907684,1.29015052318573,1.8588597774505615,0.48469776681062443,0.5027867693696303,0,0
0.03249461576342583,1.2869290113449097,1.8588597774505615,0.49780832325254276,0.4925264934564543,0,0
0.03074672259390354,1.2837072610855103,1.8588597774505615,0.5037680623952999,0.5005327200179573,0,0
0.028998877853155136,1.2804856300354004,1.8588597774505615,0.5089367731041493,0.4938477334214726,0,0
0.02725108340382576,1.277263879776001,1.8588597774505615,0.4873288914260257,0.5066513586160009,0,0
0.025503341108560562,1.2740423679351807,1.8588597774505615,0.4924349955995259,0.4946433252834296,0,0
0.023755647242069244,1.2708206176757812,1.8588597774505615,0.4979136354347651,0.4935599545263706,0,0
0.022007999941706657,1.2675988674163818,1.8588597774505615,0.49823761142774986,0.5002477104014964,0,0
0.0202603992074728,1.264377236366272,1.8588597774505615,0.4977491721455765,0.49044564363770005,0,0
0.018512852489948273,1.261155366897583,1.8588597774505615,0.48851200559935565,0.5082434637380443,0,0
0.016765350475907326,1.2579336166381836,1.8588597774505615,0.49403299039157483,0.5043885395127314,0,0
0.015017900615930557,1.2547117471694946,1.8588597774505615,0.5245794172557087,0.5150826766294926,0,0
0.013270494528114796,1.2514901161193848,1.8588597774505615,0.4909031536477567,0.4949640500051004,0,0
0.011523137800395489,1.2482681274414062,1.8588597774505615,0.5053120286571691,0.49943927755021034,0,0
0.009775827638804913,1.2450463771820068,1.8588597774505615,0.5034308948575266,0.48875315808206155,0,0
0.008028565905988216,1.2418242692947388,1.8588597774505615,0.5018568320956384,0.5049951253969418,0,0
0.006281350739300251,1.238602638244629,1.8588597774505615,0.4943713263696162,0.5150886247629396,0,0
0.004534183535724878,1.2353806495666504,1.8588597774505615,0.5011564064068089,0.5117363117727071,0,0
0.0027870628982782364,1.232158899307251,1.8588597774505615,0.5003766626150332,0.49449472898942576,0,0
0.0010399884777143598,1.228936791419983,1.8588597774505615,0.4968472906241257,0.5107715715629216,0,0
-0.000707038736436516,1.225714921951294,1.8588597774505615,0.4997554908528505,0.517553377452875,0,0
-0.002454019384458661,1.2224926948547363,1.8588597774505615,0.4976874128580575,0.49172786201570345,0,0
-0.004200954921543598,1.2192708253860474,1.8588597774505615,0.5070930903848487,0.49735007312282214,0,0
-0.005947843659669161,1.2160487174987793,1.8588597774505615,0.5081402631225173,0.5017811241149861,0,0
-0.00769468629732728,1.2128268480300903,1.8588597774505615,0.5025164345024266,0.5025749164363776,0,0
-0.00944148562848568,1.2096047401428223,1.8588597774505615,0.48686945618046945,0.49477330212665216,0,0
-0.01118824165314436,1.2063828706741333,1.8588597774505615,0.49568044550249485,0.49462091297350175,0,0
-0.012934948317706585,1.2031605243682861,1.8588597774505615,0.4791782343723003,0.5120279633116039,0,0
-0.014681611210107803,1.199938416481018,1.8588597774505615,0.45845394317712823,0.5135587123803839,0,0
-0.016428230330348015,1.1967161893844604,1.8588597774505615,0.5027639170651323,0.49614184686236684,0,0
-0.018174802884459496,1.1934940814971924,1.8588597774505615,0.5056700172054447,0.49907535777032447,0,0
-0.019921330735087395,1.1902718544006348,1.8588597774505615,0.49150211928432663,0.49709376998463356,0,0
-0.021667812019586563,1.1870497465133667,1.8588597774505615,0.49314999980720925,0.5003120879484427,0,0
-0.023414254188537598,1.1838276386260986,1.8588597774505615,0.5162171883974638,0.49890261781602024,0,0
-0.0251606497913599,1.180605411529541,1.8588597774505615,0.493330255580725,0.4895882124136023,0,0
-0.026906996965408325,1.1773831844329834,1.8588597774505615,0.4922398852493404,0.5129729909543066,0,0
-0.028653306886553764,1.1741608381271362,1.8588597774505615,0.5030453055904139,0.5155338780238551,0,0
-0.030399570241570473,1.1709386110305786,1.8588597774505615,0.524151549127126,0.48757236701725615,0,0
-0.03214579075574875,1.1677162647247314,1.8588597774505615,0.5041064599266907,0.4894860506721796,0,0
-0.03389196842908859,1.1644941568374634,1.8588597774505615,0.511837839168719,0.4803895104712701,0,0
-0.035638123750686646,1.1612718105316162,1.8588597774505615,0.4804578400033299,0.5039153305164127,0,0
-0.037384282797575,1.1580497026443481,1.8588597774505615,0.48189489648757183,0.49807139749770724,0,0
-0.03913044556975365,1.154827356338501,1.8588597774505615,0.512434920487112,0.5030132272837105,0,0
-0.040876612067222595,1.1516051292419434,1.8588597774505615,0.49837758990365727,0.4917363295602316,0,0
-0.042622778564691544,1.1483827829360962,1.8588597774505615,0.5012520801225224,0.49812837566628465,0,0
-0.04436895251274109,1.1451605558395386,1.8588597774505615,0.5201416244123267,0.5047422004028358,0,0
-0.04611511901021004,1.1419382095336914,1.8588597774505615,0.49146215619253114,0.5076042715619961,0,0
-0.04786129295825958,1.1387161016464233,1.8588597774505615,0.4910680202138502,0.48923135504697834,0,0
-0.04960746690630913,1.1354938745498657,1.8588597774505615,0.48915649721408744,0.5078901831624199,0,0
-0.05135364085435867,1.132271409034729,1.8588597774505615,0.5001442706705866,0.5085921960116427,0,0
-0.05309981852769852,1.1290491819381714,1.8588597774505615,0.49546284279577363,0.4962869135560085,0,0
-0.05484599992632866,1.1258265972137451,1.8588597774505615,0.5009046095748567,0.48835460208779213,0,0
-0.0565921850502491,1.1226043701171875,1.8588597774505615,0.4927214465479516,0.49975274440520384,0,0
-0.058338362723588943,1.1193819046020508,1.8588597774505615,0.49234543431343836,0.5076622341778899,0,0
-0.06008455529808998,1.1161595582962036,1.8588597774505615,0.5016383302495199,0.5076145296782113,0,0
-0.06183073669672012,1.1129372119903564,1.8588597774505615,0.5037071226211683,0.4934131081409958,0,0
-0.06357692182064056,1.1097149848937988,1.8588597774505615,0.5037358165484987,0.49936828297383934,0,0
-0.0653231143951416,1.1064926385879517,1.8588597774505615,0.5034746563281559,0.499901371750413,0,0
-0.06706930696964264,1.1032702922821045,1.8588597774505615,0.5115471122087105,0.511196624956295,0,0
-0.06881549954414368,1.1000480651855469,1.8588597774505615,0.5054571806567328,0.5018008086087192,0,0
-0.07056169956922531,1.0968255996704102,1.8588597774505615,0.5036219450967622,0.4788993861081558,0,0
-0.07230789959430695,1.0936033725738525,1.8588597774505615,0.5111427284857114,0.49404743239348214,0,0
-0.07405410706996918,1.0903809070587158,1.8588597774505615,0.5041107264415354,0.5115684054940881,0,0
-0.07580031454563141,1.0871585607528687,1.8588597774505615,0.5044066104241381,0.49863473482911974,0,0
-0.07754652202129364,1.0839362144470215,1.8588597774505615,0.5102837808909388,0.510053239434711,0,0
-0.07929272949695587,1.0807139873504639,1.8588597774505615,0.5127866685130252,0.49421329404427294,0,0
-0.0810389444231987,1.0774917602539062,1.8588597774505615,0.49353173628627617,0.4907747976518583,0,0
-0.08278515189886093,1.0742692947387695,1.8588597774505615,0.5059649203135036,0.5011642241248864,0,0
-0.08453136682510376,1.071047067642212,1.8588597774505615,0.50192403459792,0.4991991732956631,0,0
-0.08627757430076599,1.0678246021270752,1.8588597774505615,0.5017494515778156,0.5060038931907648,0,0
-0.08802379667758942,1.064602255821228,1.8588597774505615,0.4951641852620166,0.5087148076544502,0,0
-0.08977002650499344,1.0613797903060913,1.8588597774505615,0.5100255421881237,0.509676864186884,0,0
-0.09151625633239746,1.0581575632095337,1.8588597774505615,0.49535262079220693,0.4933734773185234,0,0
-0.09326247125864029,1.054935336112976,1.8588597774505615,0.4893289371410204,0.5176053233770659,0,0
-0.09500869363546371,1.051712989807129,1.8588597774505615,0.49225313709880947,0.5025839255400478,0,0
-0.09675493091344833,1.0484907627105713,1.8588597774505615,0.5132602644550733,0.49568658218217637,0,0
-0.09850114583969116,1.0452682971954346,1.8588597774505615,0.493840868157769,0.48017429705126535,0,0
-0.10024738311767578,1.042046070098877,1.8588597774505615,0.5020383011142302,0.5030994618883058,0,0
-0.101993627846241,1.0388236045837402,1.8588597774505615,0.4972803878887145,0.5124912893892785,0,0
-0.10373986512422562,1.0356013774871826,1.8588597774505615,0.4955899015222039,0.4913419918690701,0,0
-0.10548610240221024,1.0323790311813354,1.8588597774505615,0.4989744584193783,0.5068586555080364,0,0
-0.10723234713077545,1.0291566848754883,1.8588597774505615,0.4937902099090893,0.4956753713230332,0,0
-0.10897858440876007,1.0259342193603516,1.8588597774505615,0.4895324838098327,0.5041889889014566,0,0
-0.11072482913732529,1.0227118730545044,1.8588597774505615,0.5011833378175932,0.49435174821629324,0,0
-0.1124710738658905,1.0194895267486572,1.8588597774505615,0.4873902279121373,0.5048910642035779,0,0
-0.11421732604503632,1.016266942024231,1.8588597774505615,0.4878611428720634,0.5119205165802521,0,0
-0.11596357077360153,1.0130447149276733,1.8588597774505615,0.49753124574531093,0.5040054674806196,0,0
-0.11770980060100555,1.0098222494125366,1.8588597774505615,0.49277183799825225,0.5020975806670837,0,0
-0.11945605278015137,1.0065999031066895,1.8588597774505615,0.5074218675427657,0.4991540241211552,0,0
-0.12120229750871658,1.0033775568008423,1.8588597774505615,0.5018154214552653,0.4884847463658501,0,0
-0.1229485496878624,1.0001553297042847,1.8588597774505615,0.4917289760119909,0.5086024164773724,0,0
-0.1246948093175888,0.9969329833984375,1.8588597774505615,0.5044513060751523,0.5104552929007686,0,0
-0.12644106149673462,0.993710458278656,1.8588597774505615,0.5062835203766106,0.5119726948123807,0,0
-0.12818732857704163,0.9904882311820984,1.8588597774505615,0.49511548302319247,0.4955060450822129,0,0
-0.12993359565734863,0.9872657656669617,1.8588597774505615,0.48977454175629415,0.5007531792357529,0,0
-0.13167986273765564,0.9840433597564697,1.8588597774505615,0.49035003390266085,0.5066942702547892,0,0
-0.13342614471912384,0.9808209538459778,1.8588597774505615,0.48850933675262453,0.5074706498840758,0,0
-0.13517242670059204,0.9775985479354858,1.8588597774505615,0.4979395718751497,0.506992312375565,0,0
-0.13691869378089905,0.9743762016296387,1.8588597774505615,0.49447602316804556,0.5081939200362128,0,0
-0.13866494596004486,0.9711537957191467,1.8588597774505615,0.5107631733041241,0.49615470658352684,0,0
-0.14041122794151306,0.9679315686225891,1.8588597774505615,0.49267213786445185,0.5080874488495521,0,0
-0.14215748012065887,0.9647089242935181,1.8588597774505615,0.522566996342571,0.5250028338002102,0,0
-0.14390374720096588,0.9614866375923157,1.8588597774505615,0.4894955372651638,0.5032035337357585,-1,-1
-0.14564990997314453,0.9582638740539551,1.858396053314209,0.511559237278209,0.4961806310843243,0,0
-0.14739662408828735,0.9550433158874512,1.8577518463134766,0.4886695385598986,0.5049668570915828,0,0
-0.1491447538137436,0.9518277645111084,1.8570878505706787,0.5109894042540208,0.5112198442347734,0,0
-0.15089502930641174,0.948620080947876,1.8564921617507935,0.4972312573048005,0.5083835742337056,0,0
-0.15264789760112762,0.9454230070114136,1.8560206890106201,0.4732313821634091,0.49482958018128737,0,0
-0.15440349280834198,0.9422386288642883,1.8557041883468628,0.5134490956963669,0.4837325006363356,0,0
-0.1561613827943802,0.9390687346458435,1.8555448055267334,0.49695435528711646,0.4936927768060314,0,0
-0.15792062878608704,0.9359143376350403,1.8555526733398438,0.49810614174855744,0.5068402033322145,0,0
-0.15967993438243866,0.9327756762504578,1.8557231426239014,0.5098554501707364,0.5094668918640559,0,0
-0.16143782436847687,0.9296526312828064,1.8560538291931152,0.5120081113856766,0.503697463634619,0,0
-0.16319268941879272,0.9265444874763489,1.8565411567687988,0.5012778272601462,0.5083671251605375,0,0
-0.16494306921958923,0.9234505891799927,1.8571782112121582,0.5062792999178247,0.49228657391640795,0,0
-0.16668756306171417,0.9203700423240662,1.8579585552215576,0.5142200392414185,0.4876351073191492,0,0
-0.16842477023601532,0.9173018932342529,1.8588792085647583,0.49423311426010397,0.5067041191715572,0,0
-0.17015314102172852,0.9142453074455261,1.8599345684051514,0.49922902226120514,0.5034396332150388,0,0
-0.1718711405992508,0.9111992716789246,1.8611222505569458,0.5149104360055474,0.5042298673377784,0,0
-0.17357729375362396,0.9081627726554871,1.8624348640441895,0.5049383174356755,0.5082322404850029,0,0
-0.17527025938034058,0.9051346182823181,1.863865613937378,0.49612235738122085,0.5078591628784936,0,0
-0.1769486367702484,0.9021140336990356,1.8654148578643799,0.4801049696146315,0.4992352508630893,0,0
-0.1786109209060669,0.8991002440452576,1.8670790195465088,0.4899443412174847,0.5079062393986528,0,0
-0.1802554428577423,0.896092414855957,1.8688541650772095,0.5051753386763336,0.4991739590182758,0,0
-0.18188050389289856,0.893090009689331,1.8707361221313477,0.49369822419458576,0.5321136480488046,0,0
-0.18348464369773865,0.890092134475708,1.8727234601974487,0.49446177901309024,0.5064683647930477,0,0
-0.185066357254982,0.887097954750061,1.8748087882995605,0.4922975933240251,0.49157271216565385,0,0
-0.1866241693496704,0.8841072916984558,1.8769925832748413,0.5101694575206761,0.5195085102374567,0,0
-0.18815647065639496,0.8811196684837341,1.879271388053894,0.5081845938012033,0.4899136033043897,0,0
-0.1896616369485855,0.8781347870826721,1.881649136543274,0.5151211793561287,0.4881925626576583,0,0
-0.19113808870315552,0.8751519918441772,1.884116768836975,0.5044400912940669,0.5118481800226294,0,0
-0.19258442521095276,0.8721706867218018,1.886670708656311,0.5037714952397552,0.5125307443574845,0,0
-0.19399918615818024,0.8691903948783875,1.8893113136291504,0.4998714475328005,0.4858675818315707,0,0
-0.19538092613220215,0.8662107586860657,1.8920420408248901,0.5056164769068736,0.4898318900850228,0,0
-0.19672779738903046,0.8632314801216125,1.8948731422424316,0.5143933909641342,0.502332592553811,0,0
-0.19803811609745026,0.8602520823478699,1.8977984189987183,0.5135331958886783,0.5058502473251826,0,0
-0.19931013882160187,0.8572719693183899,1.900810718536377,0.5114933859459846,0.49438822103674623,0,0
-0.20054231584072113,0.8542910218238831,1.9039119482040405,0.500898196413616,0.48761111466457946,0,0
-0.20173287391662598,0.8513088226318359,1.9070985317230225,0.49441718884672864,0.49363226463698234,0,0
-0.20287995040416718,0.8483256101608276,1.9103671312332153,0.49330091244838004,0.5036657142304719,0,0
-0.20398160815238953,0.8453415632247925,1.9137097597122192,0.4844367529153247,0.49694632978105524,0,0
-0.2050359547138214,0.8423561453819275,1.9171348810195923,0.5302688483669588,0.4966083822437639,0,0
-0.20604123175144196,0.8393695950508118,1.9206544160842896,0.5059282655226748,0.49864762968660187,0,0
-0.20699582993984222,0.8363818526268005,1.924271583557129,0.5090079464759573,0.515397163667608,0,0
-0.20789805054664612,0.833392858505249,1.9279727935791016,0.5073318299430637,0.5075392470415365,0,0
-0.20874597132205963,0.8304029107093811,1.9317516088485718,0.5105511560682409,0.5236062951224703,0,0
-0.20953765511512756,0.8274122476577759,1.9356069564819336,0.49420325291916667,0.4996519609807409,0,0
-0.21027091145515442,0.8244210481643677,1.939543604850769,0.5067352481277705,0.48241660043660056,0,0
-0.2109438180923462,0.8214296102523804,1.9435667991638184,0.5105643070442178,0.4832184571887755,0,0
-0.21155449748039246,0.8184380531311035,1.947684645652771,0.49124748336863405,0.5108095729487615,0,0
-0.2121010720729828,0.8154469728469849,1.9518860578536987,0.5309385284934193,0.501587354605653,0,0
-0.21258145570755005,0.812457263469696,1.9561678171157837,0.48133413070123077,0.5109362638544985,0,0
-0.21299341320991516,0.8094699382781982,1.9605306386947632,0.4863853413170856,0.49666503158424535,0,0
-0.21333488821983337,0.8064855933189392,1.964990496635437,0.4959289024812611,0.5125305699506408,0,0
-0.2136038988828659,0.8035051226615906,1.969548225402832,0.4966200314866845,0.5003600446485367,0,0
-0.21379873156547546,0.8005293607711792,1.9741976261138916,0.5128767955013162,0.5034556199006078,0,0
-0.2139175534248352,0.7975596189498901,1.9789338111877441,0.502914041966214,0.5072716179436002,0,0
-0.2139582484960556,0.7945969700813293,1.9837579727172852,0.4924673290063089,0.5109666755219953,0,0
-0.21391862630844116,0.7916430830955505,1.9886771440505981,0.4979565328543094,0.493356089178769,0,0
-0.21379661560058594,0.7886990904808044,1.9936960935592651,0.497754204417098,0.5006514395349022,0,0
-0.21359020471572876,0.7857660055160522,1.998814582824707,0.4994902474721682,0.5027502028446559,0,0
-0.21329769492149353,0.7828460931777954,2.0040316581726074,0.5017768709840751,0.5013493199419521,0,0
-0.21291707456111908,0.7799407243728638,2.009335994720459,0.5019199560205807,0.522967826460052,0,0
-0.2124461829662323,0.7770525217056274,2.014733076095581,0.5067048876556763,0.5045188876448424,0,0
-0.2118827998638153,0.7741833925247192,2.020233631134033,0.5059121257619185,0.5154370900457863,0,0
-0.21122515201568604,0.7713354229927063,2.025850534439087,0.5041144923753721,0.5103015227402686,0,0
-0.21047157049179077,0.7685109376907349,2.0315706729888916,0.49829234471638484,0.5039385663994992,0,0
-0.20962047576904297,0.7657127380371094,2.0373902320861816,0.4906527216578254,0.5008451682298772,0,0
-0.20867007970809937,0.7629437446594238,2.043311834335327,0.5079538380795986,0.49271667005076336,0,0
-0.20761846005916595,0.7602071762084961,2.0493431091308594,0.48911116925627945,0.5023940660611557,0,0
-0.20646388828754425,0.7575055956840515,2.0554919242858887,0.5160194024315375,0.508671923854027,0,0
-0.20520515739917755,0.7548421621322632,2.0617620944976807,0.5053563343382886,0.49022507810183885,0,0
-0.2038412094116211,0.752220630645752,2.0681397914886475,0.5076919494924544,0.5064762741279811,0,0
-0.2023708075284958,0.7496447563171387,2.074617385864258,0.510619420561534,0.4843285312945083,0,0
-0.2007925808429718,0.7471188902854919,2.0812149047851562,0.49877309768728684,0.4996054337989809,0,0
-0.1991054266691208,0.7446466088294983,2.087942361831665,0.49946557040913997,0.5066202473681162,0,0
-0.19730879366397858,0.7422319650650024,2.0948054790496826,0.5069118958560561,0.5097321036295689,0,0
-0.19540263712406158,0.7398792505264282,2.1017794609069824,0.5096186052737085,0.49147300402366273,0,0
-0.19338664412498474,0.7375933527946472,2.1088671684265137,0.4898377475893798,0.4984599554603589,0,0
-0.19126038253307343,0.7353789806365967,2.116081714630127,0.4832841353898004,0.5087663238348126,0,0
-0.18902358412742615,0.7332406640052795,2.123444080352783,0.5027685368952424,0.5050214960854282,0,0
-0.18667639791965485,0.7311829924583435,2.130948543548584,0.5021603745600085,0.4787743000883473,0,0
-0.18421949446201324,0.729211151599884,2.138579845428467,0.4972870776109401,0.5066366146518168,0,0
-0.18165358901023865,0.7273305654525757,2.1463308334350586,0.49916970796137416,0.4981353183406437,0,0
-0.17897887527942657,0.7255473136901855,2.1542141437530518,0.5050956610265157,0.5028105909015709,0,0
-0.17619581520557404,0.7238668203353882,2.1622517108917236,0.4883153131588616,0.5092166332558349,0,0
-0.17330557107925415,0.7222951054573059,2.170437812805176,0.4883596467869169,0.5014042450121629,0,0
-0.17031030356884003,0.7208386659622192,2.178743600845337,0.49937615845672934,0.5003276982517668,0,0
-0.16721229255199432,0.7195048928260803,2.187164068222046,0.48764920332227774,0.49773388533879154,0,0
-0.16401389241218567,0.7183012962341309,2.1957292556762695,0.4952120357151834,0.5214941982884653,0,0
-0.16071802377700806,0.7172350287437439,2.2044625282287598,0.5018972310491345,0.5102292065746806,0,0
-0.15732920169830322,0.7163130044937134,2.2133336067199707,0.4979265628835788,0.5092220845704484,0,0
-0.15385302901268005,0.7155426144599915,2.222313404083252,0.47993624004396995,0.4741168352888574,0,0
-0.1502954065799713,0.7149317264556885,2.231426239013672,0.49866936424836855,0.5184402681060434,0,0
-0.14666235446929932,0.7144873738288879,2.2407193183898926,0.4804964733291009,0.4810240735690151,0,0
-0.14296096563339233,0.7142155170440674,2.25018310546875,0.4903740144627519,0.49486148447341816,0,0
-0.13919968903064728,0.71412193775177,2.2597744464874268,0.49765811097467716,0.5032382364320594,0,0
-0.13538748025894165,0.7142124176025391,2.269507884979248,0.5184938872355388,0.5008429221431102,0,0
-0.1315329223871231,0.7144924998283386,2.279423713684082,0.48794572770224476,0.513407038575738,0,0
-0.12764471769332886,0.7149662971496582,2.289546489715576,0.5161230000372282,0.5082310848682015,0,0
-0.12373249977827072,0.7156371474266052,2.2998342514038086,0.5102211436478029,0.4957289219220576,0,0
-0.11980657279491425,0.7165083289146423,2.310276985168457,0.5037546017793721,0.5123050052658227,0,0
-0.11587691307067871,0.7175833582878113,2.320916175842285,0.4809922161087398,0.4947424249116936,0,0
-0.11195287853479385,0.7188650965690613,2.331782817840576,0.5036430957504687,0.48277362129498413,0,0
-0.10804422944784164,0.7203553318977356,2.3428525924682617,0.4985537103023805,0.5095388385652595,0,0
-0.10416147857904434,0.7220556735992432,2.3541059494018555,0.48984473250874694,0.4899230521933103,0,0
-0.10031528770923615,0.7239680886268616,2.3655576705932617,0.49440833804449197,0.4877571170602106,0,0
-0.09651590138673782,0.7260947227478027,2.3772404193878174,0.5032364470051696,0.5009149406334136,0,0
-0.09277363121509552,0.7284373641014099,2.3891477584838867,0.5155623292780958,0.4937288661929695,0,0
-0.08909962326288223,0.7309972643852234,2.4012513160705566,0.5042453589909197,0.4769324092991399,0,0
-0.08550587296485901,0.733775794506073,2.4135472774505615,0.5008588690541539,0.48625005814665534,0,0
-0.08200480788946152,0.7367746829986572,2.426053047180176,0.49254618468463734,0.4966259236471022,0,0
-0.07860954850912094,0.7399954795837402,2.4387595653533936,0.5028210688240147,0.48427984367709964,0,0
-0.07533421367406845,0.743439257144928,2.4516515731811523,0.4926408494113062,0.49921116718902686,0,0
-0.07219383865594864,0.7471067905426025,2.4647295475006104,0.500104231881325,0.49644308603623255,0,0
-0.06920452415943146,0.7509974241256714,2.477980852127075,0.5142446492574786,0.4991237094417055,0,0
-0.06638413667678833,0.7551096081733704,2.491370677947998,0.4992780064709902,0.5021271350069064,0,0
-0.0637519508600235,0.7594416737556458,2.5048985481262207,0.5137463799594828,0.5157333405126249,0,0
-0.0613270178437233,0.763990581035614,2.5186331272125244,0.4859724032361688,0.5169513250787214,0,0
-0.059128571301698685,0.7687510251998901,2.532531261444092,0.48451942259886216,0.492108255165422,0,0
-0.05717795714735985,0.7737136483192444,2.5464870929718018,0.5019275437888029,0.4908676180404086,0,0
-0.05549771338701248,0.7788697481155396,2.5605738162994385,0.4856192389026492,0.5126112966640602,0,0
-0.054108284413814545,0.7842093110084534,2.5749454498291016,0.5123062888913191,0.5115342299063396,0,0
-0.05302831903100014,0.7897178530693054,2.5894992351531982,0.5143419782753842,0.5020256201223058,0,0
-0.05227762088179588,0.7953765988349915,2.6041014194488525,0.5164420290437168,0.4941456684949612,0,0
-0.05187549814581871,0.8011669516563416,2.618964195251465,0.5062470426934227,0.49271210418127526,0,0
-0.05183706805109978,0.8070690035820007,2.6342129707336426,0.49472437277404113,0.48925580033329713,0,0
-0.05217413604259491,0.8130574226379395,2.6496188640594482,0.5028510970034193,0.5298139667103356,0,0
-0.05289795249700546,0.8191037774085999,2.665173053741455,0.4994883409725034,0.49060670157044434,0,0
-0.054017212241888046,0.8251801133155823,2.6811258792877197,0.502446530492437,0.4894021519026648,0,0
-0.05553491413593292,0.8312562108039856,2.697404623031616,0.49849118105779827,0.5022208239333856,0,0
-0.057450152933597565,0.8372977375984192,2.713761806488037,0.4907970759544479,0.5013328148055103,0,0
-0.059760767966508865,0.8432690501213074,2.7303388118743896,0.48695398893168323,0.5156976252994395,0,0
-0.06246080622076988,0.8491355776786804,2.747297763824463,0.4996837398520748,0.5026647792941256,0,0
-0.06553810834884644,0.8548616170883179,2.764415979385376,0.5047929194079417,0.49098609629234163,0,0
-0.06897735595703125,0.8604086637496948,2.7815451622009277,0.4919251147430404,0.5092657943647168,0,0
-0.07276243716478348,0.8657392263412476,2.79892635345459,0.4893653376560329,0.49128427226902005,0,0
-0.07687293738126755,0.8708187937736511,2.816612482070923,0.5112932644591098,0.5018255806466033,0,0
-0.08128238469362259,0.8756118416786194,2.8342721462249756,0.5015356479809633,0.5077767313800017,0,0
-0.08596339821815491,0.8800819516181946,2.851895809173584,0.514712980254649,0.5142219292469035,0,0
-0.09088926762342453,0.8841959834098816,2.8698551654815674,0.49464671073198585,0.4875726248340154,0,0
-0.0960279107093811,0.8879246115684509,2.8880181312561035,0.5031548994950963,0.4919655523616772,0,0
-0.10134227573871613,0.891237735748291,2.9059395790100098,0.46911798478066136,0.5025060815867767,0,0
-0.10679885745048523,0.8941053152084351,2.9239585399627686,0.49192793123396916,0.48901122786900525,0,0
-0.11236508935689926,0.8965030908584595,2.942474842071533,0.4948195012036617,0.505501274403829,0,0
-0.11800120770931244,0.8984107971191406,2.9609663486480713,0.4943898111707018,0.5057228551510622,0,0
-0.12366746366024017,0.8998070955276489,2.979388475418091,0.4908342897980773,0.4925740019987817,0,0
-0.12932799756526947,0.9006741046905518,2.998216390609741,0.4890961702610541,0.4868585209347355,0,0
-0.13494475185871124,0.9009989500045776,3.0173001289367676,0.5075758615060082,0.502383922168008,0,0
-0.14047977328300476,0.9007728695869446,3.0367231369018555,0.5046881009577657,0.5024849663709651,0,0
-0.14589397609233856,0.899992823600769,3.056462526321411,0.4911989130920782,0.5211411889237711,0,0
-0.15114672482013702,0.8986589312553406,3.0763492584228516,0.5078421848889255,0.5013329951122261,0,0
-0.15620297193527222,0.8967745304107666,3.096874713897705,0.49127786389168454,0.5126964551157237,0,0
-0.16102813184261322,0.894352912902832,3.117812156677246,0.5079258484906157,0.5032831042042423,0,0
-0.16558751463890076,0.8914135098457336,3.13901424407959,0.4884772253292357,0.5070204995521475,0,0
-0.16984909772872925,0.8879836797714233,-3.12263822555542,0.50146289824745,0.5163647707486512,0,0
-0.17378155887126923,0.8840965032577515,-3.1009433269500732,0.5027228188020075,0.5049529228041805,0,0
-0.1773591786623001,0.879787802696228,-3.0788865089416504,0.48017691674588536,0.48241475793612826,0,0
-0.1805637627840042,0.8751019835472107,-3.0566415786743164,0.48403744883482885,0.5081195815102271,0,0
-0.1833783984184265,0.8700920939445496,-3.034478187561035,0.5093621014899052,0.49737158888460753,0,0
-0.18578727543354034,0.8648105263710022,-3.012145757675171,0.48818584021771305,0.48528979325989,0,0
-0.18778188526630402,0.8593074083328247,-2.989485740661621,0.5035693715074412,0.5024932825173727,0,0
-0.18936274945735931,0.8536360859870911,-2.9667561054229736,0.5084341004734633,0.4974448790150966,0,0
-0.19053396582603455,0.8478533029556274,-2.9440670013427734,0.4925169978380638,0.506455166939966,0,0
-0.19130051136016846,0.8420135974884033,-2.921194076538086,0.5074284796899335,0.48956922235812783,0,0
-0.19167041778564453,0.8361645936965942,-2.8979744911193848,0.5021513402435679,0.5293917437351812,0,0
-0.19165870547294617,0.8303504586219788,-2.8745603561401367,0.4979215644704514,0.5121874815447316,0,0
-0.1912858784198761,0.8246142864227295,-2.8511390686035156,0.49990147966042364,0.5101634508602678,0,0
-0.19057278335094452,0.8189990520477295,-2.8276419639587402,0.4862653588577688,0.5099726586587062,0,0
-0.18953797221183777,0.8135424852371216,-2.803881883621216,0.4917434506277225,0.48085507612672834,0,0
-0.1882004588842392,0.8082751631736755,-2.7798311710357666,0.5128161362611214,0.48670496540981595,0,0
-0.18658296763896942,0.8032220602035522,-2.7556345462799072,0.5177951556329707,0.5032234403224048,0,0
-0.18471193313598633,0.7984065413475037,-2.7314233779907227,0.5073433466994177,0.5008335214699446,0,0
-0.182613804936409,0.7938514947891235,-2.707183361053467,0.48748413272843877,0.5046464103181344,0,0
-0.18031200766563416,0.7895784378051758,-2.682835817337036,0.4952597364857183,0.5013128030909523,0,0
-0.17782728374004364,0.7856054902076721,-2.658341407775879,0.5095985440485417,0.49921347653890324,0,0
-0.17518092691898346,0.781947135925293,-2.633739709854126,0.5025029719131496,0.5026568565002593,0,0
-0.17239774763584137,0.7786148190498352,-2.609119176864624,0.491583964231039,0.5024489309365098,0,0
-0.16950739920139313,0.7756195664405823,-2.584561347961426,0.48198243140044794,0.5056987146031304,0,0
-0.16654342412948608,0.7729738354682922,-2.5601108074188232,0.5174340338614838,0.47928715546552286,0,0
-0.16354116797447205,0.7706891894340515,-2.5357089042663574,0.5120553073890484,0.5091411725174558,0,0
-0.1605355143547058,0.768772304058075,-2.5112431049346924,0.4916754155567275,0.5044865862185757,0,0
-0.15756039321422577,0.7672194838523865,-2.486721992492676,0.5179676374796249,0.500707614494036,0,0
-0.154650017619133,0.7660176157951355,-2.462277412414551,0.49760608599848566,0.4912921421927025,0,0
-0.15183793008327484,0.7651472091674805,-2.437969446182251,0.4977099890687431,0.5099749078487662,0,0
-0.1491546928882599,0.7645840644836426,-2.413783550262451,0.49942951261864055,0.5036340197930012,0,0
-0.14662638306617737,0.7643005847930908,-2.389730453491211,0.5151677143186814,0.4972622264666635,0,0
-0.14427495002746582,0.7642651200294495,-2.3658759593963623,0.5072348956875198,0.4959763325898495,0,0
-0.14211879670619965,0.764445424079895,-2.3422467708587646,0.4954912701351353,0.48736945522417224,0,0
-0.1401723474264145,0.7648105621337891,-2.3187925815582275,0.4956835891782923,0.5125619332529575,0,0
-0.1384454369544983,0.7653348445892334,-2.2954800128936768,0.5053947093657754,0.49291952866625743,0,0
-0.136943057179451,0.7659944891929626,-2.272320032119751,0.5029495526922415,0.5100801079927988,0,0
-0.13566511869430542,0.7667659521102905,-2.2493467330932617,0.492937317993137,0.5002823477979959,0,0
-0.13460643589496613,0.7676230072975159,-2.226618528366089,0.5076418781843894,0.5069352614841942,0,0
-0.13375674188137054,0.7685357332229614,-2.204211711883545,0.5035902852918329,0.48937761683776254,0,0
-0.1331007480621338,0.7694724798202515,-2.182161808013916,0.5114003375099968,0.5059960073272171,0,0
-0.1326196789741516,0.7704036235809326,-2.1603870391845703,0.49267197233753063,0.5061843426263064,0,0
-0.1322951316833496,0.7713071703910828,-2.1387691497802734,0.5165635877666891,0.4947167452239721,0,0
-0.13211175799369812,0.7721676826477051,-2.117292881011963,0.5008829318107257,0.49804803222031124,0,0
-0.13205663859844208,0.7729752659797668,-2.0960123538970947,0.4791368803663314,0.4949995424418492,0,0
-0.13211709260940552,0.7737231254577637,-2.074960947036743,0.4969196981587037,0.517892565441961,0,0
-0.13227902352809906,0.7744076251983643,-2.0541701316833496,0.4990291852994186,0.5031333296089395,0,0
-0.13252660632133484,0.7750276923179626,-2.0336480140686035,0.5057310994295421,0.4983656122807543,0,0
-0.1328425109386444,0.7755848169326782,-2.013397216796875,0.5125344407743629,0.5040350316858356,0,0
-0.1332089751958847,0.7760815024375916,-1.993424654006958,0.4841454961011526,0.4968133878515514,0,0
-0.13360866904258728,0.7765203714370728,-1.9737286567687988,0.5113355689497615,0.5035505154503557,0,0
-0.13402533531188965,0.7769034504890442,-1.954310655593872,0.4991406682792921,0.5168009956338802,0,0
-0.13444386422634125,0.7772322297096252,-1.9351874589920044,0.49328856165654517,0.4971925640503244,0,0
-0.13485080003738403,0.7775076627731323,-1.9163609743118286,0.4959684723779797,0.5081753472874171,0,0
-0.13523554801940918,0.777732253074646,-1.897827386856079,0.5025776174802916,0.49482584059374746,0,0
-0.13559073209762573,0.7779081463813782,-1.879589557647705,0.5146218312789537,0.47809476256577244,0,0
-0.13591144979000092,0.7780379056930542,-1.8616580963134766,0.5028920003767049,0.4937064744652739,0,0
-0.13619491457939148,0.7781244516372681,-1.8440351486206055,0.47336921232962625,0.5131556057453769,0,0
-0.13644012808799744,0.7781720757484436,-1.8267316818237305,0.49478953529250236,0.49715488696989474,0,0
-0.13664761185646057,0.778185248374939,-1.8097467422485352,0.5086982069882162,0.49769438163724494,0,0
-0.1368192583322525,0.7781692147254944,-1.793091058731079,0.5030647259683985,0.48286865080741576,0,0
-0.13695800304412842,0.7781288027763367,-1.7767605781555176,0.49665491816065643,0.5125071375066973,0,0
-0.13706710934638977,0.7780686616897583,-1.7607649564743042,0.49565000314224794,0.4795149347367445,0,0
-0.13714993000030518,0.7779930830001831,-1.7450999021530151,0.5070112996429449,0.5109278421172548,0,0
-0.137209951877594,0.777906060218811,-1.7297725677490234,0.48253808847669183,0.4923248985699226,0,0
-0.13725093007087708,0.7778108716011047,-1.7147834300994873,0.49020129994838146,0.4733225572719806,0,0
-0.13727636635303497,0.777710497379303,-1.7001302242279053,0.5132994052001498,0.5070140080702701,0,0
-0.13728928565979004,0.7776070237159729,-1.685821294784546,0.5100505601796459,0.5233616397113232,0,0
-0.13729234039783478,0.7775025963783264,-1.6718542575836182,0.4990280322176436,0.5023439863273452,0,0
-0.13728809356689453,0.7773987650871277,-1.6582294702529907,0.4981337212828606,0.5069494867781952,0,0
-0.1372787207365036,0.7772967219352722,-1.644946813583374,0.5051732426590981,0.5041622438312989,0,0
-0.1372659057378769,0.7771970629692078,-1.6320024728775024,0.5001640224906511,0.5137730273641903,0,0
-0.13725094497203827,0.7771008610725403,-1.6194044351577759,0.49416781633156676,0.5131548033375949,0,0
-0.13723497092723846,0.7770084142684937,-1.6071460247039795,0.5121279420526035,0.5048281987823338,0,0
-0.13721878826618195,0.7769202589988708,-1.5952281951904297,0.5012039873394407,0.4984690464563217,0,0
-0.13720294833183289,0.7768362760543823,-1.5836454629898071,0.4914396755616893,0.49283010606037747,0,0
-0.13718783855438232,0.7767568826675415,-1.572398066520691,0.4836928968357246,0.48808532873384386,0,0
-0.13717366755008698,0.7766818404197693,-1.5614858865737915,0.5022228750349558,0.5069133048409205,0,0
-0.1371605545282364,0.7766115665435791,-1.5509092807769775,0.5024794665230815,0.5026889593973394,0,0
-0.13714854419231415,0.776545524597168,-1.540662407875061,0.486325223431081,0.4963636797474785,0,0
-0.13713759183883667,0.776483952999115,-1.530745029449463,0.5061940397136421,0.5036190765026474,0,0
-0.1371276080608368,0.7764266133308411,-1.5211513042449951,0.48270864641914096,0.5032514983524575,0,0
-0.13711848855018616,0.7763732671737671,-1.5118755102157593,0.5164845198400103,0.4870412480467265,0,0
-0.1371101438999176,0.7763237953186035,-1.5029172897338867,0.49267604337380094,0.5127793152584187,0,0
-0.13710248470306396,0.7762779593467712,-1.494276523590088,0.5165731081853958,0.49351657387970577,0,0
-0.1370954066514969,0.7762355804443359,-1.4859473705291748,0.47078637145305835,0.5026420059360709,0,0
-0.137088805437088,0.7761966586112976,-1.4779237508773804,0.49382386515829296,0.49750180688929885,0,0
-0.13708265125751495,0.7761606574058533,-1.470199704170227,0.49905460902126286,0.5048407085966385,0,0
-0.13707681000232697,0.7761276364326477,-1.4627752304077148,0.5068347178444899,0.5060233607945464,0,0
-0.13707129657268524,0.7760974168777466,-1.4556442499160767,0.5047940732931683,0.5019827661776873,0,0
-0.1370658129453659,0.7760700583457947,-1.4488099813461304,0.4895225608052168,0.5261408482061161,0,0
-0.1370619833469391,0.7760431170463562,-1.4422639608383179,0.5043601085856829,0.4645097494249097,0,0
-0.1370636224746704,0.7760112285614014,-1.4360015392303467,0.48907657308485564,0.5115501461539659,0,0
-0.13707682490348816,0.775966227054596,-1.4299941062927246,0.4956263874929536,0.4736134522121278,0,0
-0.13711069524288177,0.7758975625038147,-1.42424738407135,0.5166052591787077,0.5037879714219151,0,0
-0.1371765285730362,0.775792121887207,-1.4187597036361694,0.5000567920595302,0.49623773890793244,0,0
-0.13728463649749756,0.7756351232528687,-1.4134793281555176,0.4994896899849477,0.507820108910927,0,0
-0.1374436765909195,0.775413990020752,-1.4083540439605713,0.498858487344309,0.4729478603858986,0,0
-0.1376623660326004,0.7751181125640869,-1.4034143686294556,0.504106523897054,0.5011535302216467,0,0
-0.13794949650764465,0.7747374773025513,-1.3986907005310059,0.49507756416262705,0.5079720592052483,0,0
-0.13831181824207306,0.7742622494697571,-1.394173264503479,0.5069172457272781,0.48423448425367105,0,0
-0.1387527883052826,0.7736834287643433,-1.3898422718048096,0.5109506945522637,0.5239574143807008,0,0
-0.1392737329006195,0.7729943990707397,-1.3856918811798096,0.5026273642526914,0.4981965466230558,0,0
-0.13987524807453156,0.7721904516220093,-1.3817297220230103,0.4957604502994032,0.4937612047856903,0,0
-0.14055763185024261,0.7712681293487549,-1.3779499530792236,0.5052000364173427,0.4963720510062622,0,0
-0.14132052659988403,0.7702247500419617,-1.37434983253479,0.4726055798993727,0.5018588764780512,0,0
-0.14216279983520508,0.7690591216087341,-1.3709206581115723,0.520357509138124,0.5082531311968388,0,0
-0.14308269321918488,0.7677716612815857,-1.367650032043457,0.4909783786253507,0.5075648727924461,0,0
-0.144077867269516,0.7663635611534119,-1.3645367622375488,0.5074282408945843,0.5065326820108164,0,0
-0.14514553546905518,0.7648383378982544,-1.3615728616714478,0.5019883356154257,0.5130612107181426,0,0
-0.1462825983762741,0.7631999850273132,-1.3587474822998047,0.5134582747333855,0.5107123010843304,0,0
-0.14748603105545044,0.7614536881446838,-1.3560481071472168,0.4947338336540875,0.5236359080226014,0,0
-0.1487528532743454,0.759604811668396,-1.3534626960754395,0.5008536595990389,0.5038653625323785,0,0
-0.15007992088794708,0.7576587200164795,-1.3509870767593384,0.49285326758519993,0.48616689628892024,0,0
-0.1514635682106018,0.755621075630188,-1.3486250638961792,0.49415438268187706,0.49403593393109846,0,0
-0.15289975702762604,0.7534979581832886,-1.3463799953460693,0.5009713207168254,0.520558883604628,0,0
-0.15438462793827057,0.751295268535614,-1.344239354133606,0.49505672508567267,0.4930750057277774,0,0
-0.15591458976268768,0.7490192651748657,-1.342192530632019,0.5163012820171945,0.4994443461414965,0,0
-0.15748648345470428,0.7466756701469421,-1.340224027633667,0.502360387741614,0.5143653114654435,0,0
-0.15909704566001892,0.7442691922187805,-1.3383328914642334,0.5043530041417322,0.5052970251472324,0,0
-0.16074280440807343,0.7418044209480286,-1.3365286588668823,0.4840121097210473,0.503546887211115,0,0
-0.1624201238155365,0.7392857670783997,-1.3348153829574585,0.4862509647831263,0.49985405766467383,0,0
-0.1641256958246231,0.7367174625396729,-1.3331818580627441,0.48438751012406384,0.48636207273049703,0,0
-0.16585673391819,0.7341039776802063,-1.3316158056259155,0.4998249675171568,0.4958861022428963,0,0
-0.16761092841625214,0.7314490675926208,-1.3301113843917847,0.4717928592520706,0.5001655655310842,0,0
-0.169386088848114,0.7287556529045105,-1.3286688327789307,0.48750275276752203,0.5006634396568073,0,0
-0.1711798906326294,0.7260265946388245,-1.3272883892059326,0.49562430895394805,0.4977589480636745,0,0
-0.17298994958400726,0.7232643365859985,-1.325974941253662,0.5090656860719845,0.49932595784575395,0,0
-0.17481407523155212,0.7204713821411133,-1.3247239589691162,0.4989351937115418,0.5070456711211571,0,0
-0.17665033042430878,0.7176504731178284,-1.3235290050506592,0.494257635494546,0.48746857978610325,0,0
-0.17849719524383545,0.7148038148880005,-1.3223825693130493,0.497034396905013,0.49304327398419506,0,0
-0.18035337328910828,0.7119335532188416,-1.3212859630584717,0.4991856023185237,0.5022856700475155,0,0
-0.18221768736839294,0.7090412974357605,-1.3202353715896606,0.49973341530656673,0.4988967643531194,0,0
-0.18408869206905365,0.7061284780502319,-1.31923508644104,0.501250180492394,0.49829726100301625,0,0
-0.18596510589122772,0.7031964063644409,-1.318278193473816,0.49887747402188776,0.5012636774101555,0,0
-0.18784569203853607,0.7002466320991516,-1.3173656463623047,0.4841479333886735,0.46786349782151987,0,0
-0.1897294819355011,0.6972805261611938,-1.3164935111999512,0.4885378319877861,0.49946319234964126,0,0
-0.19161565601825714,0.6942993402481079,-1.3156580924987793,0.4896528180099445,0.492944853544157,0,0
-0.19350378215312958,0.691304087638855,-1.3148590326309204,0.5107410644116579,0.49982718868448667,0,0
-0.19539333879947662,0.6882957220077515,-1.3140990734100342,0.5024417417657351,0.4915749536252394,0,0
-0.1972837746143341,0.6852751970291138,-1.3133721351623535,0.49011964396472274,0.49560141637434696,0,0
-0.1991744339466095,0.6822431683540344,-1.3126801252365112,0.4918050166856645,0.497190372553477,0,0
-0.20106486976146698,0.6792004108428955,-1.3120155334472656,0.500359947511363,0.511957969065839,0,0
-0.20295460522174835,0.6761478781700134,-1.3113867044448853,0.5144581466574464,0.5170269487571015,0,0
-0.20484328269958496,0.6730862855911255,-1.3107848167419434,0.5196020151135365,0.48183108979268174,0,0
-0.20673073828220367,0.6700162291526794,-1.3102073669433594,0.4926564405703907,0.5083039952682494,0,0
-0.20861680805683136,0.6669384241104126,-1.309656023979187,0.49684206171573164,0.5017675607578679,0,0
-0.21050134301185608,0.663853108882904,-1.309128761291504,0.5274409966476051,0.5048589949477887,0,0
-0.2123841941356659,0.6607608795166016,-1.3086278438568115,0.49260587964783964,0.5093984373957285,0,0
-0.2142651230096817,0.6576622128486633,-1.3081440925598145,0.5078156085960671,0.510453756173088,0,0
-0.21614399552345276,0.654557466506958,-1.3076837062835693,0.5077197743043792,0.5040145741416467,0,0
-0.2180207371711731,0.6514472365379333,-1.3072452545166016,0.48761164793829065,0.5070728270859791,0,0
-0.21989522874355316,0.6483318209648132,-1.3068268299102783,0.4854284253317815,0.4946517783332203,0,0
-0.22176750004291534,0.6452116966247559,-1.3064255714416504,0.50537253789298,0.5203611051169666,0,0
-0.22363758087158203,0.6420871019363403,-1.3060417175292969,0.4872473022976865,0.5094645486254491,0,0
-0.22550542652606964,0.638958215713501,-1.305673599243164,0.5123114318787899,0.4956238222929087,0,0
-0.22737106680870056,0.6358253955841064,-1.3053245544433594,0.4686713757036708,0.4980607752485809,0,0
-0.22923444211483002,0.6326888799667358,-1.3049945831298828,0.5088970630955898,0.48956300326973445,0,0
-0.2310955673456192,0.6295489072799683,-1.3046767711639404,0.5179569294652729,0.5033293722307669,0,0
-0.23295444250106812,0.626405656337738,-1.304375410079956,0.4921122583766858,0.48737684348835103,0,0
-0.23481108248233795,0.6232594847679138,-1.3040846586227417,0.5079193980199798,0.48960335478362305,0,0
-0.23666557669639587,0.6201105117797852,-1.3038051128387451,0.49405970619002004,0.4900831243217347,0,0
-0.23851794004440308,0.6169589757919312,-1.303542971611023,0.5264432526181623,0.4877598663872007,0,0
-0.24036824703216553,0.6138049960136414,-1.3032928705215454,0.5179165834032033,0.49433807623413706,0,0
-0.24221660196781158,0.6106485724449158,-1.3030498027801514,0.49758965198348487,0.5000983490355574,0,0
-0.24406293034553528,0.6074900031089783,-1.302818775177002,0.4757410990116331,0.5062571900851208,0,0
-0.24590735137462616,0.604329526424408,-1.3025991916656494,0.5014299191165265,0.4898394598737625,0,0
-0.24774987995624542,0.6011670827865601,-1.302391767501831,0.49842458251069616,0.5014806791092539,0,0
-0.24959053099155426,0.5980027914047241,-1.3021904230117798,0.48391822421099473,0.4903880195383698,0,0
-0.2514294385910034,0.594836950302124,-1.3020009994506836,0.4987455104002208,0.5053503808278625,0,0
-0.25326669216156006,0.591669499874115,-1.3018161058425903,0.5038958158091456,0.4946655456534951,0,0
-0.2551023066043854,0.588500440120697,-1.301642656326294,0.4942213490342721,0.4928292319760114,0,0
-0.25693631172180176,0.5853301286697388,-1.3014758825302124,0.504185061425394,0.510379743019183,0,0
-0.25876879692077637,0.5821583867073059,-1.3013144731521606,0.5073134992301555,0.4967478440584895,0,0
-0.2605997920036316,0.5789854526519775,-1.3011651039123535,0.4914549022721601,0.5153321699684801,0,0
-0.2624293565750122,0.5758113265037537,-1.3010237216949463,0.4874047138378329,0.5026881133585371,0,0
-0.2642575800418854,0.5726361274719238,-1.3008865118026733,0.5010957996963548,0.49564655998679846,0,0
-0.2660844326019287,0.5694599151611328,-1.3007563352584839,0.4961670997335308,0.4913174151160243,0,0
-0.26791003346443176,0.5662828087806702,-1.3006303310394287,0.4991961323868323,0.4943506366363495,0,0
-0.2697344124317169,0.5631048679351807,-1.3005106449127197,0.49593193659053125,0.5009951463210716,0,0
-0.27155765891075134,0.5599259734153748,-1.3003968000411987,0.49880124386228414,0.49197224473177703,0,0
-0.27337971329689026,0.5567461848258972,-1.3002893924713135,0.48014682011396687,0.5002507342246971,0,0
-0.27520063519477844,0.5535656809806824,-1.3001816272735596,0.4930430164891464,0.4842398429178884,0,0
-0.27702054381370544,0.5503844022750854,-1.3000810146331787,0.4969713198562416,0.5099271787822048,0,0
-0.27883943915367126,0.5472025871276855,-1.299985408782959,0.5129022793585869,0.5007828796094843,0,0
-0.28065741062164307,0.5440199971199036,-1.299896001815796,0.49592475733954755,0.4975570713195626,0,0
-0.28247448801994324,0.5408369302749634,-1.2998065948486328,0.4925995125183573,0.5004665917400243,0,0
-0.2842906713485718,0.5376532673835754,-1.2997225522994995,0.4926489685309494,0.5028084345748443,0,0
-0.28610605001449585,0.5344690084457397,-1.2996443510055542,0.5005745441950674,0.4927494544571266,0,0
-0.28792059421539307,0.5312843322753906,-1.2995669841766357,0.514247004485833,0.5030436832342545,0,0
-0.2897343635559082,0.5280990600585938,-1.299494981765747,0.5144580183882239,0.48496297854080883,0,0
-0.29154738783836365,0.5249133706092834,-1.299428939819336,0.494072442762796,0.5047919659220698,0,0
-0.29335978627204895,0.5217272639274597,-1.299363136291504,0.500918362705312,0.5241654805961207,0,0
-0.29517149925231934,0.5185407400131226,-1.2993032932281494,0.48479633215516127,0.48740470896832966,0,0
-0.2969824969768524,0.5153538584709167,-1.299243450164795,0.5073522351239662,0.49779223943213946,0,0
-0.29879292845726013,0.5121665596961975,-1.2991904020309448,0.504230811456339,0.5080680214247564,0,0
-0.3006027638912201,0.5089789032936096,-1.2991373538970947,0.5156947027039457,0.5036081320697701,0,0
-0.3024120032787323,0.5057910084724426,-1.2990845441818237,0.48515692184196574,0.4780821977121197,0,0
-0.3042207360267639,0.5026026368141174,-1.2990368604660034,0.5000684882631203,0.4981204670848981,0,0
-0.30602893233299255,0.49941399693489075,-1.2989890575408936,0.5037892195240836,0.47969341756010736,0,0
-0.3078366816043854,0.4962250888347626,-1.2989472150802612,0.5143854734685307,0.5002506550711537,0,0
-0.3096439242362976,0.4930359423160553,-1.298905611038208,0.4996267199554612,0.4948411332554385,0,0
-0.3114507496356964,0.48984652757644653,-1.2988641262054443,0.4854052184999977,0.49220117358034426,0,0
-0.3132571280002594,0.48665687441825867,-1.298828363418579,0.5070000927870504,0.5032106021546321,0,0
-0.31506311893463135,0.4834670424461365,-1.298792839050293,0.5006352109098632,0.5052513433505084,0,0
-0.31686869263648987,0.4802769124507904,-1.2987573146820068,0.5050161142208686,0.5154027158173572,0,0
-0.31867390871047974,0.4770866334438324,-1.2987217903137207,0.5074186949362339,0.4883206938373682,0,0
-0.32047876715660095,0.4738961458206177,-1.2986931800842285,0.4909100576832887,0.47862072066798095,0,0
-0.3222832977771759,0.47070547938346863,-1.2986643314361572,0.5133174766405963,0.4975770486083534,0,0
-0.3240874707698822,0.46751460433006287,-1.2986358404159546,0.5067161617840538,0.4811561759348437,0,0
-0.325891375541687,0.46432361006736755,-1.2986071109771729,0.4994473226236608,0.4946589464743398,0,0
-0.32769498229026794,0.4611324071884155,-1.2985827922821045,0.5037557893043041,0.5000338729944548,0,0
-0.3294983506202698,0.45794111490249634,-1.2985585927963257,0.48647063516237504,0.5071247529507967,0,0
-0.33130139112472534,0.45474961400032043,-1.2985341548919678,0.48260759759752253,0.5164340205901592,0,0
-0.3331041634082794,0.45155805349349976,-1.298509955406189,0.5050240922506286,0.5061783863746746,0,0
-0.3349067270755768,0.44836631417274475,-1.2984857559204102,0.49550952634980805,0.5158946072989593,0,0
-0.33670908212661743,0.44517451524734497,-1.2984683513641357,0.4942421166506974,0.49308303768024236,0,0
-0.3385111689567566,0.44198259711265564,-1.2984509468078613,0.5038636210225736,0.4980867702789267,0,0
-0.3403130769729614,0.4387904703617096,-1.2984336614608765,0.4908970953922625,0.5051151375239675,0,0
-0.34211480617523193,0.4355981945991516,-1.2984163761138916,0.5079699305619624,0.5080778529354889,0,0
-0.3439163565635681,0.43240588903427124,-1.2983989715576172,0.5260370629006785,0.49891719280595087,0,0
-0.3457176685333252,0.4292134642601013,-1.2983815670013428,0.4969354692000592,0.5351953122131239,0,0
-0.3475188612937927,0.426021009683609,-1.2983691692352295,0.4891829125216632,0.500031277526872,0,0
-0.34931984543800354,0.4228283762931824,-1.2983571290969849,0.4883945914005126,0.4793054290314627,0,0
-0.3511207401752472,0.41963574290275574,-1.2983450889587402,0.49004584449008315,0.507749891956396,0,0
-0.3529214560985565,0.4164429306983948,-1.298332929611206,0.5140314720294075,0.5058371234769059,0,0
-0.3547220528125763,0.4132501482963562,-1.2983207702636719,0.4970477945257223,0.4983193872203075,0,0
-0.35652247071266174,0.41005727648735046,-1.2983084917068481,0.4950512869751165,0.504704123298097,0,0
-0.35832276940345764,0.40686431527137756,-1.298296332359314,0.5181041019327759,0.5117819588539637,0,0
-0.3601229190826416,0.40367135405540466,-1.2982842922210693,0.5050268217388966,0.4943650270957175,0,0
-0.361922949552536,0.40047821402549744,-1.2982721328735352,0.5082337335250442,0.5037919276484979,0,0
-0.3637228012084961,0.39728501439094543,-1.298266887664795,0.5148086112044022,0.4994653136985104,0,0
-0.3655226528644562,0.3940918445587158,-1.2982616424560547,0.5079095929447675,0.5023035502242549,0,0
-0.3673223853111267,0.39089855551719666,-1.2982563972473145,0.4944844339652973,0.4962486165536521,0,0
-0.3691220283508301,0.38770532608032227,-1.2982512712478638,0.5239555284265841,0.492122546422736,0,0
-0.3709215223789215,0.38451194763183594,-1.2982460260391235,0.5008880454200061,0.5011450673994161,0,0
-0.37272098660469055,0.381318598985672,-1.2982409000396729,0.5187631814788469,0.5140595245404959,0,0
-0.37452036142349243,0.3781251609325409,-1.2982356548309326,0.49189631726575556,0.4911731359289148,0,0
-0.37631961703300476,0.37493157386779785,-1.2982302904129028,0.49984074454710214,0.5255747618909926,0,0
-0.3781188428401947,0.37173810601234436,-1.2982252836227417,0.48362227654247913,0.4959009081628939,0,0
-0.3799179792404175,0.3685445785522461,-1.2982200384140015,0.4899410349053997,0.5015982897230942,0,0
-0.38171708583831787,0.36535102128982544,-1.2982147932052612,0.49977875406522076,0.5039485429348141,0,0
-0.3835160732269287,0.36215740442276,-1.298209547996521,0.49245245707582286,0.5195213396204392,0,0
-0.38531506061553955,0.3589637577533722,-1.2982044219970703,0.48625525669117264,0.49313785692045536,0,0
-0.38711386919021606,0.355770081281662,-1.29819917678833,0.486681049629404,0.48292467182597104,0,0
-0.3889126479625702,0.352576345205307,-1.2981940507888794,0.5098634334438538,0.48838104419775036,0,0
-0.39071139693260193,0.349382609128952,-1.2981886863708496,0.4932723075287392,0.4923016238713387,0,0
-0.3925101161003113,0.34618887305259705,-1.2981886863708496,0.5061976389082798,0.4884321152442844,0,0
-0.394308865070343,0.3429950773715973,-1.2981886863708496,0.4868490981364101,0.48736038184686453,0,0
-0.39610743522644043,0.33980128169059753,-1.2981886863708496,0.4988929970611975,0.5027380324260793,0,0
-0.39790597558021545,0.336607426404953,-1.2981886863708496,0.5015790449103321,0.5018979984505301,0,0
-0.3997044563293457,0.33341360092163086,-1.2981886863708496,0.5043062531559594,0.48686341019777507,0,0
-0.40150296688079834,0.33021971583366394,-1.2981886863708496,0.5181168258439108,0.49870281720418763,0,0
-0.40330150723457336,0.32702580094337463,-1.2981886863708496,0.49144957488072183,0.5009458928731224,0,0
-0.4050999879837036,0.3238318860530853,-1.2981886863708496,0.5029814050156296,0.5033863996350971,0,0
-0.4068983495235443,0.32063794136047363,-1.2981886863708496,0.4979649367993895,0.502961410786653,0,0
-0.40869665145874023,0.31744396686553955,-1.2981886863708496,0.5070419972648085,0.5051912892661129,0,0
-0.41049492359161377,0.31424999237060547,-1.2981886863708496,0.4799211108714331,0.49592620426163925,0,0
-0.4122931659221649,0.3110560178756714,-1.2981886863708496,0.48944190224475037,0.5192950077892439,0,0
-0.41409140825271606,0.30786198377609253,-1.2981886863708496,0.5095829322045217,0.5061966777723919,0,0
-0.41588953137397766,0.3046679198741913,-1.2981886863708496,0.48549480637044323,0.5040509421747766,0,0
-0.41768765449523926,0.30147385597229004,-1.2981886863708496,0.5015808317182987,0.4924910956096155,0,0
-0.4194857180118561,0.298279732465744,-1.2981886863708496,0.5014472817865624,0.5067482655279557,0,0
-0.4212838113307953,0.2950856685638428,-1.2981886863708496,0.4864204977996004,0.5067454819663874,0,0
-0.4230818450450897,0.29189157485961914,-1.2981886863708496,0.4810392870486101,0.503064008528624,0,0
-0.4248797595500946,0.28869742155075073,-1.2981886863708496,0.49146536186445067,0.49063008635444083,0,0
-0.4266776740550995,0.28550320863723755,-1.2981886863708496,0.5061262146859137,0.49943142640112936,0,0
-0.4284755289554596,0.28230902552604675,-1.2981886863708496,0.5068381030546251,0.5135623630985178,0,0
-0.4302733540534973,0.27911481261253357,-1.2981886863708496,0.4937413161432559,0.5110513245624297,0,0
-0.43207108974456787,0.2759205400943756,-1.2981886863708496,0.49885856665554856,0.5061013980218829,0,0
-0.4338688254356384,0.27272629737854004,-1.2981886863708496,0.4989743039526464,0.5036833852925373,0,0
-0.4356665313243866,0.2695320248603821,-1.2981886863708496,0.4945554939472084,0.5018304831648048,0,0
-0.43746417760849,0.2663377523422241,-1.2981886863708496,0.4995977830441938,0.5042156150100893,0,0
-0.439261794090271,0.2631434500217438,-1.2981886863708496,0.5070128169124046,0.4995989309357703,0,0
-0.4410594701766968,0.25994911789894104,-1.2981886863708496,0.4943944139251862,0.4960789617237907,0,0
-0.4428570866584778,0.2567547857761383,-1.2981886863708496,0.5030583228811643,0.5069605613199708,0,0
-0.444654643535614,0.2535604238510132,-1.2981886863708496,0.4969953808193116,0.5004282009511782,0,0
-0.4464521110057831,0.2503660321235657,-1.2981886863708496,0.4975936803653244,0.4951870612856135,0,0
-0.4482495188713074,0.24717165529727936,-1.2981886863708496,0.505060723203357,0.48615092090438,0,0
-0.45004695653915405,0.24397721886634827,-1.2981886863708496,0.491026912890503,0.5029719034351883,0,0
-0.4518444836139679,0.24078276753425598,-1.2981886863708496,0.49555109876340003,0.4947543740336643,0,0
-0.4536418616771698,0.2375883311033249,-1.2981886863708496,0.5140487250017844,0.4966939888486218,0,0
-0.45543918013572693,0.23439384996891022,-1.2981886863708496,0.5070219642159418,0.5016922642488794,0,0
-0.4572363793849945,0.23119939863681793,-1.2981886863708496,0.5010976871445748,0.5075508377456248,0,0
-0.45903363823890686,0.22800487279891968,-1.2981886863708496,0.4899056491609642,0.49155740764174355,0,0
-0.4608308672904968,0.22481030225753784,-1.2981886863708496,0.49643913438356774,0.4941436313862627,0,0
-0.46262794733047485,0.2216157764196396,-1.2981886863708496,0.48386503737867154,0.5009675774785867,0,0
-0.4644249975681305,0.21842120587825775,-1.2981886863708496,0.5045365780304771,0.5127700234546674,0,0
-0.46622219681739807,0.21522660553455353,-1.2981886863708496,0.5047842283736149,0.49960868414040105,0,0
-0.4680192172527313,0.21203197538852692,-1.2981886863708496,0.49190296188835947,0.5005159045652439,0,0
-0.4698161482810974,0.2088373452425003,-1.2981886863708496,0.4988081017649756,0.48260992419360926,0,0
-0.47161319851875305,0.2056426852941513,-1.2981886863708496,0.5022619093623956,0.49810838232590204,0,0
-0.47341009974479675,0.2024480253458023,-1.2981886863708496,0.46907293625378865,0.47451231238719044,0,0
-0.4752069115638733,0.19925333559513092,-1.2981886863708496,0.5009043038637918,0.4832137998147883,0,0
-0.47700387239456177,0.19605863094329834,-1.2981886863708496,0.49480809408171683,0.517127289394669,0,0
-0.47880062460899353,0.19286388158798218,-1.2981886863708496,0.4970686886970367,0.500040182938058,0,0
-0.4805974066257477,0.1896691620349884,-1.2981886863708496,0.49629947222970405,0.5058210279356423,0,0
-0.4823942184448242,0.18647439777851105,-1.2981886863708496,0.49722257439372836,0.4923175306597796,0,0
-0.4841909110546112,0.1832796186208725,-1.2981886863708496,0.48396197822901205,0.506728957324994,0,0
-0.48598769307136536,0.18008482456207275,-1.2981886863708496,0.4878423117653644,0.5013345244152455,0,0
-0.4877842962741852,0.176890030503273,-1.2981886863708496,0.4986758716237215,0.502496480001042,0,0
-0.489580899477005,0.17369519174098969,-1.2981886863708496,0.5138197071833792,0.5146438366980227,0,0
-0.49137747287750244,0.17050035297870636,-1.2981886863708496,0.5157264799793614,0.4858370388198179,0,0
-0.4931739568710327,0.16730549931526184,-1.2981886863708496,0.4991795062062431,0.5084471411177832,0,0
-0.49497053027153015,0.16411063075065613,-1.2981886863708496,0.5032984983466455,0.4968115344500654,0,0
-0.4967670142650604,0.16091573238372803,-1.2981886863708496,0.4991527083841412,0.49641116979993277,0,0
-0.4985635280609131,0.15772081911563873,-1.2981886863708496,0.4912508175379044,0.5051908735998268,0,0
-0.500359833240509,0.15452589094638824,-1.2981886863708496,0.5126273978666415,0.48858722083095085,0,0
-0.5021563172340393,0.15133094787597656,-1.2981886863708496,0.4827862206556213,0.5001275329744133,0,0
-0.5039525628089905,0.1481359899044037,-1.2981886863708496,0.5127990103471102,0.47768770771598223,0,0
-0.5057488679885864,0.14494101703166962,-1.2981886863708496,0.5106663080635557,0.49881142966800857,0,0
-0.5075450539588928,0.14174604415893555,-1.2981886863708496,0.5032004706563354,0.5007540365353441,0,0
-0.5093412399291992,0.1385510265827179,-1.2981886863708496,0.48847792725028627,0.4926469286754395,0,0
-0.5111374855041504,0.13535599410533905,-1.2981886863708496,0.4993454407382661,0.5036379542343349,0,0
-0.5129335522651672,0.132160946726799,-1.2981886863708496,0.5105645341661121,0.5089935249112665,0,0
-0.5147296786308289,0.12896588444709778,-1.2981886863708496,0.5081073553273389,0.49020875061062913,0,0
-0.5165257453918457,0.12577080726623535,-1.2981886863708496,0.49160850350215085,0.514649815725729,0,0
-0.5183218121528625,0.12257572263479233,-1.2981886863708496,0.5081598269578431,0.494833618877136,0,0
-0.5201178789138794,0.11938061565160751,-1.2981886863708496,0.4957975834481824,0.509825685754071,0,0
-0.5219137668609619,0.11618547886610031,-1.2981886863708496,0.49318204917261066,0.49756018098916094,0,0
-0.523709774017334,0.11299033463001251,-1.2981886863708496,0.4824014724126149,0.5069387401715639,0,0
-0.525505781173706,0.10979517549276352,-1.2981886863708496,0.4972997530079176,0.48793726637142587,0,0
-0.527301549911499,0.10659998655319214,-1.2981886863708496,0.5039142382114534,0.5070150349409822,0,0
-0.5290974974632263,0.10340480506420135,-1.2981886863708496,0.5116199135332647,0.5106382888246186,0,0
-0.5308933258056641,0.10020960867404938,-1.2981886863708496,0.5069492990453796,0.5075957284213932,0,0
-0.5326890349388123,0.09701436758041382,-1.2981886863708496,0.49632376304093134,0.5142691129170704,0,0
-0.5344848036766052,0.09381913393735886,-1.2981886863708496,0.5040180331017501,0.506663013606267,0,0
-0.5362806916236877,0.09062391519546509,-1.2981886863708496,0.5015897522834497,0.5071121239011229,0,0
-0.5380764007568359,0.08742869645357132,-1.2981886863708496,0.49268542049122066,0.5031569456052687,0,0
-0.5398722887039185,0.08423347771167755,-1.2981886863708496,0.5171279427782659,0.4855897351094276,0,0
-0.541668176651001,0.08103828132152557,-1.2981886863708496,0.5002250919154692,0.4891733199833617,0,0
-0.543463945388794,0.0778430923819542,-1.2981886863708496,0.4968350223799598,0.48571039092736235,0,0
-0.5452597737312317,0.07464788854122162,-1.2981886863708496,0.49076642769520795,0.5025371568440563,0,0
-0.547055721282959,0.07145269215106964,-1.2981886863708496,0.5039188655919662,0.500396913358048,0,0
-0.548851490020752,0.06825751811265945,-1.2981886863708496,0.5034542821483227,0.48827623274326093,0,0
-0.5506474375724792,0.06506232917308807,-1.2981886863708496,0.48528585013235565,0.4863315679347569,0,0
-0.5524433851242065,0.061867158859968185,-1.2981886863708496,0.4964221698479783,0.4963337244104298,0,0
-0.5542390942573547,0.058671995997428894,-1.2981886863708496,0.4907689192800149,0.5036969217930375,0,0
-0.556035041809082,0.055476829409599304,-1.2981886863708496,0.5023777378602927,0.49970012130495256,0,0
-0.5578310489654541,0.05228167399764061,-1.2981886863708496,0.49521321481266034,0.5125852247359036,0,0
-0.5596268773078918,0.04908652603626251,-1.2981886863708496,0.5010107861906806,0.4991559889054155,0,0
-0.5614228248596191,0.04589138180017471,-1.2981886863708496,0.5060533986411976,0.5012107209389375,0,0
-0.5632187724113464,0.04269624128937721,-1.2981886863708496,0.511342678657997,0.5083578705873624,0,0
-0.565014660358429,0.03950110822916031,-1.2981886863708496,0.5190145998773494,0.4909791423071108,0,0
-0.566810667514801,0.03630596771836281,-1.2981886863708496,0.5212103707496182,0.4852643074844968,0,0
-0.5686066150665283,0.0331108383834362,-1.2981886863708496,0.4778440478580457,0.5001742744436397,0,0
-0.5704026222229004,0.029915720224380493,-1.2981886863708496,0.4855306954684277,0.4922573204346234,0,0
-0.5721986293792725,0.026720605790615082,-1.2981886863708496,0.5037689050549194,0.5020980681719147,0,0
-0.5739945769309998,0.02352549321949482,-1.2981886863708496,0.49998861866105687,0.5068418287610543,0,0
-0.5757905840873718,0.020330388098955154,-1.2981886863708496,0.5110632677177035,0.5087584317002264,0,0
-0.5775866508483887,0.017135288566350937,-1.2981886863708496,0.49887427883071245,0.49072239946440244,0,0
-0.579382598400116,0.013940194621682167,-1.2981886863708496,0.4946328031653675,0.49451759004381524,0,0
-0.5811786651611328,0.010745103470981121,-1.2981886863708496,0.4966549131490035,0.5171274182661679,0,0
-0.5829747915267944,0.007550019305199385,-1.2981886863708496,0.4943844374388942,0.49707375921149166,0,0
-0.5847708582878113,0.0043549383990466595,-1.2981886863708496,0.5054366681241677,0.49404777803499156,0,0
-0.5865669846534729,0.0011598645942285657,-1.2981886863708496,0.5041783373959721,0.4913449557657039,0,0
-0.5883629322052002,-0.0020352047868072987,-1.2981886863708496,0.5038282496985722,0.49617803940232813,0,0
-0.590158998966217,-0.005230270326137543,-1.2981886863708496,0.5185558427455329,0.5070250574237394,0,0
-0.5919550657272339,-0.008425328880548477,-1.2981886863708496,0.4794492852202193,0.5084126074651851,0,0
-0.5937511920928955,-0.011620383709669113,-1.2981886863708496,0.49666034185744856,0.49400436913456985,0,0
-0.5955473780632019,-0.014815431088209152,-1.2981886863708496,0.4893548114222302,0.5140850832813046,0,0
-0.597343385219574,-0.01801048032939434,-1.2981886863708496,0.4760259374720456,0.4930743926845033,0,0
-0.5991395711898804,-0.021205520257353783,-1.2981886863708496,0.4885389733477697,0.49662286834937974,0,0
-0.600935697555542,-0.024400558322668076,-1.2981886863708496,0.4854711052934789,0.5049610265285795,0,0
-0.6027318239212036,-0.027595587074756622,-1.2981886863708496,0.4911744168852016,0.5176194049318164,0,0
-0.60452800989151,-0.03079061210155487,-1.2981886863708496,0.4963562029664564,0.49591306161834536,0,0
-0.6063240170478821,-0.03398562967777252,-1.2981886863708496,0.5127909435812873,0.4942323210314587,0,0
-0.6081202626228333,-0.03718064725399017,-1.2981886863708496,0.5087607426368436,0.5194655789438452,0,0
-0.6099163889884949,-0.04037565365433693,-1.2981886863708496,0.4930560770465794,0.49637632480586497,0,0
-0.6117125749588013,-0.043570660054683685,-1.2981886863708496,0.49283075322902586,0.4937249721146257,0,0
-0.6135088205337524,-0.046765659004449844,-1.2981886863708496,0.4773989551227086,0.5002126694149763,0,0
-0.6153049468994141,-0.049960654228925705,-1.2981886863708496,0.4764447490729843,0.5083788430157745,0,0
-0.6171011924743652,-0.05315565690398216,-1.2981886863708496,0.49606895565204134,0.49804685696284334,0,0
-0.6188972592353821,-0.05635064095258713,-1.2981886863708496,0.506866947646397,0.48506715676487294,0,0
-0.6206935048103333,-0.059545621275901794,-1.2981886863708496,0.5079136116185515,0.5020934281923425,0,0
-0.6224897503852844,-0.06274060159921646,-1.2981886863708496,0.49024011212986435,0.4980362584256463,0,0
-0.6242859959602356,-0.06593556702136993,-1.2981886863708496,0.5056886148518368,0.5127604318529171,0,0
-0.6260822415351868,-0.06913053244352341,-1.2981886863708496,0.502749542355219,0.505145773836817,0,0
-0.6278784871101379,-0.07232549786567688,-1.2981886863708496,0.5022059408566633,0.5219747074036919,0,0
-0.6296747326850891,-0.07552046328783035,-1.2981886863708496,0.49151656615318773,0.4949070392658284,0,0
-0.6314709186553955,-0.07871542125940323,-1.2981886863708496,0.503744543175044,0.49429812052529093,0,0
-0.6332672238349915,-0.0819103792309761,-1.2981886863708496,0.47741582253939724,0.5062981237100377,0,0
-0.6350634694099426,-0.08510532230138779,-1.2981886863708496,0.5105839771819932,0.48091290325523045,0,0
-0.6368598341941833,-0.08830026537179947,-1.2981886863708496,0.49670335576686697,0.4857714517891274,0,0
-0.6386560797691345,-0.09149520099163055,-1.2981886863708496,0.49417562517732666,0.4946955201749308,0,0
-0.64045250415802,-0.09469014406204224,-1.2981886863708496,0.504092880541622,0.49226653609637094,0,0
-0.6422486901283264,-0.09788506478071213,-1.2981886863708496,0.5039049873504429,0.5190615013650212,0,0
-0.6440450549125671,-0.10108000040054321,-1.2981886863708496,0.5030554730530132,0.5115559364031724,0,0
-0.6458412408828735,-0.10427491366863251,-1.2981886863708496,0.49387555338643147,0.4958712045823446,0,0
-0.647637665271759,-0.1074698343873024,-1.2981886863708496,0.5064547008947318,0.4762466535976898,0,0
-0.649433970451355,-0.1106647476553917,-1.2981886863708496,0.5000279794143342,0.49768594509255976,0,0
-0.6512303948402405,-0.11385966092348099,-1.2981886863708496,0.49824305724146456,0.5055174110916175,0,0
-0.6530267000198364,-0.11705455929040909,-1.2981886863708496,0.5136194656980606,0.49210410033865515,0,0
-0.6548230648040771,-0.12024946510791779,-1.2981886863708496,0.5198688212588523,0.5077426590418624,0,0
-0.6566194295883179,-0.12344436347484589,-1.2981886863708496,0.49541658680822326,0.49500126803749805,0,0
-0.6584157943725586,-0.1266392469406128,-1.2981886863708496,0.49350527946970824,0.5012295946803758,0,0
-0.6602122187614441,-0.1298341304063797,-1.2981886863708496,0.5037734694641383,0.49889170813016726,0,0
-0.6620086431503296,-0.1330290138721466,-1.2981886863708496,0.498168174606254,0.5035026206650679,0,0
-0.6638050675392151,-0.1362239122390747,-1.2981886863708496,0.49106489968077593,0.5070686983710749,0,0
-0.6656015515327454,-0.1394187957048416,-1.2981886863708496,0.49054711086641983,0.4731262175545441,0,0
-0.6673979759216309,-0.14261366426944733,-1.2981886863708496,0.488188419846611,0.4940640027500955,0,0
-0.6691944003105164,-0.14580853283405304,-1.2981886863708496,0.5154953178535876,0.5236552780872903,0,0
-0.6709908246994019,-0.14900338649749756,-1.2981886863708496,0.5034040516906232,0.4849654862987315,0,0
-0.6727872490882874,-0.15219824016094208,-1.2981886863708496,0.5121283543809939,0.5137990461300354,0,0
-0.6745836734771729,-0.1553930938243866,-1.2981886863708496,0.5084715536245373,0.4935803395528511,0,0
-0.6763802170753479,-0.15858794748783112,-1.2981886863708496,0.5009040986637977,0.5052073762563011,0,0
-0.6781766414642334,-0.16178278625011444,-1.2981886863708496,0.5063874091768683,0.5020923850482049,0,0
-0.6799731850624084,-0.16497762501239777,-1.2981886863708496,0.48252080258561475,0.5159068719974493,0,0
-0.681769609451294,-0.1681724637746811,-1.2981886863708496,0.4970853667958939,0.49493694027129737,0,0
-0.6835660934448242,-0.17136730253696442,-1.2981886863708496,0.4995764918535742,0.4996985956311406,0,0
-0.6853624582290649,-0.17456212639808655,-1.2981886863708496,0.48951736665764023,0.5074680470699284,0,0
-0.68715900182724,-0.17775695025920868,-1.2981886863708496,0.49917878271594845,0.5078817785147675,0,0
-0.6889554858207703,-0.1809518039226532,-1.2981886863708496,0.49632093586553505,0.5014267902639677,0,0
-0.6907520890235901,-0.18414661288261414,-1.2981886863708496,0.4939044203580649,0.49119989691711047,0,0
-0.6925485730171204,-0.18734140694141388,-1.2981886863708496,0.5118376773088404,0.49495649005000697,0,0
-0.6943451762199402,-0.190536230802536,-1.2981886863708496,0.49247242312672856,0.4855736365101206,0,0
-0.6961416602134705,-0.19373103976249695,-1.2981886863708496,0.5002526172769775,0.5018098014828005,0,0
-0.6979382634162903,-0.1969258338212967,-1.2981886863708496,0.5037931111636414,0.5044127133852603,0,0
-0.6997348070144653,-0.20012064278125763,-1.2981886863708496,0.5093308917766847,0.4812174020105616,0,0
-0.7015312314033508,-0.20331542193889618,-1.2981886863708496,0.48362562800738795,0.4976327628739878,0,0
-0.7033277750015259,-0.20651021599769592,-1.2981886863708496,0.5064148424292354,0.49670170451422785,0,0
-0.7051243185997009,-0.20970498025417328,-1.2981886863708496,0.5170857122125401,0.5040984519478456,0,0
-0.7069209218025208,-0.21289977431297302,-1.2981886863708496,0.5010831648926648,0.5080271467736328,0,0
-0.7087174654006958,-0.21609453856945038,-1.2981886863708496,0.4983357279980225,0.4902693605428916,0,0
-0.7105140686035156,-0.21928930282592773,-1.2981886863708496,0.4898452749215708,0.5087654172678845,0,0
-0.7123106718063354,-0.22248408198356628,-1.2981886863708496,0.4892247056396065,0.4978073389325485,0,0
-0.7141072750091553,-0.22567883133888245,-1.2981886863708496,0.4871767714356734,0.4900774181691054,0,0
-0.7159039378166199,-0.2288735955953598,-1.2981886863708496,0.503642797320944,0.4933497138067084,0,0
-0.7177005410194397,-0.23206834495067596,-1.2981886863708496,0.5098679989758591,0.5150334308843253,0,0
-0.7194971442222595,-0.23526312410831451,-1.2981886863708496,0.5125521889591587,0.5070007797478014,0,0
-0.721293568611145,-0.23845785856246948,-1.2981886863708496,0.5145675034560827,0.5118507722770116,0,0
-0.7230901718139648,-0.24165262281894684,-1.2981886863708496,0.5219906253882172,0.5170881389309822,0,0
-0.724886953830719,-0.2448473870754242,-1.2981886863708496,0.49224830991460844,0.48851633706303427,0,0
-0.7266835570335388,-0.24804210662841797,-1.2981886863708496,0.48610367008129884,0.49634007600842744,0,0
-0.7284802794456482,-0.25123685598373413,-1.2981886863708496,0.48365323215116207,0.48517983752463306,0,0
-0.7302769422531128,-0.2544315755367279,-1.2981886863708496,0.49846160598990197,0.5052899918960829,0,0
-0.7320736646652222,-0.25762632489204407,-1.2981886863708496,0.49840099684652805,0.5091792877924625,0,0
-0.7338702082633972,-0.26082101464271545,-1.2981886863708496,0.4984263680860143,0.4938042706458978,0,0
-0.7356669306755066,-0.2640157639980316,-1.2981886863708496,0.4829774757894903,0.4980244206992235,0,0
-0.737463653087616,-0.2672104835510254,-1.2981886863708496,0.4970603531050923,0.505706213868753,0,0
-0.7392602562904358,-0.27040520310401917,-1.2981886863708496,0.49854947569384844,0.4855322854917101,0,0
-0.7410570979118347,-0.2735999524593353,-1.2981886863708496,0.5123100911746112,0.49914982874885594,0,0
-0.7428537607192993,-0.2767946422100067,-1.2981886863708496,0.5160438085660083,0.5003664716320713,0,0
-0.7446505427360535,-0.2799893617630005,-1.2981886863708496,0.5017502609124326,0.49037877222812026,0,0
-0.7464471459388733,-0.2831840515136719,-1.2981886863708496,0.4935243896581105,0.4996602333234831,0,0
-0.7482438087463379,-0.28637877106666565,-1.2981886863708496,0.49841685935735774,0.5041772028883116,0,0
-0.750040590763092,-0.28957346081733704,-1.2981886863708496,0.515401188184548,0.505533277968234,0,0
-0.7518372535705566,-0.2927681505680084,-1.2981886863708496,0.49678887506571817,0.5219346701824008,0,0
-0.7536340951919556,-0.2959628105163574,-1.2981886863708496,0.5125069025586501,0.5051198586928614,0,0
-0.7554308176040649,-0.2991575002670288,-1.2981886863708496,0.5012478872304498,0.49526217787956667,0,0
-0.7572275400161743,-0.3023521602153778,-1.2981886863708496,0.5104416617672406,0.5091260269547274,0,0
-0.7590243220329285,-0.3055468797683716,-1.2981886863708496,0.5114457500406607,0.4791772781602461,0,0
-0.7608210444450378,-0.3087415099143982,-1.2981886863708496,0.515937719714607,0.48519930200460293,0,0
-0.7626179456710815,-0.3119361698627472,-1.2981886863708496,0.49694162720122925,0.4997216070226919,0,0
-0.7644146680831909,-0.3151308000087738,-1.2981886863708496,0.507947778106112,0.4999902638792517,0,0
-0.7662113308906555,-0.3183254599571228,-1.2981886863708496,0.48011827855747286,0.5018829271229096,0,0
-0.7680081725120544,-0.3215201199054718,-1.2981886863708496,0.4974636219434714,0.49376659160428393,0,0
-0.769804835319519,-0.3247148096561432,-1.2981886863708496,0.47624298515702224,0.48197739921610705,0,0
-0.7716016173362732,-0.3279094696044922,-1.2981886863708496,0.4991611501048346,0.5059918771125752,0,0
-0.7733985185623169,-0.3311041593551636,-1.2981886863708496,0.5127452750559202,0.5114141378614695,0,0
-0.7751952409744263,-0.3342988193035126,-1.2981886863708496,0.49594969527196026,0.5105478460044713,0,0
-0.7769922018051147,-0.3374934792518616,-1.2981886863708496,0.511449458094231,0.493981452601636,0,0
-0.7787889838218689,-0.3406881093978882,-1.2981886863708496,0.4925479115720786,0.5074887073297797,0,0
-0.7805860042572021,-0.3438827693462372,-1.2981886863708496,0.5087903159792251,0.49213354838144086,0,0
-0.7823829650878906,-0.3470773994922638,-1.2981886863708496,0.5140145713644442,0.49390944802200865,0,0
-0.7841798067092896,-0.3502720594406128,-1.2981886863708496,0.4975046799571131,0.4967375244272542,0,0
-0.785976767539978,-0.3534667491912842,-1.2981886863708496,0.4989651332737593,0.4898605398396447,0,0
-0.787773609161377,-0.3566614091396332,-1.2981886863708496,0.5119770512189811,0.4855096307310582,0,0
-0.7895703315734863,-0.3598560392856598,-1.2981886863708496,0.49824653703669936,0.5095725557821819,0,0
-0.7913672924041748,-0.3630506694316864,-1.2981886863708496,0.49063610993997886,0.4998185867744744,0,0
-0.793164074420929,-0.3662452697753906,-1.2981886863708496,0.5051331924793897,0.5219403910237733,0,0
-0.7949607968330383,-0.36943989992141724,-1.2981886863708496,0.47856938070982336,0.494036978740843,0,0
-0.7967578172683716,-0.3726344704627991,-1.2981886863708496,0.49817443161917035,0.505751673937715,0,0
-0.7985545992851257,-0.3758291006088257,-1.2981886863708496,0.49927472913673826,0.509681538693459,0,0
-0.8003514409065247,-0.3790237307548523,-1.2981886863708496,0.5156769261247007,0.5109652021144496,0,0
-0.8021484613418579,-0.38221827149391174,-1.2981886863708496,0.5015190439344773,0.502458930992337,0,0
-0.8039452433586121,-0.38541287183761597,-1.2981886863708496,0.5016049529805848,0.5027121691460772,0,0
-0.805742084980011,-0.3886074721813202,-1.2981886863708496,0.4990877074260859,0.49421642082359535,0,0
-0.8075391054153442,-0.3918020725250244,-1.2981886863708496,0.4974355028471816,0.5052203680808337,0,0
-0.8093360662460327,-0.39499664306640625,-1.2981886863708496,0.4992732814523786,0.49082882559129876,0,0
-0.8111329078674316,-0.3981912136077881,-1.2981886863708496,0.5125156077445722,0.4886269536322885,0,0
-0.8129298686981201,-0.4013857841491699,-1.2981886863708496,0.5214574598826087,0.5036409428635561,0,0
-0.814726710319519,-0.40458038449287415,-1.2981886863708496,0.5009529980075135,0.513860900765872,0,0
-0.8165237903594971,-0.4077748954296112,-1.2981886863708496,0.4977837762355161,0.4998986141016491,0,0
-0.8183208107948303,-0.41096946597099304,-1.2981886863708496,0.4927927208175611,0.5024625936805076,0,0
-0.8201176524162292,-0.41416406631469727,-1.2981886863708496,0.5163372870174342,0.5015375791813842,0,0
-0.8219146728515625,-0.4173586368560791,-1.2981886863708496,0.5003273548509152,0.5043316105735508,0,0
-0.8237117528915405,-0.42055320739746094,-1.2981886863708496,0.49881818612800993,0.5082736960812211,0,0
-0.8255086541175842,-0.4237477779388428,-1.2981886863708496,0.4974966772961829,0.504547219180167,0,0
-0.8273056149482727,-0.426942378282547,-1.2981886863708496,0.4892152148494388,0.5151158106769693,0,0
-0.829102635383606,-0.43013685941696167,-1.2981886863708496,0.5185089367392931,0.5093038431134047,0,0
-0.8308995366096497,-0.4333314299583435,-1.2981886863708496,0.5098915544413982,0.504501258994097,0,0
-0.8326964974403381,-0.43652600049972534,-1.2981886863708496,0.5007589109831634,0.4947181583686201,0,0
-0.8344935178756714,-0.4397205412387848,-1.2981886863708496,0.5121297103634549,0.4994818830568131,0,0
-0.8362904191017151,-0.44291505217552185,-1.2981886863708496,0.5009054298509659,0.5077985113937948,0,0
-0.8380875587463379,-0.4461096227169037,-1.2981886863708496,0.4899680485221026,0.5001063431788385,0,0
-0.8398846387863159,-0.4493041932582855,-1.2981886863708496,0.503624726205463,0.5182163282791499,0,0
-0.8416815996170044,-0.4524986743927002,-1.2981886863708496,0.5133356483415151,0.48580958802225616,0,0
-0.8434785604476929,-0.45569324493408203,-1.2981886863708496,0.5176704838636005,0.5140254883472303,0,0
-0.8452757000923157,-0.45888784527778625,-1.2981886863708496,0.5048197100176236,0.4850610969043467,0,0
-0.8470726609230042,-0.46208229660987854,-1.2981886863708496,0.4990499036133636,0.5087311289997335,0,0
-0.8488696217536926,-0.4652767777442932,-1.2981886863708496,0.507983424530013,0.5026851005472798,0,0
-0.8506667613983154,-0.4684712588787079,-1.2981886863708496,0.5109148766695107,0.4907247026612281,0,0
-0.8524637222290039,-0.47166579961776733,-1.2981886863708496,0.5014659182526953,0.50500680746123,0,0
-0.8542606830596924,-0.4748602509498596,-1.2981886863708496,0.48808241553618564,0.4838047903371716,0,0
-0.8560578227043152,-0.47805479168891907,-1.2981886863708496,0.5134122634453357,0.5003776231593455,0,0
-0.8578547835350037,-0.48124930262565613,-1.2981886863708496,0.5055208760636339,0.48326490098646835,0,0
-0.8596517443656921,-0.4844438135623932,-1.2981886863708496,0.5140633277296304,0.5003813552490609,0,0
-0.8614488840103149,-0.48763832449913025,-1.2981886863708496,0.502596429092666,0.515167585532388,0,0
-0.8632459044456482,-0.4908328354358673,-1.2981886863708496,0.49638455050460994,0.50388282210026,0,0
-0.8650428652763367,-0.49402737617492676,-1.2981886863708496,0.4988718973016588,0.511576234876346,0,0
-0.8668400645256042,-0.49722179770469666,-1.2981886863708496,0.501154151148247,0.4980831936659172,0,0
-0.8686370849609375,-0.5004163384437561,-1.2981886863708496,0.519413588135185,0.5080773160455405,0,0
-0.8704341053962708,-0.5036108493804932,-1.2981886863708496,0.5045980591917398,0.49910743649032663,0,0
-0.8722312450408936,-0.5068053603172302,-1.2981886863708496,0.5220476602928688,0.49083235490949484,0,0
-0.8740283250808716,-0.5099998712539673,-1.2981886863708496,0.5049071616154289,0.5016202016233441,0,0
-0.8758252859115601,-0.5131943821907043,-1.2981886863708496,0.506988132372822,0.5042501743887263,0,0
-0.8776224851608276,-0.5163888335227966,-1.2981886863708496,0.4940292119213925,0.48047413543737183,0,0
-0.8794196844100952,-0.5195832848548889,-1.2981886863708496,0.4898316879500131,0.49729326204519214,0,0
-0.8812167644500732,-0.5227777361869812,-1.2981886863708496,0.4933746674059334,0.4869291617317992,0,0
-0.8830138444900513,-0.5259721875190735,-1.2981886863708496,0.5018032903694224,0.4714606338751823,0,0
-0.8848110437393188,-0.5291666388511658,-1.2981886863708496,0.48196980260589783,0.4909882302061261,0,0
-0.8866083025932312,-0.5323611497879028,-1.2981886863708496,0.5033231244690373,0.4993798707051727,0,0
-0.8884053826332092,-0.5355556011199951,-1.2981886863708496,0.5119732122554319,0.49505321912631195,0,0
-0.8902024030685425,-0.5387500524520874,-1.2981886863708496,0.5036778460929079,0.5022368563070848,0,0
-0.8919996619224548,-0.5419445037841797,-1.2981886863708496,0.4906130462512026,0.5024672187234344,0,0
-0.8937967419624329,-0.545138955116272,-1.2981886863708496,0.5186587499665726,0.5010544066983218,0,0
-0.8955938220024109,-0.548333466053009,-1.2981886863708496,0.4845164867097161,0.5039979228708987,0,0
-0.8973910212516785,-0.5515279173851013,-1.2981886863708496,0.5102570796870641,0.5014911547621074,0,0
-0.899188220500946,-0.5547223687171936,-1.2981886863708496,0.48846191614811224,0.4932816420622894,0,0
-0.9009852409362793,-0.5579168796539307,-1.2981886863708496,0.5008133540157161,0.49762599206157676,0,0
-0.9027823805809021,-0.5611112713813782,-1.2981886863708496,0.49728015553910976,0.4816759398066293,0,0
-0.9045795798301697,-0.5643057823181152,-1.2981886863708496,0.49337083359965955,0.49599494028081853,0,0
-0.9063767194747925,-0.5675002336502075,-1.2981886863708496,0.5069327820192159,0.5001938907655923,0,0
-0.9081738591194153,-0.570694625377655,-1.2981886863708496,0.5118304652017425,0.5004011363707179,0,0
-0.9099709987640381,-0.5738890767097473,-1.2981886863708496,0.4865663608485665,0.48899035154762943,0,0
-0.91176837682724,-0.5770835876464844,-1.2981886863708496,0.510528793540474,0.4943608934309798,0,0
-0.913565456867218,-0.5802780985832214,-1.2981886863708496,0.5080485005540024,0.498921671676277,0,0
-0.915362536907196,-0.5834725499153137,-1.2981886863708496,0.4857207294123951,0.49656071557105985,0,0
-0.9171597957611084,-0.586667001247406,-1.2981886863708496,0.4860672697145775,0.5011468116503258,0,0
-0.9189569354057312,-0.5898614525794983,-1.2981886863708496,0.4910114059314705,0.5136181481961288,0,0
-0.9207541942596436,-0.5930558443069458,-1.2981886863708496,0.484345711562605,0.48911065376231694,0,0
-0.9225514531135559,-0.5962502360343933,-1.2981886863708496,0.5118568980533593,0.5123214060061918,0,0
-0.9243485927581787,-0.5994446277618408,-1.2981886863708496,0.49161072841474424,0.49662190203825085,0,0
-0.9261459112167358,-0.6026389598846436,-1.2981886863708496,0.49945378807890944,0.5021465232777949,0,0
-0.9279431104660034,-0.6058333516120911,-1.2981886863708496,0.5058138693796724,0.5006905155672775,0,0
-0.929740309715271,-0.6090278029441833,-1.2981886863708496,0.4953771903586422,0.4918413409151565,0,0
-0.9315375089645386,-0.6122221946716309,-1.2981886863708496,0.5000952536691902,0.4963720967575239,0,0
-0.9333347082138062,-0.6154166460037231,-1.2981886863708496,0.49501858821347594,0.49128889944405724,0,0
-0.9351319670677185,-0.6186110377311707,-1.2981886863708496,0.501517582971373,0.5111099468260536,0,0
-0.9369292855262756,-0.6218054294586182,-1.2981886863708496,0.5032405243351583,0.4917771448638593,0,0
-0.938726544380188,-0.6249998211860657,-1.2981886863708496,0.5050876878503102,0.5014538652386286,0,0
-0.9405239224433899,-0.6281942129135132,-1.2981886863708496,0.49520284609596105,0.5074479941681646,0,0
-0.9423211216926575,-0.6313885450363159,-1.2981886863708496,0.4932370808419508,0.5246715742635115,0,0
-0.944118320941925,-0.6345829367637634,-1.2981886863708496,0.5065333897227069,0.5158507388614114,0,0
-0.9459155797958374,-0.6377773284912109,-1.2981886863708496,0.5134946100569885,0.48537939160200716,0,0
-0.9477128982543945,-0.6409716606140137,-1.2981886863708496,0.5173040889474565,0.48718275398574284,0,0
-0.9495100975036621,-0.6441660523414612,-1.2981886863708496,0.49157348086183505,0.5061537658391657,0,0
-0.9513074159622192,-0.6473604440689087,-1.2981886863708496,0.49652198586295987,0.5006115827467128,0,0
-0.9531046748161316,-0.6505547761917114,-1.2981886863708496,0.5074813737881502,0.5098186779448762,0,0
-0.9549020528793335,-0.6537491679191589,-1.2981886863708496,0.49477178881865097,0.5052391251333566,0,0
-0.9566993117332458,-0.6569435596466064,-1.2981886863708496,0.5038360242302483,0.5194713216774499,0,0
-0.9584965109825134,-0.6601378917694092,-1.2981886863708496,0.5007410962983355,0.49752048142752564,0,0
-0.9602937698364258,-0.6633323431015015,-1.2981886863708496,0.4934176825959075,0.5096419466814937,0,0
-0.9620910286903381,-0.666526734828949,-1.2981886863708496,0.5045610662430103,0.49116242811073557,0,0
-0.9638882875442505,-0.6697210669517517,-1.2981886863708496,0.509862132415203,0.5210309591819539,0,0
-0.9656856060028076,-0.6729153990745544,-1.2981886863708496,0.4981888346446589,0.4995833870953303,0,0
-0.9674829244613647,-0.6761097311973572,-1.2981886863708496,0.5035357728645965,0.5138504355606367,0,0
-0.9692803621292114,-0.6793040037155151,-1.2981886863708496,0.49064219799393055,0.4750542576663473,0,0
-0.9710776209831238,-0.6824983358383179,-1.2981886863708496,0.4781259603224292,0.5004255249965829,0,0
-0.9728748798370361,-0.6856926679611206,-1.2981886863708496,0.500086024070349,0.5108716458041742,0,0
-0.9746721982955933,-0.6888869404792786,-1.2981886863708496,0.4856996901326719,0.4831995975783845,0,0
-0.9764695763587952,-0.6920812726020813,-1.2981886863708496,0.5050639981406316,0.49005108511794304,0,0
-0.9782670140266418,-0.695275604724884,-1.2981886863708496,0.5084850620503911,0.5023384050012162,0,0
-0.9800642728805542,-0.6984699368476868,-1.2981886863708496,0.49716641307627435,0.5057903768511189,0,0
-0.9818615317344666,-0.7016642689704895,-1.2981886863708496,0.48954633572405254,0.4891288337068048,0,0
-0.9836588501930237,-0.7048585414886475,-1.2981886863708496,0.5077191159086037,0.5052012768003868,0,0
-0.9854560494422913,-0.708052933216095,-1.2981886863708496,0.4940184387624562,0.49457084190113965,0,0
-0.9872533082962036,-0.7112472057342529,-1.2981886863708496,0.48882145986603875,0.5011821044977447,0,0
-0.9890506267547607,-0.71444171667099,-1.2981886863708496,0.5016945049839927,0.49273064364215485,0,0
-0.9908480048179626,-0.7176361083984375,-1.2981886863708496,0.5064386371032619,0.5216489183405041,0,0
-0.9926455020904541,-0.7208303809165955,-1.2981886863708496,0.510974897803111,0.4947154387884041,0,0
-0.994442880153656,-0.7240247130393982,-1.2981886863708496,0.5148358891647018,0.4925684878539191,0,0
-0.9962403178215027,-0.7272191643714905,-1.2981886863708496,0.4956221632631142,0.48844707076314886,0,0
-0.9980377554893494,-0.7304133772850037,-1.2981886863708496,0.5017268274406118,0.48684280175058264,0,0
-0.9998350739479065,-0.7336077690124512,-1.2981886863708496,0.49285975845638463,0.4857967989716083,0,0
-1.0016324520111084,-0.7368022799491882,-1.2981886863708496,0.4894342755815423,0.49050112607012236,0,0
-1.0034297704696655,-0.7399964928627014,-1.2981886863708496,0.5071994602476987,0.49948934671728834,0,0
-1.0052270889282227,-0.7431908845901489,-1.2981886863708496,0.5095418350314964,0.5115752283302967,0,0
-1.0070246458053589,-0.7463852167129517,-1.2981886863708496,0.4964049289670222,0.5147772387878644,0,0
-1.0088220834732056,-0.7495794296264648,-1.2981886863708496,0.5149572010133466,0.5004127952722623,0,0
-1.0106196403503418,-0.7527737617492676,-1.2981886863708496,0.5126791194123387,0.5097680444380244,0,0
-1.012416958808899,-0.7559681534767151,-1.2981886863708496,0.4963691354187439,0.514318093655143,0,0
-1.0142143964767456,-0.7591623067855835,-1.2981886863708496,0.5139358878500967,0.49994333425626,0,0
-1.0160118341445923,-0.7623565793037415,-1.2981886863708496,0.5183352361566788,0.4823500508891308,0,0
-1.017809271812439,-0.765550971031189,-1.2981886863708496,0.5030746348503149,0.49801730565256436,0,0
-1.0196067094802856,-0.7687451839447021,-1.2981886863708496,0.4964740084141414,0.48850842191935867,0,0
-1.0214040279388428,-0.7719394564628601,-1.2981886863708496,0.5084023311602479,0.49136475166829086,0,0
-1.0232014656066895,-0.7751338481903076,-1.2981886863708496,0.4967407677703947,0.4760065872760694,0,0
-1.0249987840652466,-0.778328001499176,-1.2981886863708496,0.49502776913107355,0.5085371997703809,0,0
-1.0267963409423828,-0.7815221548080444,-1.2981886863708496,0.4983039617497466,0.4976967427651325,0,0
-1.0285937786102295,-0.7847165465354919,-1.2981886863708496,0.4886677576331789,0.4948635382927905,0,0
-1.0303910970687866,-0.7879108190536499,-1.2981886863708496,0.8009605452461531,0.8116236658747455,0,0
-1.0321885347366333,-0.7911050319671631,-1.2981886863708496,0.7985958564614076,0.7976286354538107,0,0
-1.0339858531951904,-0.7942993640899658,-1.2981886863708496,0.8127695010414413,0.7861392632074757,0,0
-1.035783290863037,-0.7974936366081238,-1.2981886863708496,0.7837818198808054,0.7882195882741406,0,0
-1.0375808477401733,-0.8006877899169922,-1.2981886863708496,0.7852403916048816,0.7915372458864341,0,0
-1.0393781661987305,-0.8038821816444397,-1.2981886863708496,0.7855285705084464,0.8068028602803633,0,0
-1.0411756038665771,-0.8070764541625977,-1.2981886863708496,0.7892509549746103,0.7869725878200238,0,0
-1.0429729223251343,-0.8102705478668213,-1.2981886863708496,0.7984228729427687,0.8016400274668857,0,0
-1.044770359992981,-0.8134649395942688,-1.2981886863708496,0.8009214816935494,0.803845479455513,0,0
-1.0465679168701172,-0.8166592121124268,-1.2981886863708496,0.7945403907213213,0.8050819515562997,0,0
-1.0483652353286743,-0.8198533058166504,-1.2981886863708496,0.7583476011240436,0.7601745770575422,0,0
-1.050162672996521,-0.8230475783348083,-1.2981886863708496,0.747909395865443,0.7818829941365442,0,0
-1.0519599914550781,-0.8262419700622559,-1.2981886863708496,0.7668467572700385,0.7756961927570505,0,0
-1.0537574291229248,-0.829436182975769,-1.2981886863708496,0.7784079881192867,0.7590849704476135,0,0
-1.055554986000061,-0.8326303958892822,-1.2981886863708496,0.7709697195629112,0.7637830683918451,0,0
-1.0573523044586182,-0.835824728012085,-1.2981886863708496,0.7389495423930169,0.7329741285005871,0,0
-1.0591497421264648,-0.8390189409255981,-1.2981886863708496,0.7582352021876598,0.744265457741807,0,0
-1.0609471797943115,-0.8422130942344666,-1.2981886863708496,0.764932695670036,0.7565851454163596,0,0
-1.0627444982528687,-0.8454074263572693,-1.2981886863708496,0.7725255995368335,0.7351190790080904,0,0
-1.0645420551300049,-0.8486016988754272,-1.2981886863708496,0.7753739836289799,0.7568440372317841,0,0
-1.066339373588562,-0.8517957925796509,-1.2981886863708496,0.7076543646013987,0.7138815718686966,0,0
-1.0681368112564087,-0.8549901247024536,-1.2981886863708496,0.7377861586574469,0.7169695699232744,0,0
-1.0699342489242554,-0.8581843972206116,-1.2981886863708496,0.7065316858083777,0.7237949532113426,0,0
-1.0717315673828125,-0.86137855052948,-1.2981886863708496,0.7048647441955205,0.702645187696541,0,0
-1.0735291242599487,-0.8645729422569275,-1.2981886863708496,0.7357741413843842,0.7102878017278597,0,0
-1.075326681137085,-0.8677671551704407,-1.2981886863708496,0.7190166916941686,0.7168850754893797,0,0
-1.0771242380142212,-0.8709613084793091,-1.2981886863708496,0.7222833235203417,0.7317625468936722,0,0
-1.0789217948913574,-0.8741556406021118,-1.2981886863708496,0.7042703471867803,0.7120297891317725,0,0
-1.080719232559204,-0.8773499727249146,-1.2981886863708496,0.7311589124220568,0.7348188438030485,0,0
-1.0825167894363403,-0.8805440068244934,-1.2981886863708496,0.7252283944514822,0.7083527655178686,0,0
-1.0843143463134766,-0.8837381601333618,-1.2981886863708496,0.6917807203114783,0.6709961714281448,0,0
-1.0861120223999023,-0.8869324922561646,-1.2981886863708496,0.6731378253326772,0.6595484517798091,0,0
-1.0879095792770386,-0.890126645565033,-1.2981886863708496,0.6884837301731691,0.688342233866639,0,0
-1.0897071361541748,-0.8933208584785461,-1.2981886863708496,0.6656948906718081,0.6835816444562768,0,0
-1.091504693031311,-0.8965151906013489,-1.2981886863708496,0.6997517237160337,0.6960753229851459,0,0
-1.0933021306991577,-0.8997094631195068,-1.2981886863708496,0.6813570112131963,0.6858996898196029,0,0
-1.095099687576294,-0.9029036164283752,-1.2981886863708496,0.6976214848499461,0.666071715207259,0,0
-1.0968972444534302,-0.9060978889465332,-1.2981886863708496,0.7008375033125557,0.6748941539064031,0,0
-1.0986948013305664,-0.9092921614646912,-1.2981886863708496,0.6690708406423013,0.6857949017201683,0,0
-1.100492238998413,-0.91248619556427,-1.2981886863708496,0.6750748896298961,0.6861534324034781,0,0
-1.1022897958755493,-0.9156805276870728,-1.2981886863708496,0.6598062989623642,0.627632915091193,0,0
-1.1040873527526855,-0.9188748598098755,-1.2981886863708496,0.6349066654276424,0.6404721825657685,0,0
-1.1058850288391113,-0.9220688939094543,-1.2981886863708496,0.6736847137527644,0.6382890447213059,0,0
-1.107682704925537,-0.9252631664276123,-1.2981886863708496,0.6400713137635835,0.6335237771436787,0,0
-1.1094801425933838,-0.928457498550415,-1.2981886863708496,0.6507827816966557,0.657137062428877,0,0
-1.11127769947052,-0.9316515922546387,-1.2981886863708496,0.6480736841376366,0.6424886131626689,0,0
-1.1130752563476562,-0.9348458647727966,-1.2981886863708496,0.6605292930041806,0.635289687476935,0,0
-1.114872694015503,-0.9380401372909546,-1.2981886863708496,0.6594944776902155,0.6447807021848566,0,0
-1.1166702508926392,-0.9412341713905334,-1.2981886863708496,0.6600981394113042,0.6343099537953255,0,0
-1.118467926979065,-0.9444283246994019,-1.2981886863708496,0.6432118114352668,0.6471044359852743,0,0
-1.1202656030654907,-0.9476225972175598,-1.2981886863708496,0.6067738238010747,0.6104732559946907,0,0
-1.1220630407333374,-0.9508168697357178,-1.2981886863708496,0.6129510122755096,0.6146000282018257,0,0
-1.1238605976104736,-0.9540110230445862,-1.2981886863708496,0.5962276025743803,0.6151075631922857,0,0
-1.1256581544876099,-0.9572052359580994,-1.2981886863708496,0.6290240046227947,0.6262202575675595,0,0
-1.1274555921554565,-0.9603995084762573,-1.2981886863708496,0.6061450661867922,0.6040075100494804,0,0
-1.1292531490325928,-0.9635935425758362,-1.2981886863708496,0.6148198372814019,0.6054882623400485,0,0
-1.131050705909729,-0.9667878746986389,-1.2981886863708496,0.6128390520234459,0.6089677231011559,0,0
-1.1328482627868652,-0.9699822068214417,-1.2981886863708496,0.6056703062921851,0.6029541333879892,0,0
-1.134645700454712,-0.9731763005256653,-1.2981886863708496,0.6144255367776267,0.5972973027847089,0,0
-1.1364432573318481,-0.9763705730438232,-1.2981886863708496,0.6262096594179751,0.5999937891893673,0,0
-1.1382408142089844,-0.9795648455619812,-1.2981886863708496,0.5943038473608392,0.5734776508614675,0,0
-1.1400384902954102,-0.9827588796615601,-1.2981886863708496,0.5784117287724195,0.5608227787778989,0,0
-1.1418360471725464,-0.9859530925750732,-1.2981886863708496,0.5769898809520442,0.5699941197811871,0,0
-1.1436336040496826,-0.9891473054885864,-1.2981886863708496,0.585159553802436,0.5712683877268856,0,0
-1.1454311609268188,-0.9923414587974548,-1.2981886863708496,0.5849947158867985,0.5759471410676195,0,0
-1.147228717803955,-0.9955354928970337,-1.2981886863708496,0.5860386250033963,0.5713280049515679,0,0
-1.1490261554718018,-0.9987297058105469,-1.2981886863708496,0.5709329591707385,0.5745637094913107,0,0
-1.150823712348938,-1.00192391872406,-1.2981886863708496,0.5728606748967512,0.5646499686198818,0,0
-1.1526213884353638,-1.0051180124282837,-1.2981886863708496,0.5597055205926337,0.5753839079157222,0,0
-1.154419183731079,-1.0083123445510864,-1.2981886863708496,0.5624924653969863,0.5587776568702456,0,0
-1.1562167406082153,-1.0115066766738892,-1.2981886863708496,0.5530336157587377,0.5394098166007596,0,0
-1.1580144166946411,-1.0147006511688232,-1.2981886863708496,0.5449087839997804,0.5186180735998512,0,0
-1.159812092781067,-1.0178948640823364,-1.2981886863708496,0.5148306625030767,0.5399287741896182,0,0
-1.1616097688674927,-1.0210891962051392,-1.2981886863708496,0.5472672350417005,0.5264233861563434,0,0
-1.163407564163208,-1.0242832899093628,-1.2981886863708496,0.5374181065933223,0.5279558006857036,0,0
-1.1652051210403442,-1.027477502822876,-1.2981886863708496,0.5397269662235978,0.5382188857501092,0,0
-1.1670029163360596,-1.0306718349456787,-1.2981886863708496,0.5347289202507579,0.5492247244053159,0,0
-1.168800711631775,-1.0338659286499023,-1.2981886863708496,0.545330424062174,0.5317430676276299,0,0
-1.1705985069274902,-1.037060022354126,-1.2981886863708496,0.5485358852953071,0.536867477040318,0,0
-1.1723960638046265,-1.0402543544769287,-1.2981886863708496,0.5438076085412937,0.5259413296924291,0,0
-1.1741937398910522,-1.043448567390442,-1.2981886863708496,0.5025259416587199,0.49763860181381503,0,0
-1.175991415977478,-1.0466426610946655,-1.2981886863708496,0.49179768654554146,0.4974424282520825,0,0
-1.1777890920639038,-1.0498369932174683,-1.2981886863708496,0.5000607272572474,0.49576629452384746,0,0
-1.1795868873596191,-1.0530312061309814,-1.2981886863708496,0.5068130402181629,0.5013506215806817,0,0
-1.1813844442367554,-1.056225061416626,-1.2981886863708496,0.4990671371484904,0.5032226470272539,0,0
-1.1831822395324707,-1.0594192743301392,-1.2981886863708496,0.5077384434794184,0.49384490419165444,0,0
-1.1849799156188965,-1.0626134872436523,-1.2981886863708496,0.5012288833808937,0.5004108979901842,0,0
-1.1867777109146118,-1.0658074617385864,-1.2981886863708496,0.5101053125242697,0.5046149672247688,0,0
-1.1885753870010376,-1.0690014362335205,-1.2981886863708496,0.525308578863928,0.4983233228511606,0,0
-1.1903729438781738,-1.0721957683563232,-1.2981886863708496,0.5029228189274709,0.49879366962037025,0,0
-1.1921706199645996,-1.0753898620605469,-1.2981886863708496,0.45138890600311915,0.47135756965051007,0,0
-1.1939681768417358,-1.078583836555481,-1.2981886863708496,0.46351472614040196,0.4533266908064146,0,0
-1.1957659721374512,-1.0817779302597046,-1.2981886863708496,0.46528675298771827,0.4663047078973164,0,0
-1.1975637674331665,-1.0849721431732178,-1.2981886863708496,0.4660066402347692,0.4621205272546611,0,0
-1.1993616819381714,-1.088166356086731,-1.2979936599731445,0.4479594698852222,0.4659718039874361,0,0
-1.201157808303833,-1.0913589000701904,-1.297692060470581,0.45909252520884863,0.46150859747612105,0,0
-1.2029495239257812,-1.0945470333099365,-1.2975335121154785,0.4646555763735698,0.44994062707307136,0,0
-1.2047333717346191,-1.0977256298065186,-1.2974481582641602,0.4585092954502711,0.47558921639031415,0,0
-1.2065058946609497,-1.1008884906768799,-1.2974077463150024,0.47674772032600526,0.4567950288013631,0,0
-1.208263635635376,-1.1040301322937012,-1.2974138259887695,0.4687941543052944,0.46210852785515827,0,0
-1.2100039720535278,-1.1071465015411377,-1.2976545095443726,0.45020494549998413,0.4227622546362025,0,0
-1.2117373943328857,-1.1102502346038818,-1.2978962659835815,0.4066432199072002,0.4322602132160949,0,0
-1.213449239730835,-1.113317608833313,-1.2982467412948608,0.4316292464917304,0.4193843770873904,0,0
-1.215139627456665,-1.1163402795791626,-1.298638939857483,0.4355427296820227,0.41395458181292005,0,0
-1.2168108224868774,-1.1193064451217651,-1.299041509628296,0.4278652057974674,0.425141954205131,0,0
-1.2184678316116333,-1.1222004890441895,-1.2994517087936401,0.4403980460460799,0.4423725662426025,0,0
-1.2201176881790161,-1.125004768371582,-1.2998586893081665,0.43524660852061636,0.43353207228641444,0,0
-1.2217698097229004,-1.1277003288269043,-1.3002674579620361,0.4228966202836122,0.4320959885307688,0,0
-1.2234355211257935,-1.1302697658538818,-1.3006945848464966,0.4449388736930655,0.4176683925335219,0,0
-1.225127100944519,-1.1326966285705566,-1.3011500835418701,0.44499261334477863,0.42110331930313044,0,0
-1.2268589735031128,-1.1349676847457886,-1.3018150329589844,0.4077711680459724,0.39350115562678184,0,0
-1.2286423444747925,-1.1370731592178345,-1.302750825881958,0.4074688108737462,0.36308469155761625,0,0
-1.2304834127426147,-1.1390067338943481,-1.3038159608840942,0.39881819317357436,0.38490492824324235,0,0
-1.2323812246322632,-1.1407655477523804,-1.3051350116729736,0.4042686174386089,0.3747422945601671,0,0
-1.234327793121338,-1.1423497200012207,-1.3065767288208008,0.40972432917198054,0.40120708151216633,0,0
-1.2363145351409912,-1.143760323524475,-1.30784273147583,0.39683842034207156,0.41358742517923264,0,0
-1.2383310794830322,-1.14500093460083,-1.3090417385101318,0.403648241991159,0.40110419323404434,0,0
-1.2403690814971924,-1.1460760831832886,-1.3103986978530884,0.41145604159791765,0.3934473994777008,0,0
-1.2424192428588867,-1.1469916105270386,-1.311782956123352,0.3948611713911979,0.3912282637537849,0,0
-1.2444700002670288,-1.1477552652359009,-1.3131654262542725,0.396813037216719,0.39459301420193676,0,0
-1.2465076446533203,-1.1483763456344604,-1.314424753189087,0.3767382577019028,0.376121395677956,0,0
-1.2485156059265137,-1.148864984512329,-1.3154959678649902,0.3687902532942673,0.3840190329695931,0,0
-1.250476598739624,-1.14923095703125,-1.3163925409317017,0.3647370197219996,0.3701534847052127,0,0
-1.2523747682571411,-1.1494848728179932,-1.3172072172164917,0.35895492562048115,0.3673068938677889,0,0
-1.2541966438293457,-1.1496351957321167,-1.318063735961914,0.36848493263613835,0.3622398928807062,0,0
-1.2559319734573364,-1.1496902704238892,-1.3190587759017944,0.3730423436231785,0.36962162540854515,0,0
-1.2575737237930298,-1.1496573686599731,-1.3201820850372314,0.37149498554370586,0.37751041376342337,0,0
-1.2591171264648438,-1.1495435237884521,-1.3213369846343994,0.37246144889671545,0.3704617268873645,0,0
-1.2605589628219604,-1.1493561267852783,-1.3224483728408813,0.37239725523057754,0.3753032438953368,0,0
-1.2618976831436157,-1.1491025686264038,-1.3234848976135254,0.377639167670077,0.36141216452901387,0,0
-1.2631319761276245,-1.148789882659912,-1.3244426250457764,0.35698540656389127,0.3707924040403239,0,0
-1.2642607688903809,-1.1484253406524658,-1.325333595275879,0.3674573108407656,0.34950709280505443,0,0
-1.2652838230133057,-1.1480151414871216,-1.3261812925338745,0.3751688287095107,0.3705890335488993,0,0
-1.2662018537521362,-1.1475646495819092,-1.3269975185394287,0.35191011004902095,0.3562994510370539,0,0
-1.267016887664795,-1.1470777988433838,-1.327787160873413,0.37400622173712683,0.3831110468944755,0,0
-1.267732858657837,-1.1465587615966797,-1.328527808189392,0.36679992616211987,0.36493678763071474,0,0
-1.2683544158935547,-1.1460107564926147,-1.3292121887207031,0.36863961890427166,0.3726531834289699,0,0
-1.2688870429992676,-1.1454375982284546,-1.3298499584197998,0.38154927451407755,0.3646976892000284,0,0
-1.2693356275558472,-1.1448426246643066,-1.3304557800292969,0.3596320803921382,0.3358378661288249,0,0
-1.2697056531906128,-1.1442292928695679,-1.331048846244812,0.36107127816439544,0.36248780843335976,1,1
-1.2700018882751465,-1.143600344657898,-1.3316352367401123,0.37731732036647503,0.36905880080348075,0,0
-1.2702288627624512,-1.1429576873779297,-1.3322112560272217,0.3593991673798613,0.36003362014047335,0,0
-1.2703919410705566,-1.142302393913269,-1.3327611684799194,0.36158197467021724,0.3611515626022698,0,0
-1.270496129989624,-1.1416351795196533,-1.3332730531692505,0.3754145390102748,0.36764960143564407,0,0
-1.2705466747283936,-1.1409568786621094,-1.3337428569793701,0.3646546401582555,0.35427038823062657,0,0
-1.270548701286316,-1.140268325805664,-1.3341760635375977,0.35643325515597035,0.36562814196067667,0,0
-1.2705068588256836,-1.1395704746246338,-1.3345867395401,0.33944901829020946,0.34949679202490985,0,0
-1.2704254388809204,-1.1388651132583618,-1.334986925125122,0.3624040579391606,0.364863974588055,0,0
-1.2703077793121338,-1.1381534337997437,-1.335383653640747,0.35697072823926607,0.35559124265076814,0,0
-1.2701568603515625,-1.137436032295227,-1.3357751369476318,0.36744944201555274,0.3523399507731614,0,0
-1.2699753046035767,-1.136714220046997,-1.3361585140228271,0.36204266141487373,0.38716423636665825,0,0
-1.2697657346725464,-1.1359882354736328,-1.3365228176116943,0.35695149699066353,0.3890749602346623,0,0
-1.2695305347442627,-1.1352581977844238,-1.336860179901123,0.37875556943154065,0.37661510648137025,0,0
-1.2692722082138062,-1.1345242261886597,-1.3371758460998535,0.36643571704795463,0.35895327943875993,0,0
-1.2689931392669678,-1.1337867975234985,-1.337472677230835,0.3576375935873024,0.36778336384239974,0,0
-1.2686952352523804,-1.1330459117889404,-1.3377556800842285,0.3569773335603273,0.3737564172126097,0,0
-1.2683806419372559,-1.1323020458221436,-1.338029146194458,0.36418985398403125,0.386985842499572,0,0
-1.2680503129959106,-1.1315556764602661,-1.3382965326309204,0.3500110039887884,0.368435248955153,0,0
-1.2677059173583984,-1.1308073997497559,-1.3385587930679321,0.3775490628573228,0.3770521117590577,0,0
-1.2673481702804565,-1.1300568580627441,-1.33880615234375,0.37647019027392115,0.3591840769001467,0,0
-1.26697838306427,-1.1293044090270996,-1.3390412330627441,0.3738475336714998,0.37087087523827955,0,0
-1.2665977478027344,-1.1285500526428223,-1.3392616510391235,0.3676869296148943,0.3799875434508934,0,0
-1.266207218170166,-1.1277939081192017,-1.3394699096679688,0.3600412224652156,0.3727740759937621,0,0
-1.265807867050171,-1.1270359754562378,-1.33966863155365,0.36297211280440866,0.3690096541359505,0,0
-1.2654006481170654,-1.1262762546539307,-1.339860200881958,0.3903049233962903,0.38653210652163184,0,0
-1.2649860382080078,-1.1255152225494385,-1.3400449752807617,0.3754590857740263,0.3782219818371252,0,0
-1.264564871788025,-1.1247531175613403,-1.340221881866455,0.3610435980917882,0.37295265181042675,0,0
-1.2641375064849854,-1.1239898204803467,-1.340394377708435,0.37632090673538776,0.36454629464922894,0,0
-1.2637046575546265,-1.1232253313064575,-1.3405592441558838,0.3629061638288011,0.3946924268955112,0,0
-1.263266682624817,-1.122459888458252,-1.3407124280929565,0.35680348628559017,0.3607795568606837,0,0
-1.262824296951294,-1.1216933727264404,-1.3408554792404175,0.38274707444383915,0.3854509809101799,0,0
-1.2623775005340576,-1.120925784111023,-1.3409932851791382,0.3576807554459695,0.3794965217408191,0,0
-1.2619273662567139,-1.1201574802398682,-1.3411266803741455,0.3690926813979699,0.3832701310082793,0,0
-1.2614738941192627,-1.119388222694397,-1.341254711151123,0.38774621303447526,0.39446790599954745,0,0
-1.2610174417495728,-1.118618130683899,-1.3413758277893066,0.374394031676698,0.39450019651715573,0,0
-1.260558009147644,-1.1178476810455322,-1.3414918184280396,0.3861238852835264,0.3789558771643219,0,0
-1.2600961923599243,-1.1170765161514282,-1.3416026830673218,0.39251553298841224,0.38642026464102747,0,0
-1.259631872177124,-1.116304874420166,-1.3415188789367676,0.3605044629514202,0.4062250401059635,0,0
-1.2591661214828491,-1.1155329942703247,-1.341322898864746,0.37551302926120067,0.37610527214069295,0,0
-1.258699893951416,-1.1147617101669312,-1.3408724069595337,0.36744899642511114,0.4015822486443631,1,1
-1.2582345008850098,-1.1139923334121704,-1.3402831554412842,0.39029337538973025,0.38324268109546095,0,0
-1.257771611213684,-1.113226056098938,-1.3394345045089722,0.39055494067952357,0.4007947678049844,0,0
-1.2573131322860718,-1.1124646663665771,-1.3382560014724731,0.3818997235493547,0.4117376828880498,0,0
-1.2568621635437012,-1.111710786819458,-1.3369096517562866,0.39552273399740095,0.380814855017854,0,0
-1.2564209699630737,-1.110966444015503,-1.3356854915618896,0.40689982886739706,0.3997034509248652,0,0
-1.2559914588928223,-1.1102346181869507,-1.3345564603805542,0.38938698748870815,0.38762819148206634,0,0
-1.255575180053711,-1.1095175743103027,-1.3333102464675903,0.39491369343472993,0.401895038042856,0,0
-1.255172848701477,-1.1088175773620605,-1.3320176601409912,0.3832129472761532,0.3991224361961636,0,0
-1.2547847032546997,-1.1081358194351196,-1.3307316303253174,0.3988333755406311,0.3707900617083205,0,0
-1.2544103860855103,-1.1074724197387695,-1.329278588294983,0.390164509197849,0.40818428909334703,0,0
-1.2540489435195923,-1.106827735900879,-1.3279470205307007,0.40171907889883,0.39213006045551096,0,0
-1.2536990642547607,-1.106201410293579,-1.3267112970352173,0.4085976839926678,0.41158198683138586,0,0
-1.2533628940582275,-1.1055923700332642,-1.3257451057434082,0.40298731338259075,0.387420280408313,0,0
-1.253043293952942,-1.1049985885620117,-1.3249505758285522,0.39542280805894064,0.3943416148283512,0,0
-1.252743124961853,-1.1044185161590576,-1.3242666721343994,0.39152282065795124,0.38345525463185465,0,0
-1.2524648904800415,-1.1038497686386108,-1.32366144657135,0.3978516954599264,0.38739711234275936,0,0
-1.2522093057632446,-1.1032896041870117,-1.3229163885116577,0.388116604422767,0.4127978883691745,0,0
-1.2519770860671997,-1.102735996246338,-1.3222968578338623,0.40734129024991234,0.3736450077739401,0,0
-1.2517672777175903,-1.1021881103515625,-1.3217617273330688,0.39536221919976966,0.39508731859214297,0,0
-1.2515782117843628,-1.1016449928283691,-1.3212873935699463,0.41752884785087,0.40402485048990366,0,0
-1.2514104843139648,-1.1011052131652832,-1.3208562135696411,0.4028982979330399,0.4077278668132153,0,0
-1.251267433166504,-1.1005655527114868,-1.3204680681228638,0.4055001691199791,0.408971563422039,0,0
-1.2511566877365112,-1.100021481513977,-1.320124864578247,0.40901412937876336,0.4114649317202996,0,0
-1.2510887384414673,-1.0994675159454346,-1.3198294639587402,0.4075671131541133,0.4103803708426028,0,0
-1.251076579093933,-1.0988969802856445,-1.3195735216140747,0.4232356355556517,0.4043837684052993,0,0
-1.2511342763900757,-1.0983023643493652,-1.319138526916504,0.3988972634070146,0.415300785627799,0,0
-1.2512731552124023,-1.0976769924163818,-1.3184282779693604,0.3993509290928111,0.4039855975240522,0,0
-1.2515002489089966,-1.097017526626587,-1.317573070526123,0.4098113493542717,0.4320285560819274,0,0
-1.2518213987350464,-1.0963224172592163,-1.3164409399032593,0.38277146377891397,0.40174876508381796,0,0
-1.252238154411316,-1.0955920219421387,-1.3153640031814575,0.4091648197810775,0.39524521029385384,0,0
-1.2527484893798828,-1.0948289632797241,-1.314338207244873,0.40995343481422797,0.4067764775317254,0,0
-1.2533491849899292,-1.094036340713501,-1.3133721351623535,0.41243611904332333,0.41725302329442077,0,0
-1.2540358304977417,-1.0932170152664185,-1.3124715089797974,0.4150907755304835,0.41624862671578894,0,0
-1.2548054456710815,-1.0923728942871094,-1.3116297721862793,0.4332786429731342,0.41088394451180543,0,0
-1.255656361579895,-1.0915043354034424,-1.3108363151550293,0.4149301080309807,0.42013284890559227,0,0
-1.256588339805603,-1.0906108617782593,-1.3100855350494385,0.4218595934663043,0.4257310834717843,0,0
-1.257602572441101,-1.0896916389465332,-1.3093740940093994,0.416545402453514,0.4178388813672518,0,0
-1.2587010860443115,-1.0887439250946045,-1.3086986541748047,0.42586898474793,0.4216801048212721,0,0
-1.2598861455917358,-1.0877654552459717,-1.3080601692199707,0.4252641246598509,0.42771619195481536,0,0
-1.261161208152771,-1.0867533683776855,-1.3074605464935303,0.4057718761631433,0.4098997075060799,1,1
-1.2625292539596558,-1.085705280303955,-1.3070778846740723,0.4229938014531327,0.39815622002102447,0,0
-1.2639902830123901,-1.0846201181411743,-1.3070068359375,0.42022714537675415,0.3962830714387869,0,0
-1.2655397653579712,-1.0834985971450806,-1.3071140050888062,0.416407386004519,0.41668899822284367,0,0
-1.2671712636947632,-1.0823423862457275,-1.3075087070465088,0.41531383875552763,0.3947251118509951,0,0
-1.268875002861023,-1.0811550617218018,-1.3080830574035645,0.4311406817672997,0.40846985442002015,0,0
-1.2706390619277954,-1.0799405574798584,-1.3087921142578125,0.4120888815283326,0.41770470405993415,0,0
-1.2724534273147583,-1.0787020921707153,-1.3095308542251587,0.4137788137740881,0.40992119535548793,0,0
-1.27431058883667,-1.0774424076080322,-1.3102483749389648,0.4202301192022387,0.4052667339719536,0,0
-1.2762060165405273,-1.0761643648147583,-1.310788869857788,0.3926161200968244,0.40752771983309205,0,0
-1.2781351804733276,-1.0748724937438965,-1.3112012147903442,0.4165206155988946,0.41597501135621184,0,0
-1.2800941467285156,-1.0735708475112915,-1.3115284442901611,0.4132567023591103,0.4120609684360177,0,0
-1.2820805311203003,-1.0722630023956299,-1.3118001222610474,0.41908251118745066,0.4238100349473388,0,0
-1.2840930223464966,-1.070950984954834,-1.3120368719100952,0.4336283636095859,0.4027513811983099,0,0
-1.2861316204071045,-1.0696356296539307,-1.3122577667236328,0.40418450951661755,0.4166702216471853,0,0
-1.2881978750228882,-1.0683164596557617,-1.31246018409729,0.4219915642165346,0.4185083564921577,0,0
-1.2902940511703491,-1.0669920444488525,-1.3126554489135742,0.4162998253277647,0.40763779638083847,0,0
-1.2924233675003052,-1.0656607151031494,-1.31284499168396,0.4263735172292401,0.4244845986454243,0,0
-1.2945888042449951,-1.0643198490142822,-1.313031792640686,0.41209381220674235,0.4142849746635788,0,0
-1.2967932224273682,-1.0629667043685913,-1.3132076263427734,0.4055997563901692,0.41591177127797335,0,0
-1.2990400791168213,-1.0615980625152588,-1.3131706714630127,0.38927669119570696,0.4092764485728152,0,0
-1.3013290166854858,-1.0602134466171265,-1.3130161762237549,0.4100009000183021,0.4410142304730356,0,0
-1.3036593198776245,-1.0588128566741943,-1.3127973079681396,0.4299844070240074,0.4109570145771543,0,0
-1.3060290813446045,-1.0573967695236206,-1.3125464916229248,0.41986520185512755,0.41271815918074817,0,0
-1.3084365129470825,-1.0559661388397217,-1.3122811317443848,0.4329586935089558,0.417540699301522,0,0
-1.3108794689178467,-1.0545213222503662,-1.3120144605636597,0.4080118719579167,0.4174605320273947,0,0
-1.3133560419082642,-1.0530624389648438,-1.3117538690567017,0.40334048099392555,0.41071209554816596,0,0
-1.3158652782440186,-1.0515894889831543,-1.3114943504333496,0.4182977172304064,0.41610761013554914,0,0
-1.318406343460083,-1.0501023530960083,-1.3112401962280273,0.40861827640427256,0.40664774708733975,0,0
-1.3209786415100098,-1.0486007928848267,-1.3109986782073975,0.40788826471401657,0.42149643266549536,0,0
-1.3235816955566406,-1.0470839738845825,-1.3107640743255615,0.42419761747062684,0.41478818504052356,0,0
-1.3262150287628174,-1.045552134513855,-1.3105425834655762,0.4227472258725691,0.40379090944798274,0,0
-1.3288787603378296,-1.0440047979354858,-1.3103299140930176,0.4263268988141965,0.4227221924051358,0,0
-1.3315725326538086,-1.0424416065216064,-1.3101245164871216,0.40763495304867836,0.4334544844281608,0,0
-1.3342959880828857,-1.040862798690796,-1.3099284172058105,0.4256765032148069,0.4264410016516113,0,0
-1.3370482921600342,-1.0392682552337646,-1.3097388744354248,0.4217604044724934,0.416538452551818,0,0
-1.3398292064666748,-1.0376577377319336,-1.3095579147338867,0.42354634945433656,0.4187384957781561,0,0
-1.3426377773284912,-1.0360318422317505,-1.3091846704483032,0.391415868657619,0.4105229568227857,0,0
-1.3454711437225342,-1.0343925952911377,-1.3087092638015747,0.43855497678529526,0.42121076585767786,0,0
-1.348325252532959,-1.0327430963516235,-1.308375597000122,0.4144186492954888,0.39796585545825064,0,0
-1.3511935472488403,-1.0310872793197632,-1.3083319664001465,0.4291050701007804,0.39997601042267894,1,1
-1.3540648221969604,-1.0294289588928223,-1.3084532022476196,0.4269693728847171,0.4056954716425985,0,0
-1.3569282293319702,-1.02777099609375,-1.308637261390686,0.4155023569395415,0.4154351396411724,0,0
-1.3597743511199951,-1.0261163711547852,-1.3088788986206055,0.4146953632543058,0.4262050645419998,0,0
-1.3625956773757935,-1.0244684219360352,-1.309207558631897,0.43515926507198754,0.4041117467337373,0,0
-1.365386724472046,-1.0228294134140015,-1.3095887899398804,0.41542376282243526,0.41426906000591945,0,0
-1.368146538734436,-1.0211999416351318,-1.3101437091827393,0.41385121900755906,0.39894027545636657,0,0
-1.370873212814331,-1.0195808410644531,-1.3107925653457642,0.40281961784300946,0.41531498825516333,0,0
-1.3735660314559937,-1.017972707748413,-1.311484932899475,0.42577032602020554,0.40763691765750604,0,0
-1.3762264251708984,-1.0163748264312744,-1.3121886253356934,0.42893277850957967,0.4102516416625931,0,0
-1.3788572549819946,-1.0147866010665894,-1.3130778074264526,0.4246815789026033,0.39561241277631426,0,0
-1.3814605474472046,-1.0132074356079102,-1.3140625953674316,0.4269077430132676,0.4133898130268693,0,0
-1.3840380907058716,-1.0116369724273682,-1.3150831460952759,0.42420595853053805,0.42257623130942923,0,0
-1.386592149734497,-1.010074257850647,-1.3161002397537231,0.42794196489090186,0.4347908003838777,0,0
-1.3891265392303467,-1.0085185766220093,-1.3171097040176392,0.40279713769174913,0.4071663729777701,0,0
-1.391645073890686,-1.0069682598114014,-1.3181049823760986,0.42049337746106397,0.41915324287916944,0,0
-1.3941527605056763,-1.0054216384887695,-1.3190728425979614,0.4107235798634125,0.4103148320321897,0,0
-1.3966550827026367,-1.0038760900497437,-1.3201920986175537,0.4081491516540047,0.3952771273333917,0,0
-1.3991554975509644,-1.0023305416107178,-1.3213869333267212,0.4265985147386665,0.41829934229039045,0,0
-1.4016568660736084,-1.0007835626602173,-1.3228027820587158,0.4014661059107763,0.3972027476023521,0,0
-1.4041584730148315,-0.9992355108261108,-1.3243107795715332,0.4227936347921684,0.4067658526035625,0,0
-1.40665864944458,-0.9976872801780701,-1.3258436918258667,0.40469645621220907,0.42513695381431116,0,0
-1.4091562032699585,-0.996139407157898,-1.327368140220642,0.4122946427829483,0.42626959727730007,0,0
-1.4116510152816772,-0.9945921301841736,-1.3290499448776245,0.413215999208246,0.3992868764527898,0,0
-1.4141405820846558,-0.993046224117279,-1.330796241760254,0.4058129660356842,0.4101489507749412,0,0
-1.4166229963302612,-0.9915027618408203,-1.3325557708740234,0.415469441168419,0.4224391350623311,0,0
-1.4190962314605713,-0.9899619221687317,-1.3342832326889038,0.40772734460773274,0.4076018446090296,0,0
-1.421560287475586,-0.988423228263855,-1.3359616994857788,0.4209008022373266,0.4112596726509428,0,0
-1.4240171909332275,-0.9868854880332947,-1.337384581565857,0.3932796160913521,0.4133231994443193,0,0
-1.426466941833496,-0.9853488802909851,-1.3384432792663574,0.3975612639533309,0.4029656860353227,0,0
-1.428907871246338,-0.9838153123855591,-1.3392789363861084,0.4114411525044974,0.42826545553294726,0,0
-1.4313381910324097,-0.9822877645492554,-1.3399709463119507,0.42232984086711234,0.4132531185074817,0,0
-1.4337565898895264,-0.9807690382003784,-1.3405662775039673,0.4179552792421294,0.43032187922621246,0,0
-1.4361639022827148,-0.9792608022689819,-1.3410959243774414,0.4241204230460525,0.4259194303411481,0,0
-1.438561201095581,-0.9777637720108032,-1.34158194065094,0.42434613314758995,0.4079858462321736,0,0
-1.4409507513046265,-0.9762771129608154,-1.3420320749282837,0.40369355140276236,0.41082073739839375,0,0
-1.4433374404907227,-0.9747989177703857,-1.342452883720398,0.4218605371445663,0.4056059836960461,0,0
-1.445725440979004,-0.9733262658119202,-1.3428497314453125,0.4070818286995697,0.4035590012586952,0,0
-1.4481195211410522,-0.9718562960624695,-1.343239665031433,0.4035092164751814,0.4162689581123636,0,0
-1.4505254030227661,-0.9703857898712158,-1.3436195850372314,0.42596554706615697,0.4055703987790378,0,0
-1.4529485702514648,-0.9689111709594727,-1.3439836502075195,0.4222381489673687,0.41309492616187604,1,1
-1.4553933143615723,-0.9674291014671326,-1.3441287279129028,0.402722292921579,0.5002896181044959,0,0
-1.4578620195388794,-0.9659374952316284,-1.344146490097046,0.4005744125967997,0.4873870484658109,0,0
-1.460354208946228,-0.9644356369972229,-1.3440951108932495,0.41806944830860293,0.49562881213570015,0,0
-1.46286940574646,-0.9629231691360474,-1.3440062999725342,0.40607849014150565,0.48690283862026795,0,0
-1.4654070138931274,-0.9613999724388123,-1.3438974618911743,0.43146594954097417,0.5063026022608073,0,0
-1.4679661989212036,-0.9598658680915833,-1.34377920627594,0.42288678149504194,0.5010053655798501,0,0
-1.4705463647842407,-0.9583204388618469,-1.343656063079834,0.4076869103530964,0.4879998706998068,0,0
-1.4731465578079224,-0.9567631483078003,-1.3435344696044922,0.42983574824236825,0.5073408905724867,0,0
-1.475766897201538,-0.9551937580108643,-1.3434174060821533,0.4066230372481103,0.4859219016418361,0,0
-1.4784075021743774,-0.9536111950874329,-1.343306064605713,0.40836787011393694,0.5068707370485495,0,0
-1.4810677766799927,-0.952014684677124,-1.3431973457336426,0.3986144333813064,0.5081399236269508,0,0
-1.4837487936019897,-0.9504035115242004,-1.3430955410003662,0.42296537854757177,0.5023575364122258,0,0
-1.4864507913589478,-0.9487770199775696,-1.3430042266845703,0.4192301906246868,0.4824146830345191,0,0
-1.4891738891601562,-0.9471344351768494,-1.3429161310195923,0.41255631214447575,0.501601363379198,0,0
-1.4919185638427734,-0.9454755783081055,-1.3428329229354858,0.4271919037950522,0.4889597036666354,0,0
-1.4946848154067993,-0.9438002109527588,-1.3427492380142212,0.42650518342521604,0.48295482617230917,0,0
-1.497472882270813,-0.9421083927154541,-1.3426705598831177,0.41693586123972326,0.4848563763247345,0,0
-1.5002822875976562,-0.9404001235961914,-1.3425931930541992,0.4163374368702984,0.5017582768039611,0,0
-1.5031123161315918,-0.9386759996414185,-1.3425179719924927,0.4166990994761466,0.4959652355777782,0,0
-1.5059632062911987,-0.9369364380836487,-1.342448115348816,0.4147793990284241,0.5031301321441773,0,0
-1.5088335275650024,-0.9351818561553955,-1.342383861541748,0.4222784605586015,0.5024775224470297,0,0
-1.5117225646972656,-0.9334132075309753,-1.3423229455947876,0.4268971836129128,0.4983928109710981,0,0
-1.5146292448043823,-0.9316308498382568,-1.34226393699646,0.4120465199978049,0.5005284464041975,0,0
-1.5175532102584839,-0.9298357963562012,-1.3422038555145264,0.43174960602870543,0.49723453303714105,0,0
-1.5204923152923584,-0.9280283451080322,-1.3421422243118286,0.4275109602811699,0.48608219888643256,0,0
-1.5234466791152954,-0.9262094497680664,-1.3420804738998413,0.44643652695227726,0.49962292122328533,0,0
-1.526414155960083,-0.9243800044059753,-1.342022180557251,0.4017117226191513,0.49128736202315093,0,0
-1.529394507408142,-0.9225407838821411,-1.3419710397720337,0.4047187368801611,0.4948951657539312,0,0
-1.5323865413665771,-0.9206926226615906,-1.341927170753479,0.40953361502441693,0.5015037104799611,0,0
-1.5353891849517822,-0.9188363552093506,-1.3418869972229004,0.4311247959455544,0.5098956122637729,0,0
-1.5384018421173096,-0.9169726371765137,-1.3418484926223755,0.3951376759174366,0.5102792905824058,0,0
-1.5414234399795532,-0.9151021838188171,-1.3418073654174805,0.40794666425574116,0.4951038169769614,0,0
-1.5444532632827759,-0.9132252931594849,-1.3417656421661377,0.42758277967704117,0.47546895630789654,0,0
-1.5474903583526611,-0.9113423824310303,-1.3417222499847412,0.4172055559336436,0.48925247890902274,0,0
-1.5505342483520508,-0.9094542264938354,-1.3416824340820312,0.3989912417818658,0.50162506543383,0,0
-1.5535844564437866,-0.9075610637664795,-1.3416467905044556,0.41110681679701994,0.4900649761109293,0,0
-1.5566402673721313,-0.9056639075279236,-1.341615915298462,0.42291884734596036,0.5206852926470814,0,0
-1.5597010850906372,-0.9037628173828125,-1.3415875434875488,0.40851037597070994,0.49816273271705025,0,0
-1.5627665519714355,-0.901858389377594,-1.3415591716766357,0.4207150954585618,0.49292213021025993,0,0
-1.5658365488052368,-0.8999506235122681,-1.3415310382843018,0.4035444919240174,0.4887201613333423,0,0
-1.5689102411270142,-0.8980401158332825,-1.3415011167526245,0.49527497291219047,0.5055949449161675,0,0
-1.571987509727478,-0.8961268663406372,-1.3414720296859741,0.49971314464404387,0.5127641671079759,0,0
-1.5750683546066284,-0.8942112326622009,-1.341444730758667,0.49914892075618633,0.4900589694016445,0,0
-1.5781517028808594,-0.8922936916351318,-1.3414192199707031,0.4989726155371649,0.5010392301844742,0,0
-1.581237554550171,-0.8903740644454956,-1.3413981199264526,0.4798348781957507,0.497442666501422,0,0
-1.5843260288238525,-0.8884527683258057,-1.3413779735565186,0.4946034621912017,0.4873814803906312,0,0
-1.5874165296554565,-0.8865301012992859,-1.3413585424423218,0.5220571503746193,0.48388526542357463,0,0
-1.5905096530914307,-0.8846059441566467,-1.341339349746704,0.5022073647819558,0.5084221502561329,0,0
-1.593604326248169,-0.8826805353164673,-1.3413199186325073,0.4941415230794693,0.49896323493584177,0,0
-1.596700668334961,-0.8807541131973267,-1.3413006067276,0.5038112311103676,0.5092053737089064,0,0
-1.5997991561889648,-0.8788265585899353,-1.3412830829620361,0.5116324655466518,0.4986857474603371,0,0
-1.6028985977172852,-0.8768980503082275,-1.3412673473358154,0.5004163041887033,0.4836032548923923,0,0
-1.60599946975708,-0.8749688863754272,-1.3412514925003052,0.5033801553184903,0.5019210860107532,0,0
-1.6091015338897705,-0.8730389475822449,-1.3412375450134277,0.48774238754509036,0.5103522645250634,0,0
-1.6122044324874878,-0.8711085319519043,-1.341225266456604,0.498730662683329,0.49386138908304056,0,0
-1.6153086423873901,-0.8691774010658264,-1.3412113189697266,0.4810063819743727,0.49907066643281106,0,0
-1.6184136867523193,-0.8672458529472351,-1.3411991596221924,0.5228245920207664,0.5107447889226988,0,0
-1.6215198040008545,-0.8653138875961304,-1.341186761856079,0.4887250534714932,0.48964327853850376,0,0
-1.624626874923706,-0.8633815050125122,-1.341174602508545,0.5036601288590085,0.49844976026491183,0,0
-1.6277341842651367,-0.8614488840103149,-1.3411623239517212,0.5053175417872202,0.49963523394717646,0,0
-1.6308422088623047,-0.859515905380249,-1.3411543369293213,0.4785540863431762,0.4946432888945476,0,0
-1.6339508295059204,-0.8575827479362488,-1.3411446809768677,0.5122391004863834,0.5080721323073372,0,0
-1.6370600461959839,-0.8556492924690247,-1.341135025024414,0.5017900335288222,0.5075363372694408,0,0
-1.6401697397232056,-0.8537156581878662,-1.3411282300949097,0.5026033920760935,0.5046697815269766,0,0
-1.6432801485061646,-0.8517819046974182,-1.3411210775375366,0.5065595913023402,0.5130447061396939,0,0
-1.6463909149169922,-0.8498480916023254,-1.3411141633987427,0.4954132014553187,0.4931344744992031,0,0
-1.649501919746399,-0.8479140996932983,-1.3411071300506592,0.5098250855917635,0.49809955569826125,0,0
-1.6526135206222534,-0.8459799289703369,-1.3410999774932861,0.49863289091023916,0.5123502397298176,0,0
-1.655725121498108,-0.8440457582473755,-1.3410931825637817,0.4993063483782864,0.4990531209451178,0,0
-1.6588371992111206,-0.8421114683151245,-1.3410861492156982,0.5046720290863906,0.5047846650906693,0,0
-1.6619495153427124,-0.8401769995689392,-1.3410817384719849,0.5160570050733873,0.5004226797961334,0,0
-1.6650621891021729,-0.8382424712181091,-1.341077446937561,0.5156098072636741,0.5045661779292601,0,0
-1.6681749820709229,-0.836307942867279,-1.341072916984558,0.5073628487905993,0.4799370527750058,0,0
-1.6712878942489624,-0.834373414516449,-1.3410687446594238,0.4975246551970424,0.47682381985480937,0,0
-1.674401044845581,-0.8324390053749084,-1.3410643339157104,0.5091371764560052,0.49619687085709074,0,0
-1.6775145530700684,-0.8305044770240784,-1.3410598039627075,0.4869390142784438,0.4992711940397772,0,0
-1.6806280612945557,-0.8285699486732483,-1.3410556316375732,0.5021466537710483,0.49431296915764145,0,0
-1.683741807937622,-0.826635479927063,-1.3410511016845703,0.5008383359575125,0.4930826874103372,0,0
-1.6868553161621094,-0.8247010707855225,-1.341046929359436,0.502261674499713,0.4910574976203081,0,0
-1.6899690628051758,-0.8227666616439819,-1.341042399406433,0.5215918227284091,0.5059697067159525,0,0
-1.6930831670761108,-0.8208321332931519,-1.341042399406433,0.5055555795125701,0.512041012572113,0,0
-1.696197271347046,-0.8188979029655457,-1.341042399406433,0.4975346515614203,0.5113091305361659,0,0
-1.6993114948272705,-0.8169634342193604,-1.341042399406433,0.490779907934685,0.5032710278627259,0,0
-1.7024255990982056,-0.8150290846824646,-1.341042399406433,0.4887728580033898,0.5068565133552646,0,0
-1.7055399417877197,-0.8130947351455688,-1.341042399406433,0.49162006429149707,0.5087161165140429,0,0
-1.7086542844772339,-0.8111604452133179,-1.341042399406433,0.4954589006839739,0.4956590573046065,0,0
-1.711768627166748,-0.8092261552810669,-1.341042399406433,0.5091350338565142,0.507430725036105,0,0
-1.7148832082748413,-0.8072918057441711,-1.341042399406433,0.511287033916683,0.5117171130810303,0,0
-1.7179979085922241,-0.8053575158119202,-1.341042399406433,0.5024719876045327,0.5053669032763818,0,0
-1.7211127281188965,-0.8034233450889587,-1.341042399406433,0.48617192795315667,0.505917077100116,0,0
-1.7242276668548584,-0.8014891147613525,-1.341042399406433,0.4904946855695963,0.5229006514246157,0,0
-1.7273424863815308,-0.7995548248291016,-1.341042399406433,0.5020126718055832,0.5212040728918435,0,0
-1.7304576635360718,-0.7976207137107849,-1.341042399406433,0.49940885391131057,0.4923606168399072,0,0
-1.7335726022720337,-0.7956864833831787,-1.341042399406433,0.4877589187172651,0.48523886310714087,0,0
-1.7366878986358643,-0.7937523126602173,-1.341042399406433,0.4939551031404704,0.49026233512530853,0,0
-1.7398033142089844,-0.7918182015419006,-1.341042399406433,0.49710324545690165,0.5134977941626865,0,0
-1.7429184913635254,-0.7898840308189392,-1.341042399406433,0.49907876190511113,0.4918069637294464,0,0
-1.7460339069366455,-0.7879499793052673,-1.341042399406433,0.4875535184669323,0.5030927275966917,0,0
-1.7491493225097656,-0.7860159277915955,-1.341042399406433,0.491826860068622,0.49059495884838095,0,0
-1.7522649765014648,-0.7840818166732788,-1.341042399406433,0.5148892727740021,0.49212280894245297,0,0
-1.755380630493164,-0.7821478247642517,-1.341042399406433,0.48877707542588034,0.49206693380234895,0,0
-1.7584964036941528,-0.7802133560180664,-1.3410390615463257,0.5015267715804751,0.5109254040657726,0,0
-1.7616115808486938,-0.7782819271087646,-1.3410309553146362,0.4936611151788165,0.5043983678850633,0,0
-1.7647242546081543,-0.7763627767562866,-1.341017723083496,0.5154785689765953,0.49024907750356816,0,0
-1.7678314447402954,-0.7744714617729187,-1.3410005569458008,0.49855130967593886,0.4801326955799924,0,0
-1.7709294557571411,-0.7726290225982666,-1.3409844636917114,0.49625104296024625,0.5082576578840072,0,0
-1.7740118503570557,-0.7708596587181091,-1.340969443321228,0.5135534517176618,0.5038924279812337,0,0
-1.77707040309906,-0.769187867641449,-1.340958595275879,0.497366300651993,0.5021825727355277,0,0
-1.7800967693328857,-0.767637312412262,-1.3409538269042969,0.4999004918888692,0.5162923634171938,0,0
-1.783083438873291,-0.7662299871444702,-1.3409510850906372,0.5026271220497908,0.5047657133776172,0,0
-1.7860238552093506,-0.7649862766265869,-1.3409500122070312,0.4988534105048634,0.4845660699586474,0,0
-1.788914442062378,-0.7639252543449402,-1.3409467935562134,0.5237699352284819,0.5076216000078903,0,0
-1.7917535305023193,-0.7630637884140015,-1.3409430980682373,0.507838268032524,0.48823790281532675,0,0
-1.7945404052734375,-0.7624150514602661,-1.3409401178359985,0.4883081955806294,0.5060111875470963,0,0
-1.7972749471664429,-0.7619871497154236,-1.3409408330917358,0.5085325093346215,0.49569262584597545,0,0
-1.79995596408844,-0.7617833614349365,-1.3409448862075806,0.509148018019663,0.5106279571709637,0,0
-1.8025835752487183,-0.761803388595581,-1.3409477472305298,0.5104911325677337,0.5111940227889953,0,0
-1.8051586151123047,-0.7620444297790527,-1.3409521579742432,0.5026137333427183,0.5076474312769635,0,0
-1.807681918144226,-0.7625007033348083,-1.3409576416015625,0.4856853172019542,0.4921286252701591,0,0
-1.8101552724838257,-0.7631643414497375,-1.3409645557403564,0.4941819374265539,0.5097611811853185,0,0
-1.8125807046890259,-0.7640255093574524,-1.3409700393676758,0.4921798838396139,0.5012160207947975,0,0
-1.8149609565734863,-0.765073299407959,-1.3409759998321533,0.4857995663814934,0.4893363406106136,0,0
-1.8172980546951294,-0.7662966251373291,-1.340982437133789,0.4838741478495626,0.507140364686142,0,0
-1.8195950984954834,-0.767683207988739,-1.3409888744354248,0.4908802130376293,0.5019461324987537,0,0
-1.821854591369629,-0.7692210674285889,-1.3409947156906128,0.5176021791342588,0.511844428737792,0,0
-1.8240795135498047,-0.7708981037139893,-1.3410022258758545,0.49848603190157525,0.5071340652256587,0,0
-1.8262735605239868,-0.7727028727531433,-1.3410080671310425,0.4917776876796768,0.4928795965620199,0,0
-1.8284399509429932,-0.774624764919281,-1.3410141468048096,0.495557599728751,0.4848147538426732,0,0
-1.8305824995040894,-0.7766531109809875,-1.3410189151763916,0.49878347106357274,0.523348700750461,0,0
-1.8327033519744873,-0.7787788510322571,-1.3410232067108154,0.5043853121325507,0.49627549846957125,0,0
-1.8348054885864258,-0.7809934020042419,-1.3410286903381348,0.5105093273101302,0.4939498251792495,0,0
-1.8368903398513794,-0.7832887768745422,-1.3410329818725586,0.5095115158944253,0.5106625178043345,0,0
-1.8389602899551392,-0.7856578826904297,-1.3410367965698242,0.5085394167493353,0.5080555818085553,0,0
-1.841016411781311,-0.7880939245223999,-1.341040849685669,0.5033222837222496,0.47565139982925214,0,0
-1.8430607318878174,-0.7905908823013306,-1.3410440683364868,0.5066934054666304,0.5212910966126281,0,0
-1.845094919204712,-0.7931433916091919,-1.341045618057251,0.5077462997205148,0.5139431681172539,0,0
-1.847119688987732,-0.7957463264465332,-1.3410485982894897,0.4964105580307559,0.5031391061873548,0,0
-1.8491356372833252,-0.798395037651062,-1.3410499095916748,0.5077732815062825,0.4868998320208761,0,0
-1.8511444330215454,-0.8010849356651306,-1.341051697731018,0.48812863241837595,0.5215221837758117,0,0
-1.853145718574524,-0.8038129806518555,-1.3410543203353882,0.49476682169417047,0.49129090942643094,0,0
-1.8551414012908936,-0.8065758943557739,-1.3410563468933105,0.4969374049896501,0.49418999059329755,0,0
-1.857131004333496,-0.8093708157539368,-1.3410576581954956,0.4856983033682761,0.5046615741865826,0,0
-1.859115719795227,-0.8121950030326843,-1.3410571813583374,0.49997441242774104,0.4857574157431402,0,0
-1.8610963821411133,-0.8150457739830017,-1.3410578966140747,0.5075440424237176,0.514413148187286,0,0
-1.863072395324707,-0.8179206848144531,-1.341058373451233,0.49390033500257946,0.4948962366381367,0,0
-1.8650447130203247,-0.8208177089691162,-1.3410587310791016,0.5065572147790447,0.5027076974420677,0,0
-1.8670135736465454,-0.8237350583076477,-1.3410574197769165,0.5045269334303376,0.4998710668287991,0,0
-1.8689788579940796,-0.8266704678535461,-1.3410567045211792,0.5032016220390576,0.4992024177980372,0,0
-1.8709410429000854,-0.829622745513916,-1.3410552740097046,0.4980089198603452,0.4828505739666655,0,0
-1.8729009628295898,-0.8325904011726379,-1.34105384349823,0.5100998798590722,0.5007424777370901,0,0
-1.8748587369918823,-0.8355720639228821,-1.3410522937774658,0.524286701376029,0.5002574303425741,0,0
-1.8768144845962524,-0.8385665416717529,-1.3410511016845703,0.4893931920879828,0.49958941064679563,0,0
-1.8787680864334106,-0.8415725231170654,-1.3410495519638062,0.5024869418607433,0.4990883972843269,0,0
-1.880719780921936,-0.8445889353752136,-1.3410481214523315,0.49605091544246943,0.5219551810110303,0,0
-1.8826698064804077,-0.8476147651672363,-1.341048240661621,0.5055440993053839,0.5083598979203154,0,0
-1.8846185207366943,-0.8506490588188171,-1.3410484790802002,0.48389595976779926,0.5077190746932391,0,0
-1.8865658044815063,-0.8536911606788635,-1.3410478830337524,0.5120977962048125,0.4933336769473315,0,0
-1.8885122537612915,-0.8567403554916382,-1.3410470485687256,0.4825522725342686,0.47894197110892806,0,0
-1.8904576301574707,-0.8597959876060486,-1.3410464525222778,0.5004536101426122,0.5073579766410979,0,0
-1.8924016952514648,-0.8628575205802917,-1.3410464525222778,0.5018497123051653,0.5165250590292119,0,0
-1.8943451642990112,-0.865924060344696,-1.3410457372665405,0.5151622731245625,0.5013630753842153,0,0
-1.8962875604629517,-0.8689953088760376,-1.3410452604293823,0.49284268872657283,0.5073300648955937,0,0
-1.8982291221618652,-0.8720709085464478,-1.3410451412200928,0.48946742500612866,0.508122088708396,0,0
-1.900170087814331,-0.8751502633094788,-1.3410444259643555,0.5123296039984337,0.49375592509109817,0,0
-1.9021103382110596,-0.8782333135604858,-1.3410435914993286,0.5189433910622642,0.5005966833047001,0,0
-1.904050350189209,-0.8813193440437317,-1.3410435914993286,0.5004011400830387,0.491965984970198,0,0
-1.9059895277023315,-0.8844084143638611,-1.3410438299179077,0.47272406338545025,0.49306079767701594,0,0
-1.9079283475875854,-0.8875001072883606,-1.3410429954528809,0.5009779141436596,0.5046365110358395,0,0
-1.9098666906356812,-0.8905940651893616,-1.3410429954528809,0.4943551396575869,0.4991591593464277,0,0
-1.9118045568466187,-0.8936899900436401,-1.3410429954528809,0.5045132033424446,0.48916024839857836,0,0
-1.9137424230575562,-0.8967881798744202,-1.3410422801971436,0.47184109666513474,0.4950950476244995,0,0
-1.9156795740127563,-0.8998878598213196,-1.3410413265228271,0.5090412567760757,0.49775593753523106,0,0
-1.917616367340088,-0.9029889106750488,-1.3410415649414062,0.49779416230880347,0.4923287856217267,0,0
-1.9195530414581299,-0.906091570854187,-1.3410415649414062,0.4947805564499598,0.5101914562177887,0,0
-1.9214897155761719,-0.9091954827308655,-1.3410415649414062,0.5115505395289262,0.49924091870252135,0,0
-1.9234256744384766,-0.9123008251190186,-1.3410414457321167,0.5225032564891499,0.48933066649905343,0,0
-1.9253618717193604,-0.9154069423675537,-1.3410415649414062,0.5047216934720213,0.5104158531861976,0,0
-1.927297592163086,-0.9185138940811157,-1.3410415649414062,0.5044529420037729,0.4957799777374513,0,0
-1.9292330741882324,-0.9216217994689941,-1.3410418033599854,0.4955743596634106,0.5142781908884545,0,0
-1.9311684370040894,-0.924730658531189,-1.3410418033599854,0.4821019091584424,0.5077360216910514,0,0
-1.9331036806106567,-0.9278398752212524,-1.3410418033599854,0.5009403456240107,0.511693275306224,0,0
-1.935038685798645,-0.9309501051902771,-1.3410416841506958,0.5075793127207475,0.4946398790011195,0,0
-1.9369734525680542,-0.9340606331825256,-1.3410416841506958,0.49319709477329743,0.5210252885056215,0,0
-1.9389082193374634,-0.9371716380119324,-1.3410416841506958,0.5072603331165355,0.4902277186406024,0,0
-1.940842866897583,-0.9402831792831421,-1.3410416841506958,0.4966572699159271,0.5101688297211041,0,0
-1.942777395248413,-0.9433951377868652,-1.3410418033599854,0.5010304572866247,0.4981696197750051,0,0
-1.9447118043899536,-0.9465075731277466,-1.3410418033599854,0.5130603748131016,0.5146896056906398,0,0
-1.9466462135314941,-0.9496201872825623,-1.3410418033599854,0.49364519940721324,0.497797610919815,0,0
-1.948580265045166,-0.9527332186698914,-1.3410418033599854,0.5041696891886158,0.5034841371915847,0,0
-1.950514554977417,-0.9558464884757996,-1.3410418033599854,0.4970904884362169,0.5162579885105675,0,0
-1.9524486064910889,-0.9589598774909973,-1.3410418033599854,0.510541122899284,0.5145063323290637,0,0
-1.9543824195861816,-0.9620736241340637,-1.3410418033599854,0.4925678047596041,0.5006152569498422,0,0
-1.956316351890564,-0.9651876091957092,-1.3410418033599854,0.49570418106693975,0.5047987638486685,0,0
-1.9582499265670776,-0.9683019518852234,-1.3410418033599854,0.5003361823312853,0.505068570653572,0,0
-1.9601837396621704,-0.9714162945747375,-1.3410418033599854,0.500127799534436,0.5070168580143982,0,0
-1.9621174335479736,-0.9745306968688965,-1.3410418033599854,0.5057209634438448,0.4955136502161798,0,0
-1.9640510082244873,-0.9776453971862793,-1.3410418033599854,0.4972352435699303,0.5204819289188383,0,0
-1.96598482131958,-0.9807602167129517,-1.3410418033599854,0.5051862959609608,0.5048452727461387,0,0
-1.9679185152053833,-0.983875036239624,-1.3410418033599854,0.4982514539364169,0.4944847063203429,0,0
-1.969852089881897,-0.9869898557662964,-1.3410418033599854,0.49798583312632916,0.5103195398885962,0,0
-1.9717856645584106,-0.9901049137115479,-1.3410418033599854,0.5182968990042812,0.5023501584287684,0,0
-1.9737190008163452,-0.9932198524475098,-1.3410418033599854,0.5001035347248435,0.49749796009626474,0,0
-1.9756525754928589,-0.9963348507881165,-1.3410418033599854,0.49353436315099913,0.5001994781523271,0,0
-1.9775861501693726,-0.9994500875473022,-1.3410418033599854,0.49676453959040595,0.5015556241586532,0,0
-1.9795197248458862,-1.0025650262832642,-1.3410418033599854,0.48992199227565014,0.510519275095521,0,0
-1.9814529418945312,-1.0056803226470947,-1.3410418033599854,0.4881854887003411,0.503961304396483,0,0
-1.9833862781524658,-1.0087958574295044,-1.3410418033599854,0.496116295889699,0.508490075824846,0,0
-1.9853196144104004,-1.011911153793335,-1.3410418033599854,0.5177482828260187,0.5131863631696157,0,0
-1.9872528314590454,-1.0150266885757446,-1.3410418033599854,0.49308024686583246,0.5002277342666329,0,0
-1.98918616771698,-1.0181421041488647,-1.3410418033599854,0.49732557325818033,0.5004958682283283,0,0
-1.9911195039749146,-1.021257996559143,-1.3410418033599854,0.5017789521527285,0.5009458248249711,0,0
-1.99305260181427,-1.0243736505508423,-1.3410418033599854,0.49603453312660695,0.4842298858589154,0,0
-1.994985580444336,-1.027489423751831,-1.3410418033599854,0.5005604224235931,0.5364152784591457,0,0
-1.9969185590744019,-1.0306053161621094,-1.3410418033599854,0.5147895483917789,0.522615557388545,0,0
-1.9988516569137573,-1.0337213277816772,-1.3410418033599854,0.5022753456397987,0.5175061414597851,0,0
-2.0007846355438232,-1.0368373394012451,-1.3410418033599854,0.4961028829471738,0.5001121595229391,0,0
-2.0027177333831787,-1.039953351020813,-1.3410418033599854,0.5028730172685894,0.5063564323228565,0,0
-2.004650831222534,-1.0430694818496704,-1.3410418033599854,0.49448444061695734,0.5021894735392142,0,0
-2.0065839290618896,-1.046185851097107,-1.3410418033599854,0.48671526723403663,0.48893343266829936,0,0
-2.008516550064087,-1.049302101135254,-1.3410418033599854,0.4950612171298817,0.49401506288032065,0,0
-2.010449171066284,-1.05241858959198,-1.3410418033599854,0.5024048672192463,0.5088335467186809,0,0
-2.0123822689056396,-1.0555347204208374,-1.341041922569275,0.5094898601124678,0.5169476091390435,0,0
-2.014315128326416,-1.058651328086853,-1.341041922569275,0.5103135331401658,0.4893838456639473,0,0
-2.0162479877471924,-1.0617676973342896,-1.341041922569275,0.4891504080714632,0.5048515574130714,0,0
-2.0181808471679688,-1.0648843050003052,-1.341041922569275,0.5008047781591436,0.4974047047180008,0,0
-2.020113706588745,-1.0680006742477417,-1.341041922569275,0.5155699903190741,0.5018831839855745,0,0
-2.0220465660095215,-1.0711170434951782,-1.341041922569275,0.4955526247729441,0.5055841402708761,0,0
-2.023979425430298,-1.0742335319519043,-1.341041922569275,0.4901841013536391,0.5173403362391772,0,0
-2.025912284851074,-1.0773497819900513,-1.341041922569275,0.4888666324069834,0.5096222987517104,0,0
-2.0278449058532715,-1.080466389656067,-1.341041922569275,0.5024372090073925,0.49006518633079854,0,0
-2.029777765274048,-1.0835826396942139,-1.341041922569275,0.48473108104247603,0.4960955642869154,0,0
-2.031710386276245,-1.0866990089416504,-1.341041922569275,0.5120513494303625,0.5014184245369433,0,0
-2.0336434841156006,-1.0898151397705078,-1.341041922569275,0.5044572381596528,0.512808749012937,0,0
-2.035576581954956,-1.0929315090179443,-1.341041922569275,0.488010012632621,0.5278729621408509,0,0
-2.0375094413757324,-1.0960476398468018,-1.341041922569275,0.5041090319113645,0.5018708976826668,0,0
-2.0394420623779297,-1.0991638898849487,-1.341041922569275,0.5114756457800852,0.4793092478247021,0,0
-2.041374921798706,-1.1022800207138062,-1.341041922569275,0.504086061978576,0.504100328586961,0,0
-2.0433077812194824,-1.105396032333374,-1.341041922569275,0.4928203232979637,0.5036047457998478,0,0
-2.045240879058838,-1.1085121631622314,-1.341041922569275,0.5068603047686556,0.5180911233326215,0,0
-2.047173500061035,-1.1116282939910889,-1.341041922569275,0.4991265996284292,0.4987687507982947,0,0
-2.0491063594818115,-1.1147445440292358,-1.341041922569275,0.4993401056773859,0.5245086996174764,0,0
-2.051039218902588,-1.1178605556488037,-1.341041922569275,0.5005919074579416,0.48476405192437544,0,0
-2.0529723167419434,-1.1209766864776611,-1.341041922569275,0.4792331060695103,0.5083688258632141,0,0
-2.0549049377441406,-1.1240925788879395,-1.341041922569275,0.5004133092061047,0.4972506969102269,0,0
-2.056837558746338,-1.1272087097167969,-1.341041922569275,0.4980015077980855,0.49445223819373413,0,0
-2.0587704181671143,-1.1303246021270752,-1.341041922569275,0.5096381775842883,0.47223957694060853,0,0
-2.0607028007507324,-1.1334407329559326,-1.341041922569275,0.48257918072936085,0.5093908702351949,0,0
-2.0626354217529297,-1.136556625366211,-1.341041922569275,0.4885889780662724,0.48253101111709473,0,0
-2.064567804336548,-1.1396726369857788,-1.341041922569275,0.5005671930818322,0.5214926807970708,0,0
-2.066500425338745,-1.1427884101867676,-1.341041922569275,0.5099370602556768,0.4903443685466342,0,0
-2.0684328079223633,-1.145904541015625,-1.341041922569275,0.49173931153145106,0.5092809575287854,0,0
-2.0703656673431396,-1.1490201950073242,-1.341041922569275,0.4951344884352621,0.5071330431490435,0,0
-2.072298288345337,-1.1521360874176025,-1.341041922569275,0.489798415139777,0.5000488565489242,0,0
-2.074230909347534,-1.1552518606185913,-1.341041922569275,0.5116393069530512,0.4877206381849058,0,0
-2.0761635303497314,-1.15836763381958,-1.341041922569275,0.49310261579431647,0.49179756714815354,0,0
-2.0780959129333496,-1.1614834070205688,-1.341041922569275,0.5108791786596651,0.507647512618559,0,0
-2.080028772354126,-1.1645992994308472,-1.341041922569275,0.4954893412303169,0.4960523388715937,0,0
-2.081961154937744,-1.167715072631836,-1.341041922569275,0.47484133768940484,0.49988339407371196,0,0
-2.0838935375213623,-1.1708307266235352,-1.341041922569275,0.48562791010440215,0.5002143064835411,0,0
-2.0858261585235596,-1.1739466190338135,-1.341041922569275,0.501582121010043,0.4954051796778887,0,0
-2.087758779525757,-1.1770621538162231,-1.341041922569275,0.507509660662535,0.505285899345308,0,0
-2.089691162109375,-1.180177927017212,-1.341041922569275,0.4953559789910448,0.5047530755572284,0,0
-2.0916240215301514,-1.1832934617996216,-1.341041922569275,0.49728081016457,0.49521229310486126,0,0
-2.0935566425323486,-1.1864091157913208,-1.341041922569275,0.5077773893831555,0.5016465412236334,0,0
-2.095489501953125,-1.18952476978302,-1.341041922569275,0.5192126466474436,0.5049033269568846,0,0
-2.0974221229553223,-1.1926403045654297,-1.341041922569275,0.5140144816412653,0.5081553214347867,0,0
-2.0993547439575195,-1.195755958557129,-1.341041922569275,0.5121342028552959,0.5006055674028667,0,0
-2.101287364959717,-1.198871374130249,-1.341041922569275,0.48777182974808436,0.49942035045443445,0,0
-2.103219985961914,-1.2019869089126587,-1.341041922569275,0.48911086388023495,0.5056792665549549,0,0
-2.1051526069641113,-1.2051023244857788,-1.341041922569275,0.4980199590056055,0.5026440643354849,0,0
-2.1070852279663086,-1.208217740058899,-1.341041922569275,0.5150168061318107,0.5070986877710386,0,0
-2.109017848968506,-1.211333155632019,-1.341041922569275,0.4894368325986529,0.49474813841551285,0,0
-2.110950231552124,-1.2144485712051392,-1.341041922569275,0.502048930134944,0.5066174961222265,0,0
-2.1128828525543213,-1.2175641059875488,-1.341041922569275,0.5052651200158524,0.5062333329680705,0,0
-2.1148154735565186,-1.2206794023513794,-1.341041922569275,0.4976620292163629,0.5101320938322721,0,0
-2.116748094558716,-1.223794937133789,-1.341041922569275,0.49506933738509024,0.5161348920044898,0,0
-2.118680715560913,-1.2269102334976196,-1.341041922569275,0.5038020332800659,0.5067691632569172,0,0
-2.1206135749816895,-1.2300255298614502,-1.341041922569275,0.50682391528455,0.5073543641891011,0,0
-2.1225459575653076,-1.2331409454345703,-1.341041922569275,0.5017806271087223,0.5032411431645148,0,0
-2.124478340148926,-1.2362560033798218,-1.341041922569275,0.4933602351729577,0.5009174291819918,0,0
-2.126411199569702,-1.239371418952942,-1.341041922569275,0.49140945687801935,0.4976736684357684,0,0
-2.1283438205718994,-1.242486834526062,-1.341041922569275,0.501948792909612,0.490940712877718,0,0
-2.130276679992676,-1.245602011680603,-1.341041922569275,0.4833540600659582,0.491956399080371,0,0
-2.132209062576294,-1.2487173080444336,-1.341041922569275,0.5058511399361312,0.5023324550492538,0,0
-2.134141683578491,-1.251832365989685,-1.341041922569275,0.5112056454258458,0.4917594535577752,0,0
-2.1360743045806885,-1.2549476623535156,-1.341041922569275,0.506677491157348,0.5173426492309858,0,0
-2.1380066871643066,-1.2580628395080566,-1.341041922569275,0.5003764683512979,0.5090783985573201,0,0
-2.139939069747925,-1.2611777782440186,-1.341041922569275,0.502936972652209,0.4902943899795876,0,0
-2.141871929168701,-1.2642929553985596,-1.341041922569275,0.4847642410887066,0.5005802001398424,0,0
-2.1438043117523193,-1.267408013343811,-1.341041922569275,0.5001840833455479,0.5094476248640954,0,0
-2.1457366943359375,-1.2705230712890625,-1.341041922569275,0.509182194345996,0.4849711915486133,0,0
-2.1476693153381348,-1.2736382484436035,-1.341041922569275,0.5045404043549307,0.48711117496202727,0,0
-2.149601697921753,-1.2767531871795654,-1.341041922569275,0.4921723461682306,0.4975648434156552,0,0
-2.1515345573425293,-1.279868245124817,-1.341041922569275,0.5008113375375883,0.5050952053983206,0,0
-2.1534671783447266,-1.282983422279358,-1.341041922569275,0.5029598097619541,0.49446332727017966,0,0
-2.155399799346924,-1.2860982418060303,-1.341041922569275,0.49377526054881327,0.5140639358860123,0,0
-2.1573326587677,-1.2892131805419922,-1.341041922569275,0.49973470188485963,0.5080402854748037,0,0
-2.1592652797698975,-1.2923282384872437,-1.341041922569275,0.5022335646528556,0.5054827433699819,0,0
-2.161198139190674,-1.295443058013916,-1.341041922569275,0.5223402678163243,0.4987912196663795,0,0
-2.16313099861145,-1.298557996749878,-1.341041922569275,0.5025941403894195,0.47220538845296345,0,0
-2.1650633811950684,-1.3016730546951294,-1.341041922569275,0.49618972080117363,0.49893756733624134,0,0
-2.1669957637786865,-1.3047877550125122,-1.341041922569275,0.49472890027486754,0.5026582570372634,0,0
-2.168928384780884,-1.3079025745391846,-1.341041922569275,0.49448342808630197,0.5020770124221872,0,0
-2.170861005783081,-1.3110175132751465,-1.341041922569275,0.5126128716667069,0.4819902562654357,0,0
-2.17279314994812,-1.3141320943832397,-1.341041922569275,0.5037324376843825,0.513907876466772,0,0
-2.1747255325317383,-1.317246913909912,-1.341041922569275,0.5004688591244973,0.49807915381250745,0,0
-2.1766581535339355,-1.320361852645874,-1.341041922569275,0.5023942465961455,0.49805010168994346,0,0
-2.1785905361175537,-1.3234765529632568,-1.341041922569275,0.5056367588457432,0.5078033097589683,0,0
-2.180523157119751,-1.3265912532806396,-1.341041922569275,0.528996369188,0.5226323734724612,0,0
-2.1824557781219482,-1.329706072807312,-1.341041922569275,0.516074198958349,0.5056687380575594,0,0
-2.1843881607055664,-1.3328206539154053,-1.341041922569275,0.5131088492717033,0.5170988471427552,0,0
-2.1863207817077637,-1.335935354232788,-1.341041922569275,0.5067065028973368,0.4949584919870008,0,0
-2.188253164291382,-1.3390501737594604,-1.341041922569275,0.4957319597324664,0.5110112169085256,0,0
-2.190185546875,-1.3421648740768433,-1.341041922569275,0.4924152239105279,0.5162917555174039,0,0
-2.192117929458618,-1.3452794551849365,-1.341041922569275,0.4933967777657348,0.5042545349707868,0,0
-2.1940503120422363,-1.3483941555023193,-1.341041922569275,0.5010412147858474,0.5133510354984429,0,0
-2.1959826946258545,-1.3515087366104126,-1.341041922569275,0.49103219493166567,0.5098067365713401,0,0
-2.1979150772094727,-1.3546231985092163,-1.341041922569275,0.49286918666385576,0.4962815406202838,0,0
-2.19984769821167,-1.3577377796173096,-1.341041922569275,0.5060335731292361,0.4901016894034156,0,0
-2.201780319213867,-1.3608524799346924,-1.341041922569275,0.4896663753495452,0.5067134684563049,0,0
-2.2037127017974854,-1.3639670610427856,-1.341041922569275,0.4953141725898216,0.491271711035361,0,0
-2.2056450843811035,-1.3670815229415894,-1.341041922569275,0.5058313598302676,0.4837442754146598,0,0
-2.2075774669647217,-1.3701961040496826,-1.341041922569275,0.501796233355429,0.5030880312333889,0,0
-2.2095096111297607,-1.3733106851577759,-1.341041922569275,0.4989240638198587,0.5011872067715493,0,0
-2.211441993713379,-1.37642502784729,-1.341041922569275,0.4922029986030496,0.498962230033251,0,0
-2.213374614715576,-1.3795394897460938,-1.341041922569275,0.4957171230322063,0.4851207872099783,0,0
-2.2153069972991943,-1.382654070854187,-1.341041922569275,0.48962889733871445,0.49124468711672625,0,0
-2.2172396183013916,-1.3857686519622803,-1.341041922569275,0.5075829312205707,0.4927495568759299,0,0
-2.219172239303589,-1.3888829946517944,-1.341041922569275,0.5047826606771446,0.5137629981654888,0,0
-2.221104621887207,-1.3919975757598877,-1.341041922569275,0.4955442364521545,0.4989400980144394,0,0
-2.2230372428894043,-1.3951120376586914,-1.341041922569275,0.5027366401526872,0.49189885981188003,0,0
-2.2249696254730225,-1.3982263803482056,-1.341041922569275,0.5103411842947364,0.5099767264893387,0,0
-2.2269020080566406,-1.4013404846191406,-1.341041922569275,0.48797198496545435,0.5052848056698911,0,0
-2.228834390640259,-1.4044547080993652,-1.341041922569275,0.49802170528862666,0.5031234638332691,0,0
-2.230766773223877,-1.407569169998169,-1.341041922569275,0.4950583906210044,0.506929889837793,0,0
-2.232699155807495,-1.4106836318969727,-1.341041922569275,0.5033286577690198,0.510010645809949,0,0
-2.2346315383911133,-1.4137977361679077,-1.341041922569275,0.4852057520410996,0.506871326707422,0,0
-2.2365641593933105,-1.4169119596481323,-1.341041922569275,0.4835127642259116,0.5050821471444912,0,0
-2.238496780395508,-1.420026183128357,-1.341041922569275,0.4992677368640177,0.5009620569992018,0,0
-2.240429162979126,-1.423140525817871,-1.341041922569275,0.49997056681123603,0.4865476039653037,0,0
-2.242361545562744,-1.4262547492980957,-1.341041922569275,0.4828802653152867,0.49412225930879045,0,0
-2.2442939281463623,-1.4293690919876099,-1.341041922569275,0.49461242163487823,0.5073853663480397,0,0
-2.2462260723114014,-1.432483434677124,-1.341041922569275,0.48762839478847786,0.48968493552471076,0,0
-2.2481584548950195,-1.435597538948059,-1.341041922569275,0.5061335686248039,0.4998728338087727,0,0
-2.250091075897217,-1.4387118816375732,-1.341041922569275,0.5128837772693982,0.5021286872297257,0,0
-2.252023696899414,-1.4418261051177979,-1.341041922569275,0.4916117750204854,0.5229843272047392,0,0
-2.253955841064453,-1.4449399709701538,-1.341041922569275,0.5038259471396013,0.4906282938394719,0,0
-2.255887985229492,-1.4480540752410889,-1.341041922569275,0.5155409112080644,0.5066508408256196,0,0
-2.2578203678131104,-1.451168179512024,-1.341041922569275,0.4935806969221277,0.4844626790619632,0,0
-2.2597527503967285,-1.4542824029922485,-1.341041922569275,0.506080957237069,0.4924822971584735,0,0
-2.2616851329803467,-1.4573966264724731,-1.341041922569275,0.5050435094828796,0.4793999171257982,0,0
-2.2636172771453857,-1.4605107307434082,-1.341041922569275,0.5015954800941888,0.5046485739745147,0,0
-2.265549659729004,-1.4636248350143433,-1.341041922569275,0.4951842500499248,0.5044332944987919,0,0
-2.267482280731201,-1.4667389392852783,-1.341041922569275,0.5114679837506761,0.49652317314843,0,0
-2.2694146633148193,-1.4698529243469238,-1.341041922569275,0.4919732827950283,0.49614806191804783,0,0
-2.2713472843170166,-1.4729666709899902,-1.341041922569275,0.5173234911736324,0.49193925756208357,0,0
-2.2732796669006348,-1.4760804176330566,-1.341041922569275,0.5041709854163715,0.5044713946663114,0,0
-2.275212049484253,-1.4791944026947021,-1.341041922569275,0.4959987451289134,0.5100780882359592,0,0
-2.277144193649292,-1.4823085069656372,-1.341041922569275,0.5025599302681216,0.4973304629473973,0,0
-2.27907657623291,-1.4854223728179932,-1.341041922569275,0.4959618925803178,0.4931441655462787,0,0
-2.2810089588165283,-1.4885364770889282,-1.341041922569275,0.4954334368806531,0.5094869163417277,0,0
-2.2829413414001465,-1.4916503429412842,-1.341041922569275,0.49743708792762403,0.5063900421860418,0,0
-2.2848734855651855,-1.494763970375061,-1.341041922569275,0.4956739252455228,0.4936203023894955,0,0
-2.2868058681488037,-1.497877836227417,-1.341041922569275,0.49214471335161664,0.4933320916107288,0,0
-2.288738250732422,-1.5009918212890625,-1.341041922569275,0.5036236622258432,0.48265553816191464,0,0
-2.290670871734619,-1.504105806350708,-1.341041922569275,0.47655746538534927,0.4755292998789383,0,0
-2.2926032543182373,-1.5072195529937744,-1.341041922569275,0.5106802328719102,0.50523723574347,0,0
-2.2945356369018555,-1.5103331804275513,-1.341041922569275,0.48191836804895083,0.5055012046542375,0,0
-2.2964680194854736,-1.5134469270706177,-1.341041922569275,0.5083432515232733,0.4811109306994847,0,0
-2.298400640487671,-1.5165609121322632,-1.341041922569275,0.5080820467759979,0.5042469188990081,0,0
-2.300333261489868,-1.5196748971939087,-1.341041922569275,0.4924651211351151,0.500948873010533,0,0
-2.3022656440734863,-1.5227887630462646,-1.341041922569275,0.5157143835081583,0.5037520442142286,0,0
-2.3041982650756836,-1.525902509689331,-1.341041922569275,0.5031102158760814,0.49366164988869593,0,0
-2.3061306476593018,-1.5290160179138184,-1.341041922569275,0.5083613922148152,0.4754854029919905,0,0
-2.308063268661499,-1.5321297645568848,-1.341041922569275,0.49606460525478696,0.5093880827320734,0,0
-2.3099958896636963,-1.5352437496185303,-1.341041922569275,0.5104583077872895,0.5003390501250562,0,0
-2.3119282722473145,-1.5383576154708862,-1.341041922569275,0.4992738443555589,0.48439474217410433,0,0
-2.3138606548309326,-1.5414714813232422,-1.341041922569275,0.49809830485639534,0.5070092191728149,0,0
-2.315793037414551,-1.5445852279663086,-1.341041922569275,0.5112685238003558,0.48047343531555453,0,0
-2.317725658416748,-1.5476988554000854,-1.341041922569275,0.4978254045986336,0.5129752491709452,0,0
-2.319658041000366,-1.5508124828338623,-1.341041922569275,0.4967776143627365,0.4926378082164512,0,0
-2.3215904235839844,-1.5539261102676392,-1.341041922569275,0.507531048190768,0.4984063252830871,0,0
-2.3235225677490234,-1.557039499282837,-1.341041922569275,0.49203784596656625,0.5076320559620561,0,0
-2.3254547119140625,-1.5601532459259033,-1.341041922569275,0.4970660593901622,0.4882385044129384,0,0
-2.3273868560791016,-1.5632668733596802,-1.341041922569275,0.5108224194516597,0.5051254798083646,0,0
-2.3293192386627197,-1.5663806200027466,-1.341041922569275,0.49484317413265116,0.5111229443609397,0,0
-2.331251382827759,-1.5694942474365234,-1.341041922569275,0.4839110562009051,0.4931290270144658,0,0
-2.333183526992798,-1.5726078748703003,-1.341041922569275,0.5010718837079389,0.4829213729204033,0,0
-2.335115432739258,-1.5757215023040771,-1.341041922569275,0.4829574627006446,0.4997451064089181,0,0
-2.337047576904297,-1.5788350105285645,-1.341041922569275,0.502714837722126,0.4945996425462382,0,0
-2.338979721069336,-1.5819486379623413,-1.341041922569275,0.5047184415489191,0.5018050035740725,0,0
-2.340911626815796,-1.5850621461868286,-1.341041922569275,0.4975851244787981,0.5030905070654473,0,0
-2.342843532562256,-1.5881757736206055,-1.341041922569275,0.5011151319689415,0.4911049670629322,0,0
-2.344775438308716,-1.5912892818450928,-1.341041922569275,0.505872016571707,0.5067992633692734,0,0
-2.346707820892334,-1.5944026708602905,-1.341041922569275,0.4847650828756748,0.5001085728391027,0,0
-2.348639726638794,-1.5975162982940674,-1.341041922569275,0.5008605560632077,0.5102989018976017,0,0
-2.350571870803833,-1.6006298065185547,-1.341041922569275,0.49647290769031827,0.4810809814168436,0,0
-2.352504253387451,-1.6037434339523315,-1.341041922569275,0.4996304441812918,0.4945130699377166,0,0
-2.3544363975524902,-1.6068569421768188,-1.341041922569275,0.4966741215556504,0.5078883891574448,0,0
-2.3563685417175293,-1.6099704504013062,-1.341041922569275,0.4899400021032887,0.493941783489899,0,0
-2.3583006858825684,-1.613083839416504,-1.341041922569275,0.5013212229511376,0.4917720669800639,0,0
-2.3602328300476074,-1.6161972284317017,-1.341041922569275,0.5036072063117977,0.4898838705389014,0,0
-2.3621649742126465,-1.619310736656189,-1.341041922569275,0.5067066359943608,0.4950121438722857,0,0
-2.3640973567962646,-1.6224241256713867,-1.341041922569275,0.4893582319689323,0.49229127826232405,0,0
-2.3660295009613037,-1.6255371570587158,-1.341041922569275,0.4919814872897925,0.48536210873215774,0,0
-2.3679616451263428,-1.6286505460739136,-1.341041922569275,0.4986526072280542,0.4913588090413212,0,0
-2.369893789291382,-1.6317640542984009,-1.341041922569275,0.47638023473292374,0.511849014862377,0,0
-2.371826171875,-1.6348774433135986,-1.341041922569275,0.49188397397965505,0.49587147271204096,0,0
-2.373758316040039,-1.6379907131195068,-1.341041922569275,0.4981906812495154,0.5063076483777504,0,0
-2.375690221786499,-1.6411041021347046,-1.341041922569275,0.5116125080927153,0.499213246802566,0,0
-2.377622365951538,-1.6442173719406128,-1.341041922569275,0.48105034559392196,0.4968789769862257,0,0
-2.3795547485351562,-1.647330641746521,-1.341041922569275,0.4939626059054397,0.5074237670531772,0,0
-2.3814868927001953,-1.6504439115524292,-1.341041922569275,0.5147792354224354,0.5053973476503157,0,0
-2.3834192752838135,-1.6535570621490479,-1.341041922569275,0.4963707589784452,0.48649700920823824,0,0
-2.3853514194488525,-1.656670331954956,-1.341041922569275,0.5170777852866653,0.5157364679477444,0,0
-2.3872833251953125,-1.6597836017608643,-1.341041922569275,0.49479226058714526,0.5074667031574477,0,0
-2.3892154693603516,-1.662896752357483,-1.341041922569275,0.48930969504714134,0.5075133686363829,0,0
-2.3911476135253906,-1.6660100221633911,-1.341041922569275,0.501135053737705,0.508021392667899,0,0
-2.3930797576904297,-1.6691231727600098,-1.341041922569275,0.49618979300475935,0.5062104611962304,0,0
-2.3950119018554688,-1.672236442565918,-1.341041922569275,0.4994808432365383,0.49495361464992227,0,0
-2.396944046020508,-1.6753495931625366,-1.341041922569275,0.5139352286493953,0.511001190394032,0,0
-2.3988759517669678,-1.6784627437591553,-1.341041922569275,0.4847198198730277,0.506355936711768,0,0
-2.400808334350586,-1.681575894355774,-1.341041922569275,0.5110941593925844,0.4929489923934845,0,0
-2.402740240097046,-1.6846890449523926,-1.341041922569275,0.5011320646720029,0.4855431518615732,0,0
-2.404672384262085,-1.6878020763397217,-1.341041922569275,0.48969765789982633,0.5167743037902119,0,0
-2.406604528427124,-1.6909152269363403,-1.341041922569275,0.4964954166363068,0.48372767393324734,0,0
-2.408536434173584,-1.694028377532959,-1.341041922569275,0.5095952254021688,0.48665333522242404,0,0
-2.410468339920044,-1.6971415281295776,-1.341041922569275,0.5022052024307706,0.5056059988673591,0,0
-2.412400245666504,-1.7002546787261963,-1.341041922569275,0.49920971927419217,0.47838469441652237,0,0
-2.414332389831543,-1.7033677101135254,-1.341041922569275,0.4861596271052081,0.5200918044416987,0,0
-2.416264533996582,-1.706480860710144,-1.341041922569275,0.4966777725766853,0.5064473562687212,0,0
-2.418196678161621,-1.709593653678894,-1.341041922569275,0.5019939718342399,0.4947682198997736,0,0
-2.42012882232666,-1.7127068042755127,-1.341041922569275,0.5068856757243716,0.5044061258849173,0,0
-2.422060966491699,-1.7158198356628418,-1.341041922569275,0.5014382136356064,0.49967772413393824,0,0
-2.4239933490753174,-1.718932867050171,-1.341041922569275,0.48762087749621374,0.5021274563895455,0,0
-2.4259257316589355,-1.7220460176467896,-1.341041922569275,0.514129514230082,0.4962304159254176,0,0
-2.4278576374053955,-1.7251590490341187,-1.341041922569275,0.5100042975110559,0.49282890317957495,0,0
-2.4297900199890137,-1.7282721996307373,-1.341041922569275,0.5206228233397581,0.5155860750572685,0,0
-2.4317221641540527,-1.7313852310180664,-1.341041922569275,0.500132316357486,0.48730967508685763,0,0
-2.433654308319092,-1.7344982624053955,-1.341041922569275,0.48655564690292763,0.5082390217913104,0,0
-2.4355862140655518,-1.7376112937927246,-1.341041922569275,0.4950861327061768,0.5087324642287049,0,0
-2.4375181198120117,-1.7407243251800537,-1.341041922569275,0.5107974024667636,0.5018056789640848,0,0
-2.4394500255584717,-1.7438372373580933,-1.341041922569275,0.5035336781037526,0.49632905662235205,0,0
-2.44138240814209,-1.7469501495361328,-1.341041922569275,0.49394417486315034,0.5027762857685305,0,0
-2.44331431388855,-1.7500630617141724,-1.341041922569275,0.49430894199043923,0.474218072943693,0,0
-2.4452462196350098,-1.7531758546829224,-1.341041922569275,0.4852817455871484,0.49374586605785054,0,0
-2.447178363800049,-1.756288766860962,-1.341041922569275,0.48922378521257415,0.492651989994759,0,0
-2.449110746383667,-1.7594014406204224,-1.341041922569275,0.5092849201928379,0.48296653307136256,0,0
-2.451042652130127,-1.762514352798462,-1.341041922569275,0.5104607999657027,0.5112208380830419,0,0
-2.452975034713745,-1.7656272649765015,-1.341041922569275,0.5239948253963789,0.5093679709648405,0,0
-2.454906940460205,-1.768740177154541,-1.341041922569275,0.4867363807026765,0.49440183623260014,0,0
-2.4568393230438232,-1.771852970123291,-1.341041922569275,0.509061193387788,0.49955746756425684,0,0
-2.4587714672088623,-1.7749658823013306,-1.341041922569275,0.4804225580579708,0.5011176687338527,0,0
-2.4607038497924805,-1.7780786752700806,-1.341041922569275,0.5139746224039298,0.505348818417222,0,0
-2.4626359939575195,-1.7811914682388306,-1.341041922569275,0.5010556100602976,0.5033662736782942,0,0
-2.4645678997039795,-1.7843043804168701,-1.341041922569275,0.5181806836688464,0.4961696829479188,0,0
-2.4664998054504395,-1.7874172925949097,-1.341041922569275,0.49978656411819494,0.49660503446441234,0,0
-2.4684317111968994,-1.7905298471450806,-1.341041922569275,0.5025417049065609,0.48701799409781044,0,0
-2.4703640937805176,-1.7936426401138306,-1.341041922569275,0.5117989221636529,0.5047784051295389,0,0
-2.4722959995269775,-1.7967555522918701,-1.341041922569275,0.4968170469773489,0.5007931079001268,0,0
-2.4742281436920166,-1.7998684644699097,-1.341041922569275,0.5138920878686749,0.5154230371501569,0,0
-2.4761605262756348,-1.8029812574386597,-1.341041922569275,0.504716199715541,0.5154083663971464,0,0
-2.478092670440674,-1.8060941696166992,-1.341041922569275,0.513671700674057,0.5064971881382467,0,0
-2.480024814605713,-1.8092070817947388,-1.341041922569275,0.4902325973417856,0.49078723503039756,0,0
-2.481956720352173,-1.8123198747634888,-1.341041922569275,0.511476341700858,0.5092925512630141,0,0
-2.483888626098633,-1.8154327869415283,-1.341041922569275,0.5059879379665821,0.5026945062181322,0,0
-2.485821008682251,-1.8185456991195679,-1.341041922569275,0.48680283495730203,0.5024548543427997,0,0
-2.487752914428711,-1.8216584920883179,-1.341041922569275,0.48804144350870865,0.4996880633950826,0,0
-2.48968505859375,-1.8247711658477783,-1.341041922569275,0.4843975788249111,0.5119136591429174,0,0
-2.491617441177368,-1.8278838396072388,-1.341041922569275,0.5062194572301186,0.5092310462740414,0,0
-2.4935498237609863,-1.8309966325759888,-1.341041922569275,0.46959955288342736,0.49909055495830895,0,0
-2.4954817295074463,-1.8341093063354492,-1.341041922569275,0.478002655140181,0.46908552956681004,0,0
-2.4974136352539062,-1.8372218608856201,-1.341041922569275,0.5072088964990822,0.49567305391636585,0,0
-2.499345541000366,-1.8403345346450806,-1.341041922569275,0.500990230133806,0.4965023705602189,0,0
-2.5012779235839844,-1.8434473276138306,-1.341041922569275,0.49478906394109945,0.5048370752024155,0,0
-2.5032100677490234,-1.846560001373291,-1.341041922569275,0.5085414345723346,0.49909670702634334,0,0
-2.5051422119140625,-1.849672555923462,-1.341041922569275,0.48665002088577636,0.47976218466887727,0,0
-2.5070743560791016,-1.8527852296829224,-1.341041922569275,0.5106754504327656,0.5011123320522574,0,0
-2.5090067386627197,-1.8558979034423828,-1.341041922569275,0.5044903831921597,0.500318539367807,0,0
-2.5109386444091797,-1.8590105772018433,-1.341041922569275,0.4943909737148842,0.5076029397231785,0,0
-2.512871026992798,-1.8621231317520142,-1.341041922569275,0.5078432321271865,0.5108481089764068,0,0
-2.514802932739258,-1.8652355670928955,-1.341041922569275,0.5075771163278059,0.49750618550741865,0,0
-2.516735076904297,-1.8683481216430664,-1.341041922569275,0.48044556169037256,0.4820111956709564,0,0
-2.518667459487915,-1.8714606761932373,-1.341041922569275,0.5205999914637712,0.5150995602491406,0,0
-2.520599842071533,-1.8745732307434082,-1.341041922569275,0.4966738204337215,0.49371821788736026,0,0
-2.5225319862365723,-1.8776859045028687,-1.341041922569275,0.49024433656990035,0.4844101561395956,0,0
-2.5244641304016113,-1.88079833984375,-1.341041922569275,0.511567987655645,0.507831886190623,0,0
-2.5263960361480713,-1.883910894393921,-1.341041922569275,0.5258984233697905,0.5031247238232602,0,0
-2.5283281803131104,-1.8870234489440918,-1.341041922569275,0.4996547252725741,0.48580827436425195,0,0
-2.5302603244781494,-1.8901361227035522,-1.341041922569275,0.5127111309531456,0.5002142906936639,0,0
-2.5321922302246094,-1.8932486772537231,-1.341041922569275,0.5068338260211782,0.4871805153538057,0,0
-2.5341246128082275,-1.8963611125946045,-1.341041922569275,0.5004021564605079,0.4928929399454489,0,0
-2.5360567569732666,-1.899473786354065,-1.341041922569275,0.4788600261129919,0.4962013948607537,0,0
-2.5379889011383057,-1.9025863409042358,-1.341041922569275,0.4986260799849791,0.48766799895420515,0,0
-2.5399208068847656,-1.9056988954544067,-1.341041922569275,0.48403840789801117,0.5071334157129422,0,0
-2.5418527126312256,-1.9088114500045776,-1.341041922569275,0.4989465407756223,0.5048241788642907,0,0
-2.5437846183776855,-1.9119237661361694,-1.341041922569275,0.4961691545523355,0.5080027498971597,0,0
-2.5457170009613037,-1.9150363206863403,-1.341041922569275,0.4977946645186028,0.516559257275234,0,0
-2.5476491451263428,-1.9181487560272217,-1.341041922569275,0.5106109951149997,0.5101843746019987,0,0
-2.549581527709961,-1.921261191368103,-1.341041922569275,0.4991045768265426,0.4940298745405757,0,0
-2.551513433456421,-1.9243735074996948,-1.341041922569275,0.5036772396979325,0.509264630995391,0,0
-2.553445339202881,-1.9274859428405762,-1.341041922569275,0.5012398868364848,0.5023256436667716,0,0
-2.5553770065307617,-1.930598258972168,-1.341041922569275,0.49449849377285654,0.5018509403225512,0,0
-2.5573086738586426,-1.9337108135223389,-1.341041922569275,0.4973235580172426,0.5060689552576949,0,0
-2.5592405796051025,-1.9368231296539307,-1.341041922569275,0.5060087148367882,0.4934388096425605,0,0
-2.5611727237701416,-1.939935564994812,-1.341041922569275,0.507086197725733,0.496378912167838,0,0
-2.5631046295166016,-1.9430480003356934,-1.341041922569275,0.48935191291303526,0.4978692357164583,0,0
-2.5650365352630615,-1.9461603164672852,-1.341041922569275,0.48906541833720685,0.5171599613072665,0,0
-2.5669686794281006,-1.9492727518081665,-1.341041922569275,0.5066389997351435,0.49940457480989764,0,0
-2.5689003467559814,-1.9523851871490479,-1.341041922569275,0.5007870856533548,0.49763481805717596,0,0
-2.5708324909210205,-1.9554975032806396,-1.341041922569275,0.5058664424058704,0.49969570695412274,0,0
-2.5727646350860596,-1.9586095809936523,-1.341041922569275,0.5005464477456537,0.4946533684582633,0,0
-2.5746967792510986,-1.9617218971252441,-1.341041922569275,0.49242692110574665,0.4977947511303323,0,0
-2.5766286849975586,-1.9648343324661255,-1.341041922569275,0.49463119949389467,0.5009571941231521,0,0
-2.5785605907440186,-1.9679466485977173,-1.341041922569275,0.49010096934431296,0.4864847892406142,0,0
-2.5804924964904785,-1.971058964729309,-1.341041922569275,0.48912425329141174,0.4923207211569531,0,0
-2.5824241638183594,-1.9741712808609009,-1.341041922569275,0.5096523106963372,0.4975060859935585,0,0
-2.5843558311462402,-1.9772833585739136,-1.341041922569275,0.5018111747723152,0.5075478353508526,0,0
-2.5862879753112793,-1.980395793914795,-1.341041922569275,0.5056466815409653,0.5132912086761641,0,0
-2.58821964263916,-1.9835082292556763,-1.341041922569275,0.49997194291113073,0.49176040260937787,0,0
-2.590151309967041,-1.9866206645965576,-1.341041922569275,0.5076499120618125,0.49589589486405194,0,0
-2.592083215713501,-1.9897328615188599,-1.341041922569275,0.5007623172259967,0.49270122932738586,0,0
-2.594015121459961,-1.9928452968597412,-1.341041922569275,0.507931533252335,0.507238113718043,0,0
-2.595946788787842,-1.9959577322006226,-1.341041922569275,0.4938577828502377,0.5052832467930919,0,0
-2.5978786945343018,-1.9990700483322144,-1.341041922569275,0.5035922466189909,0.5011450127303239,0,0
-2.599810838699341,-2.0021822452545166,-1.341041922569275,0.48349306924113,0.5119482824848944,0,0
-2.60174298286438,-2.0052945613861084,-1.341041922569275,0.49253498710845867,0.4937104745855505,0,0
-2.603675127029419,-2.0084068775177,-1.341041922569275,0.48438486295135097,0.5110953489451244,0,0
-2.605607032775879,-2.011519193649292,-1.341041922569275,0.5185629455008782,0.5004950944026509,0,0
-2.6075387001037598,-2.014631509780884,-1.341041922569275,0.5163244376996582,0.49471507701984746,0,0
-2.6094703674316406,-2.0177438259124756,-1.341041922569275,0.493685914586189,0.481492367741233,0,0
-2.6114020347595215,-2.0208561420440674,-1.341041922569275,0.5107029063714155,0.5106546943033489,0,0
-2.6133337020874023,-2.023968458175659,-1.341041922569275,0.5137153131296459,0.482514273238657,0,0
-2.6152656078338623,-2.027080774307251,-1.341041922569275,0.5031800240048986,0.49593656818216386,0,0
-2.6171977519989014,-2.0301928520202637,-1.341041922569275,0.5143033212872233,0.48038655240411793,0,0
-2.6191296577453613,-2.0333049297332764,-1.341041922569275,0.5067724054587812,0.5055006555096241,0,0
-2.621061325073242,-2.036417007446289,-1.341041922569275,0.4961572629794955,0.49580488501580333,0,0
-2.622992992401123,-2.0395290851593018,-1.341041922569275,0.5017018368920171,0.5067269432472674,0,0
-2.624924898147583,-2.0426411628723145,-1.341041922569275,0.48888860134158335,0.4991664906638035,0,0
-2.626857042312622,-2.045753240585327,-1.341041922569275,0.49799416588863493,0.4951317816596178,0,0
-2.628788948059082,-2.04886531829834,-1.341041922569275,0.5102862103351203,0.5033317537470006,0,0
-2.630720853805542,-2.0519773960113525,-1.341041922569275,0.5072311921625688,0.5103043230756068,0,0
-2.632652997970581,-2.0550894737243652,-1.341041922569275,0.5135488796241516,0.49493005057564965,0,0
-2.634584665298462,-2.058201551437378,-1.341041922569275,0.5035629375947486,0.5195112873481093,0,0
-2.636516809463501,-2.0613133907318115,-1.341041922569275,0.4938593323958342,0.5105869629461681,0,0
-2.63844895362854,-2.064425468444824,-1.341041922569275,0.48050905107176417,0.4885829943067994,0,0
-2.640381097793579,-2.067537546157837,-1.341041922569275,0.5043160035113737,0.48820898663843737,0,0
-2.642313003540039,-2.0706496238708496,-1.341041922569275,0.4870644620348679,0.48601668788830393,0,0
-2.644244909286499,-2.073761463165283,-1.341041922569275,0.47949671589021337,0.4968730637967838,0,0
-2.646176815032959,-2.076873779296875,-1.341041922569275,0.49199960573246376,0.5060475556032068,0,0
-2.64810848236084,-2.0799858570098877,-1.341041922569275,0.5103940653536789,0.5071411269599877,0,0
-2.6500401496887207,-2.0830979347229004,-1.341041922569275,0.490066503209846,0.5056892743271718,0,0
-2.6519722938537598,-2.086210012435913,-1.341041922569275,0.5144006228540422,0.53075067185095,0,0
-2.6539039611816406,-2.089322090148926,-1.341041922569275,0.49277061149096146,0.5094266204537523,0,0
-2.6558356285095215,-2.0924341678619385,-1.341041922569275,0.5006585176276959,0.4880447067973858,0,0
-2.6577675342559814,-2.095546245574951,-1.341041922569275,0.49086120243837195,0.49015560779102024,0,0
-2.6596994400024414,-2.098658561706543,-1.341041922569275,0.5147288487684746,0.5093002477439794,0,0
-2.6616311073303223,-2.1017704010009766,-1.341041922569275,0.5104492430933666,0.4925110451361568,0,0
-2.6635630130767822,-2.1048824787139893,-1.341041922569275,0.49269777414674665,0.49304164867037553,0,0
-2.6654951572418213,-2.107994556427002,-1.341041922569275,0.4911001388713474,0.5104469670603772,0,0
-2.6674273014068604,-2.1111066341400146,-1.341041922569275,0.5123853829092736,0.5064303554973021,0,0
-2.6693594455718994,-2.1142184734344482,-1.341041922569275,0.4978134522119903,0.5174285029583082,0,0
-2.6712913513183594,-2.117330551147461,-1.341041922569275,0.4873175421801245,0.5019075438176457,0,0
-2.6732230186462402,-2.1204426288604736,-1.341041922569275,0.5091820651946818,0.49711413543724964,0,0
-2.675154685974121,-2.1235547065734863,-1.341041922569275,0.5131493698213587,0.49484859522126623,0,0
-2.677086353302002,-2.12666654586792,-1.341041922569275,0.4884287820343114,0.5097550357019409,0,0
-2.679018020629883,-2.1297786235809326,-1.341041922569275,0.500340151745786,0.5107292440224136,0,0
-2.6809499263763428,-2.1328907012939453,-1.341041922569275,0.5130746270857575,0.5096178385980552,0,0
-2.682882070541382,-2.136002779006958,-1.341041922569275,0.5084849070880816,0.5073505883320478,0,0
-2.684813976287842,-2.1391148567199707,-1.341041922569275,0.5039055329124869,0.5115830313154359,0,0
-2.6867456436157227,-2.1422266960144043,-1.341041922569275,0.5043745723136402,0.48348700142579876,0,0
-2.6886773109436035,-2.145338535308838,-1.341041922569275,0.5091873411049458,0.4994088813038977,0,0
-2.6906092166900635,-2.1484503746032715,-1.341041922569275,0.49946823566772136,0.5030931958109609,0,0
-2.6925413608551025,-2.151562213897705,-1.341041922569275,0.5056513420343102,0.4872001036495822,0,0
-2.6944732666015625,-2.1546740531921387,-1.341041922569275,0.4965083669252553,0.5083094826513895,0,0
-2.6964051723480225,-2.1577858924865723,-1.341041922569275,0.4930028797567333,0.5112198324301187,0,0
-2.6983373165130615,-2.160897731781006,-1.341041922569275,0.4956477736511246,0.48632712769901154,0,0
-2.7002689838409424,-2.1640095710754395,-1.341041922569275,0.5167698468039874,0.5051008291785495,0,0
-2.7022011280059814,-2.167121648788452,-1.341041922569275,0.4920365182181969,0.48768505964599923,0,0
-2.7041332721710205,-2.170233726501465,-1.341041922569275,0.49833772308037244,0.48854994620703,0,0
-2.7060654163360596,-2.1733455657958984,-1.341041922569275,0.5140731688877628,0.5163636382586667,0,0
-2.7079973220825195,-2.176457405090332,-1.341041922569275,0.49312263781443105,0.48861147052659837,0,0
-2.7099292278289795,-2.1795692443847656,-1.341041922569275,0.5046027322435506,0.49113384914370334,0,0
-2.7118611335754395,-2.18268084526062,-1.341041922569275,0.4939794201541152,0.5020403824287248,0,0
-2.7137928009033203,-2.1857926845550537,-1.341041922569275,0.487300820809898,0.48114917465404294,0,0
-2.715724468231201,-2.1889045238494873,-1.341041922569275,0.5001330044524287,0.5110836345038807,0,0
-2.7176566123962402,-2.192016363143921,-1.341041922569275,0.49825405095830005,0.487503372639588,0,0
-2.719588279724121,-2.1951282024383545,-1.341041922569275,0.4946666874737259,0.4948170013464235,0,0
-2.721519947052002,-2.198240041732788,-1.341041922569275,0.49964894132256005,0.48361476452576246,0,0
-2.723451852798462,-2.2013518810272217,-1.341041922569275,0.48847722905737784,0.495463104371357,0,0
-2.725383758544922,-2.2044637203216553,-1.341041922569275,0.4962072760955012,0.4948756501606801,0,0
-2.7273154258728027,-2.207575798034668,-1.341041922569275,0.5055956214680116,0.5082757803957548,0,0
-2.7292473316192627,-2.2106876373291016,-1.341041922569275,0.5163670566817887,0.501247570601749,0,0
-2.7311794757843018,-2.213799476623535,-1.341041922569275,0.4910553074894634,0.493683570156995,0,0
-2.733111619949341,-2.2169110774993896,-1.341041922569275,0.48261397554817603,0.5042275497640603,0,0
-2.73504376411438,-2.2200229167938232,-1.341041922569275,0.4949471588751836,0.5011951714960998,0,0
-2.73697566986084,-2.223134756088257,-1.341041922569275,0.507720276785416,0.48964957826391325,0,0
-2.7389073371887207,-2.2262465953826904,-1.341041922569275,0.5044435926344893,0.4899566247348183,0,0
-2.7408390045166016,-2.229358434677124,-1.341041922569275,0.5036973125128213,0.4889783257424496,0,0
-2.7427706718444824,-2.2324702739715576,-1.341041922569275,0.4904132273735643,0.5041764688485867,0,0
-2.7447023391723633,-2.235582113265991,-1.341041922569275,0.47563169969091157,0.49764331789850663,0,0
-2.7466342449188232,-2.238693952560425,-1.341041922569275,0.5045556444544883,0.48272978403366223,0,0
-2.7485663890838623,-2.2418057918548584,-1.341041922569275,0.4794012196645676,0.49761845766238344,0,0
-2.7504982948303223,-2.244917631149292,-1.341041922569275,0.4944375017654852,0.5142371624155493,0,0
-2.752429962158203,-2.2480294704437256,-1.341041922569275,0.498968892142385,0.5265316590279929,0,0
-2.754361629486084,-2.251141309738159,-1.341041922569275,0.504859704134153,0.510061566302535,0,0
-2.756293773651123,-2.254253387451172,-1.341041922569275,0.5096791109201402,0.5059736865424869,0,0
-2.758225440979004,-2.2573652267456055,-1.341041922569275,0.5013432880616291,0.5086976650032508,0,0
-2.7601571083068848,-2.26047682762146,-1.341041922569275,0.49292869598226824,0.4869546051144112,0,0
-2.7620890140533447,-2.2635886669158936,-1.341041922569275,0.4963511544785912,0.49390217870605485,0,0
-2.7640209197998047,-2.266700506210327,-1.341041922569275,0.5034686185689197,0.4867817832476992,0,0
-2.7659525871276855,-2.2698123455047607,-1.341041922569275,0.4971572059078402,0.4992797694254727,0,0
-2.7678847312927246,-2.2729241847991943,-1.341041922569275,0.5030003718713197,0.5058848857400675,0,0
-2.7698168754577637,-2.276036024093628,-1.341041922569275,0.4937224895512943,0.49868102375908663,0,0
-2.7717490196228027,-2.2791473865509033,-1.341041922569275,0.5166706308886335,0.49192866035016575,0,0
-2.7736806869506836,-2.282258987426758,-1.341041922569275,0.5000400241196786,0.49853376645317454,0,0
-2.7756125926971436,-2.2853708267211914,-1.341041922569275,0.49996704058436053,0.4861473291109495,0,0
-2.7775444984436035,-2.288482427597046,-1.341041922569275,0.5062798555998027,0.4850472820828744,0,0
-2.7794761657714844,-2.2915940284729004,-1.341041922569275,0.5104788969304176,0.49762047677068333,0,0
-2.7814083099365234,-2.294705629348755,-1.341041922569275,0.49045401832944574,0.4990646158091678,0,0
-2.7833399772644043,-2.2978174686431885,-1.341041922569275,0.4919625929982847,0.4850617906907261,0,0
-2.7852721214294434,-2.300929069519043,-1.341041922569275,0.4859758063725857,0.4901799543825364,0,0
-2.7872040271759033,-2.3040406703948975,-1.341041922569275,0.48625115545860587,0.4836060914497484,0,0
-2.7891359329223633,-2.307152509689331,-1.341041922569275,0.5104192376652812,0.4888199849073572,0,0
-2.791067361831665,-2.3102641105651855,-1.341041922569275,0.5154358672162234,0.4933197211846184,0,0
-2.792999267578125,-2.31337571144104,-1.341041922569275,0.5016524749805337,0.48018122912862826,0,0
-2.794931411743164,-2.3164873123168945,-1.341041922569275,0.4907687346145647,0.502636999722088,0,0
-2.796863317489624,-2.319599151611328,-1.341041922569275,0.48786729633747505,0.49561671783875605,0,0
-2.798795461654663,-2.3227107524871826,-1.341041922569275,0.49708865021127857,0.48697463141742625,0,0
-2.800727367401123,-2.325822591781616,-1.341041922569275,0.5053332429556202,0.49841645587195166,0,0
